{
    "variable": {
        "gradients": {
            "f1 score - model labels": 85.667,
            "f1 score - actual labels": 84.067,
            "sufficiency": {
                "mean": 0.4682475805695832,
                "std": 0.43742190677445447
            },
            "comprehensiveness": {
                "mean": 0.2525326523057642,
                "std": 0.3905507140090289
            }
        },
        "lime": {
            "f1 score - model labels": 80.212,
            "f1 score - actual labels": 79.592,
            "sufficiency": {
                "mean": 0.5029399436713134,
                "std": 0.4022218132113565
            },
            "comprehensiveness": {
                "mean": 0.35176583656661115,
                "std": 0.44690258209882566
            }
        },
        "attention": {
            "f1 score - model labels": 93.077,
            "f1 score - actual labels": 87.095,
            "sufficiency": {
                "mean": 0.43516359896486534,
                "std": 0.4358461848949041
            },
            "comprehensiveness": {
                "mean": 0.1416239008633125,
                "std": 0.3097850805345641
            }
        },
        "ig-gradients": {
            "f1 score - model labels": 74.694,
            "f1 score - actual labels": 76.689,
            "sufficiency": {
                "mean": 0.5493936226846429,
                "std": 0.43900039123953477
            },
            "comprehensiveness": {
                "mean": 0.3828594724775224,
                "std": 0.44115587446614707
            }
        },
        "attention-scaled attention": {
            "f1 score - model labels": 71.408,
            "f1 score - actual labels": 72.521,
            "sufficiency": {
                "mean": 0.5805313834968601,
                "std": 0.4336900103830884
            },
            "comprehensiveness": {
                "mean": 0.42013041897965536,
                "std": 0.44942734784558697
            }
        },
        "lime-scaled attention": {
            "f1 score - model labels": 66.267,
            "f1 score - actual labels": 69.446,
            "sufficiency": {
                "mean": 0.6393199505781543,
                "std": 0.42013583593450854
            },
            "comprehensiveness": {
                "mean": 0.5003419495832667,
                "std": 0.4428541601400993
            }
        },
        "deeplift-attention": {
            "f1 score - model labels": 87.149,
            "f1 score - actual labels": 84.01,
            "sufficiency": {
                "mean": 0.472874662852685,
                "std": 0.4362552915162445
            },
            "comprehensiveness": {
                "mean": 0.23590369481594456,
                "std": 0.38659624785605945
            }
        },
        "ig-deeplift-gradients": {
            "f1 score - model labels": 73.987,
            "f1 score - actual labels": 75.86,
            "sufficiency": {
                "mean": 0.5600948557339482,
                "std": 0.4333623106972757
            },
            "comprehensiveness": {
                "mean": 0.39443633282378937,
                "std": 0.4469181384735773
            }
        },
        "lime-attention-scaled attention": {
            "f1 score - model labels": 68.31,
            "f1 score - actual labels": 70.491,
            "sufficiency": {
                "mean": 0.6011824948249823,
                "std": 0.42552242288299535
            },
            "comprehensiveness": {
                "mean": 0.4593045826516092,
                "std": 0.45594861622873717
            }
        },
        "lime-deeplift-scaled attention": {
            "f1 score - model labels": 67.048,
            "f1 score - actual labels": 70.002,
            "sufficiency": {
                "mean": 0.6231458092656627,
                "std": 0.41868664470406514
            },
            "comprehensiveness": {
                "mean": 0.4851786877054314,
                "std": 0.45117419690900407
            }
        },
        "ig-deeplift-gradients-attention": {
            "f1 score - model labels": 73.723,
            "f1 score - actual labels": 75.597,
            "sufficiency": {
                "mean": 0.5495587087909904,
                "std": 0.43628527096116204
            },
            "comprehensiveness": {
                "mean": 0.3911010515740604,
                "std": 0.45029391853646644
            }
        },
        "deeplift-lime-gradients-scaled attention": {
            "f1 score - model labels": 66.927,
            "f1 score - actual labels": 70.211,
            "sufficiency": {
                "mean": 0.6165494421386517,
                "std": 0.42040925019697717
            },
            "comprehensiveness": {
                "mean": 0.48220557395353325,
                "std": 0.4529243780944985
            }
        },
        "ig-gradients-scaled attention-deeplift-attention": {
            "f1 score - model labels": 67.892,
            "f1 score - actual labels": 70.969,
            "sufficiency": {
                "mean": 0.5999117134745503,
                "std": 0.4283433733375104
            },
            "comprehensiveness": {
                "mean": 0.46342089549968696,
                "std": 0.45492672472002393
            }
        },
        "ig-gradients-lime-deeplift-attention": {
            "f1 score - model labels": 70.187,
            "f1 score - actual labels": 72.694,
            "sufficiency": {
                "mean": 0.5885477778570852,
                "std": 0.4235832904883862
            },
            "comprehensiveness": {
                "mean": 0.43799752072594655,
                "std": 0.45926775461300695
            }
        },
        "ig-gradients-scaled attention-lime-deeplift-attention": {
            "f1 score - model labels": 66.427,
            "f1 score - actual labels": 69.71,
            "sufficiency": {
                "mean": 0.6082246838805441,
                "std": 0.4241474900811719
            },
            "comprehensiveness": {
                "mean": 0.4782443728372782,
                "std": 0.4568372103954228
            }
        }
    },
    "fixed": {
        "gradients": {
            "f1 score - model labels": 85.993,
            "f1 score - actual labels": 83.177,
            "sufficiency": {
                "mean": 0.49991114875163634,
                "std": 0.441614240233361
            },
            "comprehensiveness": {
                "mean": 0.2564392504311612,
                "std": 0.391164968902646
            }
        },
        "lime": {
            "f1 score - model labels": 80.351,
            "f1 score - actual labels": 79.848,
            "sufficiency": {
                "mean": 0.5443788433064799,
                "std": 0.3988886590252431
            },
            "comprehensiveness": {
                "mean": 0.3615667575531316,
                "std": 0.4494398250556348
            }
        },
        "attention": {
            "f1 score - model labels": 89.291,
            "f1 score - actual labels": 85.061,
            "sufficiency": {
                "mean": 0.4711681507609146,
                "std": 0.4443410337202346
            },
            "comprehensiveness": {
                "mean": 0.2095479027809015,
                "std": 0.357228458456497
            }
        },
        "ig-gradients": {
            "f1 score - model labels": 77.485,
            "f1 score - actual labels": 78.709,
            "sufficiency": {
                "mean": 0.5893217004326217,
                "std": 0.434487965557105
            },
            "comprehensiveness": {
                "mean": 0.3697988961750909,
                "std": 0.43392202492217674
            }
        },
        "attention-scaled attention": {
            "f1 score - model labels": 72.798,
            "f1 score - actual labels": 73.68,