{
    "fixed": {
        "gradients": {
            "f1 score - model labels": 86.985,
            "f1 score - actual labels": 84.068,
            "sufficiency": {
                "mean": 0.44393163717227574,
                "std": 0.4459341003100556
            },
            "comprehensiveness": {
                "mean": 0.24682333320138722,
                "std": 0.3814387155192235
            }
        },
        "lime": {
            "f1 score - model labels": 70.815,
            "f1 score - actual labels": 71.197,
            "sufficiency": {
                "mean": 0.48487570040101974,
                "std": 0.40455906452730417
            },
            "comprehensiveness": {
                "mean": 0.41934328210610067,
                "std": 0.47334898906170014
            }
        },
        "attention": {
            "f1 score - model labels": 80.271,
            "f1 score - actual labels": 78.321,
            "sufficiency": {
                "mean": 0.5111016168789442,
                "std": 0.44898623779600944
            },
            "comprehensiveness": {
                "mean": 0.3449119791532463,
                "std": 0.4264637882457115
            }
        },
        "ig-gradients": {
            "f1 score - model labels": 75.195,
            "f1 score - actual labels": 76.421,
            "sufficiency": {
                "mean": 0.5196734493857128,
                "std": 0.4535779920409823
            },
            "comprehensiveness": {
                "mean": 0.3959912680490343,
                "std": 0.43740705300342847
            }
        },
        "attention-scaled attention": {
            "f1 score - model labels": 64.799,
            "f1 score - actual labels": 67.868,
            "sufficiency": {
                "mean": 0.6251589697710239,
                "std": 0.43574963293554514
            },
            "comprehensiveness": {
                "mean": 0.5068126297908594,
                "std": 0.4463877894433799
            }
        },
        "scaled attention-lime": {
            "f1 score - model labels": 57.433,
            "f1 score - actual labels": 61.324,
            "sufficiency": {
                "mean": 0.6575905953235142,
                "std": 0.42048898841988896
            },
            "comprehensiveness": {
                "mean": 0.5781714357344364,
                "std": 0.4404748468889396
            }
        },
        "attention-deeplift": {
            "f1 score - model labels": 74.499,
            "f1 score - actual labels": 74.743,
            "sufficiency": {
                "mean": 0.5428728150779956,
                "std": 0.4498076037707002
            },
            "comprehensiveness": {
                "mean": 0.41804575782216197,
                "std": 0.44036555467871913
            }
        },
        "deeplift-ig-gradients": {
            "f1 score - model labels": 71.162,
            "f1 score - actual labels": 73.258,
            "sufficiency": {
                "mean": 0.5417453305370531,
                "std": 0.45089318093859254
            },
            "comprehensiveness": {
                "mean": 0.4454382380770498,
                "std": 0.4450043097791138
            }
        },
        "attention-scaled attention-lime": {
            "f1 score - model labels": 58.448,
            "f1 score - actual labels": 61.675,
            "sufficiency": {
                "mean": 0.6317673255488704,
                "std": 0.4290059931480114
            },
            "comprehensiveness": {
                "mean": 0.549922782531038,
                "std": 0.4498226101496914
            }
        },
        "scaled attention-deeplift-lime": {
            "f1 score - model labels": 57.136,
            "f1 score - actual labels": 61.027,
            "sufficiency": {
                "mean": 0.6504227273491708,
                "std": 0.4199613847054101
            },
            "comprehensiveness": {
                "mean": 0.5773825361536914,
                "std": 0.4440221834181757
            }
        },
        "attention-deeplift-ig-gradients": {
            "f1 score - model labels": 68.19,
            "f1 score - actual labels": 70.501,
            "sufficiency": {
                "mean": 0.5587201060182305,
                "std": 0.44947528585419966
            },
            "comprehensiveness": {
                "mean": 0.47398827238702484,
                "std": 0.44614708819213367
            }
        },
        "deeplift-scaled attention-lime-gradients": {
            "f1 score - model labels": 57.441,
            "f1 score - actual labels": 61.225,
            "sufficiency": {
                "mean": 0.6350532143554747,
                "std": 0.42553474246462686
            },
            "comprehensiveness": {
                "mean": 0.5697906881837825,
                "std": 0.44754252795250843
            }
        },
        "ig-attention-scaled attention-deeplift-gradients": {
            "f1 score - model labels": 60.487,
            "f1 score - actual labels": 64.428,
            "sufficiency": {
                "mean": 0.621575880857473,
                "std": 0.43804609705134995
            },
            "comprehensiveness": {
                "mean": 0.5461327746629362,
                "std": 0.4454006031983544
            }
        },
        "ig-attention-gradients-deeplift-lime": {
            "f1 score - model labels": 60.981,
            "f1 score - actual labels": 64.218,
            "sufficiency": {
                "mean": 0.5995671897530781,
                "std": 0.4359971723088084
            },
            "comprehensiveness": {
                "mean": 0.5223062138811286,
                "std": 0.4543698768400237
            }
        },
        "lime-ig-attention-scaled attention-deeplift-gradients": {
            "f1 score - model labels": 56.296,
            "f1 score - actual labels": 60.194,
            "sufficiency": {
                "mean": 0.6310232648364371,
                "std": 0.4321220392627394
            },
            "comprehensiveness": {
                "mean": 0.5701000525509311,
                "std": 0.44633950649074033
            }
        }
    },
    "variable": {
        "gradients": {
            "f1 score - model labels": 86.763,
            "f1 score - actual labels": 84.514,
            "sufficiency": {
                "mean": 0.425685491327852,
                "std": 0.4353088356817606
            },
            "comprehensiveness": {
                "mean": 0.22578238561130531,
                "std": 0.37458233907657473
            }
        },
        "lime": {
            "f1 score - model labels": 74.779,
            "f1 score - actual labels": 74.644,
            "sufficiency": {
                "mean": 0.4666231189087802,
                "std": 0.408130632794429
            },
            "comprehensiveness": {
                "mean": 0.3807265369441097,
                "std": 0.4603348764410002
            }
        },
        "attention": {
            "f1 score - model labels": 84.459,
            "f1 score - actual labels": 80.776,
            "sufficiency": {
                "mean": 0.46901715345443407,
                "std": 0.4398806049089455
            },
            "comprehensiveness": {
                "mean": 0.26341998214228834,
                "std": 0.3978169767710176
            }
        },
        "ig-gradients": {
            "f1 score - model labels": 75.668,
            "f1 score - actual labels": 77.463,
            "sufficiency": {
                "mean": 0.48972631745459283,
                "std": 0.44742287265854164
            },
            "comprehensiveness": {
                "mean": 0.37186101361909996,
                "std": 0.43518740065747613
            }
        },
        "attention-scaled attention": {
            "f1 score - model labels": 66.586,
            "f1 score - actual labels": 68.36,