{
    "variable": {
        "gradients": {
            "f1 score - model labels": 60.835,
            "f1 score - actual labels": 59.744,
            "sufficiency": {
                "mean": 0.5324002894674575,
                "std": 0.4352381689856893
            },
            "comprehensiveness": {
                "mean": 0.4664740940881782,
                "std": 0.461231044807051
            }
        },
        "gradients-ig": {
            "f1 score - model labels": 53.982,
            "f1 score - actual labels": 54.505,
            "sufficiency": {
                "mean": 0.5997063657437441,
                "std": 0.4260818431143274
            },
            "comprehensiveness": {
                "mean": 0.5387704042791028,
                "std": 0.45755258475247795
            }
        },
        "gradients-attention-ig": {
            "f1 score - model labels": 40.683,
            "f1 score - actual labels": 44.475,
            "sufficiency": {
                "mean": 0.641155925428595,
                "std": 0.413777465136912
            },
            "comprehensiveness": {
                "mean": 0.6635883663017011,
                "std": 0.4254491005256404
            }
        },
        "scaled attention-gradients-attention-ig": {
            "f1 score - model labels": 37.307,
            "f1 score - actual labels": 42.128,
            "sufficiency": {
                "mean": 0.6729068703585653,
                "std": 0.4008119329304002
            },
            "comprehensiveness": {
                "mean": 0.6969153296216973,
                "std": 0.41342182854494147
            }
        }
    },
    "fixed": {
        "gradients": {
            "f1 score - model labels": 76.792,
            "f1 score - actual labels": 70.792,
            "sufficiency": {
                "mean": 0.5511615970579442,
                "std": 0.44362797736709314
            },
            "comprehensiveness": {
                "mean": 0.2996334274237695,
                "std": 0.4270300899717296
            }
        },
        "gradients-ig": {
            "f1 score - model labels": 70.321,
            "f1 score - actual labels": 66.091,
            "sufficiency": {
                "mean": 0.6338469929650374,
                "std": 0.4268808666206659
            },
            "comprehensiveness": {
                "mean": 0.3726177059860068,
                "std": 0.44758436070569974
            }
        },
        "gradients-attention-ig": {
            "f1 score - model labels": 58.577,
            "f1 score - actual labels": 58.114,
            "sufficiency": {
                "mean": 0.7858322992162559,
                "std": 0.34837618108885926
            },
            "comprehensiveness": {
                "mean": 0.5107982478654473,
                "std": 0.45570694369644754
            }
        },
        "scaled attention-gradients-attention-ig": {
            "f1 score - model labels": 51.222,
            "f1 score - actual labels": 52.515,
            "sufficiency": {
                "mean": 0.8285724703085079,
                "std": 0.3129457282310535
            },
            "comprehensiveness": {
                "mean": 0.5827598959821343,
                "std": 0.4482320142245901
            }
        }
    }
}