{
    "fixed": {
        "gradients": {
            "f1 score - model labels": 79.254,
            "f1 score - actual labels": 70.295,
            "sufficiency": {
                "mean": 0.13114018096692032,
                "std": 0.24888594428815872
            },
            "comprehensiveness": {
                "mean": 0.2644636583849755,
                "std": 0.40207799056752214
            }
        },
        "gradients-ig": {
            "f1 score - model labels": 62.845,
            "f1 score - actual labels": 60.355,
            "sufficiency": {
                "mean": 0.15655972315192532,
                "std": 0.264926629920568
            },
            "comprehensiveness": {
                "mean": 0.4622209297952294,
                "std": 0.4512335745199313
            }
        },
        "attention-gradients-ig": {
            "f1 score - model labels": 42.212,
            "f1 score - actual labels": 46.346,
            "sufficiency": {
                "mean": 0.35633454618186483,
                "std": 0.3930808189389556
            },
            "comprehensiveness": {
                "mean": 0.6814349091302978,
                "std": 0.4050612994455145
            }
        },
        "gradients-attention-scaled attention-ig": {
            "f1 score - model labels": 28.291,
            "f1 score - actual labels": 35.732,
            "sufficiency": {
                "mean": 0.39886462980228116,
                "std": 0.3958627089079522
            },
            "comprehensiveness": {
                "mean": 0.828972463288422,
                "std": 0.3125977756405323
            }
        }
    },
    "variable": {
        "gradients": {
            "f1 score - model labels": 72.105,
            "f1 score - actual labels": 64.05,
            "sufficiency": {
                "mean": 0.09928897256840072,
                "std": 0.20050441904001098
            },
            "comprehensiveness": {
                "mean": 0.34897869415149724,
                "std": 0.4406459162357807
            }
        },
        "gradients-ig": {
            "f1 score - model labels": 56.692,
            "f1 score - actual labels": 56.299,
            "sufficiency": {
                "mean": 0.12628340532311186,
                "std": 0.2290506072705838
            },
            "comprehensiveness": {
                "mean": 0.5327383453763357,
                "std": 0.4544943822050348
            }
        },
        "attention-gradients-ig": {
            "f1 score - model labels": 31.889,
            "f1 score - actual labels": 39.097,
            "sufficiency": {
                "mean": 0.3192114243257998,
                "std": 0.38592547480885164
            },
            "comprehensiveness": {
                "mean": 0.7813151697440642,
                "std": 0.35556513358774655
            }
        },
        "gradients-attention-scaled attention-ig": {
            "f1 score - model labels": 21.715,
            "f1 score - actual labels": 30.732,
            "sufficiency": {
                "mean": 0.360469566177926,
                "std": 0.3917595275090028
            },
            "comprehensiveness": {
                "mean": 0.8729777446883317,
                "std": 0.27154167896359843
            }
        }
    }
}