,0,1,accuracy,macro avg,weighted avg,epoch,point,dev_loss,model-name
precision,0.853904282115869,0.8126315789473684,0.8314220183486238,0.8332679305316186,0.8328892818786966,1,576,2.989088366611288,/jmain02/home/J2AD003/txk58/zxz22-txk58/BP-rationales/BP-rationales/multilingual_trained_models/sst/mbert15.pt
recall,0.7920560747663551,0.8693693693693694,0.8314220183486238,0.8307127220678623,0.8314220183486238,1,576,2.989088366611288,/jmain02/home/J2AD003/txk58/zxz22-txk58/BP-rationales/BP-rationales/multilingual_trained_models/sst/mbert15.pt
f1-score,0.8218181818181818,0.8400435255712732,0.8314220183486238,0.8309308536947275,0.8310980586832879,1,576,2.989088366611288,/jmain02/home/J2AD003/txk58/zxz22-txk58/BP-rationales/BP-rationales/multilingual_trained_models/sst/mbert15.pt
support,428.0,444.0,0.8314220183486238,872.0,872.0,1,576,2.989088366611288,/jmain02/home/J2AD003/txk58/zxz22-txk58/BP-rationales/BP-rationales/multilingual_trained_models/sst/mbert15.pt
