,0,1,accuracy,macro avg,weighted avg,epoch,point,dev_loss,model-name
precision,0.8414918414918415,0.8487584650112867,0.8451834862385321,0.8451251532515641,0.8451918195223848,2,0,3.3154082597669112,/jmain02/home/J2AD003/txk58/zxz22-txk58/BP-rationales/BP-rationales/multilingual_trained_models/sst/mbert5.pt
recall,0.8434579439252337,0.8468468468468469,0.8451834862385321,0.8451523953860403,0.8451834862385321,2,0,3.3154082597669112,/jmain02/home/J2AD003/txk58/zxz22-txk58/BP-rationales/BP-rationales/multilingual_trained_models/sst/mbert5.pt
f1-score,0.8424737456242707,0.8478015783540023,0.8451834862385321,0.8451376619891364,0.8451865411884919,2,0,3.3154082597669112,/jmain02/home/J2AD003/txk58/zxz22-txk58/BP-rationales/BP-rationales/multilingual_trained_models/sst/mbert5.pt
support,428.0,444.0,0.8451834862385321,872.0,872.0,2,0,3.3154082597669112,/jmain02/home/J2AD003/txk58/zxz22-txk58/BP-rationales/BP-rationales/multilingual_trained_models/sst/mbert5.pt
