,0,1,accuracy,macro avg,weighted avg,epoch,point,dev_loss,model-name
precision,0.857487922705314,0.8406113537117904,0.8486238532110092,0.8490496382085522,0.8488948073003547,1,576,2.9269389182055763,/jmain02/home/J2AD003/txk58/zxz22-txk58/BP-rationales/BP-rationales/multilingual_trained_models/sst/mbert20.pt
recall,0.8294392523364486,0.8671171171171171,0.8486238532110092,0.8482781847267828,0.8486238532110092,1,576,2.9269389182055763,/jmain02/home/J2AD003/txk58/zxz22-txk58/BP-rationales/BP-rationales/multilingual_trained_models/sst/mbert20.pt
f1-score,0.843230403800475,0.8536585365853658,0.8486238532110092,0.8484444701929204,0.8485401411359009,1,576,2.9269389182055763,/jmain02/home/J2AD003/txk58/zxz22-txk58/BP-rationales/BP-rationales/multilingual_trained_models/sst/mbert20.pt
support,428.0,444.0,0.8486238532110092,872.0,872.0,1,576,2.9269389182055763,/jmain02/home/J2AD003/txk58/zxz22-txk58/BP-rationales/BP-rationales/multilingual_trained_models/sst/mbert20.pt
