{
    "ece": 0.04854300979858302,
    "refinement": 0.07239001317730759,
    "bins": {
        "1": {
            "acc": 0.0,
            "conf": 0.0
        },
        "2": {
            "acc": 0.0,
            "conf": 0.0
        },
        "3": {
            "acc": 0.0,
            "conf": 0.0
        },
        "4": {
            "acc": 0.0,
            "conf": 0.0
        },
        "5": {
            "acc": 0.0,
            "conf": 0.0
        },
        "6": {
            "acc": 0.31,
            "conf": 0.5479999780654907
        },
        "7": {
            "acc": 0.559,
            "conf": 0.6489999890327454
        },
        "8": {
            "acc": 0.552,
            "conf": 0.7609999775886536
        },
        "9": {
            "acc": 0.654,
            "conf": 0.8569999933242798
        },
        "10": {
            "acc": 0.95,
            "conf": 0.9760000109672546
        }
    }
}