,10,5,15,mean-f1,std-f1,mean-ece,std-ece
model,/jmain01/home/JAD009/txk20/gxc78-txk20/variable_rationale_2021/trained_models/sst/bert10.pt,/jmain01/home/JAD009/txk20/gxc78-txk20/variable_rationale_2021/trained_models/sst/bert5.pt,/jmain01/home/JAD009/txk20/gxc78-txk20/variable_rationale_2021/trained_models/sst/bert15.pt,0.9013750177594587,0.0015822782946622472,0.04601488348199576,0.0017882776012983028
f1,0.9025297679798598,0.9024575585655026,0.8991377267330137,0.9013750177594587,0.0015822782946622472,0.04601488348199576,0.0017882776012983028
loss,2.069549194945578,2.039226466626452,2.075231879688146,0.9013750177594587,0.0015822782946622472,0.04601488348199576,0.0017882776012983028
ece-score,0.0446930434728703,0.044808597174533976,0.04854300979858302,0.9013750177594587,0.0015822782946622472,0.04601488348199576,0.0017882776012983028
