{
    "ece": 0.03922911413026213,
    "refinement": 0.07409712148894988,
    "bins": {
        "1": {
            "acc": 0.0,
            "conf": 0.0
        },
        "2": {
            "acc": 0.0,
            "conf": 0.0
        },
        "3": {
            "acc": 0.0,
            "conf": 0.0
        },
        "4": {
            "acc": 0.0,
            "conf": 0.0
        },
        "5": {
            "acc": 0.0,
            "conf": 0.0
        },
        "6": {
            "acc": 0.581,
            "conf": 0.5529999732971191
        },
        "7": {
            "acc": 0.554,
            "conf": 0.6499999761581421
        },
        "8": {
            "acc": 0.662,
            "conf": 0.7519999742507935
        },
        "9": {
            "acc": 0.745,
            "conf": 0.8529999852180481
        },
        "10": {
            "acc": 0.948,
            "conf": 0.9789999723434448
        }
    }
}