{
    "ece": 0.0446930434728703,
    "refinement": 0.07282361293444464,
    "bins": {
        "1": {
            "acc": 0.0,
            "conf": 0.0
        },
        "2": {
            "acc": 0.0,
            "conf": 0.0
        },
        "3": {
            "acc": 0.0,
            "conf": 0.0
        },
        "4": {
            "acc": 0.0,
            "conf": 0.0
        },
        "5": {
            "acc": 0.0,
            "conf": 0.0
        },
        "6": {
            "acc": 0.468,
            "conf": 0.5519999861717224
        },
        "7": {
            "acc": 0.632,
            "conf": 0.6489999890327454
        },
        "8": {
            "acc": 0.647,
            "conf": 0.753000020980835
        },
        "9": {
            "acc": 0.612,
            "conf": 0.8619999885559082
        },
        "10": {
            "acc": 0.949,
            "conf": 0.9779999852180481
        }
    }
}