{
    "ece": 0.044808597174533976,
    "refinement": 0.07143053500167101,
    "bins": {
        "1": {
            "acc": 0.0,
            "conf": 0.0
        },
        "2": {
            "acc": 0.0,
            "conf": 0.0
        },
        "3": {
            "acc": 0.0,
            "conf": 0.0
        },
        "4": {
            "acc": 0.0,
            "conf": 0.0
        },
        "5": {
            "acc": 0.0,
            "conf": 0.0
        },
        "6": {
            "acc": 0.564,
            "conf": 0.5490000247955322
        },
        "7": {
            "acc": 0.455,
            "conf": 0.6499999761581421
        },
        "8": {
            "acc": 0.559,
            "conf": 0.7480000257492065
        },
        "9": {
            "acc": 0.644,
            "conf": 0.8550000190734863
        },
        "10": {
            "acc": 0.95,
            "conf": 0.9769999980926514
        }
    }
}