{
    "ece": 0.05043257376049197,
    "refinement": 0.08248187062913345,
    "bins": {
        "1": {
            "acc": 0.0,
            "conf": 0.0
        },
        "2": {
            "acc": 0.0,
            "conf": 0.0
        },
        "3": {
            "acc": 0.0,
            "conf": 0.0
        },
        "4": {
            "acc": 0.0,
            "conf": 0.0
        },
        "5": {
            "acc": 0.0,
            "conf": 0.0
        },
        "6": {
            "acc": 0.528,
            "conf": 0.5440000295639038
        },
        "7": {
            "acc": 0.585,
            "conf": 0.6489999890327454
        },
        "8": {
            "acc": 0.657,
            "conf": 0.7559999823570251
        },
        "9": {
            "acc": 0.683,
            "conf": 0.859000027179718
        },
        "10": {
            "acc": 0.936,
            "conf": 0.9769999980926514
        }
    }
}