{
    "ece": 0.036649780571951736,
    "refinement": 0.07395345365346837,
    "bins": {
        "1": {
            "acc": 0.0,
            "conf": 0.0
        },
        "2": {
            "acc": 0.0,
            "conf": 0.0
        },
        "3": {
            "acc": 0.0,
            "conf": 0.0
        },
        "4": {
            "acc": 0.0,
            "conf": 0.0
        },
        "5": {
            "acc": 0.0,
            "conf": 0.0
        },
        "6": {
            "acc": 0.536,
            "conf": 0.5519999861717224
        },
        "7": {
            "acc": 0.65,
            "conf": 0.6489999890327454
        },
        "8": {
            "acc": 0.64,
            "conf": 0.7559999823570251
        },
        "9": {
            "acc": 0.744,
            "conf": 0.8550000190734863
        },
        "10": {
            "acc": 0.954,
            "conf": 0.9819999933242798
        }
    }
}