{
    "ece": 0.048376396715739206,
    "refinement": 0.06926715890646098,
    "bins": {
        "1": {
            "acc": 0.0,
            "conf": 0.0
        },
        "2": {
            "acc": 0.0,
            "conf": 0.0
        },
        "3": {
            "acc": 0.0,
            "conf": 0.0
        },
        "4": {
            "acc": 0.0,
            "conf": 0.0
        },
        "5": {
            "acc": 0.0,
            "conf": 0.0
        },
        "6": {
            "acc": 0.423,
            "conf": 0.5529999732971191
        },
        "7": {
            "acc": 0.61,
            "conf": 0.656000018119812
        },
        "8": {
            "acc": 0.612,
            "conf": 0.753000020980835
        },
        "9": {
            "acc": 0.71,
            "conf": 0.8569999933242798
        },
        "10": {
            "acc": 0.949,
            "conf": 0.9869999885559082
        }
    }
}