,15,5,10,25,20,mean-f1,std-f1,mean-ece,std-ece
model,/jmain02/home/J2AD003/txk58/zxz22-txk58/BP-rationales/BP-rationales/trained_models/sst/bert15.pt,/jmain02/home/J2AD003/txk58/zxz22-txk58/BP-rationales/BP-rationales/trained_models/sst/bert5.pt,/jmain02/home/J2AD003/txk58/zxz22-txk58/BP-rationales/BP-rationales/trained_models/sst/bert10.pt,/jmain02/home/J2AD003/txk58/zxz22-txk58/BP-rationales/BP-rationales/trained_models/sst/bert25.pt,/jmain02/home/J2AD003/txk58/zxz22-txk58/BP-rationales/BP-rationales/trained_models/sst/bert20.pt,0.9044725891324236,0.005237999056795206,0.04552322287666871,0.008516270278364343
f1,0.9027776730431456,0.9037567412562617,0.8976026072024572,0.9137785391054165,0.9044473850548369,0.9044725891324236,0.005237999056795206,0.04552322287666871,0.008516270278364343
loss,2.0028690050045648,2.126380209598625,2.2207700862434874,1.9460064068828757,2.265498311961429,0.9044725891324236,0.005237999056795206,0.04552322287666871,0.008516270278364343
ece-score,0.0414878913558885,0.03664982449805458,0.053125141054506435,0.038283628366073325,0.05806962910882072,0.9044725891324236,0.005237999056795206,0.04552322287666871,0.008516270278364343
