,15,5,10,25,20,mean-f1,std-f1,mean-ece,std-ece
model,/jmain02/home/J2AD003/txk58/zxz22-txk58/BP-rationales/BP-rationales/trained_models/sst/bert15.pt,/jmain02/home/J2AD003/txk58/zxz22-txk58/BP-rationales/BP-rationales/trained_models/sst/bert5.pt,/jmain02/home/J2AD003/txk58/zxz22-txk58/BP-rationales/BP-rationales/trained_models/sst/bert10.pt,/jmain02/home/J2AD003/txk58/zxz22-txk58/BP-rationales/BP-rationales/trained_models/sst/bert25.pt,/jmain02/home/J2AD003/txk58/zxz22-txk58/BP-rationales/BP-rationales/trained_models/sst/bert20.pt,0.9044725891324236,0.005237999056795206,0.045523223498573295,0.00851627257781327
f1,0.9027776730431456,0.9037567412562617,0.8976026072024572,0.9137785391054165,0.9044473850548369,0.9044725891324236,0.005237999056795206,0.045523223498573295,0.00851627257781327
loss,1.998005988697211,2.1291837883100175,2.2155205012674917,1.9452541313673322,2.26975575180953,0.9044725891324236,0.005237999056795206,0.045523223498573295,0.00851627257781327
ece-score,0.0414878918468658,0.03664982498903189,0.05312514318207476,0.03828362391454576,0.058069633560348284,0.9044725891324236,0.005237999056795206,0.045523223498573295,0.00851627257781327
