{
    "ece": 0.02331613469817756,
    "refinement": 0.08073120330761441,
    "bins": {
        "1": {
            "acc": 0.0,
            "conf": 0.0
        },
        "2": {
            "acc": 0.0,
            "conf": 0.0
        },
        "3": {
            "acc": 0.0,
            "conf": 0.0
        },
        "4": {
            "acc": 0.0,
            "conf": 0.0
        },
        "5": {
            "acc": 0.0,
            "conf": 0.0
        },
        "6": {
            "acc": 0.529,
            "conf": 0.5540000200271606
        },
        "7": {
            "acc": 0.512,
            "conf": 0.6539999842643738
        },
        "8": {
            "acc": 0.685,
            "conf": 0.7519999742507935
        },
        "9": {
            "acc": 0.799,
            "conf": 0.8610000014305115
        },
        "10": {
            "acc": 0.956,
            "conf": 0.9649999737739563
        }
    }
}