,20,25,5,10,15,mean-f1,std-f1,mean-ece,std-ece
model,/home/cass/PycharmProjects/BP-rationales/trained_models/sst/bert20.pt,/home/cass/PycharmProjects/BP-rationales/trained_models/sst/bert25.pt,/home/cass/PycharmProjects/BP-rationales/trained_models/sst/bert5.pt,/home/cass/PycharmProjects/BP-rationales/trained_models/sst/bert10.pt,/home/cass/PycharmProjects/BP-rationales/trained_models/sst/bert15.pt,0.9041324555863831,0.011472797972385427,0.03941295004231403,0.009742942578888978
f1,0.9054886880449582,0.8879222330835235,0.9203687144604166,0.9114707467648644,0.8954118955781531,0.9041324555863831,0.011472797972385427,0.03941295004231403,0.009742942578888978
loss,2.089001325498286,2.18525860563182,1.810571080825308,2.0635349590805148,2.306964535004737,0.9041324555863831,0.011472797972385427,0.03941295004231403,0.009742942578888978
ece-score,0.03922911413026213,0.02331613469817756,0.03571053090689931,0.048376396715739206,0.05043257376049197,0.9041324555863831,0.011472797972385427,0.03941295004231403,0.009742942578888978
