{
    "fixed-deeplift": {
        "sufficiency": {
            "mean": 0.633660537331949,
            "std": 0.4310316403442439
        },
        "comprehensiveness": {
            "mean": 0.5527435786492905,
            "std": 0.4451164386234136
        }
    },
    "fixed-lime": {
        "sufficiency": {
            "mean": 0.5815101315328395,
            "std": 0.3932859922879605
        },
        "comprehensiveness": {
            "mean": 0.49061622027554863,
            "std": 0.4907301324445965
        }
    },
    "fixed-attention": {
        "sufficiency": {
            "mean": 0.6658105247393955,
            "std": 0.4186953252820303
        },
        "comprehensiveness": {
            "mean": 0.5266540723652825,
            "std": 0.44935298959530273
        }
    },
    "fixed-ig": {
        "sufficiency": {
            "mean": 0.6903779434281564,
            "std": 0.41704213288776326
        },
        "comprehensiveness": {
            "mean": 0.5650045731789167,
            "std": 0.44004710415469084
        }
    },
    "fixed-gradients": {
        "sufficiency": {
            "mean": 0.5445988774523908,
            "std": 0.4467710665170105
        },
        "comprehensiveness": {
            "mean": 0.39128284332400654,
            "std": 0.42675258409867334
        }
    },
    "fixed-scaled attention": {
        "sufficiency": {
            "mean": 0.8254682797502829,
            "std": 0.33102180667664133
        },
        "comprehensiveness": {
            "mean": 0.6983982149096112,
            "std": 0.40308089662852475
        }
    },
    "fixed-random": {
        "sufficiency": {
            "mean": 0.5125106407437311,
            "std": 0.4540515013561861
        },
        "comprehensiveness": {
            "mean": 0.3853986365011224,
            "std": 0.43430536234921413
        }
    },
    "fixed-fixed-len_var-feat": {
        "sufficiency": {
            "mean": 0.7877850726443352,
            "std": 0.3476844054081157
        },
        "comprehensiveness": {
            "mean": 0.6978177404041638,
            "std": 0.4149002998631168
        }
    },
    "fixed-fixed-len_var-feat_var-type": {
        "sufficiency": {
            "mean": 0.7956675065706971,
            "std": 0.3424866925155364
        },
        "comprehensiveness": {
            "mean": 0.6907547479261273,
            "std": 0.4176942020717651
        }
    },
    "var-deeplift": {
        "sufficiency": {
            "mean": 0.5701788913954152,
            "std": 0.4389563650987366
        },
        "comprehensiveness": {
            "mean": 0.4886360766629444,
            "std": 0.44754967801751205
        }
    },
    "var-lime": {
        "sufficiency": {
            "mean": 0.5303560402020043,
            "std": 0.39227183731312315
        },
        "comprehensiveness": {
            "mean": 0.4673040002849329,
            "std": 0.48746478288410244
        }
    },
    "var-attention": {
        "sufficiency": {
            "mean": 0.5863967962924033,
            "std": 0.43975564488569024
        },
        "comprehensiveness": {
            "mean": 0.49477933428201926,
            "std": 0.45381180077216626
        }
    },
    "var-ig": {
        "sufficiency": {
            "mean": 0.614441950096313,
            "std": 0.4352030047370269
        },
        "comprehensiveness": {
            "mean": 0.5462128878436254,
            "std": 0.4434921027313659
        }
    },
    "var-gradients": {
        "sufficiency": {
            "mean": 0.4877358045949122,
            "std": 0.45051164711459424
        },
        "comprehensiveness": {
            "mean": 0.37085148712223365,
            "std": 0.42443567777797986
        }
    },
    "var-scaled attention": {
        "sufficiency": {
            "mean": 0.758623411861855,
            "std": 0.3767643213541471
        },
        "comprehensiveness": {
            "mean": 0.6870189346682143,
            "std": 0.41065143861226483
        }
    },
    "var-random": {
        "sufficiency": {
            "mean": 0.4819972356320775,
            "std": 0.4513503290293365
        },
        "comprehensiveness": {
            "mean": 0.3571789872093586,
            "std": 0.4256474887575232
        }
    },
    "var-var-len_var-feat": {
        "sufficiency": {
            "mean": 0.7115568509944843,
            "std": 0.39609748934816835
        },
        "comprehensiveness": {
            "mean": 0.7108914037620907,
            "std": 0.41443356672110343
        }
    },
    "var-var-len_var-feat_var-type": {
        "sufficiency": {
            "mean": 0.7284456181228844,
            "std": 0.3847160907302256
        },
        "comprehensiveness": {
            "mean": 0.7078428831124974,
            "std": 0.42016639015843316
        }
    }
}