{
    "fixed-deeplift": {
        "comprehensiveness": {
            "mean": 0.41792072839559047,
            "std": 0.4541062532003757
        },
        "sufficiency": {
            "mean": 0.16440506210649572,
            "std": 0.2733011061879996
        }
    },
    "fixed-lime": {
        "comprehensiveness": {
            "mean": 0.3035597015653386,
            "std": 0.44140446041485804
        },
        "sufficiency": {
            "mean": 0.19601075958725397,
            "std": 0.30262130018474787
        }
    },
    "fixed-attention": {
        "comprehensiveness": {
            "mean": 0.7172636946279294,
            "std": 0.39377744418018545
        },
        "sufficiency": {
            "mean": 0.3108055160771674,
            "std": 0.37328976279286175
        }
    },
    "fixed-ig": {
        "comprehensiveness": {
            "mean": 0.49815516905925894,
            "std": 0.4590661782084756
        },
        "sufficiency": {
            "mean": 0.2213448235700084,
            "std": 0.32983635284449114
        }
    },
    "fixed-gradients": {
        "comprehensiveness": {
            "mean": 0.4141402048938007,
            "std": 0.452760649947242
        },
        "sufficiency": {
            "mean": 0.22120583218648998,
            "std": 0.32166410304655596
        }
    },
    "fixed-scaled attention": {
        "comprehensiveness": {
            "mean": 0.9048853801673671,
            "std": 0.24958625051359895
        },
        "sufficiency": {
            "mean": 0.33913533089271264,
            "std": 0.3943144340038961
        }
    },
    "fixed-random": {
        "comprehensiveness": {
            "mean": 0.1940831877839745,
            "std": 0.35668153166907396
        },
        "sufficiency": {
            "mean": 0.1571476697181052,
            "std": 0.27251058022423713
        }
    },
    "fixed-fixed-len_var-feat": {
        "comprehensiveness": {
            "mean": 0.933729330268389,
            "std": 0.20087682905376125
        },
        "sufficiency": {
            "mean": 0.31051015679199284,
            "std": 0.37488224638210454
        }
    },
    "fixed-fixed-len_var-feat_var-type": {
        "comprehensiveness": {
            "mean": 0.9375178969372608,
            "std": 0.19798036844570283
        },
        "sufficiency": {
            "mean": 0.40546507719217945,
            "std": 0.4210382496010355
        }
    },
    "var-deeplift": {
        "comprehensiveness": {
            "mean": 0.4426341815866308,
            "std": 0.45847237780188876
        },
        "sufficiency": {
            "mean": 0.14556637522321988,
            "std": 0.2508673899603402
        }
    },
    "var-lime": {
        "comprehensiveness": {
            "mean": 0.3322637824451824,
            "std": 0.4521102332874862
        },
        "sufficiency": {
            "mean": 0.15755387371507568,
            "std": 0.2655527863931258
        }
    },
    "var-attention": {
        "comprehensiveness": {
            "mean": 0.836962883797752,
            "std": 0.3131553687268495
        },
        "sufficiency": {
            "mean": 0.334846332172089,
            "std": 0.3856927073634476
        }
    },
    "var-ig": {
        "comprehensiveness": {
            "mean": 0.5539367105142425,
            "std": 0.4524591704193015
        },
        "sufficiency": {
            "mean": 0.18937311203158405,
            "std": 0.3038526041872021
        }
    },
    "var-gradients": {
        "comprehensiveness": {
            "mean": 0.4745904200926098,
            "std": 0.4622284183337354
        },
        "sufficiency": {
            "mean": 0.1966419841209835,
            "std": 0.30183919290118205
        }
    },
    "var-scaled attention": {
        "comprehensiveness": {
            "mean": 0.9287008767255189,
            "std": 0.21563966430899287
        },
        "sufficiency": {
            "mean": 0.3505675051659509,
            "std": 0.3911496029614195
        }
    },
    "var-random": {
        "comprehensiveness": {
            "mean": 0.24203308647011318,
            "std": 0.3871438365629832
        },
        "sufficiency": {
            "mean": 0.13953032955107003,
            "std": 0.2547688190355336
        }
    },
    "var-var-len_var-feat": {
        "comprehensiveness": {
            "mean": 0.9499299814053185,
            "std": 0.1763876857119027
        },
        "sufficiency": {
            "mean": 0.3507301500881086,
            "std": 0.3893419945181819
        }
    },
    "var-var-len_var-feat_var-type": {
        "comprehensiveness": {
            "mean": 0.9541066703849543,
            "std": 0.17279752994037775
        },
        "sufficiency": {
            "mean": 0.5026633922925984,
            "std": 0.42893933332916256
        }
    }
}