{
    "fixed-deeplift": {
        "comprehensiveness": {
            "mean": 0.16848685148274292,
            "std": 0.3416630566766433
        },
        "sufficiency": {
            "mean": 0.3572128103363664,
            "std": 0.41728536505821556
        }
    },
    "fixed-lime": {
        "comprehensiveness": {
            "mean": 0.2289923857942982,
            "std": 0.3970255534744014
        },
        "sufficiency": {
            "mean": 0.32720466002744314,
            "std": 0.39168998088792073
        }
    },
    "fixed-attention": {
        "comprehensiveness": {
            "mean": 0.49490373876794064,
            "std": 0.4589444838416588
        },
        "sufficiency": {
            "mean": 0.7457142945637719,
            "std": 0.367992311445837
        }
    },
    "fixed-ig": {
        "comprehensiveness": {
            "mean": 0.3671085255955808,
            "std": 0.4437812064950156
        },
        "sufficiency": {
            "mean": 0.5591666136169806,
            "std": 0.43511631418922936
        }
    },
    "fixed-gradients": {
        "comprehensiveness": {
            "mean": 0.3889130340940836,
            "std": 0.45305242026471104
        },
        "sufficiency": {
            "mean": 0.6161054407524514,
            "std": 0.4320801608731837
        }
    },
    "fixed-scaled attention": {
        "comprehensiveness": {
            "mean": 0.6208043247614923,
            "std": 0.4407540262936181
        },
        "sufficiency": {
            "mean": 0.829269451426161,
            "std": 0.3076111180280643
        }
    },
    "fixed-random": {
        "comprehensiveness": {
            "mean": 0.16716324051357484,
            "std": 0.3387312501097131
        },
        "sufficiency": {
            "mean": 0.35251640378200033,
            "std": 0.4080027348036158
        }
    },
    "fixed-fixed-len_var-feat": {
        "comprehensiveness": {
            "mean": 0.6440398901949973,
            "std": 0.4402561356288283
        },
        "sufficiency": {
            "mean": 0.790151144284755,
            "std": 0.3472605904776837
        }
    },
    "fixed-fixed-len_var-feat_var-type": {
        "comprehensiveness": {
            "mean": 0.9005431960318573,
            "std": 0.25523774316333586
        },
        "sufficiency": {
            "mean": 0.4199106733528121,
            "std": 0.41423513881087803
        }
    },
    "var-deeplift": {
        "comprehensiveness": {
            "mean": 0.251761178330216,
            "std": 0.4054950702736102
        },
        "sufficiency": {
            "mean": 0.3846535335888297,
            "std": 0.4312810334150157
        }
    },
    "var-lime": {
        "comprehensiveness": {
            "mean": 0.3022908362705367,
            "std": 0.43426605115377814
        },
        "sufficiency": {
            "mean": 0.34220455279755696,
            "std": 0.40084568116834385
        }
    },
    "var-attention": {
        "comprehensiveness": {
            "mean": 0.6202369569888257,
            "std": 0.4543576907120167
        },
        "sufficiency": {
            "mean": 0.734465852195798,
            "std": 0.3780082659522108
        }
    },
    "var-ig": {
        "comprehensiveness": {
            "mean": 0.4732074640434519,
            "std": 0.46358727011067247
        },
        "sufficiency": {
            "mean": 0.5701391556943741,
            "std": 0.43710686317013436
        }
    },
    "var-gradients": {
        "comprehensiveness": {
            "mean": 0.5088532242133977,
            "std": 0.4686475495090739
        },
        "sufficiency": {
            "mean": 0.5973222190337967,
            "std": 0.439606354698089
        }
    },
    "var-scaled attention": {
        "comprehensiveness": {
            "mean": 0.711229874344119,
            "std": 0.41645774511657346
        },
        "sufficiency": {
            "mean": 0.8099197455869418,
            "std": 0.32100733887915284
        }
    },
    "var-random": {
        "comprehensiveness": {
            "mean": 0.24307540586145693,
            "std": 0.4008080669117845
        },
        "sufficiency": {
            "mean": 0.38008548483671295,
            "std": 0.41734480921680767
        }
    },
    "var-var-len_var-feat": {
        "comprehensiveness": {
            "mean": 0.7370700075847001,
            "std": 0.41090715471533373
        },
        "sufficiency": {
            "mean": 0.779819142551019,
            "std": 0.3464888657717123
        }
    },
    "var-var-len_var-feat_var-type": {
        "comprehensiveness": {
            "mean": 0.9084190686985191,
            "std": 0.25233888140177047
        },
        "sufficiency": {
            "mean": 0.4627006765888331,
            "std": 0.4179461984811418
        }
    }
}