{
    "fixed-deeplift": {
        "comprehensiveness": {
            "mean": 0.41792072839559047,
            "std": 0.4541062532003757
        },
        "sufficiency": {
            "mean": 0.16440506210649572,
            "std": 0.2733011061879996
        }
    },
    "fixed-lime": {
        "comprehensiveness": {
            "mean": 0.3035597015653386,
            "std": 0.44140446041485804
        },
        "sufficiency": {
            "mean": 0.19601075958725397,
            "std": 0.30262130018474787
        }
    },
    "fixed-attention": {
        "comprehensiveness": {
            "mean": 0.7172636946279294,
            "std": 0.39377744418018545
        },
        "sufficiency": {
            "mean": 0.3108055160771674,
            "std": 0.37328976279286175
        }
    },
    "fixed-ig": {
        "comprehensiveness": {
            "mean": 0.49815516905925894,
            "std": 0.4590661782084756
        },
        "sufficiency": {
            "mean": 0.2213448235700084,
            "std": 0.32983635284449114
        }
    },
    "fixed-gradients": {
        "comprehensiveness": {
            "mean": 0.4141402048938007,
            "std": 0.452760649947242
        },
        "sufficiency": {
            "mean": 0.22120583218648998,
            "std": 0.32166410304655596
        }
    },
    "fixed-scaled attention": {
        "comprehensiveness": {
            "mean": 0.9048853801673671,
            "std": 0.24958625051359895
        },
        "sufficiency": {
            "mean": 0.33913533089271264,
            "std": 0.3943144340038961
        }
    },
    "fixed-random": {
        "comprehensiveness": {
            "mean": 0.1940831877839745,
            "std": 0.35668153166907396
        },
        "sufficiency": {
            "mean": 0.1571476697181052,
            "std": 0.27251058022423713
        }
    },
    "fixed-fixed-len_var-feat": {
        "comprehensiveness": {
            "mean": 0.9045159551355857,
            "std": 0.25784411916689287
        },
        "sufficiency": {
            "mean": 0.3313917206577842,
            "std": 0.3866868209934197
        }
    },
    "fixed-fixed-len_var-feat_var-type": {
        "comprehensiveness": {
            "mean": 0.9049676964336043,
            "std": 0.2596621349134697
        },
        "sufficiency": {
            "mean": 0.3812056947172734,
            "std": 0.4103693947846334
        }
    },
    "var-deeplift": {
        "comprehensiveness": {
            "mean": 0.42639169249467385,
            "std": 0.45997515059763555
        },
        "sufficiency": {
            "mean": 0.14444057351745507,
            "std": 0.25359940540362974
        }
    },
    "var-lime": {
        "comprehensiveness": {
            "mean": 0.32032011802505156,
            "std": 0.45148116861328236
        },
        "sufficiency": {
            "mean": 0.15384122698512664,
            "std": 0.2634686219994591
        }
    },
    "var-attention": {
        "comprehensiveness": {
            "mean": 0.7731747206323304,
            "std": 0.37140153980928936
        },
        "sufficiency": {
            "mean": 0.33854703140592357,
            "std": 0.39214844440400504
        }
    },
    "var-ig": {
        "comprehensiveness": {
            "mean": 0.5251969272824293,
            "std": 0.4575969929030315
        },
        "sufficiency": {
            "mean": 0.19024522613995432,
            "std": 0.3055767884958878
        }
    },
    "var-gradients": {
        "comprehensiveness": {
            "mean": 0.44071616044542233,
            "std": 0.46343477211330375
        },
        "sufficiency": {
            "mean": 0.1923352260660732,
            "std": 0.29804497149969755
        }
    },
    "var-scaled attention": {
        "comprehensiveness": {
            "mean": 0.907930802454837,
            "std": 0.25311677119231785
        },
        "sufficiency": {
            "mean": 0.33990090403859696,
            "std": 0.3843134941378093
        }
    },
    "var-random": {
        "comprehensiveness": {
            "mean": 0.21415188155501524,
            "std": 0.37627170573252344
        },
        "sufficiency": {
            "mean": 0.1391447550783612,
            "std": 0.2583193009249264
        }
    },
    "var-var-len_var-feat": {
        "comprehensiveness": {
            "mean": 0.9100743526103021,
            "std": 0.2568473883773892
        },
        "sufficiency": {
            "mean": 0.34477311674790045,
            "std": 0.38848236136508385
        }
    },
    "var-var-len_var-feat_var-type": {
        "comprehensiveness": {
            "mean": 0.9100004907988732,
            "std": 0.26020072510671144
        },
        "sufficiency": {
            "mean": 0.4413606345616771,
            "std": 0.42248258012983836
        }
    }
}