{
    "ece": 0.034417813853041754,
    "refinement": 0.2128767123287671,
    "bins": {
        "1": {
            "acc": 0.0,
            "conf": 0.0
        },
        "2": {
            "acc": 0.0,
            "conf": 0.0
        },
        "3": {
            "acc": 0.3,
            "conf": 0.2709999978542328
        },
        "4": {
            "acc": 0.4,
            "conf": 0.3100000023841858
        },
        "5": {
            "acc": 0.0,
            "conf": 0.0
        },
        "6": {
            "acc": 0.0,
            "conf": 0.0
        },
        "7": {
            "acc": 0.0,
            "conf": 0.0
        },
        "8": {
            "acc": 0.0,
            "conf": 0.0
        },
        "9": {
            "acc": 0.0,
            "conf": 0.0
        },
        "10": {
            "acc": 0.0,
            "conf": 0.0
        }
    }
}