,20,25,5,10,15,mean-f1,std-f1,mean-ece,std-ece
model,/home/cass/PycharmProjects/BP-rationales/trained_models/sst_FA/bert20.pt,/home/cass/PycharmProjects/BP-rationales/trained_models/sst_FA/bert25.pt,/home/cass/PycharmProjects/BP-rationales/trained_models/sst_FA/bert5.pt,/home/cass/PycharmProjects/BP-rationales/trained_models/sst_FA/bert10.pt,/home/cass/PycharmProjects/BP-rationales/trained_models/sst_FA/bert15.pt,0.13967110869381016,0.02995078785022934,0.032768996741673724,0.020901880668071034
f1,0.16474724626278522,0.15891156462585035,0.08191721132897603,0.14089215132693395,0.15188736992450522,0.13967110869381016,0.02995078785022934,0.032768996741673724,0.020901880668071034
loss,12.246887580208156,12.297993908757748,12.460323520328688,12.224730906279191,12.37090015411377,0.13967110869381016,0.02995078785022934,0.032768996741673724,0.020901880668071034
ece-score,0.034417813853041754,0.02535388486026087,0.07199893708098425,0.012305914865781187,0.019768433048300543,0.13967110869381016,0.02995078785022934,0.032768996741673724,0.020901880668071034
