{
    "ece": 0.07199893708098425,
    "refinement": 0.19085961558882872,
    "bins": {
        "1": {
            "acc": 0.0,
            "conf": 0.0
        },
        "2": {
            "acc": 0.0,
            "conf": 0.0
        },
        "3": {
            "acc": 0.333,
            "conf": 0.28999999165534973
        },
        "4": {
            "acc": 0.253,
            "conf": 0.3269999921321869
        },
        "5": {
            "acc": 0.0,
            "conf": 0.0
        },
        "6": {
            "acc": 0.0,
            "conf": 0.0
        },
        "7": {
            "acc": 0.0,
            "conf": 0.0
        },
        "8": {
            "acc": 0.0,
            "conf": 0.0
        },
        "9": {
            "acc": 0.0,
            "conf": 0.0
        },
        "10": {
            "acc": 0.0,
            "conf": 0.0
        }
    }
}