{
    "ece": 0.019768433048300543,
    "refinement": 0.2048749773479291,
    "bins": {
        "1": {
            "acc": 0.0,
            "conf": 0.0
        },
        "2": {
            "acc": 0.0,
            "conf": 0.0
        },
        "3": {
            "acc": 0.28,
            "conf": 0.289000004529953
        },
        "4": {
            "acc": 0.293,
            "conf": 0.32100000977516174
        },
        "5": {
            "acc": 0.0,
            "conf": 0.0
        },
        "6": {
            "acc": 0.0,
            "conf": 0.0
        },
        "7": {
            "acc": 0.0,
            "conf": 0.0
        },
        "8": {
            "acc": 0.0,
            "conf": 0.0
        },
        "9": {
            "acc": 0.0,
            "conf": 0.0
        },
        "10": {
            "acc": 0.0,
            "conf": 0.0
        }
    }
}