,TopK sufficiency @ 0.05,Soff(ZEROOUT) sufficiency @ 0.05,Soff(NOISE) sufficiency @ 0.05,Soff(ATTENTION) sufficiency @ 0.05
0,0.013717032289586468,0.013717032289586468,0.042944879852613374,0.022490896237533895
1,0.012575821750322671,0.01137798362163061,0.06515080835544929,0.016391978617150325
2,0.011981359904496275,0.013484489076062048,0.038571692223048,0.015915892371625464
3,0.02537265169293719,0.02356636485753463,0.048024690708829317,0.016357753008836375
4,0.00567371684090518,0.006892413193172805,0.0337724794319281,0.010655203109271738
