,TopK sufficiency @ 0.2,Soff(ZEROOUT) sufficiency @ 0.2,Soff(NOISE) sufficiency @ 0.2,Soff(ATTENTION) sufficiency @ 0.2
0,0.19987544009709615,0.19987544009709615,0.10723427136685534,0.2009969601566773
1,0.1957466449872374,0.19165801152985665,0.07868329319635216,0.16502298537399288
2,0.039029577534786794,0.04127678434801623,0.07534351621128364,0.04032963691303161
3,0.0864078773410463,0.08397578974721112,0.08858453828775457,0.06580687254575371
4,0.039011468397831504,0.04202235772596657,0.05309101715332074,0.03914544287322644
