,TopK sufficiency @ 0.05,Soff(ZEROOUT) sufficiency @ 0.05,Soff(NOISE) sufficiency @ 0.05,Soff(ATTENTION) sufficiency @ 0.05
0,0.0012646862136304704,0.0012646862136304704,-0.051976564522181475,0.007763112062341341
1,-0.00025893552291314173,-0.0020391500386858995,-0.06877987245860524,-0.0015559267087865488
2,-0.0026815432900389896,-0.0007558726557339296,-0.04582026751378777,-0.0024019471398794945
3,0.014924055027950814,0.012690877873124269,-0.011424271266863694,-0.004718897303632668
4,-0.011182146804443936,-0.009305881864281457,-0.02095034148014613,-0.009509869851727162
