,TopK sufficiency @ 1.0,Soff(ZEROOUT) sufficiency @ 1.0,Soff(NOISE) sufficiency @ 1.0,Soff(ATTENTION) sufficiency @ 1.0
0,0.0015809524577091573,0.0015809524577091573,0.04688972603457748,0.413296710258959
1,0.0014027544142371517,0.0010493692665167497,0.02977983270969564,0.3392471373593477
2,0.0016886516606535312,0.0017609080828194042,0.03305256823822622,0.4107668215095061
3,0.0017609080828194042,0.0016886516606535312,0.154935536531018,0.3232573988923283
4,0.0010493692665167497,0.0014027544142371517,0.06158790815851478,0.1089159852993846
