,TopK sufficiency @ 0.1,Soff(ZEROOUT) sufficiency @ 0.1,Soff(NOISE) sufficiency @ 0.1,Soff(ATTENTION) sufficiency @ 0.1
0,0.05228376062949277,0.05228376062949277,0.06675827942814663,0.06794129572798102
1,0.0498364945703287,0.04733057838786762,0.07916896800459124,0.050818203620614455
2,0.016219941695021927,0.017911779372574415,0.04786828177244872,0.019775462610696598
3,0.04175832594648836,0.039851909953897,0.05349030038445178,0.03035276977007455
4,0.010111861350790577,0.011737579984244054,0.035905647009139695,0.015327367413034369
