,TopK sufficiency @ 0.2,Soff(ZEROOUT) sufficiency @ 0.2,Soff(NOISE) sufficiency @ 0.2,Soff(ATTENTION) sufficiency @ 0.2
0,0.1767368513885387,0.1767368513885387,-0.07698331772681836,0.1780812800047421
1,0.17114675981251432,0.16591397544844544,-0.14227601039041543,0.13023246647438103
2,-0.017953843934915375,-0.014318413539391225,-0.1427444727844142,-0.021846487697235826
3,0.041520298532645425,0.037985152086275675,-0.07852679189791734,0.001175470447674079
4,-0.011621870251978906,-0.007108412480364469,-0.08733074566597879,-0.015878854967070245
