,TopK sufficiency @ 0.1,Soff(ZEROOUT) sufficiency @ 0.1,Soff(NOISE) sufficiency @ 0.1,Soff(ATTENTION) sufficiency @ 0.1
0,0.03193684103710307,0.03193684103710307,-0.04862350917618765,0.04552721936129471
1,0.028868284956166532,0.025466970269178303,-0.07456961530774615,0.023378163024453596
2,-0.00993923678249987,-0.007666868943590233,-0.07618753575275772,-0.013983219024358482
3,0.02151380997045721,0.019078110537975746,-0.0334637125975737,-0.004664778025298154
4,-0.019511391393082153,-0.016905770110247728,-0.025471863440069242,-0.020887469047968565
