,TopK sufficiency @ 0.05,Soff(ZEROOUT) sufficiency @ 0.05,Soff(NOISE) sufficiency @ 0.05,Soff(ATTENTION) sufficiency @ 0.05
0,0.9126315789473685,0.7494736842105263,0.7843421052631578,0.9126315789473685
1,0.8939473684210526,0.729078947368421,0.6011842105263158,0.8694736842105263
2,0.925,0.7490789473684211,0.738421052631579,0.9382894736842106
3,0.9372368421052631,0.7585526315789474,0.6423684210526316,0.9239473684210526
4,0.748421052631579,0.7513157894736842,0.6193421052631579,0.8014473684210527
