,TopK sufficiency @ 0.1,Soff(ZEROOUT) sufficiency @ 0.1,Soff(NOISE) sufficiency @ 0.1,Soff(ATTENTION) sufficiency @ 0.1
0,0.8951315789473684,0.7298684210526316,0.8069736842105263,0.8951315789473684
1,0.876578947368421,0.7072368421052632,0.6510526315789473,0.8565789473684211
2,0.8869736842105264,0.7067105263157895,0.7256578947368421,0.9005263157894737
3,0.9128947368421053,0.7297368421052631,0.6580263157894737,0.8982894736842105
4,0.7082894736842106,0.7213157894736842,0.5777631578947369,0.7539473684210526
