,TopK sufficiency @ 1.0,Soff(ZEROOUT) sufficiency @ 1.0,Soff(NOISE) sufficiency @ 1.0,Soff(ATTENTION) sufficiency @ 1.0
0,1.0,0.22894736842105262,0.9148684210526316,1.0
1,1.0,0.205,0.8601315789473685,1.0
2,1.0,0.21105263157894738,0.9130263157894737,1.0
3,1.0,0.5138157894736842,0.7943421052631578,1.0
4,1.0,0.3231578947368421,0.4353947368421053,1.0
