,Feature,TopK,Soft(ATTENTION),Soft(ZEROOUT),Soft(NOISE1)
0,attention,0.8592105263157894,1.0,0.10842105263157895,0.5411842105263158
1,scaled attention,0.8532894736842105,0.3464473684210526,0.09894736842105263,0.5143421052631579
2,gradients,0.5385526315789474,0.3464473684210526,0.10157894736842105,0.5317105263157895
3,ig,0.6852631578947368,1.0,0.3998684210526316,0.6614473684210527
4,deeplift,0.4861842105263158,1.0,0.3357894736842105,0.6352631578947369
