,Feature,TopK,Soft(ATTENTION limit),Soft(ZEROOUT limit),Soft(NOISE limit)
0,attention,0.795,0.795,0.8289473684210527,0.8565789473684211
1,scaled attention,0.810921052631579,0.8236842105263158,0.7998684210526316,0.8519736842105263
2,gradients,0.39592105263157895,0.37855263157894736,0.7752631578947369,0.7023684210526315
3,ig,0.5643421052631579,0.5814473684210526,0.876578947368421,0.7464473684210526
4,deeplift,0.4639473684210526,0.44763157894736844,0.7631578947368421,0.42486842105263156
