,Feature,TopK,Soft(ZEROOUT limit),Soft(NOISE limit),Soft(ATTENTION limit)
0,attention,0.8902631578947369,0.6311842105263158,0.8443421052631579,0.8902631578947369
1,scaled attention,0.8798684210526316,0.6005263157894737,0.7343421052631579,0.8671052631578947
2,gradients,0.7997368421052632,0.611578947368421,0.6776315789473685,0.8135526315789474
3,ig,0.844078947368421,0.6368421052631579,0.6521052631578947,0.8343421052631579
4,deeplift,0.6601315789473684,0.625,0.5492105263157895,0.6939473684210526
