,Feature,TopK,Soft(ATTENTION),Soft(ZEROOUT),Soft(NOISE)
0,attention,0.8351315789473684,0.3455263157894737,0.4730263157894737,0.5578947368421052
1,scaled attention,0.8389473684210527,1.0,0.4453947368421053,0.5290789473684211
2,gradients,0.48986842105263156,1.0,0.5968421052631578,0.5480263157894737
3,ig,0.6417105263157895,0.3460526315789474,0.7823684210526316,0.6506578947368421
4,deeplift,0.4942105263157895,0.34539473684210525,0.7851315789473684,0.6290789473684211
