,Feature,TopK,Soft(ATTENTION limit),Soft(ZEROOUT limit),Soft(NOISE limit)
0,attention,0.7792105263157895,0.7792105263157895,0.6943421052631579,0.7834210526315789
1,scaled attention,0.7851315789473684,0.7910526315789473,0.6805263157894736,0.7785526315789474
2,gradients,0.5802631578947368,0.5769736842105263,0.6359210526315789,0.5892105263157895
3,ig,0.6769736842105263,0.6817105263157894,0.8055263157894736,0.7126315789473684
4,deeplift,0.6394736842105263,0.6342105263157894,0.8172368421052632,0.6421052631578947
