,Feature,D - TopK comprehensiveness @ 0.2,ABS D - TopK comprehensiveness @ 0.2,TopK comprehensiveness @ 0.2,D - Soff(ZEROOUT) comprehensiveness @ 0.2,ABS D - Soff(ZEROOUT) comprehensiveness @ 0.2,Soff(ZEROOUT) comprehensiveness @ 0.2,D - Soff(NOISE) comprehensiveness @ 0.2,ABS D - Soff(NOISE) comprehensiveness @ 0.2,Soff(NOISE) comprehensiveness @ 0.2,D - Soff(ATTENTION) comprehensiveness @ 0.2,ABS D - Soff(ATTENTION) comprehensiveness @ 0.2,Soff(ATTENTION) comprehensiveness @ 0.2
0,attention,0.7792105263157895,0.2588702377332807,2.132070081478131,0.6943421052631579,0.20620377746365218,2.193788324926529,0.7834210526315789,0.2588702377332807,2.048657595645675,0.7792105263157895,0.254648317713424,2.075741523732671
1,scaled attention,0.7851315789473684,0.26516941402338406,2.1362367329182206,0.6805263157894736,0.19636029884572762,2.1645678578109804,0.7785526315789474,0.2723369538656629,2.0033569837295357,0.7910526315789473,0.2654035026030315,2.1389875283240043
2,gradients,0.5802631578947368,0.1255355845001107,1.256999258716165,0.6359210526315789,0.11594733119932561,1.311597542011359,0.5892105263157895,0.12116755335674045,1.2053571477845295,0.5769736842105263,0.13071909475244214,1.0898855523792794
3,ig,0.6769736842105263,0.18930749903164643,1.7515245468030578,0.8055263157894736,0.3485751343140013,1.7588160058899536,0.7126315789473684,0.19429701840711625,1.6724601394559033,0.6817105263157894,0.22939338409996055,1.6313817401802146
4,deeplift,0.6394736842105263,0.13744398897422477,1.2078906923187056,0.8172368421052632,0.30524522689075984,1.242799769945071,0.6421052631578947,0.1308481567816571,1.111156677161548,0.6342105263157894,0.13906411876606134,1.136811964782525
