,0,1,accuracy,macro avg,weighted avg
precision,0.9171396140749148,0.8893617021276595,0.9028006589785832,0.9032506581012871,0.903273539412611
recall,0.8859649122807017,0.9196919691969196,0.9028006589785832,0.9028284407388107,0.9028006589785832
f1-score,0.9012827663134411,0.9042725797728502,0.9028006589785832,0.9027776730431456,0.9027752102643488
support,912.0,909.0,0.9028006589785832,1821.0,1821.0
