,0,1,accuracy,macro avg,weighted avg,epoch,point,dev_loss,model-name
precision,0.8568421052631578,0.947103274559194,0.8979357798165137,0.901972689911176,0.9028007740331578,1,576,2.4428772559953393,/jmain02/home/J2AD003/txk58/zxz22-txk58/BP-rationales/BP-rationales/trained_models/sst/bert10.pt
recall,0.9509345794392523,0.8468468468468469,0.8979357798165137,0.8988907131430496,0.8979357798165137,1,576,2.4428772559953393,/jmain02/home/J2AD003/txk58/zxz22-txk58/BP-rationales/BP-rationales/trained_models/sst/bert10.pt
f1-score,0.9014396456256921,0.8941736028537455,0.8979357798165137,0.8978066242397188,0.8977399632968569,1,576,2.4428772559953393,/jmain02/home/J2AD003/txk58/zxz22-txk58/BP-rationales/BP-rationales/trained_models/sst/bert10.pt
support,428.0,444.0,0.8979357798165137,872.0,872.0,1,576,2.4428772559953393,/jmain02/home/J2AD003/txk58/zxz22-txk58/BP-rationales/BP-rationales/trained_models/sst/bert10.pt
