,0,1,accuracy,macro avg,weighted avg
precision,0.863,0.9403166869671132,0.8978583196046128,0.9016583434835566,0.901594655932513
recall,0.9462719298245614,0.8492849284928493,0.8978583196046128,0.8977784291587054,0.8978583196046128
f1-score,0.9027196652719666,0.892485549132948,0.8978583196046128,0.8976026072024572,0.8976110372816491
support,912.0,909.0,0.8978583196046128,1821.0,1821.0
