,0,1,accuracy,macro avg,weighted avg,epoch,point,dev_loss,model-name
precision,0.908433734939759,0.888402625820569,0.8979357798165137,0.898418180380164,0.8982344087368687,1,576,2.123571969910499,/home/cass/PycharmProjects/BP-rationales/trained_models/sst/bert20.pt
recall,0.8808411214953271,0.9144144144144144,0.8979357798165137,0.8976277679548708,0.8979357798165137,1,576,2.123571969910499,/home/cass/PycharmProjects/BP-rationales/trained_models/sst/bert20.pt
f1-score,0.8944246737841044,0.9012208657047724,0.8979357798165137,0.8978227697444384,0.8978851201290317,1,576,2.123571969910499,/home/cass/PycharmProjects/BP-rationales/trained_models/sst/bert20.pt
support,428.0,444.0,0.8979357798165137,872.0,872.0,1,576,2.123571969910499,/home/cass/PycharmProjects/BP-rationales/trained_models/sst/bert20.pt
