,0,1,accuracy,macro avg,weighted avg
precision,0.9282407407407407,0.8850574712643678,0.9055464030752334,0.9066491060025543,0.9066846770647259
recall,0.8793859649122807,0.9317931793179318,0.9055464030752334,0.9055895721151063,0.9055464030752334
f1-score,0.9031531531531531,0.9078242229367632,0.9055464030752334,0.9054886880449582,0.9054848403762732
support,912.0,909.0,0.9055464030752334,1821.0,1821.0
