,0,1,accuracy,macro avg,weighted avg,epoch,point,dev_loss,model-name
precision,0.8577494692144374,0.940149625935162,0.8956422018348624,0.8989495475747997,0.8997055123153568,1,288,2.4182996890687067,/home/cass/PycharmProjects/BP-rationales/trained_models/sst/bert15.pt
recall,0.9439252336448598,0.8490990990990991,0.8956422018348624,0.8965121663719795,0.8956422018348624,1,288,2.4182996890687067,/home/cass/PycharmProjects/BP-rationales/trained_models/sst/bert15.pt
f1-score,0.8987764182424917,0.8923076923076922,0.8956422018348624,0.8955420552750919,0.8954827091655984,1,288,2.4182996890687067,/home/cass/PycharmProjects/BP-rationales/trained_models/sst/bert15.pt
support,428.0,444.0,0.8956422018348624,872.0,872.0,1,288,2.4182996890687067,/home/cass/PycharmProjects/BP-rationales/trained_models/sst/bert15.pt
