,0,1,accuracy,macro avg,weighted avg,epoch,point,dev_loss,model-name
precision,0.9054373522458629,0.8997772828507795,0.9025229357798165,0.9026073175483211,0.9025553903061644,1,576,2.357261743977529,/jmain01/home/JAD009/txk20/gxc78-txk20/variable_rationale_2021/trained_models/sst/bert15.pt
recall,0.8948598130841121,0.9099099099099099,0.9025229357798165,0.902384861497011,0.9025229357798165,1,576,2.357261743977529,/jmain01/home/JAD009/txk20/gxc78-txk20/variable_rationale_2021/trained_models/sst/bert15.pt
f1-score,0.9001175088131609,0.9048152295632699,0.9025229357798165,0.9024663691882153,0.902509467543721,1,576,2.357261743977529,/jmain01/home/JAD009/txk20/gxc78-txk20/variable_rationale_2021/trained_models/sst/bert15.pt
support,428.0,444.0,0.9025229357798165,872.0,872.0,1,576,2.357261743977529,/jmain01/home/JAD009/txk20/gxc78-txk20/variable_rationale_2021/trained_models/sst/bert15.pt
