,0,1,accuracy,macro avg,weighted avg
precision,0.9392133492252682,0.8737270875763747,0.9038989566172433,0.9064702184008215,0.9065241609557217
recall,0.8640350877192983,0.9438943894389439,0.9038989566172433,0.9039647385791211,0.9038989566172433
f1-score,0.9000571102227298,0.9074563722897937,0.9038989566172433,0.9037567412562617,0.9037506463122198
support,912.0,909.0,0.9038989566172433,1821.0,1821.0
