,0,1,accuracy,macro avg,weighted avg
precision,0.9520295202952029,0.8630952380952381,0.9028006589785832,0.9075623791952205,0.9076356364293225
recall,0.8486842105263158,0.9570957095709571,0.9028006589785832,0.9028899600486364,0.9028006589785832
f1-score,0.8973913043478261,0.9076682316118937,0.9028006589785832,0.9025297679798598,0.9025213026361498
support,912.0,909.0,0.9028006589785832,1821.0,1821.0
