,0,1,accuracy,macro avg,weighted avg
precision,0.9454329774614472,0.8824130879345603,0.9115870400878638,0.9139230326980037,0.9139749436448957
recall,0.8739035087719298,0.9493949394939494,0.9115870400878638,0.9116492241329396,0.9115870400878638
f1-score,0.9082621082621083,0.9146793852676205,0.9115870400878638,0.9114707467648644,0.9114654607047281
support,912.0,909.0,0.9115870400878638,1821.0,1821.0
