,0,1,accuracy,macro avg,weighted avg
precision,0.8617234468937875,0.93681652490887,0.8956617243272927,0.8992699859013288,0.899208129988631
recall,0.9429824561403509,0.8481848184818482,0.8956617243272927,0.8955836373110996,0.8956617243272927
f1-score,0.9005235602094241,0.8903002309468823,0.8956617243272927,0.8954118955781531,0.8954203167719444
support,912.0,909.0,0.8956617243272927,1821.0,1821.0
