,0,1,accuracy,macro avg,weighted avg
precision,0.9588014981273408,0.8588235294117647,0.9028006589785832,0.9088125137695527,0.9088948679447715
recall,0.8421052631578947,0.9636963696369637,0.9028006589785832,0.9029008163974293,0.9028006589785832
f1-score,0.8966725043782836,0.9082426127527216,0.9028006589785832,0.9024575585655026,0.9024480279984726
support,912.0,909.0,0.9028006589785832,1821.0,1821.0
