,0,1,accuracy,macro avg,weighted avg,epoch,point,dev_loss,model-name
precision,0.8973747016706444,0.8852097130242825,0.8910550458715596,0.8912922073474634,0.8911806019470381,1,288,2.322749097823003,/home/cass/PycharmProjects/BP-rationales/trained_models/sst/bert25.pt
recall,0.8785046728971962,0.9031531531531531,0.8910550458715596,0.8908289130251748,0.8910550458715596,1,288,2.322749097823003,/home/cass/PycharmProjects/BP-rationales/trained_models/sst/bert25.pt
f1-score,0.8878394332939787,0.8940914158305462,0.8910550458715596,0.8909654245622625,0.8910227822002127,1,288,2.322749097823003,/home/cass/PycharmProjects/BP-rationales/trained_models/sst/bert25.pt
support,428.0,444.0,0.8910550458715596,872.0,872.0,1,288,2.322749097823003,/home/cass/PycharmProjects/BP-rationales/trained_models/sst/bert25.pt
