,0,1,accuracy,macro avg,weighted avg
precision,0.9561952440550688,0.8551859099804305,0.899505766062603,0.9056905770177497,0.9057737807525723
recall,0.8377192982456141,0.9614961496149615,0.899505766062603,0.8996077239302878,0.899505766062603
f1-score,0.8930450029222676,0.9052304505437598,0.899505766062603,0.8991377267330137,0.8991276892967521
support,912.0,909.0,0.899505766062603,1821.0,1821.0
