,0,1,accuracy,macro avg,weighted avg,epoch,point,dev_loss,model-name
precision,0.9267676767676768,0.8718487394957983,0.8967889908256881,0.8993082081317376,0.8988043646705276,1,576,2.4403628296808364,/jmain01/home/JAD009/txk20/gxc78-txk20/variable_rationale_2021/trained_models/sst/bert5.pt
recall,0.8574766355140186,0.9346846846846847,0.8967889908256881,0.8960806600993516,0.8967889908256881,1,576,2.4403628296808364,/jmain01/home/JAD009/txk20/gxc78-txk20/variable_rationale_2021/trained_models/sst/bert5.pt
f1-score,0.8907766990291262,0.9021739130434782,0.8967889908256881,0.8964753060363022,0.8965798676327642,1,576,2.4403628296808364,/jmain01/home/JAD009/txk20/gxc78-txk20/variable_rationale_2021/trained_models/sst/bert5.pt
support,428.0,444.0,0.8967889908256881,872.0,872.0,1,576,2.4403628296808364,/jmain01/home/JAD009/txk20/gxc78-txk20/variable_rationale_2021/trained_models/sst/bert5.pt
