,0,1,accuracy,macro avg,weighted avg,epoch,point,dev_loss,model-name
precision,0.9154589371980676,0.8930131004366813,0.9036697247706422,0.9042360188173744,0.9040300937094717,2,0,2.2424328163129474,/jmain01/home/JAD009/txk20/gxc78-txk20/variable_rationale_2021/trained_models/sst/bert10.pt
recall,0.8855140186915887,0.9211711711711712,0.9036697247706422,0.90334259493138,0.9036697247706422,2,0,2.2424328163129474,/jmain01/home/JAD009/txk20/gxc78-txk20/variable_rationale_2021/trained_models/sst/bert10.pt
f1-score,0.9002375296912114,0.9068736141906873,0.9036697247706422,0.9035555719409494,0.903616453450119,2,0,2.2424328163129474,/jmain01/home/JAD009/txk20/gxc78-txk20/variable_rationale_2021/trained_models/sst/bert10.pt
support,428.0,444.0,0.9036697247706422,872.0,872.0,2,0,2.2424328163129474,/jmain01/home/JAD009/txk20/gxc78-txk20/variable_rationale_2021/trained_models/sst/bert10.pt
