,0,1,accuracy,macro avg,weighted avg,epoch,point,dev_loss,model-name
precision,0.9338235294117647,0.8987068965517241,0.9151376146788991,0.9162652129817443,0.9159430420380743,2,0,2.1430614479057013,/home/cass/PycharmProjects/BP-rationales/trained_models/sst/bert10.pt
recall,0.8901869158878505,0.9391891891891891,0.9151376146788991,0.9146880525385198,0.9151376146788991,2,0,2.1430614479057013,/home/cass/PycharmProjects/BP-rationales/trained_models/sst/bert10.pt
f1-score,0.9114832535885168,0.9185022026431717,0.9151376146788991,0.9149927281158443,0.9150571221438686,2,0,2.1430614479057013,/home/cass/PycharmProjects/BP-rationales/trained_models/sst/bert10.pt
support,428.0,444.0,0.9151376146788991,872.0,872.0,2,0,2.1430614479057013,/home/cass/PycharmProjects/BP-rationales/trained_models/sst/bert10.pt
