,0,1,accuracy,macro avg,weighted avg
precision,0.906896551724138,0.8706624605678234,0.8879736408566722,0.8887795061459807,0.8888093530085476
recall,0.8651315789473685,0.9108910891089109,0.8879736408566722,0.8880113340281397,0.8879736408566722
f1-score,0.8855218855218856,0.8903225806451613,0.8879736408566722,0.8879222330835235,0.8879182786394352
support,912.0,909.0,0.8879736408566722,1821.0,1821.0
