,0,1,accuracy,macro avg,weighted avg
precision,0.9284916201117318,0.9125269978401728,0.9203734211971444,0.9205093089759523,0.9205224594061595
recall,0.9111842105263158,0.9295929592959296,0.9203734211971444,0.9203885849111226,0.9203734211971444
f1-score,0.9197565024903154,0.9209809264305178,0.9203734211971444,0.9203687144604166,0.9203677058739749
support,912.0,909.0,0.9203734211971444,1821.0,1821.0
