,0,1,accuracy,macro avg,weighted avg
precision,0.9037199124726477,0.9051819184123484,0.9044481054365733,0.904450915442498,0.9044497111542446
recall,0.9057017543859649,0.9031903190319032,0.9044481054365733,0.904446036708934,0.9044481054365733
f1-score,0.904709748083242,0.9041850220264317,0.9044481054365733,0.9044473850548369,0.9044478172838787
support,912.0,909.0,0.9044481054365733,1821.0,1821.0
