,0,1,accuracy,macro avg,weighted avg
precision,0.9217877094972067,0.906047516198704,0.9137836353651839,0.9139176128479554,0.9139305784108043
recall,0.9046052631578947,0.922992299229923,0.9137836353651839,0.9137987811939088,0.9137836353651839
f1-score,0.9131156613171002,0.9144414168937328,0.9137836353651839,0.9137785391054165,0.9137774470497521
support,912.0,909.0,0.9137836353651839,1821.0,1821.0
