,0,1,accuracy,macro avg,weighted avg,epoch,point,dev_loss,model-name
precision,0.9071925754060325,0.9160997732426304,0.911697247706422,0.9116461743243314,0.9117278917356764,2,0,2.078253615339962,/jmain02/home/J2AD003/txk58/zxz22-txk58/BP-rationales/BP-rationales/trained_models/sst/bert25.pt
recall,0.9135514018691588,0.9099099099099099,0.911697247706422,0.9117306558895344,0.911697247706422,2,0,2.078253615339962,/jmain02/home/J2AD003/txk58/zxz22-txk58/BP-rationales/BP-rationales/trained_models/sst/bert25.pt
f1-score,0.910360884749709,0.9129943502824859,0.911697247706422,0.9116776175160974,0.9117017777503431,2,0,2.078253615339962,/jmain02/home/J2AD003/txk58/zxz22-txk58/BP-rationales/BP-rationales/trained_models/sst/bert25.pt
support,428.0,444.0,0.911697247706422,872.0,872.0,2,0,2.078253615339962,/jmain02/home/J2AD003/txk58/zxz22-txk58/BP-rationales/BP-rationales/trained_models/sst/bert25.pt
