,0,1,accuracy,macro avg,weighted avg,epoch,point,dev_loss,model-name
precision,0.9242424242424242,0.8697478991596639,0.8944954128440367,0.8969951617010441,0.8964952119296425,2,0,2.24183688538337,/jmain01/home/JAD009/txk20/gxc78-txk20/variable_rationale_2021/trained_models/sst/bert15.pt
recall,0.8551401869158879,0.9324324324324325,0.8944954128440367,0.8937863096741602,0.8944954128440367,2,0,2.24183688538337,/jmain01/home/JAD009/txk20/gxc78-txk20/variable_rationale_2021/trained_models/sst/bert15.pt
f1-score,0.8883495145631068,0.9,0.8944954128440367,0.8941747572815535,0.894281642469048,2,0,2.24183688538337,/jmain01/home/JAD009/txk20/gxc78-txk20/variable_rationale_2021/trained_models/sst/bert15.pt
support,428.0,444.0,0.8944954128440367,872.0,872.0,2,0,2.24183688538337,/jmain01/home/JAD009/txk20/gxc78-txk20/variable_rationale_2021/trained_models/sst/bert15.pt
