,0,1,accuracy,macro avg,weighted avg,epoch,point,dev_loss,model-name
precision,0.9036697247706422,0.9220183486238532,0.9128440366972477,0.9128440366972477,0.913012372695901,1,864,2.0901524594412484,/home/cass/PycharmProjects/BP-rationales/trained_models/sst/bert5.pt
recall,0.9205607476635514,0.9054054054054054,0.9128440366972477,0.9129830765344784,0.9128440366972477,1,864,2.0901524594412484,/home/cass/PycharmProjects/BP-rationales/trained_models/sst/bert5.pt
f1-score,0.9120370370370371,0.9136363636363637,0.9128440366972477,0.9128367003367004,0.9128513730577951,1,864,2.0901524594412484,/home/cass/PycharmProjects/BP-rationales/trained_models/sst/bert5.pt
support,428.0,444.0,0.9128440366972477,872.0,872.0,1,864,2.0901524594412484,/home/cass/PycharmProjects/BP-rationales/trained_models/sst/bert5.pt
