,0,1,accuracy,macro avg,weighted avg,epoch,point,dev_loss,model-name
precision,0.9271356783919598,0.8755274261603375,0.8990825688073395,0.9013315522761487,0.9008580820721889,2,0,2.252091280910947,/jmain01/home/JAD009/txk20/gxc78-txk20/variable_rationale_2021/trained_models/sst/bert5.pt
recall,0.8621495327102804,0.9346846846846847,0.8990825688073395,0.8984171086974826,0.8990825688073395,2,0,2.252091280910947,/jmain01/home/JAD009/txk20/gxc78-txk20/variable_rationale_2021/trained_models/sst/bert5.pt
f1-score,0.8934624697336562,0.9041394335511983,0.8990825688073395,0.8988009516424272,0.8988989054389184,2,0,2.252091280910947,/jmain01/home/JAD009/txk20/gxc78-txk20/variable_rationale_2021/trained_models/sst/bert5.pt
support,428.0,444.0,0.8990825688073395,872.0,872.0,2,0,2.252091280910947,/jmain01/home/JAD009/txk20/gxc78-txk20/variable_rationale_2021/trained_models/sst/bert5.pt
