,0,1,accuracy,macro avg,weighted avg,epoch,point,dev_loss,model-name
precision,0.8881278538812786,0.9101382488479263,0.8990825688073395,0.8991330513646024,0.8993349815936542,1,576,2.5594785533366946,/jmain02/home/J2AD003/txk58/zxz22-txk58/BP-rationales/BP-rationales/trained_models/sst/bert20.pt
recall,0.9088785046728972,0.8896396396396397,0.8990825688073395,0.8992590721562684,0.8990825688073395,1,576,2.5594785533366946,/jmain02/home/J2AD003/txk58/zxz22-txk58/BP-rationales/BP-rationales/trained_models/sst/bert20.pt
f1-score,0.8983833718244804,0.8997722095671982,0.8990825688073395,0.8990777906958393,0.8990905323265064,1,576,2.5594785533366946,/jmain02/home/J2AD003/txk58/zxz22-txk58/BP-rationales/BP-rationales/trained_models/sst/bert20.pt
support,428.0,444.0,0.8990825688073395,872.0,872.0,1,576,2.5594785533366946,/jmain02/home/J2AD003/txk58/zxz22-txk58/BP-rationales/BP-rationales/trained_models/sst/bert20.pt
