{
    "fixed-deeplift": {
        "sufficiency": {
            "mean": 0.05774204492255909,
            "std": 0.1666182952126016
        },
        "comprehensiveness": {
            "mean": 0.39807987766183384,
            "std": 0.3931039370283217
        }
    },
    "fixed-lime": {
        "sufficiency": {
            "mean": 0.06288012827246499,
            "std": 0.17039732453732423
        },
        "comprehensiveness": {
            "mean": 0.4609141059713067,
            "std": 0.42621277861888324
        }
    },
    "fixed-attention": {
        "sufficiency": {
            "mean": 0.06720153366897764,
            "std": 0.16193428897148088
        },
        "comprehensiveness": {
            "mean": 0.4006206411208019,
            "std": 0.3953300656863879
        }
    },
    "fixed-ig": {
        "sufficiency": {
            "mean": 0.05987554334487772,
            "std": 0.16421872296762938
        },
        "comprehensiveness": {
            "mean": 0.4234508303754832,
            "std": 0.40226683857411233
        }
    },
    "fixed-gradients": {
        "sufficiency": {
            "mean": 0.06369513921917697,
            "std": 0.17068471727112902
        },
        "comprehensiveness": {
            "mean": 0.45011635439141484,
            "std": 0.41915979840125167
        }
    },
    "fixed-scaled attention": {
        "sufficiency": {
            "mean": 0.053150860000268876,
            "std": 0.1580066397619084
        },
        "comprehensiveness": {
            "mean": 0.4060713328308214,
            "std": 0.3952084284201808
        }
    },
    "fixed-random": {
        "sufficiency": {
            "mean": 0.06338792216830168,
            "std": 0.16935190098251168
        },
        "comprehensiveness": {
            "mean": 0.40351031774368357,
            "std": 0.3961550562355963
        }
    },
    "fixed-fixed-len_var-feat": {
        "sufficiency": {
            "mean": 0.06828705643791828,
            "std": 0.17022070931269442
        },
        "comprehensiveness": {
            "mean": 0.5889694486339313,
            "std": 0.41616792077685566
        }
    },
    "fixed-fixed-len_var-feat_var-type": {
        "sufficiency": {
            "mean": 0.07370524057587309,
            "std": 0.1659763528205078
        },
        "comprehensiveness": {
            "mean": 0.6538496611713169,
            "std": 0.4043804470847829
        }
    },
    "var-deeplift": {
        "sufficiency": {
            "mean": 0.0500345083497947,
            "std": 0.15645934573126474
        },
        "comprehensiveness": {
            "mean": 0.49260399981190905,
            "std": 0.40631786269581155
        }
    },
    "var-lime": {
        "sufficiency": {
            "mean": 0.04325310878219829,
            "std": 0.1459353639294205
        },
        "comprehensiveness": {
            "mean": 0.5568050614149004,
            "std": 0.43090440561393406
        }
    },
    "var-attention": {
        "sufficiency": {
            "mean": 0.057074765596652095,
            "std": 0.1465551982336488
        },
        "comprehensiveness": {
            "mean": 0.45656714163600065,
            "std": 0.40253674147074975
        }
    },
    "var-ig": {
        "sufficiency": {
            "mean": 0.04860948989997837,
            "std": 0.14639498743519452
        },
        "comprehensiveness": {
            "mean": 0.5296621279790708,
            "std": 0.41474982904587065
        }
    },
    "var-gradients": {
        "sufficiency": {
            "mean": 0.05012479562266939,
            "std": 0.14832235914907396
        },
        "comprehensiveness": {
            "mean": 0.5374580392449272,
            "std": 0.4248826449755443
        }
    },
    "var-scaled attention": {
        "sufficiency": {
            "mean": 0.045791146966164445,
            "std": 0.14318007764503965
        },
        "comprehensiveness": {
            "mean": 0.46837588162051297,
            "std": 0.40408939648817804
        }
    },
    "var-random": {
        "sufficiency": {
            "mean": 0.05348993216206892,
            "std": 0.15213966661751882
        },
        "comprehensiveness": {
            "mean": 0.5147853346120488,
            "std": 0.4115800216579733
        }
    },
    "var-var-len_var-feat": {
        "sufficiency": {
            "mean": 0.04776416977630685,
            "std": 0.1446177278087331
        },
        "comprehensiveness": {
            "mean": 0.6682021994297013,
            "std": 0.40061466134141704
        }
    },
    "var-var-len_var-feat_var-type": {
        "sufficiency": {
            "mean": 0.05366067299184933,
            "std": 0.14726864205898332
        },
        "comprehensiveness": {
            "mean": 0.7095041997955593,
            "std": 0.38596069766563246
        }
    }
}