{
    "variable": {
        "gradients": {
            "f1 score - model labels": 67.081,
            "f1 score - actual labels": 63.409,
            "sufficiency": {
                "mean": 0.07040227165472837,
                "std": 0.1649992021201197
            },
            "comprehensiveness": {
                "mean": 0.4499573080313057,
                "std": 0.422034847500038
            }
        },
        "ig-gradients": {
            "f1 score - model labels": 59.423,
            "f1 score - actual labels": 60.342,
            "sufficiency": {
                "mean": 0.06383001400368546,
                "std": 0.15887079449977748
            },
            "comprehensiveness": {
                "mean": 0.5289626744668585,
                "std": 0.42155956980190623
            }
        },
        "deeplift-ig-gradients": {
            "f1 score - model labels": 55.42,
            "f1 score - actual labels": 58.329,
            "sufficiency": {
                "mean": 0.06946339633140576,
                "std": 0.16107570438775454
            },
            "comprehensiveness": {
                "mean": 0.5755090080506111,
                "std": 0.41576103140444537
            }
        },
        "deeplift-ig-gradients-attention": {
            "f1 score - model labels": 53.229,
            "f1 score - actual labels": 57.293,
            "sufficiency": {
                "mean": 0.06732596246851792,
                "std": 0.16019359932808763
            },
            "comprehensiveness": {
                "mean": 0.5953562075957823,
                "std": 0.4123687038940605
            }
        },
        "deeplift-ig-scaled attention-gradients-attention": {
            "f1 score - model labels": 51.72,
            "f1 score - actual labels": 56.333,
            "sufficiency": {
                "mean": 0.07127656116127347,
                "std": 0.1646008284033282
            },
            "comprehensiveness": {
                "mean": 0.60774372469172,
                "std": 0.41030708393964344
            }
        },
        "deeplift-ig-scaled attention-lime-gradients-attention": {
            "f1 score - model labels": 47.629,
            "f1 score - actual labels": 53.947,
            "sufficiency": {
                "mean": 0.06637878680321481,
                "std": 0.16044147018973456
            },
            "comprehensiveness": {
                "mean": 0.6283521419475562,
                "std": 0.4092531842227172
            }
        }
    },
    "fixed": {
        "gradients": {
            "f1 score - model labels": 72.644,
            "f1 score - actual labels": 65.371,
            "sufficiency": {
                "mean": 0.09319216491076189,
                "std": 0.1875626193262894
            },
            "comprehensiveness": {
                "mean": 0.39100111623947037,
                "std": 0.4143216993344139
            }
        },
        "ig-gradients": {
            "f1 score - model labels": 64.866,
            "f1 score - actual labels": 62.403,
            "sufficiency": {
                "mean": 0.08257731761014694,
                "std": 0.18035648449399413
            },
            "comprehensiveness": {
                "mean": 0.47951763246624146,
                "std": 0.42091433419836777
            }
        },
        "deeplift-ig-gradients": {
            "f1 score - model labels": 60.205,
            "f1 score - actual labels": 60.302,
            "sufficiency": {
                "mean": 0.09066056142835155,
                "std": 0.18270555530745503
            },
            "comprehensiveness": {
                "mean": 0.5372240953600778,
                "std": 0.41756454999280884
            }
        },
        "deeplift-ig-gradients-attention": {
            "f1 score - model labels": 57.93,
            "f1 score - actual labels": 59.353,
            "sufficiency": {
                "mean": 0.08481399492926184,
                "std": 0.17700053449793693
            },
            "comprehensiveness": {
                "mean": 0.5591459441853214,
                "std": 0.41527929148692805
            }
        },
        "deeplift-ig-scaled attention-gradients-attention": {
            "f1 score - model labels": 56.066,
            "f1 score - actual labels": 58.609,
            "sufficiency": {
                "mean": 0.08901923568195458,
                "std": 0.18117895779084695
            },
            "comprehensiveness": {
                "mean": 0.573213109047315,
                "std": 0.41394515052337333
            }
        },
        "deeplift-ig-scaled attention-lime-gradients-attention": {
            "f1 score - model labels": 52.372,
            "f1 score - actual labels": 56.295,
            "sufficiency": {
                "mean": 0.09051171340246787,
                "std": 0.18193797553945765
            },
            "comprehensiveness": {
                "mean": 0.5939627935235441,
                "std": 0.41347869333110143
            }
        }
    }
}