,Set,F-Comp,F-SoftComp,Comprehensiveness,Soft-Comprehensiveness
0,S0,0.0,0.0,0.23751705318442654,0.24128709371021706
1,S1,3.399453667752998e-09,0.052123154019607446,0.2375170515974821,0.26629794697674664
2,S2,3.399453667752998e-09,0.046103754179848376,0.2375170515974821,0.26340958902956346
3,S3,0.11057234875491408,0.1664999557856674,0.28913481029755894,0.3211806849820054
4,S4,0.500811954463195,0.49347703053318115,0.4713077803953782,0.47807786037075467
5,S5,0.7003421430888926,0.6619138580152991,0.5644531366186358,0.5589008430945223
6,S6,1.0000214213780179,1.0000208402142319,0.7043504289593614,0.721138610152624
