,Set,F-Comp,F-SoftComp,Comprehensiveness,Soft-Comprehensiveness
0,S0,0.0,0.0,0.22004963886082698,0.223036221977425
1,S1,3.877875554614092e-09,0.04670984054355887,0.22004963727388255,0.24246811896262038
2,S2,3.877875554614092e-09,0.04902343640121391,0.22004963727388255,0.24343060472254077
3,S3,0.2017548715210922,0.19180637953093055,0.30261385900740306,0.3028301532941589
4,S4,0.5980512384951469,0.5693322808539589,0.46479036676381424,0.4598858044884925
5,S5,0.7779171639368484,0.7556072766223725,0.5383969654698274,0.537378608714917
6,S6,1.0000244361142347,1.0000240377151954,0.6292900060093323,0.6390591382937272
