,feature,Soft_sufficiency,Suff_ratio,Soft_comprehensiveness,Comp_ratio
0,random,0.9833929260236641,1.0,0.017528673279638002,1.0
1,attention,0.9892125167912401,1.0059178692601618,0.011802869120443002,0.6733464040403834
2,scaled attention,0.9912429254408931,1.0079825664894402,0.009095782728670001,0.5189087949534675
3,gradients,0.9918886542651011,1.0086392000761988,0.008480314607005001,0.48379671819521386
4,ig,0.9867269138919691,1.0033902906763688,0.014708507209586,0.8391112650078305
5,deeplift,0.9904814205279501,1.0072082016421942,0.010062717159934,0.5740718079116262
