,feature,Soft_sufficiency,Suff_ratio,Soft_comprehensiveness,Comp_ratio
0,random,0.138464246302818,1.0,0.11803737729875301,1.0
1,attention,0.130577640719475,0.9430422957989084,0.635742873717496,5.385945437506873
2,scaled attention,0.13280487821741302,0.9591275853766027,0.6313816183747081,5.348997350023112
3,gradients,0.139818740631692,1.0097822677336628,0.306223908387507,2.5942961068378643
4,ig,0.14481404819117602,1.0458587834614803,0.32862982674551905,2.784116643948771
5,deeplift,0.16009760116861702,1.1562378407671203,0.29441255278015505,2.4942315689969616
