{
    "scaled attention": {
        "sufficiencies @ 0.01": {
            "mean": 0.09894283356380881,
            "std": 0.15462195767937945
        },
        "comprehensiveness @ 0.01": {
            "mean": 0.7991615062203294,
            "std": 0.26064839031541476
        },
        "sufficiencies @ 0.02": {
            "mean": 0.12030902770742974,
            "std": 0.16200291413128953
        },
        "comprehensiveness @ 0.02": {
            "mean": 0.8081902341623681,
            "std": 0.2517091110811763
        },
        "sufficiencies @ 0.05": {
            "mean": 0.16841666602407254,
            "std": 0.1791231127221493
        },
        "comprehensiveness @ 0.05": {
            "mean": 0.8110035557796361,
            "std": 0.2533383038764458
        },
        "sufficiencies @ 0.1": {
            "mean": 0.3058711552978195,
            "std": 0.3477416327476969
        },
        "comprehensiveness @ 0.1": {
            "mean": 0.8420907572226036,
            "std": 0.26055095217213
        },
        "sufficiencies @ 0.2": {
            "mean": 0.2826124012526553,
            "std": 0.31633124208127344
        },
        "comprehensiveness @ 0.2": {
            "mean": 0.9111548903258185,
            "std": 0.10585630590245919
        },
        "sufficiencies @ 0.5": {
            "mean": 0.3589787159237985,
            "std": 0.35837527758634924
        },
        "comprehensiveness @ 0.5": {
            "mean": 0.9055590505714103,
            "std": 0.11950816862499226
        },
        "sufficiencies @ 1.0": {
            "mean": 0.9799718429488011,
            "std": 0.1399959906580909
        },
        "comprehensiveness @ 1.0": {
            "mean": 0.8705413705452452,
            "std": 0.26900825154878305
        },
        "AOPC - sufficiency": {
            "mean": 0.33072894895976934,
            "std": 0.15078244552382677
        },
        "AOPC - comprehensiveness": {
            "mean": 0.8496716235467732,
            "std": 0.1617964094802661
        }
    },
    "ig": {
        "sufficiencies @ 0.01": {
            "mean": 0.07368742697790268,
            "std": 0.1460783311225475
        },
        "comprehensiveness @ 0.01": {
            "mean": 0.8231027905121759,
            "std": 0.2561801976191404
        },
        "sufficiencies @ 0.02": {
            "mean": 0.07689311376534837,
            "std": 0.14700680518275727
        },
        "comprehensiveness @ 0.02": {
            "mean": 0.8081587142298635,
            "std": 0.2640941189067957
        },
        "sufficiencies @ 0.05": {
            "mean": 0.12177331926594975,
            "std": 0.16542984955275591
        },
        "comprehensiveness @ 0.05": {
            "mean": 0.8182215609683275,
            "std": 0.25232224294596467
        },
        "sufficiencies @ 0.1": {
            "mean": 0.18297598357381462,
            "std": 0.2506473254707825
        },
        "comprehensiveness @ 0.1": {
            "mean": 0.8117761187411794,
            "std": 0.22944490612085558
        },
        "sufficiencies @ 0.2": {
            "mean": 0.1756320034669754,
            "std": 0.22432969695066618
        },
        "comprehensiveness @ 0.2": {
            "mean": 0.818375352249151,
            "std": 0.2544990389145705
        },
        "sufficiencies @ 0.5": {
            "mean": 0.2823464952250846,
            "std": 0.25672174006527154
        },
        "comprehensiveness @ 0.5": {
            "mean": 0.8518554319648453,
            "std": 0.17099590427622607
        },
        "sufficiencies @ 1.0": {
            "mean": 0.9916125799424905,
            "std": 0.05851290940871168
        },
        "comprehensiveness @ 1.0": {
            "mean": 0.8702745701133352,
            "std": 0.26920387017139086
        },
        "AOPC - sufficiency": {
            "mean": 0.27213156031679514,
            "std": 0.12482916193196561
        },
        "AOPC - comprehensiveness": {
            "mean": 0.8288235055398396,
            "std": 0.17754948963606237
        }
    },
    "gradients": {
        "sufficiencies @ 0.01": {
            "mean": 0.06324608193528156,
            "std": 0.14303989485460775
        },
        "comprehensiveness @ 0.01": {
            "mean": 0.8228327959901581,
            "std": 0.2566798083556896
        },
        "sufficiencies @ 0.02": {
            "mean": 0.08514537818660096,
            "std": 0.152557593738115
        },
        "comprehensiveness @ 0.02": {
            "mean": 0.8133624490769126,
            "std": 0.2636665887058262
        },
        "sufficiencies @ 0.05": {
            "mean": 0.09662063951139943,
            "std": 0.16003375785533128
        },
        "comprehensiveness @ 0.05": {
            "mean": 0.8036437600538288,
            "std": 0.2784981872162568
        },
        "sufficiencies @ 0.1": {
            "mean": 0.13052485625866667,
            "std": 0.18376380497615616
        },
        "comprehensiveness @ 0.1": {
            "mean": 0.7970601915879071,
            "std": 0.27973593305542555
        },
        "sufficiencies @ 0.2": {
            "mean": 0.2530646922402538,
            "std": 0.32037033186101366
        },
        "comprehensiveness @ 0.2": {
            "mean": 0.8083101397284221,
            "std": 0.2247228597686177
        },
        "sufficiencies @ 0.5": {
            "mean": 0.23629227175656672,
            "std": 0.319045322711557
        },
        "comprehensiveness @ 0.5": {
            "mean": 0.8465581917721932,
            "std": 0.19292260890221402
        },
        "sufficiencies @ 1.0": {
            "mean": 0.9955139812413459,
            "std": 0.031205106605169817
        },
        "comprehensiveness @ 1.0": {
            "mean": 0.8700091044921574,
            "std": 0.26939988416584176
        },
        "AOPC - sufficiency": {
            "mean": 0.26577255730430216,
            "std": 0.153966572178497
        },
        "AOPC - comprehensiveness": {
            "mean": 0.823110947528797,
            "std": 0.18778563858368072
        }
    },
    "attention": {
        "sufficiencies @ 0.01": {
            "mean": 0.10067596916653568,
            "std": 0.15503257140816534
        },
        "comprehensiveness @ 0.01": {
            "mean": 0.7979546844039643,
            "std": 0.2604813778893545
        },
        "sufficiencies @ 0.02": {
            "mean": 0.10379379847361699,
            "std": 0.10380394410120508
        },
        "comprehensiveness @ 0.02": {
            "mean": 0.7912332299880509,
            "std": 0.2541486182072768
        },
        "sufficiencies @ 0.05": {
            "mean": 0.17048311659922968,
            "std": 0.17944727695532903
        },
        "comprehensiveness @ 0.05": {
            "mean": 0.8083167926147368,
            "std": 0.2549888941891463
        },
        "sufficiencies @ 0.1": {
            "mean": 0.3187409404794732,
            "std": 0.3546186581819497
        },
        "comprehensiveness @ 0.1": {
            "mean": 0.8412271290919661,
            "std": 0.25870376051210836
        },
        "sufficiencies @ 0.2": {
            "mean": 0.2850909776485059,
            "std": 0.31803400003488996
        },
        "comprehensiveness @ 0.2": {
            "mean": 0.9090923320190408,
            "std": 0.1149065063489887
        },
        "sufficiencies @ 0.5": {
            "mean": 0.362703518691235,
            "std": 0.3572665846870772
        },
        "comprehensiveness @ 0.5": {
            "mean": 0.9104582271837457,
            "std": 0.11973670211751684
        },
        "sufficiencies @ 1.0": {
            "mean": 0.9969328386517142,
            "std": 0.021275035469135683
        },
        "comprehensiveness @ 1.0": {
            "mean": 0.8697449625758799,
            "std": 0.2695962739063995
        },
        "AOPC - sufficiency": {
            "mean": 0.3340601656729016,
            "std": 0.14951116557081529
        },