{
    "scaled attention": {
        "sufficiencies @ 0.01": {
            "mean": 0.07175350852169678,
            "std": 0.14583368108130693
        },
        "comprehensiveness @ 0.01": {
            "mean": 0.009756333785682353,
            "std": 0.09804883463266333
        },
        "sufficiencies @ 0.02": {
            "mean": 0.1106817067792745,
            "std": 0.2003018222645887
        },
        "comprehensiveness @ 0.02": {
            "mean": 0.009562602152091473,
            "std": 0.09609261226851819
        },
        "sufficiencies @ 0.05": {
            "mean": 0.18314827581219703,
            "std": 0.24908823034558497
        },
        "comprehensiveness @ 0.05": {
            "mean": 0.006390885214614688,
            "std": 0.06406026117499636
        },
        "sufficiencies @ 0.1": {
            "mean": 0.2537046453405958,
            "std": 0.31354590371507207
        },
        "comprehensiveness @ 0.1": {
            "mean": 0.0048050087744935036,
            "std": 0.048044112941559004
        },
        "sufficiencies @ 0.2": {
            "mean": 0.25467219676618047,
            "std": 0.3198355287140717
        },
        "comprehensiveness @ 0.2": {
            "mean": 0.0038534685868463715,
            "std": 0.038434445753762356
        },
        "sufficiencies @ 0.5": {
            "mean": 0.25566967465747875,
            "std": 0.3030173300116444
        },
        "comprehensiveness @ 0.5": {
            "mean": 0.003219096569721522,
            "std": 0.03202801900720411
        },
        "sufficiencies @ 1.0": {
            "mean": 0.9902437000554397,
            "std": 0.09804883789578388
        },
        "comprehensiveness @ 1.0": {
            "mean": 0.009756370090117778,
            "std": 0.09804883119498561
        },
        "AOPC - sufficiency": {
            "mean": 0.3028391011332661,
            "std": 0.155877016327788
        },
        "AOPC - comprehensiveness": {
            "mean": 0.006763395024795385,
            "std": 0.06782241543026599
        }
    },
    "random": {
        "sufficiencies @ 0.01": {
            "mean": 0.03870017169357523,
            "std": 0.10803005567648634
        },
        "comprehensiveness @ 0.01": {
            "mean": 0.002426104922910562,
            "std": 0.024020025932732066
        },
        "sufficiencies @ 0.02": {
            "mean": 0.04558228949548078,
            "std": 0.11587951454461126
        },
        "comprehensiveness @ 0.02": {
            "mean": 0.002161762598447523,
            "std": 0.021350712737700218
        },
        "sufficiencies @ 0.05": {
            "mean": 0.06404716001158056,
            "std": 0.12700061839164703
        },
        "comprehensiveness @ 0.05": {
            "mean": 0.001950281708042364,
            "std": 0.019215272815500357
        },
        "sufficiencies @ 0.1": {
            "mean": 0.07543230977908243,
            "std": 0.1244583747854908
        },
        "comprehensiveness @ 0.1": {
            "mean": 0.0017772455202522718,
            "std": 0.017468104321052478
        },
        "sufficiencies @ 0.2": {
            "mean": 0.10688787183240052,
            "std": 0.19883150466378863
        },
        "comprehensiveness @ 0.2": {
            "mean": 0.0016330428806305085,
            "std": 0.016012139357834205
        },
        "sufficiencies @ 0.5": {
            "mean": 0.12747318788883713,
            "std": 0.17387393153270223
        },
        "comprehensiveness @ 0.5": {
            "mean": 0.0015110199128833346,
            "std": 0.014780177074588112
        },
        "sufficiencies @ 1.0": {
            "mean": 0.997574652174416,
            "std": 0.024012723492862154
        },
        "comprehensiveness @ 1.0": {
            "mean": 0.0027659635448646076,
            "std": 0.0274520153003484
        },
        "AOPC - sufficiency": {
            "mean": 0.20795680612505324,
            "std": 0.09316796439587631
        },
        "AOPC - comprehensiveness": {
            "mean": 0.0020322030125758824,
            "std": 0.02004261461965068
        }
    },
    "ig": {
        "sufficiencies @ 0.01": {
            "mean": 0.04157102174603807,
            "std": 0.11532506982631545
        },
        "comprehensiveness @ 0.01": {
            "mean": 0.001315769322304814,
            "std": 0.012809058278771067
        },
        "sufficiencies @ 0.02": {
            "mean": 0.04904651776142475,
            "std": 0.1272177910828474
        },
        "comprehensiveness @ 0.02": {
            "mean": 0.001236442312394125,
            "std": 0.012008300986510349
        },
        "sufficiencies @ 0.05": {
            "mean": 0.07604257390789686,
            "std": 0.1724045916230369
        },
        "comprehensiveness @ 0.05": {
            "mean": 0.0011664438594311199,
            "std": 0.011301756496033127
        },
        "sufficiencies @ 0.1": {
            "mean": 0.12696133789205605,
            "std": 0.22342305107266466
        },
        "comprehensiveness @ 0.1": {
            "mean": 0.001104219217479621,
            "std": 0.010673722648090902
        },
        "sufficiencies @ 0.2": {
            "mean": 0.1843507024942559,
            "std": 0.2734801545403351
        },
        "comprehensiveness @ 0.2": {
            "mean": 0.0010485409554488634,
            "std": 0.01011180300129068
        },
        "sufficiencies @ 0.5": {
            "mean": 0.1796031213958388,
            "std": 0.2600295689857773
        },
        "comprehensiveness @ 0.5": {
            "mean": 0.0009984271283830588,
            "std": 0.009606080402630342
        },
        "sufficiencies @ 1.0": {
            "mean": 0.9986846501079275,
            "std": 0.012805164889700137
        },
        "comprehensiveness @ 1.0": {
            "mean": 0.0014064238481025185,
            "std": 0.013724216863440195
        },
        "AOPC - sufficiency": {
            "mean": 0.23660856075791972,
            "std": 0.12723701009165875
        },
        "AOPC - comprehensiveness": {
            "mean": 0.0011823238062205882,
            "std": 0.011462122395463412
        }
    },
    "attention": {
        "sufficiencies @ 0.01": {
            "mean": 0.06734798420516859,
            "std": 0.1350156941200517
        },
        "comprehensiveness @ 0.01": {
            "mean": 0.0009118576761825344,
            "std": 0.00873257333186537
        },
        "sufficiencies @ 0.02": {
            "mean": 0.11276794723106481,
            "std": 0.20157630564153037
        },
        "comprehensiveness @ 0.02": {
            "mean": 0.0008742144018858365,
            "std": 0.008352794200836804
        },
        "sufficiencies @ 0.05": {
            "mean": 0.1905607255024239,
            "std": 0.2560477483635888
        },
        "comprehensiveness @ 0.05": {
            "mean": 0.0008397052805116009,
            "std": 0.008004667491764364
        },
        "sufficiencies @ 0.1": {
            "mean": 0.25260763043562484,
            "std": 0.3108988404700349
        },
        "comprehensiveness @ 0.1": {
            "mean": 0.0008079542230129246,
            "std": 0.007684394896188919
        },
        "sufficiencies @ 0.2": {
            "mean": 0.2685610221212167,
            "std": 0.33314632913777054
        },
        "comprehensiveness @ 0.2": {
            "mean": 0.0007786430001363134,
            "std": 0.007388762460881902
        },
        "sufficiencies @ 0.5": {
            "mean": 0.2573513679842704,
            "std": 0.30384450146508846
        },
        "comprehensiveness @ 0.5": {
            "mean": 0.0007515005276457399,
            "std": 0.007115032373913222
        },
        "sufficiencies @ 1.0": {
            "mean": 0.9990884389029538,
            "std": 0.008729919470505691
        },
        "comprehensiveness @ 1.0": {
            "mean": 0.0009530828283825004,
            "std": 0.00914852668073819
        },