{
    "attention": {
        "sufficiency": {
            "mean": 0.2657257420422438,
            "std": 0.3412589235355112
        },
        "comprehensiveness": {
            "mean": 0.6370718408900756,
            "std": 0.4036464048105234
        },
        "AOPC - sufficiency": {
            "mean": 0.17410917700613002,
            "std": 0.17365623911074748
        },
        "AOPC - comprehensiveness": {
            "mean": 0.5413637718402953,
            "std": 0.1866140845080082
        }
    },
    "gradients": {
        "sufficiency": {
            "mean": 0.12355899238715605,
            "std": 0.23430488952918407
        },
        "comprehensiveness": {
            "mean": 0.3062239083875079,
            "std": 0.41082425185443866
        },
        "AOPC - sufficiency": {
            "mean": 0.12101766850750732,
            "std": 0.15443304092069016
        },
        "AOPC - comprehensiveness": {
            "mean": 0.36029814316062414,
            "std": 0.20259799419273603
        }
    },
    "random": {
        "sufficiency": {
            "mean": 0.09819278531076084,
            "std": 0.19765780024380167
        },
        "comprehensiveness": {
            "mean": 0.11895440195741612,
            "std": 0.2742925674753851
        },
        "AOPC - sufficiency": {
            "mean": 0.08659795644108992,
            "std": 0.1278303470906053
        },
        "AOPC - comprehensiveness": {
            "mean": 0.2547235133935285,
            "std": 0.14537089684688195
        }
    },
    "scaled attention": {
        "sufficiency": {
            "mean": 0.26130119338656244,
            "std": 0.3376141275818655
        },
        "comprehensiveness": {
            "mean": 0.6313816183747081,
            "std": 0.4032615954190068
        },
        "AOPC - sufficiency": {
            "mean": 0.173824127467517,
            "std": 0.17380383550074516
        },
        "AOPC - comprehensiveness": {
            "mean": 0.5387187375047104,
            "std": 0.18601100439601218
        }
    },
    "ig": {
        "sufficiency": {
            "mean": 0.15311931730464462,
            "std": 0.2619641526999289
        },
        "comprehensiveness": {
            "mean": 0.32711132636439283,
            "std": 0.4165829197680609
        },
        "AOPC - sufficiency": {
            "mean": 0.12445341658688795,
            "std": 0.16207454427612222
        },
        "AOPC - comprehensiveness": {
            "mean": 0.36769647290659635,
            "std": 0.21523732324775185
        }
    },
    "deeplift": {
        "sufficiency": {
            "mean": 0.10479600994242719,
            "std": 0.20081366692060218
        },
        "comprehensiveness": {
            "mean": 0.2939629602450899,
            "std": 0.39897659216563774
        },
        "AOPC - sufficiency": {
            "mean": 0.12257926944702757,
            "std": 0.1500548402401963
        },
        "AOPC - comprehensiveness": {
            "mean": 0.36875001656618994,
            "std": 0.19527238561247953
        }
    }
}