{
    "scaled attention": {
        "sufficiency": {
            "mean": 0.198598581607574,
            "std": 0.2949115482706542
        },
        "comprehensiveness": {
            "mean": 0.6387073373314853,
            "std": 0.4060547374113467
        },
        "AOPC - sufficiency": {
            "mean": 0.08034289810298667,
            "std": 0.1216663926338784
        },
        "AOPC - comprehensiveness": {
            "mean": 0.161775769742389,
            "std": 0.20485538181375526
        }
    },
    "gradients": {
        "sufficiency": {
            "mean": 0.15206449296195912,
            "std": 0.2532614380768646
        },
        "comprehensiveness": {
            "mean": 0.30745648955276395,
            "std": 0.4113822313995385
        },
        "AOPC - sufficiency": {
            "mean": 0.08034289810298667,
            "std": 0.1216663926338784
        },
        "AOPC - comprehensiveness": {
            "mean": 0.11774876484300534,
            "std": 0.20243860715678885
        }
    },
    "random": {
        "sufficiency": {
            "mean": 0.14430695438427207,
            "std": 0.2453505945054691
        },
        "comprehensiveness": {
            "mean": 0.12811733156631824,
            "std": 0.28452305856089893
        },
        "AOPC - sufficiency": {
            "mean": 0.08034289810298667,
            "std": 0.1216663926338784
        },
        "AOPC - comprehensiveness": {
            "mean": 0.10595598067867201,
            "std": 0.1496987824533517
        }
    },
    "ig": {
        "sufficiency": {
            "mean": 0.14954735253854054,
            "std": 0.24187473686818753
        },
        "comprehensiveness": {
            "mean": 0.3336449870467352,
            "std": 0.41628650213464014
        },
        "AOPC - sufficiency": {
            "mean": 0.08034289810298667,
            "std": 0.1216663926338784
        },
        "AOPC - comprehensiveness": {
            "mean": 0.11523099797169244,
            "std": 0.21671532468853205
        }
    },
    "deeplift": {
        "sufficiency": {
            "mean": 0.1644518339430195,
            "std": 0.2671673958416219
        },
        "comprehensiveness": {
            "mean": 0.29632912083743473,
            "std": 0.3974623281245923
        },
        "AOPC - sufficiency": {
            "mean": 0.08034289810298667,
            "std": 0.1216663926338784
        },
        "AOPC - comprehensiveness": {
            "mean": 0.14368387074689626,
            "std": 0.19939345278443302
        }
    },
    "attention": {
        "sufficiency": {
            "mean": 0.1479165366816433,
            "std": 0.24110593674312678
        },
        "comprehensiveness": {
            "mean": 0.633118016498544,
            "std": 0.40353420150638997
        },
        "AOPC - sufficiency": {
            "mean": 0.08034289810298667,
            "std": 0.1216663926338784
        },
        "AOPC - comprehensiveness": {
            "mean": 0.11419834794318352,
            "std": 0.18383779183066404
        }
    }
}