,feature,Soft_sufficiency,Suff_ratio,Soft_comprehensiveness,Comp_ratio
0,random,0.13808860277968601,1.0,0.0031521971270540004,1.0
1,attention,0.130976409355388,0.9484954349516797,0.004042410513836,1.2824104429071608
2,scaled attention,0.13200104141093802,0.9559155408469124,0.008480314607005001,2.6902868904428527
3,gradients,0.139417017004134,1.009620013510944,0.014708507209586,4.666112751435811
4,ig,0.145647706094019,1.0547409645848411,0.0056811646760500005,1.8022872450745293
5,deeplift,0.16048469581548602,1.1621863976097428,0.0025927690496710004,0.8225275720919669
