,feature,Soft_sufficiency,Suff_ratio,Soft_comprehensiveness,Comp_ratio
0,random,0.9918886542651011,1.0,0.008480314607005001,1.0
1,attention,0.9833929260236641,0.9914347964311261,0.017528673279638002,2.0669838434011374
2,scaled attention,0.9867269138919691,0.9947960485776941,0.014708507209586,1.7344294275870757
3,gradients,0.9904814205279501,0.9985812583588894,0.010062717159934,1.1865971519054124
4,ig,0.9892125167912401,0.9973019779363806,0.011802869120443002,1.3917961381637267
5,deeplift,0.9912429254408931,0.9993489906135821,0.009095782728670001,1.072576095367571
