,feature,Soft_sufficiency,Suff_ratio,Soft_comprehensiveness,Comp_ratio
0,random,1.0,1.0,6.34404553177448e-07,1.0
1,attention,1.0,1.0,2.640877478852513e-07,0.4162765644769637
2,scaled attention,1.0,1.0,2.2989739930523298e-07,0.3623829591918595
3,gradients,1.0,1.0,1.739049183466869e-06,2.7412306150022903
4,ig,1.0,1.0,4.1282257873787427e-07,0.6507244890822915
5,deeplift,1.0,1.0,3.1741697878349525e-07,0.500338431043245
