,feature,Soft_sufficiency,Suff_ratio,Soft_comprehensiveness,Comp_ratio
0,random,0.09819278531076,1.0,0.11895440195741601,1.0
1,attention,0.26572574204224303,2.7061636066364305,0.6370718408900751,5.355597022110521
2,scaled attention,0.26130119338656205,2.661103792499596,0.6313816183747081,5.307761696794826
3,gradients,0.12355899238715601,1.258330660405621,0.306223908387507,2.574296565310217
4,ig,0.153119317304644,1.5593744165628136,0.32711132636439205,2.749888368834751
5,deeplift,0.10479600994242701,1.0672475539905417,0.293962960245089,2.471223892583005
