,feature,Soft_sufficiency,Suff_ratio,Soft_comprehensiveness,Comp_ratio
0,random,0.9912429254408931,1.0,0.009095782728670001,1.0
1,attention,0.9918886542651011,1.0006514334757253,0.008480314607005001,0.9323347819506463
2,scaled attention,0.9867269138919691,0.9954440920252567,0.014708507209586,1.6170688821781807
3,gradients,0.9892125167912401,0.9979516538302153,0.011802869120443002,1.2976199489946298
4,ig,0.9833929260236641,0.9920806502465201,0.017528673279638002,1.9271209309329083
5,deeplift,0.9904814205279501,0.9992317676188163,0.010062717159934,1.1063057968849908
