{
    "ig": {
        "sufficiency": {
            "mean": 0.14486997344175853,
            "std": 0.23544745505528888
        },
        "comprehensiveness": {
            "mean": 6.672980852822987e-05,
            "std": 0.0010571819919876098
        },
        "AOPC - sufficiency": {
            "mean": 0.10977577189975656,
            "std": 0.13547127497869418
        },
        "AOPC - comprehensiveness": {
            "mean": 6.703523894086758e-05,
            "std": 0.0010632264723981566
        }
    },
    "gradients": {
        "sufficiency": {
            "mean": 0.13986641687214682,
            "std": 0.23559453631183913
        },
        "comprehensiveness": {
            "mean": 1.8455126024577894e-05,
            "std": 0.0002883167240703863
        },
        "AOPC - sufficiency": {
            "mean": 0.11163671420082204,
            "std": 0.13956200136260927
        },
        "AOPC - comprehensiveness": {
            "mean": 1.4045502043558847e-05,
            "std": 0.00021921924735369692
        }
    },
    "random": {
        "sufficiency": {
            "mean": 0.1373572252519841,
            "std": 0.23546518504094321
        },
        "comprehensiveness": {
            "mean": 1.0826319710917286e-05,
            "std": 0.0001669224292147486
        },
        "AOPC - sufficiency": {
            "mean": 0.10383473730843133,
            "std": 0.12473825731900491
        },
        "AOPC - comprehensiveness": {
            "mean": 8.342828443116334e-06,
            "std": 0.00012848036293224414
        }
    },
    "attention": {
        "sufficiency": {
            "mean": 0.13102380076315212,
            "std": 0.2088862098632391
        },
        "comprehensiveness": {
            "mean": 7.714465483341275e-06,
            "std": 0.0001174683525031536
        },
        "AOPC - sufficiency": {
            "mean": 0.10276015392616435,
            "std": 0.11909972467918471
        },
        "AOPC - comprehensiveness": {
            "mean": 5.9969103342014496e-06,
            "std": 9.120291422646135e-05
        }
    },
    "scaled attention": {
        "sufficiency": {
            "mean": 0.13324281074743274,
            "std": 0.21008164561460763
        },
        "comprehensiveness": {
            "mean": 6.022662713378585e-06,
            "std": 9.06235580845411e-05
        },
        "AOPC - sufficiency": {
            "mean": 0.10334845455333287,
            "std": 0.11947475353676494
        },
        "AOPC - comprehensiveness": {
            "mean": 4.7083175871092756e-06,
            "std": 7.075913355929514e-05
        }
    },
    "deeplift": {
        "sufficiency": {
            "mean": 0.16055309782665572,
            "std": 0.2603316921323861
        },
        "comprehensiveness": {
            "mean": 4.958602193315686e-06,
            "std": 7.37686414293769e-05
        },
        "AOPC - sufficiency": {
            "mean": 0.12252610324503943,
            "std": 0.15709346258320303
        },
        "AOPC - comprehensiveness": {
            "mean": 3.891556471552582e-06,
            "std": 5.782373996347282e-05
        }
    }
}