{
    "random": {
        "sufficiencies @ 0.01": {
            "mean": 0.9999997920857804,
            "std": 9.85476890327711e-07
        },
        "comprehensiveness @ 0.01": {
            "mean": 2.0806149044034999e-07,
            "std": 9.862690091821503e-07
        },
        "sufficiencies @ 0.02": {
            "mean": 0.9999997922328228,
            "std": 9.846860612064586e-07
        },
        "comprehensiveness @ 0.02": {
            "mean": 2.0791421976997695e-07,
            "std": 9.85476890328063e-07
        },
        "sufficiencies @ 0.05": {
            "mean": 0.9999997923796378,
            "std": 9.838965186500555e-07
        },
        "comprehensiveness @ 0.05": {
            "mean": 2.0776717723567018e-07,
            "std": 9.846860612014196e-07
        },
        "sufficiencies @ 0.1": {
            "mean": 0.9999997925262257,
            "std": 9.831082595520236e-07
        },
        "comprehensiveness @ 0.1": {
            "mean": 2.0762036229297098e-07,
            "std": 9.838965186540546e-07
        },
        "sufficiencies @ 0.2": {
            "mean": 0.9999997926725869,
            "std": 9.82321280750234e-07
        },
        "comprehensiveness @ 0.2": {
            "mean": 2.0747377439916896e-07,
            "std": 9.83108259548033e-07
        },
        "sufficiencies @ 0.5": {
            "mean": 0.9999997928187224,
            "std": 9.815355791568413e-07
        },
        "comprehensiveness @ 0.5": {
            "mean": 2.0732741301329427e-07,
            "std": 9.823212807556085e-07
        },
        "sufficiencies @ 1.0": {
            "mean": 0.9999997919385096,
            "std": 9.862690091834027e-07
        },
        "comprehensiveness @ 1.0": {
            "mean": 2.0820898979300264e-07,
            "std": 9.870624209221185e-07
        },
        "AOPC - sufficiency": {
            "mean": 0.9999997923791836,
            "std": 9.83899070544691e-07
        },
        "AOPC - comprehensiveness": {
            "mean": 2.0776763242063344e-07,
            "std": 9.846886193398584e-07
        }
    },
    "gradients": {
        "sufficiencies @ 0.01": {
            "mean": 0.9999997931103176,
            "std": 9.799679951308636e-07
        },
        "comprehensiveness @ 0.01": {
            "mean": 2.0703536761010985e-07,
            "std": 9.80751151651263e-07
        },
        "sufficiencies @ 0.02": {
            "mean": 0.9999997932557783,
            "std": 9.791861065194272e-07
        },
        "comprehensiveness @ 0.02": {
            "mean": 2.0688968251950217e-07,
            "std": 9.799679951344237e-07
        },
        "sufficiencies @ 0.05": {
            "mean": 0.9999997934010151,
            "std": 9.78405482740978e-07
        },
        "comprehensiveness @ 0.05": {
            "mean": 2.0674422179021156e-07,
            "std": 9.791861065212627e-07
        },
        "sufficiencies @ 0.1": {
            "mean": 0.9999997935460289,
            "std": 9.776261206983624e-07
        },
        "comprehensiveness @ 0.1": {
            "mean": 2.0659898488986836e-07,
            "std": 9.78405482734362e-07
        },
        "sufficiencies @ 0.2": {
            "mean": 0.9999997936908195,
            "std": 9.768480173820709e-07
        },
        "comprehensiveness @ 0.2": {
            "mean": 2.0645397128780176e-07,
            "std": 9.776261207062487e-07
        },
        "sufficiencies @ 0.5": {
            "mean": 0.9999997938353882,
            "std": 9.76071169713409e-07
        },
        "comprehensiveness @ 0.5": {
            "mean": 2.063091804550339e-07,
            "std": 9.768480173793534e-07
        },
        "sufficiencies @ 1.0": {
            "mean": 0.9999997929646323,
            "std": 9.807511516466954e-07
        },
        "comprehensiveness @ 1.0": {
            "mean": 2.0718127759611088e-07,
            "std": 9.815355791591827e-07
        },
        "AOPC - sufficiency": {
            "mean": 0.9999997934005684,
            "std": 9.78407991448593e-07
        },
        "AOPC - comprehensiveness": {
            "mean": 2.0674466944980547e-07,
            "std": 9.791886213404532e-07
        }
    },
    "ig": {
        "sufficiencies @ 0.01": {
            "mean": 0.9999997941238606,
            "std": 9.745212291782388e-07
        },
        "comprehensiveness @ 0.01": {
            "mean": 2.0602026498990403e-07,
            "std": 9.752955746482176e-07
        },
        "sufficiencies @ 0.02": {
            "mean": 0.9999997942677658,
            "std": 9.73748130278476e-07
        },
        "comprehensiveness @ 0.02": {
            "mean": 2.0587613930798783e-07,
            "std": 9.74521229178e-07
        },
        "sufficiencies @ 0.05": {
            "mean": 0.9999997944114506,
            "std": 9.729762749365846e-07
        },
        "comprehensiveness @ 0.05": {
            "mean": 2.0573223429624848e-07,
            "std": 9.73748130276965e-07
        },
        "sufficiencies @ 0.1": {
            "mean": 0.9999997945549158,
            "std": 9.722056601605657e-07
        },
        "comprehensiveness @ 0.1": {
            "mean": 2.055885494340697e-07,
            "std": 9.729762749364681e-07
        },
        "sufficiencies @ 0.2": {
            "mean": 0.9999997946981619,
            "std": 9.714362829516189e-07
        },
        "comprehensiveness @ 0.2": {
            "mean": 2.0544508420248758e-07,
            "std": 9.722056601575318e-07
        },
        "sufficiencies @ 0.5": {
            "mean": 0.9999997948411895,
            "std": 9.706681403375082e-07
        },
        "comprehensiveness @ 0.5": {
            "mean": 2.0530183808418392e-07,
            "std": 9.714362829508062e-07
        },
        "sufficiencies @ 1.0": {
            "mean": 0.999999793979735,
            "std": 9.75295574644478e-07
        },
        "comprehensiveness @ 1.0": {
            "mean": 2.0616461186427238e-07,
            "std": 9.7607116970597e-07
        },
        "AOPC - sufficiency": {
            "mean": 0.9999997944110112,
            "std": 9.72978741438041e-07
        },
        "AOPC - comprehensiveness": {
            "mean": 2.0573267459702198e-07,
            "std": 9.737506027483986e-07
        }
    },
    "attention": {
        "sufficiencies @ 0.01": {
            "mean": 0.9999997951265908,
            "std": 9.691355470138543e-07
        },
        "comprehensiveness @ 0.01": {
            "mean": 2.050160011263296e-07,
            "std": 9.69901229344502e-07
        },
        "sufficiencies @ 0.02": {
            "mean": 0.9999997952689655,
            "std": 9.683710903872703e-07
        },
        "comprehensiveness @ 0.02": {
            "mean": 2.0487340926031306e-07,
            "std": 9.691355470140208e-07
        },
        "sufficiencies @ 0.05": {
            "mean": 0.9999997954111239,
            "std": 9.676078565405205e-07
        },
        "comprehensiveness @ 0.05": {
            "mean": 2.0473103445463024e-07,
            "std": 9.683710903938685e-07
        },
        "sufficiencies @ 0.1": {
            "mean": 0.999999795553066,
            "std": 9.668458425238059e-07
        },
        "comprehensiveness @ 0.1": {
            "mean": 2.0458887620009463e-07,
            "std": 9.676078565422633e-07
        },
        "sufficiencies @ 0.2": {
            "mean": 0.9999997956947927,
            "std": 9.66085045421819e-07
        },
        "comprehensiveness @ 0.2": {
            "mean": 2.0444693398912648e-07,
            "std": 9.668458425268224e-07
        },
        "sufficiencies @ 0.5": {
            "mean": 0.9999997958363044,
            "std": 9.653254623164576e-07
        },
        "comprehensiveness @ 0.5": {
            "mean": 2.0430520731574687e-07,
            "std": 9.660850454245257e-07
        },
        "sufficiencies @ 1.0": {
            "mean": 0.9999997949839989,
            "std": 9.699012293433397e-07
        },