{
    "deeplift": {
        "sufficiencies @ 0.01": {
            "mean": 0.06468003778300711,
            "std": 0.1744824708198621
        },
        "comprehensiveness @ 0.01": {
            "mean": 0.8366184232859157,
            "std": 0.2452486379021817
        },
        "sufficiencies @ 0.02": {
            "mean": 0.06751706977711358,
            "std": 0.17397337808582455
        },
        "comprehensiveness @ 0.02": {
            "mean": 0.838109220430418,
            "std": 0.24549093818724213
        },
        "sufficiencies @ 0.05": {
            "mean": 0.08443459909515588,
            "std": 0.18394081546304464
        },
        "comprehensiveness @ 0.05": {
            "mean": 0.8456741495761886,
            "std": 0.24366315664925084
        },
        "sufficiencies @ 0.1": {
            "mean": 0.10213704551649463,
            "std": 0.19882626719946653
        },
        "comprehensiveness @ 0.1": {
            "mean": 0.8544521061418382,
            "std": 0.24006261579730337
        },
        "sufficiencies @ 0.2": {
            "mean": 0.1408206584440331,
            "std": 0.23860761362142135
        },
        "comprehensiveness @ 0.2": {
            "mean": 0.9018318527638426,
            "std": 0.19377448838592082
        },
        "sufficiencies @ 0.5": {
            "mean": 0.29123331639916095,
            "std": 0.32193053300274305
        },
        "comprehensiveness @ 0.5": {
            "mean": 0.9293610555261498,
            "std": 0.12332755834111561
        },
        "sufficiencies @ 1.0": {
            "mean": 0.9837914882757853,
            "std": 0.12337890905483384
        },
        "comprehensiveness @ 1.0": {
            "mean": 0.7772999657624299,
            "std": 0.3389119722386489
        },
        "AOPC - sufficiency": {
            "mean": 0.24780203075582152,
            "std": 0.14126067617016408
        },
        "AOPC - comprehensiveness": {
            "mean": 0.854763824783826,
            "std": 0.1733997892801298
        }
    },
    "scaled attention": {
        "sufficiencies @ 0.01": {
            "mean": 0.09421285169932338,
            "std": 0.19265670449862998
        },
        "comprehensiveness @ 0.01": {
            "mean": 0.8375967775510015,
            "std": 0.24076540376192254
        },
        "sufficiencies @ 0.02": {
            "mean": 0.11868754087034622,
            "std": 0.21057574761703593
        },
        "comprehensiveness @ 0.02": {
            "mean": 0.837451726913544,
            "std": 0.24366186176529775
        },
        "sufficiencies @ 0.05": {
            "mean": 0.1842577231221867,
            "std": 0.2679366760772329
        },
        "comprehensiveness @ 0.05": {
            "mean": 0.8290812120798914,
            "std": 0.25207772298317876
        },
        "sufficiencies @ 0.1": {
            "mean": 0.2657661558401665,
            "std": 0.33882898199525174
        },
        "comprehensiveness @ 0.1": {
            "mean": 0.8570477719486386,
            "std": 0.24060287843334008
        },
        "sufficiencies @ 0.2": {
            "mean": 0.2594778542999857,
            "std": 0.3238648859655795
        },
        "comprehensiveness @ 0.2": {
            "mean": 0.9170251647941225,
            "std": 0.14971862412422554
        },
        "sufficiencies @ 0.5": {
            "mean": 0.24242434330587603,
            "std": 0.3132066064212398
        },
        "comprehensiveness @ 0.5": {
            "mean": 0.9062443273857952,
            "std": 0.15969026995176874
        },
        "sufficiencies @ 1.0": {
            "mean": 0.9906880039926595,
            "std": 0.08261176302228238
        },
        "comprehensiveness @ 1.0": {
            "mean": 0.776994861673623,
            "std": 0.33905742686986323
        },
        "AOPC - sufficiency": {
            "mean": 0.30793063901864914,
            "std": 0.16555713073296102
        },
        "AOPC - comprehensiveness": {
            "mean": 0.8516345489066595,
            "std": 0.17516063838724408
        }
    },
    "ig": {
        "sufficiencies @ 0.01": {
            "mean": 0.07167506321529464,
            "std": 0.17809076787220424
        },
        "comprehensiveness @ 0.01": {
            "mean": 0.8392859448634341,
            "std": 0.2422918809414571
        },
        "sufficiencies @ 0.02": {
            "mean": 0.08424385445360111,
            "std": 0.1903768516662684
        },
        "comprehensiveness @ 0.02": {
            "mean": 0.8357576625624108,
            "std": 0.24713204326629384
        },
        "sufficiencies @ 0.05": {
            "mean": 0.11367619954157865,
            "std": 0.22091657633492331
        },
        "comprehensiveness @ 0.05": {
            "mean": 0.8318139673078134,
            "std": 0.2520946114775749
        },
        "sufficiencies @ 0.1": {
            "mean": 0.15570642233843915,
            "std": 0.2617723751658821
        },
        "comprehensiveness @ 0.1": {
            "mean": 0.8298808817260351,
            "std": 0.25802961890351134
        },
        "sufficiencies @ 0.2": {
            "mean": 0.18622042518257625,
            "std": 0.2809865859721103
        },
        "comprehensiveness @ 0.2": {
            "mean": 0.8840343345838004,
            "std": 0.20293716454699928
        },
        "sufficiencies @ 0.5": {
            "mean": 0.19577595462014025,
            "std": 0.2748074471017405
        },
        "comprehensiveness @ 0.5": {
            "mean": 0.8932310972095564,
            "std": 0.17004882510942113
        },
        "sufficiencies @ 1.0": {
            "mean": 0.9930082954310132,
            "std": 0.06871517717669151
        },
        "comprehensiveness @ 1.0": {
            "mean": 0.7766857674614722,
            "std": 0.33919970409668215
        },
        "AOPC - sufficiency": {
            "mean": 0.25718660211180616,
            "std": 0.15831032363496783
        },
        "AOPC - comprehensiveness": {
            "mean": 0.8415270936735032,
            "std": 0.1822637580559195
        }
    },
    "gradients": {
        "sufficiencies @ 0.01": {
            "mean": 0.07038688980163599,
            "std": 0.1767084804095996
        },
        "comprehensiveness @ 0.01": {
            "mean": 0.8257747216641614,
            "std": 0.24764653510564164
        },
        "sufficiencies @ 0.02": {
            "mean": 0.08296899630040538,
            "std": 0.18338172345933818
        },
        "comprehensiveness @ 0.02": {
            "mean": 0.8174985980339765,
            "std": 0.2571395652319825
        },
        "sufficiencies @ 0.05": {
            "mean": 0.10950025782882954,
            "std": 0.21434862770498192
        },
        "comprehensiveness @ 0.05": {
            "mean": 0.8102572167924368,
            "std": 0.26460041937274603
        },
        "sufficiencies @ 0.1": {
            "mean": 0.14404079888765361,
            "std": 0.246757936947123
        },
        "comprehensiveness @ 0.1": {
            "mean": 0.7964589548137784,
            "std": 0.27975122613370734
        },
        "sufficiencies @ 0.2": {
            "mean": 0.19430063409264867,
            "std": 0.28672761990495
        },
        "comprehensiveness @ 0.2": {
            "mean": 0.8754843074978074,
            "std": 0.20965720253153014
        },
        "sufficiencies @ 0.5": {
            "mean": 0.21067521981074006,
            "std": 0.29277359230399924
        },
        "comprehensiveness @ 0.5": {
            "mean": 0.9071987527527218,
            "std": 0.15100170405272284
        },
        "sufficiencies @ 1.0": {
            "mean": 0.995113811214927,
            "std": 0.047647658026773836
        },
        "comprehensiveness @ 1.0": {
            "mean": 0.7763768107441078,
            "std": 0.33934154438296216
        },
        "AOPC - sufficiency": {
            "mean": 0.2581409439909772,
            "std": 0.14710806020232853
        },