,feature, AOPC_sufficiency,Suff_ratio,AOPC_comprehensiveness,Comp_ratio
0,random,0.087229671485766,1.0,0.254498509204411,1.0
1,attention,0.17506753412655401,2.006972296750209,0.540424261979497,2.1234869456364196
2,scaled attention,0.17432068661836,1.998410445083533,0.5382277538365421,2.1148562147538637
3,gradients,0.1204565691157,1.380912791071968,0.360699704419133,1.417295942309124
4,ig,0.12256954603313501,1.405135935346675,0.368651570669487,1.448541179364588
5,deeplift,0.122579269447027,1.4052474044572012,0.36875001656618905,1.448928002442687
