,feature, AOPC_sufficiency,Suff_ratio,AOPC_comprehensiveness,Comp_ratio
0,random,0.08786104213109401,1.0,0.25427849516266804,1.0
1,attention,0.17458856848404,1.9870987669773283,0.5408879581028391,2.1271478650084825
2,scaled attention,0.17382412746751702,1.9783981984661743,0.53871873750471,2.1186169800166494
3,gradients,0.1204565691157,1.3709895329487611,0.360699704419133,1.4185222552476755
4,ig,0.125108004920748,1.423930355095029,0.367304399127074,1.4444965111662338
5,deeplift,0.12021187137312701,1.3682044789972283,0.369552963199962,1.453339429917383
