,feature, AOPC_sufficiency,Suff_ratio,AOPC_comprehensiveness,Comp_ratio
0,random,0.086024596231208,1.0,0.254956215697907,1.0
1,attention,0.17556311516233503,2.0408478836735795,0.539970834604335,2.117896334185226
2,scaled attention,0.173323402083939,2.0148121546318953,0.539153028775751,2.114688701743925
3,gradients,0.122786938138115,1.4273468695871698,0.359279937310829,1.4091828917657505
4,ig,0.125108004920748,1.454328301460383,0.367304399127074,1.4406567736410332
5,deeplift,0.118640685173946,1.3791484107065828,0.37007777982120904,1.4515346441277097
