{
    "deeplift": {
        "sufficiencies @ 0.01": {
            "mean": 0.09485436933166463,
            "std": 0.19879084402451527
        },
        "comprehensiveness @ 0.01": {
            "mean": 0.8335313542015339,
            "std": 0.24704243951311963
        },
        "sufficiencies @ 0.02": {
            "mean": 0.09000245946500329,
            "std": 0.1887068156788364
        },
        "comprehensiveness @ 0.02": {
            "mean": 0.8331042376868509,
            "std": 0.24894014322544672
        },
        "sufficiencies @ 0.05": {
            "mean": 0.08092733640988821,
            "std": 0.1892424968354537
        },
        "comprehensiveness @ 0.05": {
            "mean": 0.8430271644903286,
            "std": 0.24376546147253308
        },
        "sufficiencies @ 0.1": {
            "mean": 0.09063505121879827,
            "std": 0.19416336083044025
        },
        "comprehensiveness @ 0.1": {
            "mean": 0.850267712931039,
            "std": 0.24137253884097679
        },
        "sufficiencies @ 0.2": {
            "mean": 0.08813763717685694,
            "std": 0.19508641128865742
        },
        "comprehensiveness @ 0.2": {
            "mean": 0.8974347643151843,
            "std": 0.19428737981583966
        },
        "sufficiencies @ 0.5": {
            "mean": 0.09286572600875032,
            "std": 0.19728765334437223
        },
        "comprehensiveness @ 0.5": {
            "mean": 0.9347006442620261,
            "std": 0.12077408358379597
        },
        "sufficiencies @ 1.0": {
            "mean": 0.08722201783048589,
            "std": 0.18855058011047088
        },
        "comprehensiveness @ 1.0": {
            "mean": 0.7733214079082384,
            "std": 0.3425151122277754
        },
        "AOPC - sufficiency": {
            "mean": 0.08923494249163537,
            "std": 0.1656840374784389
        },
        "AOPC - comprehensiveness": {
            "mean": 0.8521981836850289,
            "std": 0.17601833073782683
        }
    },
    "random": {
        "sufficiencies @ 0.01": {
            "mean": 0.08721349641362774,
            "std": 0.18695930924147577
        },
        "comprehensiveness @ 0.01": {
            "mean": 0.823836745711891,
            "std": 0.24900237426585067
        },
        "sufficiencies @ 0.02": {
            "mean": 0.09294776862984037,
            "std": 0.19207904572074117
        },
        "comprehensiveness @ 0.02": {
            "mean": 0.8245691853122991,
            "std": 0.24714003251866815
        },
        "sufficiencies @ 0.05": {
            "mean": 0.09427262899366287,
            "std": 0.20939276880516428
        },
        "comprehensiveness @ 0.05": {
            "mean": 0.817097717345284,
            "std": 0.2541658023635938
        },
        "sufficiencies @ 0.1": {
            "mean": 0.09148293138455858,
            "std": 0.19964859233912566
        },
        "comprehensiveness @ 0.1": {
            "mean": 0.8148138496760036,
            "std": 0.25772498760613244
        },
        "sufficiencies @ 0.2": {
            "mean": 0.09094530981481509,
            "std": 0.19540547497281127
        },
        "comprehensiveness @ 0.2": {
            "mean": 0.8656560385680441,
            "std": 0.2206675566302294
        },
        "sufficiencies @ 0.5": {
            "mean": 0.09072834638369337,
            "std": 0.19149706419053777
        },
        "comprehensiveness @ 0.5": {
            "mean": 0.8948104540255397,
            "std": 0.1706456275182041
        },
        "sufficiencies @ 1.0": {
            "mean": 0.08944529828897647,
            "std": 0.1908095728400017
        },
        "comprehensiveness @ 1.0": {
            "mean": 0.7726080763691882,
            "std": 0.34147835464764437
        },
        "AOPC - sufficiency": {
            "mean": 0.09100511141559638,
            "std": 0.16929634738190083
        },
        "AOPC - comprehensiveness": {
            "mean": 0.8304845810011786,
            "std": 0.18446183614389533
        }
    },
    "attention": {
        "sufficiencies @ 0.01": {
            "mean": 0.0959230843603958,
            "std": 0.2033036954410648
        },
        "comprehensiveness @ 0.01": {
            "mean": 0.8358175507609875,
            "std": 0.23777083152523779
        },
        "sufficiencies @ 0.02": {
            "mean": 0.09485504769409149,
            "std": 0.20192624051290384
        },
        "comprehensiveness @ 0.02": {
            "mean": 0.8318599604429565,
            "std": 0.24444317631304333
        },
        "sufficiencies @ 0.05": {
            "mean": 0.08786336944749584,
            "std": 0.1865127539105008
        },
        "comprehensiveness @ 0.05": {
            "mean": 0.8236724714687813,
            "std": 0.2568215362065884
        },
        "sufficiencies @ 0.1": {
            "mean": 0.0925935323690952,
            "std": 0.19795476407129536
        },
        "comprehensiveness @ 0.1": {
            "mean": 0.8510977317492193,
            "std": 0.244240728219381
        },
        "sufficiencies @ 0.2": {
            "mean": 0.0993750007680103,
            "std": 0.20303709672405512
        },
        "comprehensiveness @ 0.2": {
            "mean": 0.9121786716662194,
            "std": 0.15564270631824173
        },
        "sufficiencies @ 0.5": {
            "mean": 0.09286635055467612,
            "std": 0.18873059842826842
        },
        "comprehensiveness @ 0.5": {
            "mean": 0.9036853346247345,
            "std": 0.16811080443064483
        },
        "sufficiencies @ 1.0": {
            "mean": 0.09039097465963512,
            "std": 0.1932910511125172
        },
        "comprehensiveness @ 1.0": {
            "mean": 0.7725338140123132,
            "std": 0.3405935948597079
        },
        "AOPC - sufficiency": {
            "mean": 0.0934096228362,
            "std": 0.16614713686043928
        },
        "AOPC - comprehensiveness": {
            "mean": 0.8472636478178873,
            "std": 0.18006011456025975
        }
    },
    "ig": {
        "sufficiencies @ 0.01": {
            "mean": 0.09625018159661401,
            "std": 0.1992250355664338
        },
        "comprehensiveness @ 0.01": {
            "mean": 0.8305128807445394,
            "std": 0.24934701379393007
        },
        "sufficiencies @ 0.02": {
            "mean": 0.09869335223914691,
            "std": 0.2063723118518247
        },
        "comprehensiveness @ 0.02": {
            "mean": 0.8296874608178361,
            "std": 0.25132112955383495
        },
        "sufficiencies @ 0.05": {
            "mean": 0.08992376893597485,
            "std": 0.19726891666414112
        },
        "comprehensiveness @ 0.05": {
            "mean": 0.8251183003510312,
            "std": 0.25340759344467345
        },
        "sufficiencies @ 0.1": {
            "mean": 0.09787212857558462,
            "std": 0.20825789591550622
        },
        "comprehensiveness @ 0.1": {
            "mean": 0.8216319938397156,
            "std": 0.26082945814269415
        },
        "sufficiencies @ 0.2": {
            "mean": 0.10475125468714369,
            "std": 0.20715327188065435
        },
        "comprehensiveness @ 0.2": {
            "mean": 0.883803850535747,
            "std": 0.20195509276091317
        },
        "sufficiencies @ 0.5": {
            "mean": 0.09917664703950864,
            "std": 0.19999587091993346
        },
        "comprehensiveness @ 0.5": {
            "mean": 0.8947892669166401,
            "std": 0.17132690414177537
        },
        "sufficiencies @ 1.0": {
            "mean": 0.09122026795587385,
            "std": 0.18819622032810499
        },
        "comprehensiveness @ 1.0": {
            "mean": 0.772945472354282,
            "std": 0.3416404754196889
        },
        "AOPC - sufficiency": {
            "mean": 0.09684108586140663,
            "std": 0.17136161745403802
        },