{
    "ig": {
        "sufficiencies @ 0.01": {
            "mean": 0.07712763005905038,
            "std": 0.15824535195832476
        },
        "comprehensiveness @ 0.01": {
            "mean": 0.8244946194824169,
            "std": 0.25492808278914153
        },
        "sufficiencies @ 0.02": {
            "mean": 0.07700796038176116,
            "std": 0.15490055110826673
        },
        "comprehensiveness @ 0.02": {
            "mean": 0.8076818215812908,
            "std": 0.26223450530684433
        },
        "sufficiencies @ 0.05": {
            "mean": 0.10433706862647364,
            "std": 0.16142489756324394
        },
        "comprehensiveness @ 0.05": {
            "mean": 0.8177448736362822,
            "std": 0.2543101678681098
        },
        "sufficiencies @ 0.1": {
            "mean": 0.17553383440108697,
            "std": 0.22256068768549744
        },
        "comprehensiveness @ 0.1": {
            "mean": 0.8124890431317621,
            "std": 0.23231305738164454
        },
        "sufficiencies @ 0.2": {
            "mean": 0.17776251706076995,
            "std": 0.223611746039782
        },
        "comprehensiveness @ 0.2": {
            "mean": 0.8322172177968836,
            "std": 0.24300354850338993
        },
        "sufficiencies @ 0.5": {
            "mean": 0.2931401967982088,
            "std": 0.30433505085857143
        },
        "comprehensiveness @ 0.5": {
            "mean": 0.8486468967641497,
            "std": 0.17367888192968664
        },
        "sufficiencies @ 1.0": {
            "mean": 0.954318177125159,
            "std": 0.1602756998666575
        },
        "comprehensiveness @ 1.0": {
            "mean": 0.8778904717359317,
            "std": 0.2593496492796156
        },
        "AOPC - sufficiency": {
            "mean": 0.2656039120646443,
            "std": 0.11516394252034272
        },
        "AOPC - comprehensiveness": {
            "mean": 0.8315949920183883,
            "std": 0.17471151380813105
        }
    },
    "deeplift": {
        "sufficiencies @ 0.01": {
            "mean": 0.06568208501259738,
            "std": 0.14631419217267624
        },
        "comprehensiveness @ 0.01": {
            "mean": 0.8655785720026826,
            "std": 0.2491125752997759
        },
        "sufficiencies @ 0.02": {
            "mean": 0.09715749747905342,
            "std": 0.15109686593003518
        },
        "comprehensiveness @ 0.02": {
            "mean": 0.868054221810592,
            "std": 0.2569470940798484
        },
        "sufficiencies @ 0.05": {
            "mean": 0.08480611428560625,
            "std": 0.15652083109409506
        },
        "comprehensiveness @ 0.05": {
            "mean": 0.8799702563722253,
            "std": 0.2457752717679729
        },
        "sufficiencies @ 0.1": {
            "mean": 0.09963576755944095,
            "std": 0.16528251584150178
        },
        "comprehensiveness @ 0.1": {
            "mean": 0.8828327155764996,
            "std": 0.24177691638231846
        },
        "sufficiencies @ 0.2": {
            "mean": 0.13881226144359907,
            "std": 0.21010618032895786
        },
        "comprehensiveness @ 0.2": {
            "mean": 0.859368982278188,
            "std": 0.23317053850313496
        },
        "sufficiencies @ 0.5": {
            "mean": 0.4562763343978371,
            "std": 0.3281851929683041
        },
        "comprehensiveness @ 0.5": {
            "mean": 0.8650682947962158,
            "std": 0.13632911085917118
        },
        "sufficiencies @ 1.0": {
            "mean": 0.9869982310364598,
            "std": 0.03794585749117545
        },
        "comprehensiveness @ 1.0": {
            "mean": 0.873291998499292,
            "std": 0.2624506166978157
        },
        "AOPC - sufficiency": {
            "mean": 0.27562404160208487,
            "std": 0.126221452164844
        },
        "AOPC - comprehensiveness": {
            "mean": 0.8705950059050994,
            "std": 0.17157142123258312
        }
    },
    "scaled attention": {
        "sufficiencies @ 0.01": {
            "mean": 0.09096207950758141,
            "std": 0.1581331634869293
        },
        "comprehensiveness @ 0.01": {
            "mean": 0.8013587681856694,
            "std": 0.25466749323710897
        },
        "sufficiencies @ 0.02": {
            "mean": 0.12297694676559176,
            "std": 0.18322058624845022
        },
        "comprehensiveness @ 0.02": {
            "mean": 0.8122127267643395,
            "std": 0.24808958938902292
        },
        "sufficiencies @ 0.05": {
            "mean": 0.13026345515859872,
            "std": 0.1699310397079984
        },
        "comprehensiveness @ 0.05": {
            "mean": 0.8127116895986203,
            "std": 0.247302631128648
        },
        "sufficiencies @ 0.1": {
            "mean": 0.28133754229765956,
            "std": 0.34089717019029037
        },
        "comprehensiveness @ 0.1": {
            "mean": 0.8411265511975625,
            "std": 0.2611334957690752
        },
        "sufficiencies @ 0.2": {
            "mean": 0.2886520108744955,
            "std": 0.3279698530026345
        },
        "comprehensiveness @ 0.2": {
            "mean": 0.9122491960856135,
            "std": 0.10272177582374678
        },
        "sufficiencies @ 0.5": {
            "mean": 0.4958822914565309,
            "std": 0.37475415902037235
        },
        "comprehensiveness @ 0.5": {
            "mean": 0.900838888994894,
            "std": 0.12330147945370176
        },
        "sufficiencies @ 1.0": {
            "mean": 0.9708304374530472,
            "std": 0.14050045515660897
        },
        "comprehensiveness @ 1.0": {
            "mean": 0.8716715141057599,
            "std": 0.2630730156145057
        },
        "AOPC - sufficiency": {
            "mean": 0.3401292519305008,
            "std": 0.1453089534140499
        },
        "AOPC - comprehensiveness": {
            "mean": 0.8503099049903513,
            "std": 0.15696068384530365
        }
    },
    "random": {
        "sufficiencies @ 0.01": {
            "mean": 0.066669815519072,
            "std": 0.1491891512372456
        },
        "comprehensiveness @ 0.01": {
            "mean": 0.8256617799366052,
            "std": 0.2557073047420351
        },
        "sufficiencies @ 0.02": {
            "mean": 0.05994528255510628,
            "std": 0.08674571421810703
        },
        "comprehensiveness @ 0.02": {
            "mean": 0.8239413694868932,
            "std": 0.25210803158247846
        },
        "sufficiencies @ 0.05": {
            "mean": 0.09028912886863477,
            "std": 0.1629681476374046
        },
        "comprehensiveness @ 0.05": {
            "mean": 0.8165367111532169,
            "std": 0.24697467665562867
        },
        "sufficiencies @ 0.1": {
            "mean": 0.0818934275726217,
            "std": 0.15784463129229967
        },
        "comprehensiveness @ 0.1": {
            "mean": 0.8072439799688794,
            "std": 0.25176790696659396
        },
        "sufficiencies @ 0.2": {
            "mean": 0.11579182353158374,
            "std": 0.20022949990318228
        },
        "comprehensiveness @ 0.2": {
            "mean": 0.7805588117835387,
            "std": 0.2826666168856424
        },
        "sufficiencies @ 0.5": {
            "mean": 0.2550402439991411,
            "std": 0.2822157671056447
        },
        "comprehensiveness @ 0.5": {
            "mean": 0.8052801045749053,
            "std": 0.221248763044121
        },
        "sufficiencies @ 1.0": {
            "mean": 0.9552933779649052,
            "std": 0.1647640125649494
        },
        "comprehensiveness @ 1.0": {
            "mean": 0.8709573079280155,
            "std": 0.2661006622792109
        },
        "AOPC - sufficiency": {
            "mean": 0.23213187143015213,
            "std": 0.10064447563493788
        },