{
<<<<<<< HEAD
    "gradients": {
        "sufficiencies @ 1.0": {
            "mean": 0.996706298415788,
            "std": 0.016744988163522035
        },
        "comprehensiveness @ 1.0": {
            "mean": 0.006904066274804319,
            "std": 0.020210600749239017
=======
    "scaled attention": {
        "sufficiencies @ 1.0": {
            "mean": 0.9999865057676559,
            "std": 6.464000117289734e-05
        },
        "comprehensiveness @ 1.0": {
            "mean": 0.010239183374858046,
            "std": 0.03665571922749054
>>>>>>> 391a5dfb3f1d50c03904a5bd81197d0bb9c14fd2
        }
    },
    "attention": {
        "sufficiencies @ 1.0": {
            "mean": 0.9913971547946248,
            "std": 0.07317672143186367
        },
        "comprehensiveness @ 1.0": {
            "mean": 0.006552144431747521,
            "std": 0.015137160789973533
        }
    },
<<<<<<< HEAD
    "ig": {
        "sufficiencies @ 1.0": {
            "mean": 0.9963716026134554,
            "std": 0.02529520342476833
        },
        "comprehensiveness @ 1.0": {
            "mean": 0.02465509911845376,
            "std": 0.11928847657764498
        }
    },
    "random": {
        "sufficiencies @ 1.0": {
            "mean": 0.9857316659050586,
            "std": 0.11462226369590248
        },
        "comprehensiveness @ 1.0": {
            "mean": 0.03272432755336557,
            "std": 0.1616925155710708
        }
    },
    "scaled attention": {
        "sufficiencies @ 1.0": {
            "mean": 0.9996023571806463,
            "std": 0.0033618300175591183
        },
        "comprehensiveness @ 1.0": {
            "mean": 0.03033043541230261,
            "std": 0.16067848514441188
=======
    "random": {
        "sufficiencies @ 1.0": {
            "mean": 0.9927945059161521,
            "std": 0.05071502730231707
        },
        "comprehensiveness @ 1.0": {
            "mean": 0.02170361915406636,
            "std": 0.11699603296286629
        }
    },
    "ig": {
        "sufficiencies @ 1.0": {
            "mean": 0.9862676550046369,
            "std": 0.11466590192020457
        },
        "comprehensiveness @ 1.0": {
            "mean": 0.034932970815069006,
            "std": 0.1619609126362459
        }
    },
    "gradients": {
        "sufficiencies @ 1.0": {
            "mean": 0.9844404131397653,
            "std": 0.11501966663569603
        },
        "comprehensiveness @ 1.0": {
            "mean": 0.02977373888302477,
            "std": 0.16073873065460753
>>>>>>> 391a5dfb3f1d50c03904a5bd81197d0bb9c14fd2
        }
    },
    "deeplift": {
        "sufficiencies @ 1.0": {
            "mean": 0.9997715576113895,
            "std": 0.001676469050986762
        },
        "comprehensiveness @ 1.0": {
            "mean": 0.030973918704961113,
            "std": 0.15261001657088108
        }
    }
}