,feature,Soft_sufficiency,Suff_ratio,Soft_comprehensiveness,Comp_ratio
0,random,0.962719495954467,1.0,0.032165076664133,1.0
1,attention,0.9475699456534651,0.9842637960852946,0.035455117413843,1.102286115592527
2,scaled attention,0.9473654243591181,0.9840513548755689,0.018053059915536,0.5612627665727535
3,gradients,0.9506305222860151,0.9874428909778474,0.029706046204484002,0.9235496782635982
4,ig,0.9676493872517351,1.0051207971979215,0.041874520821492005,1.30186292601584
5,deeplift,0.9752871404100831,1.0130543159335899,0.034128473436313006,1.0610412588995746
