{
    "random": {
        "sufficiencies @ 0.01": {
            "mean": 0.07078488103428916,
            "std": 0.1480729466589205
        },
        "comprehensiveness @ 0.01": {
            "mean": 0.8263122489263366,
            "std": 0.25317701542652765
        },
        "sufficiencies @ 0.02": {
            "mean": 0.07645784330259821,
            "std": 0.15090250205938727
        },
        "comprehensiveness @ 0.02": {
            "mean": 0.8219729462006166,
            "std": 0.25537206235849597
        },
        "sufficiencies @ 0.05": {
            "mean": 0.09270579802857498,
            "std": 0.15767883754656628
        },
        "comprehensiveness @ 0.05": {
            "mean": 0.8221806557303414,
            "std": 0.24598385175453227
        },
        "sufficiencies @ 0.1": {
            "mean": 0.10205452032333011,
            "std": 0.16718246022078112
        },
        "comprehensiveness @ 0.1": {
            "mean": 0.8024484084999743,
            "std": 0.25904657864970065
        },
        "sufficiencies @ 0.2": {
            "mean": 0.10876629370034045,
            "std": 0.14936341807174544
        },
        "comprehensiveness @ 0.2": {
            "mean": 0.7914691812932715,
            "std": 0.27576212191146093
        },
        "sufficiencies @ 0.5": {
            "mean": 0.21915919259582636,
            "std": 0.26626852125744854
        },
        "comprehensiveness @ 0.5": {
            "mean": 0.8066552762915142,
            "std": 0.2187262113711415
        },
        "sufficiencies @ 1.0": {
            "mean": 0.9544311326917228,
            "std": 0.1602515274093397
        },
        "comprehensiveness @ 1.0": {
            "mean": 0.8779069444769897,
            "std": 0.2593413230392993
        },
        "AOPC - sufficiency": {
            "mean": 0.23205138023952598,
            "std": 0.09078783924530297
        },
        "AOPC - comprehensiveness": {
            "mean": 0.8212779516312922,
            "std": 0.18390588366426058
        }
    },
    "gradients": {
        "sufficiencies @ 0.01": {
            "mean": 0.06423579026375942,
            "std": 0.1470174381501832
        },
        "comprehensiveness @ 0.01": {
            "mean": 0.8235769225897767,
            "std": 0.25404886149406913
        },
        "sufficiencies @ 0.02": {
            "mean": 0.09559840436614621,
            "std": 0.1556385500639873
        },
        "comprehensiveness @ 0.02": {
            "mean": 0.8211919337668278,
            "std": 0.2629868659990843
        },
        "sufficiencies @ 0.05": {
            "mean": 0.08136237914075267,
            "std": 0.15892260560400798
        },
        "comprehensiveness @ 0.05": {
            "mean": 0.8111693958516163,
            "std": 0.27284572190337886
        },
        "sufficiencies @ 0.1": {
            "mean": 0.10790626920197877,
            "std": 0.17056932992232876
        },
        "comprehensiveness @ 0.1": {
            "mean": 0.8034219450079327,
            "std": 0.27237645423106516
        },
        "sufficiencies @ 0.2": {
            "mean": 0.22742227104074642,
            "std": 0.28366878728975503
        },
        "comprehensiveness @ 0.2": {
            "mean": 0.8221381964364193,
            "std": 0.21069307709267296
        },
        "sufficiencies @ 0.5": {
            "mean": 0.2729917705569224,
            "std": 0.3454310642823423
        },
        "comprehensiveness @ 0.5": {
            "mean": 0.8405438687777403,
            "std": 0.19512832750405154
        },
        "sufficiencies @ 1.0": {
            "mean": 0.987060524942752,
            "std": 0.037746443996599884
        },
        "comprehensiveness @ 1.0": {
            "mean": 0.873284861150748,
            "std": 0.26244460113371504
        },
        "AOPC - sufficiency": {
            "mean": 0.2623682013590083,
            "std": 0.1488738852813107
        },
        "AOPC - comprehensiveness": {
            "mean": 0.8279038747972944,
            "std": 0.18315830465607966
        }
    },
    "ig": {
        "sufficiencies @ 0.01": {
            "mean": 0.07601989918223383,
            "std": 0.14547594303751998
        },
        "comprehensiveness @ 0.01": {
            "mean": 0.8244026058732836,
            "std": 0.2509537127302305
        },
        "sufficiencies @ 0.02": {
            "mean": 0.09171515885001909,
            "std": 0.17574437833123016
        },
        "comprehensiveness @ 0.02": {
            "mean": 0.8118770944903306,
            "std": 0.2580578117820585
        },
        "sufficiencies @ 0.05": {
            "mean": 0.09410203010187736,
            "std": 0.1605729722068412
        },
        "comprehensiveness @ 0.05": {
            "mean": 0.8180112172144314,
            "std": 0.24592294625625905
        },
        "sufficiencies @ 0.1": {
            "mean": 0.16495438221672662,
            "std": 0.21410214928352758
        },
        "comprehensiveness @ 0.1": {
            "mean": 0.8128287604102717,
            "std": 0.2293047040184288
        },
        "sufficiencies @ 0.2": {
            "mean": 0.18331353129491526,
            "std": 0.24470187447574138
        },
        "comprehensiveness @ 0.2": {
            "mean": 0.822964510482675,
            "std": 0.25236109296820153
        },
        "sufficiencies @ 0.5": {
            "mean": 0.292095572988055,
            "std": 0.30620774623191205
        },
        "comprehensiveness @ 0.5": {
            "mean": 0.8452291649190354,
            "std": 0.1778260262969846
        },
        "sufficiencies @ 1.0": {
            "mean": 0.9708802753975726,
            "std": 0.14048289897125762
        },
        "comprehensiveness @ 1.0": {
            "mean": 0.8716669719663185,
            "std": 0.2631066904317394
        },
        "AOPC - sufficiency": {
            "mean": 0.2675829785759143,
            "std": 0.11514493309801417
        },
        "AOPC - comprehensiveness": {
            "mean": 0.8295686179080495,
            "std": 0.17481172411899387
        }
    },
    "deeplift": {
        "sufficiencies @ 0.01": {
            "mean": 0.06054660347661653,
            "std": 0.14455204155719198
        },
        "comprehensiveness @ 0.01": {
            "mean": 0.8628932790844006,
            "std": 0.2525898999777128
        },
        "sufficiencies @ 0.02": {
            "mean": 0.07425546726592516,
            "std": 0.1494734279779853
        },
        "comprehensiveness @ 0.02": {
            "mean": 0.8629228669541531,
            "std": 0.25455636230288814
        },
        "sufficiencies @ 0.05": {
            "mean": 0.08839497823053868,
            "std": 0.1533469718971323
        },
        "comprehensiveness @ 0.05": {
            "mean": 0.8728568266563115,
            "std": 0.24717014057222414
        },
        "sufficiencies @ 0.1": {
            "mean": 0.09332419345164705,
            "std": 0.1593920424997899
        },
        "comprehensiveness @ 0.1": {
            "mean": 0.8815251533833848,
            "std": 0.24570126895789232
        },
        "sufficiencies @ 0.2": {
            "mean": 0.1610736956459381,
            "std": 0.22669072401254683
        },
        "comprehensiveness @ 0.2": {
            "mean": 0.8566649198649832,
            "std": 0.22461589056697895
        },
        "sufficiencies @ 0.5": {
            "mean": 0.46025660641454247,
            "std": 0.3340898502501405
        },
        "comprehensiveness @ 0.5": {
            "mean": 0.8642610459743387,
            "std": 0.13872149149939852
        },
        "sufficiencies @ 1.0": {
            "mean": 0.9554250952050704,
            "std": 0.1645036728085231
        },
        "comprehensiveness @ 1.0": {
            "mean": 0.8709586810005467,
            "std": 0.2660938189513359
        },
        "AOPC - sufficiency": {
            "mean": 0.2704680913843255,
            "std": 0.10901131113303078
        },