,feature,Soft_sufficiency,Suff_ratio,Soft_comprehensiveness,Comp_ratio
0,random,0.9844025952056321,1.0,0.015309917987336,1.0
1,attention,0.9852954589252331,1.0009070107331588,0.019473668349539,1.2719642499487689
2,scaled attention,0.979307438648481,0.9948241130387443,0.016035992060249003,1.0474250791881181
3,gradients,0.982931098263855,0.9985051878683134,0.019972956847251002,1.3045763448094339
4,ig,0.9833919539558771,0.9989733456060791,0.01969489230064,1.286413964916804
5,deeplift,0.982743935294723,0.998315059388316,0.014024991612208002,0.9160722888136397
