{
    "deeplift": {
        "sufficiency": {
            "mean": 0.10024717856518084,
            "std": 0.1987544266427056
        },
        "comprehensiveness": {
            "mean": 0.29624256286226086,
            "std": 0.40017147451627905
        },
        "AOPC - sufficiency": {
            "mean": 0.118640685173946,
            "std": 0.14941270046113234
        },
        "AOPC - comprehensiveness": {
            "mean": 0.3700777798212095,
            "std": 0.19560545394059548
        }
    },
    "ig": {
        "sufficiency": {
            "mean": 0.15065602742361534,
            "std": 0.2614406575099207
        },
        "comprehensiveness": {
            "mean": 0.32823367046723445,
            "std": 0.41703792720668
        },
        "AOPC - sufficiency": {
            "mean": 0.12256954603313544,
            "std": 0.1619294786215699
        },
        "AOPC - comprehensiveness": {
            "mean": 0.36865157066948745,
            "std": 0.2154844499871864
        }
    },
    "scaled attention": {
        "sufficiency": {
            "mean": 0.2607109792135468,
            "std": 0.3375991212691628
        },
        "comprehensiveness": {
            "mean": 0.6320437009779062,
            "std": 0.4032159851008432
        },
        "AOPC - sufficiency": {
            "mean": 0.17332340208393907,
            "std": 0.1737452839746864
        },
        "AOPC - comprehensiveness": {
            "mean": 0.5391530287757516,
            "std": 0.1859430229317867
        }
    },
    "random": {
        "sufficiency": {
            "mean": 0.09910969420072226,
            "std": 0.1978874790014011
        },
        "comprehensiveness": {
            "mean": 0.11863528653464983,
            "std": 0.27391690859310813
        },
        "AOPC - sufficiency": {
            "mean": 0.08722967148576619,
            "std": 0.1281649249267012
        },
        "AOPC - comprehensiveness": {
            "mean": 0.2544985092044118,
            "std": 0.14524292135949776
        }
    },
    "gradients": {
        "sufficiency": {
            "mean": 0.12566754654762957,
            "std": 0.23508411306911442
        },
        "comprehensiveness": {
            "mean": 0.3048065606716811,
            "std": 0.4101565034162442
        },
        "AOPC - sufficiency": {
            "mean": 0.12278693813811503,
            "std": 0.15460413280422391
        },
        "AOPC - comprehensiveness": {
            "mean": 0.35927993731082986,
            "std": 0.20244136333439447
        }
    },
    "attention": {
        "sufficiency": {
            "mean": 0.26867638166632063,
            "std": 0.34133862774324825
        },
        "comprehensiveness": {
            "mean": 0.6333569116989295,
            "std": 0.4035286487229155
        },
        "AOPC - sufficiency": {
            "mean": 0.17657876485250687,
            "std": 0.173933616651342
        },
        "AOPC - comprehensiveness": {
            "mean": 0.5389723746278007,
            "std": 0.1870496729103258
        }
    }
}