{
    "deeplift": {
        "sufficiency": {
            "mean": 0.10024717856518084,
            "std": 0.1987544266427056
        },
        "comprehensiveness": {
            "mean": 0.29624256286226086,
            "std": 0.40017147451627905
        },
        "AOPC - sufficiency": {
            "mean": 0.118640685173946,
            "std": 0.14941270046113234
        },
        "AOPC - comprehensiveness": {
            "mean": 0.3700777798212095,
            "std": 0.19560545394059548
        }
    },
    "random": {
        "sufficiency": {
            "mean": 0.09750420538556984,
            "std": 0.19741542179337032
        },
        "comprehensiveness": {
            "mean": 0.1192931706888383,
            "std": 0.27470596095545174
        },
        "AOPC - sufficiency": {
            "mean": 0.0860245962312089,
            "std": 0.12761667120907752
        },
        "AOPC - comprehensiveness": {
            "mean": 0.2549562156979072,
            "std": 0.1455092506422275
        }
    },
    "scaled attention": {
        "sufficiency": {
            "mean": 0.2607109792135468,
            "std": 0.3375991212691628
        },
        "comprehensiveness": {
            "mean": 0.6320437009779062,
            "std": 0.4032159851008432
        },
        "AOPC - sufficiency": {
            "mean": 0.17332340208393907,
            "std": 0.1737452839746864
        },
        "AOPC - comprehensiveness": {
            "mean": 0.5391530287757516,
            "std": 0.1859430229317867
        }
    },
    "attention": {
        "sufficiency": {
            "mean": 0.26752300735355494,
            "std": 0.34127930997533035
        },
        "comprehensiveness": {
            "mean": 0.6351046003234626,
            "std": 0.4037003882931312
        },
        "AOPC - sufficiency": {
            "mean": 0.1755631151623355,
            "std": 0.17384378998509623
        },
        "AOPC - comprehensiveness": {
            "mean": 0.5399708346043355,
            "std": 0.18681871975337486
        }
    },
    "gradients": {
        "sufficiency": {
            "mean": 0.12566754654762957,
            "std": 0.23508411306911442
        },
        "comprehensiveness": {
            "mean": 0.3048065606716811,
            "std": 0.4101565034162442
        },
        "AOPC - sufficiency": {
            "mean": 0.12278693813811503,
            "std": 0.15460413280422391
        },
        "AOPC - comprehensiveness": {
            "mean": 0.35927993731082986,
            "std": 0.20244136333439447
        }
    },
    "ig": {
        "sufficiency": {
            "mean": 0.15399326920206213,
            "std": 0.26212374405666045
        },
        "comprehensiveness": {
            "mean": 0.32675061046363824,
            "std": 0.4164295363338227
        },
        "AOPC - sufficiency": {
            "mean": 0.1251080049207484,
            "std": 0.16211334280501447
        },
        "AOPC - comprehensiveness": {
            "mean": 0.3673043991270747,
            "std": 0.21522864390961638
        }
    }
}