{
    "deeplift": {
        "sufficiencies @ 0.01": {
            "mean": 0.04936513298178853,
            "std": 0.1257713446086295
        },
        "comprehensiveness @ 0.01": {
            "mean": 0.869464842615716,
            "std": 0.22853300315373545
        },
        "sufficiencies @ 0.02": {
            "mean": 0.05729755383567317,
            "std": 0.13036900646242874
        },
        "comprehensiveness @ 0.02": {
            "mean": 0.8760624848745795,
            "std": 0.2327158218772158
        },
        "sufficiencies @ 0.05": {
            "mean": 0.0751946762327598,
            "std": 0.14582129234507252
        },
        "comprehensiveness @ 0.05": {
            "mean": 0.8775672467952366,
            "std": 0.2257370762343787
        },
        "sufficiencies @ 0.1": {
            "mean": 0.10485162453521751,
            "std": 0.17126463040614454
        },
        "comprehensiveness @ 0.1": {
            "mean": 0.8813779411445473,
            "std": 0.2328607901788379
        },
        "sufficiencies @ 0.2": {
            "mean": 0.14895118736654575,
            "std": 0.20740636929581838
        },
        "comprehensiveness @ 0.2": {
            "mean": 0.8693973204138822,
            "std": 0.24237124305767857
        },
        "sufficiencies @ 0.5": {
            "mean": 0.28529939953571537,
            "std": 0.294614557507247
        },
        "comprehensiveness @ 0.5": {
            "mean": 0.9265331228953545,
            "std": 0.12266904745206142
        },
        "sufficiencies @ 1.0": {
            "mean": 0.9999997919385096,
            "std": 9.862690091834027e-07
        },
        "comprehensiveness @ 1.0": {
            "mean": 0.8022164612406671,
            "std": 0.3106097412588757
        },
        "AOPC - sufficiency": {
            "mean": 0.24585133806088716,
            "std": 0.12214282203465839
        },
        "AOPC - comprehensiveness": {
            "mean": 0.8718027742828548,
            "std": 0.18233545275066396
        }
    },
    "attention": {
        "sufficiencies @ 0.01": {
            "mean": 0.06569199934973229,
            "std": 0.13650943922317763
        },
        "comprehensiveness @ 0.01": {
            "mean": 0.8412572269392553,
            "std": 0.24849932150008036
        },
        "sufficiencies @ 0.02": {
            "mean": 0.09539452459556784,
            "std": 0.18011737113616624
        },
        "comprehensiveness @ 0.02": {
            "mean": 0.8334697585067345,
            "std": 0.265259695944824
        },
        "sufficiencies @ 0.05": {
            "mean": 0.18952461062275872,
            "std": 0.2650238197569209
        },
        "comprehensiveness @ 0.05": {
            "mean": 0.8194203229590399,
            "std": 0.2777011758518048
        },
        "sufficiencies @ 0.1": {
            "mean": 0.26178160424533625,
            "std": 0.3217875967960727
        },
        "comprehensiveness @ 0.1": {
            "mean": 0.8215413562872492,
            "std": 0.2998850305125757
        },
        "sufficiencies @ 0.2": {
            "mean": 0.28985360420439316,
            "std": 0.3439313653860352
        },
        "comprehensiveness @ 0.2": {
            "mean": 0.9048830026433397,
            "std": 0.15583364521951307
        },
        "sufficiencies @ 0.5": {
            "mean": 0.25597747477188465,
            "std": 0.29526955177186404
        },
        "comprehensiveness @ 0.5": {
            "mean": 0.9230036116614527,
            "std": 0.13433144830269925
        },
        "sufficiencies @ 1.0": {
            "mean": 0.9999997929646323,
            "std": 9.807511516466954e-07
        },
        "comprehensiveness @ 1.0": {
            "mean": 0.8019579458486706,
            "std": 0.31081686794917696
        },
        "AOPC - sufficiency": {
            "mean": 0.30831765867918637,
            "std": 0.1573120286008069
        },
        "AOPC - comprehensiveness": {
            "mean": 0.8493618892636774,
            "std": 0.1963162315122479
        }
    },
    "ig": {
        "sufficiencies @ 0.01": {
            "mean": 0.04423358515367118,
            "std": 0.12368777938750762
        },
        "comprehensiveness @ 0.01": {
            "mean": 0.8679774821598244,
            "std": 0.23223863247736276
        },
        "sufficiencies @ 0.02": {
            "mean": 0.050414317596380674,
            "std": 0.12835066812503035
        },
        "comprehensiveness @ 0.02": {
            "mean": 0.8726503537978393,
            "std": 0.23414162804009803
        },
        "sufficiencies @ 0.05": {
            "mean": 0.0896675304028462,
            "std": 0.18215646491660376
        },
        "comprehensiveness @ 0.05": {
            "mean": 0.8746524283227419,
            "std": 0.22760638989404935
        },
        "sufficiencies @ 0.1": {
            "mean": 0.14685086736833622,
            "std": 0.24159688050909187
        },
        "comprehensiveness @ 0.1": {
            "mean": 0.8478281821102055,
            "std": 0.26777329931751864
        },
        "sufficiencies @ 0.2": {
            "mean": 0.20890651641548005,
            "std": 0.2929639182778275
        },
        "comprehensiveness @ 0.2": {
            "mean": 0.8901831583439508,
            "std": 0.21874542204103684
        },
        "sufficiencies @ 0.5": {
            "mean": 0.20544756857649082,
            "std": 0.30721469850997335
        },
        "comprehensiveness @ 0.5": {
            "mean": 0.9061766519570102,
            "std": 0.16684390697107382
        },
        "sufficiencies @ 1.0": {
            "mean": 0.999999793979735,
            "std": 9.75295574644478e-07
        },
        "comprehensiveness @ 1.0": {
            "mean": 0.8017004113367698,
            "std": 0.3110235878787584
        },
        "AOPC - sufficiency": {
            "mean": 0.24936002564184861,
            "std": 0.14716425065284605
        },
        "AOPC - comprehensiveness": {
            "mean": 0.8658812382897634,
            "std": 0.18318522287497097
        }
    },
    "gradients": {
        "sufficiencies @ 0.01": {
            "mean": 0.04266486120436154,
            "std": 0.12384372875770944
        },
        "comprehensiveness @ 0.01": {
            "mean": 0.8679891756350177,
            "std": 0.23621937567822218
        },
        "sufficiencies @ 0.02": {
            "mean": 0.0504763854154276,
            "std": 0.13003288513285616
        },
        "comprehensiveness @ 0.02": {
            "mean": 0.8615724486566262,
            "std": 0.24062374976427597
        },
        "sufficiencies @ 0.05": {
            "mean": 0.08823290036436826,
            "std": 0.18087515561378098
        },
        "comprehensiveness @ 0.05": {
            "mean": 0.858162980840467,
            "std": 0.2507113270628257
        },
        "sufficiencies @ 0.1": {
            "mean": 0.15183267100206851,
            "std": 0.2324415959323433
        },
        "comprehensiveness @ 0.1": {
            "mean": 0.8314973299817705,
            "std": 0.2804259533192169
        },
        "sufficiencies @ 0.2": {
            "mean": 0.20996619977149555,
            "std": 0.3205619677824502
        },
        "comprehensiveness @ 0.2": {
            "mean": 0.8833032706659928,
            "std": 0.21090991517826624
        },
        "sufficiencies @ 0.5": {
            "mean": 0.1773161451415692,
            "std": 0.2578092135862677
        },
        "comprehensiveness @ 0.5": {
            "mean": 0.9135742027703628,
            "std": 0.1280768498660007
        },
        "sufficiencies @ 1.0": {
            "mean": 0.9999997949839989,
            "std": 9.699012293433397e-07
        },
        "comprehensiveness @ 1.0": {
            "mean": 0.8014438514359298,
            "std": 0.3112298995270527
        },
        "AOPC - sufficiency": {
            "mean": 0.24578413684046993,
            "std": 0.13281063281485886
        },