{
    "ig": {
        "sufficiencies @ 0.01": {
            "mean": 0.011515329619732853,
            "std": 0.10478317403475547
        },
        "comprehensiveness @ 0.01": {
            "mean": 0.7892104142930625,
            "std": 0.31103015075072254
        },
        "sufficiencies @ 0.02": {
            "mean": 0.011917549538957722,
            "std": 0.10475235843934466
        },
        "comprehensiveness @ 0.02": {
            "mean": 0.7845739081363832,
            "std": 0.3149420309955933
        },
        "sufficiencies @ 0.05": {
            "mean": 0.012317806158784575,
            "std": 0.10472926239780958
        },
        "comprehensiveness @ 0.05": {
            "mean": 0.7856244223622554,
            "std": 0.3185657643588572
        },
        "sufficiencies @ 0.1": {
            "mean": 0.012716133721300836,
            "std": 0.10471359456082757
        },
        "comprehensiveness @ 0.1": {
            "mean": 0.7967930766614802,
            "std": 0.31445993117136056
        },
        "sufficiencies @ 0.2": {
            "mean": 0.013112565464025054,
            "std": 0.10470507506927333
        },
        "comprehensiveness @ 0.2": {
            "mean": 0.8295280304011802,
            "std": 0.2918285401142546
        },
        "sufficiencies @ 0.5": {
            "mean": 0.013507133660964092,
            "std": 0.10470343503006407
        },
        "comprehensiveness @ 0.5": {
            "mean": 0.9031767515024768,
            "std": 0.16241696897376884
        },
        "sufficiencies @ 1.0": {
            "mean": 0.013899869661530466,
            "std": 0.10470841602063309
        },
        "comprehensiveness @ 1.0": {
            "mean": 0.8381352668229662,
            "std": 0.22362864239106092
        },
        "AOPC - sufficiency": {
            "mean": 0.012712341117899371,
            "std": 0.10471322375267449
        },
        "AOPC - comprehensiveness": {
            "mean": 0.8181488385971148,
            "std": 0.2109602441252955
        }
    },
    "deeplift": {
        "sufficiencies @ 0.01": {
            "mean": 0.014290803927454404,
            "std": 0.10471976962013428
        },
        "comprehensiveness @ 0.01": {
            "mean": 0.8126433728314688,
            "std": 0.2970919139751213
        },
        "sufficiencies @ 0.02": {
            "mean": 0.01467996606781551,
            "std": 0.10473725696563142
        },
        "comprehensiveness @ 0.02": {
            "mean": 0.8238749187235808,
            "std": 0.29105837694586767
        },
        "sufficiencies @ 0.05": {
            "mean": 0.015067384872309722,
            "std": 0.10476064833166177
        },
        "comprehensiveness @ 0.05": {
            "mean": 0.8326405612224216,
            "std": 0.27778118807148305
        },
        "sufficiencies @ 0.1": {
            "mean": 0.015453088342859049,
            "std": 0.10478972273168762
        },
        "comprehensiveness @ 0.1": {
            "mean": 0.8379374750150248,
            "std": 0.2730826431858044
        },
        "sufficiencies @ 0.2": {
            "mean": 0.015837103723663887,
            "std": 0.10482426754006335
        },
        "comprehensiveness @ 0.2": {
            "mean": 0.8949601147981554,
            "std": 0.20683144654061808
        },
        "sufficiencies @ 0.5": {
            "mean": 0.016219457529790704,
            "std": 0.10486407813324775
        },
        "comprehensiveness @ 0.5": {
            "mean": 0.9243891275751828,
            "std": 0.15133886462913543
        },
        "sufficiencies @ 1.0": {
            "mean": 0.0166001755743815,
            "std": 0.10490895754908561
        },
        "comprehensiveness @ 1.0": {
            "mean": 0.8378015319531601,
            "std": 0.22379634545914387
        },
        "AOPC - sufficiency": {
            "mean": 0.015449711434039252,
            "std": 0.10478834150808644
        },
        "AOPC - comprehensiveness": {
            "mean": 0.8520353003027133,
            "std": 0.18163863254334853
        }
    },
    "scaled attention": {
        "sufficiencies @ 0.01": {
            "mean": 0.016979282994565394,
            "std": 0.10495871616306941
        },
        "comprehensiveness @ 0.01": {
            "mean": 0.7965407132989323,
            "std": 0.30865609875368677
        },
        "sufficiencies @ 0.02": {
            "mean": 0.017356804276147324,
            "std": 0.10501317138056937
        },
        "comprehensiveness @ 0.02": {
            "mean": 0.792143537207119,
            "std": 0.31328145788117434
        },
        "sufficiencies @ 0.05": {
            "mean": 0.017732763277143734,
            "std": 0.10507214734409333
        },
        "comprehensiveness @ 0.05": {
            "mean": 0.8051798688612326,
            "std": 0.3073236190808777
        },
        "sufficiencies @ 0.1": {
            "mean": 0.018107183250230464,
            "std": 0.10513547465470327
        },
        "comprehensiveness @ 0.1": {
            "mean": 0.8250339413133432,
            "std": 0.2803768348842192
        },
        "sufficiencies @ 0.2": {
            "mean": 0.01848008686416376,
            "std": 0.10520299010677599
        },
        "comprehensiveness @ 0.2": {
            "mean": 0.8878218605710714,
            "std": 0.19688725028099247
        },
        "sufficiencies @ 0.5": {
            "mean": 0.018851496224231337,
            "std": 0.10527453643535155
        },
        "comprehensiveness @ 0.5": {
            "mean": 0.9019790013308912,
            "std": 0.17621468588117006
        },
        "sufficiencies @ 1.0": {
            "mean": 0.019221432891786745,
            "std": 0.10534996207536369
        },
        "comprehensiveness @ 1.0": {
            "mean": 0.8374676651757357,
            "std": 0.2239637043850393
        },
        "AOPC - sufficiency": {
            "mean": 0.018104149968324105,
            "std": 0.10513344311576947
        },
        "AOPC - comprehensiveness": {
            "mean": 0.8351666553940463,
            "std": 0.18567673992318426
        }
    },
    "random": {
        "sufficiencies @ 0.01": {
            "mean": 0.01958991790291683,
            "std": 0.10542912093209421
        },
        "comprehensiveness @ 0.01": {
            "mean": 0.7506725290458036,
            "std": 0.3303996960425818
        },
        "sufficiencies @ 0.02": {
            "mean": 0.01995697178628901,
            "std": 0.10551187216223602
        },
        "comprehensiveness @ 0.02": {
            "mean": 0.7482227332419291,
            "std": 0.33246551661918666
        },
        "sufficiencies @ 0.05": {
            "mean": 0.02032261458022197,
            "std": 0.10559807996499025
        },
        "comprehensiveness @ 0.05": {
            "mean": 0.7418223636171675,
            "std": 0.3396801861027976
        },
        "sufficiencies @ 0.1": {
            "mean": 0.020686865849020963,
            "std": 0.10568761338265968
        },
        "comprehensiveness @ 0.1": {
            "mean": 0.7261503512377863,
            "std": 0.3495012346446303
        },
        "sufficiencies @ 0.2": {
            "mean": 0.021049744698615952,
            "std": 0.1057803461102343
        },
        "comprehensiveness @ 0.2": {
            "mean": 0.747629919152196,
            "std": 0.3541054826381548
        },
        "sufficiencies @ 0.5": {
            "mean": 0.021411269791538897,
            "std": 0.1058761563134975
        },
        "comprehensiveness @ 0.5": {
            "mean": 0.9143434314507327,
            "std": 0.1315860766261029
        },
        "sufficiencies @ 1.0": {
            "mean": 0.021771459361273976,
            "std": 0.10597492645520977
        },
        "comprehensiveness @ 1.0": {
            "mean": 0.8371305086345227,
            "std": 0.22412842641103015
        },
        "AOPC - sufficiency": {
            "mean": 0.020684120567125375,