{
    "gradients": {
        "sufficiencies @ 0.01": {
            "mean": 0.04092874943988577,
            "std": 0.12374599555762483
        },
        "comprehensiveness @ 0.01": {
            "mean": 0.8691249601784267,
            "std": 0.23590488639012042
        },
        "sufficiencies @ 0.02": {
            "mean": 0.04838087890458787,
            "std": 0.12942459001028067
        },
        "comprehensiveness @ 0.02": {
            "mean": 0.8624353468223696,
            "std": 0.24014377421086425
        },
        "sufficiencies @ 0.05": {
            "mean": 0.08486307040394836,
            "std": 0.1801660751055645
        },
        "comprehensiveness @ 0.05": {
            "mean": 0.8590118209581268,
            "std": 0.2502924735855937
        },
        "sufficiencies @ 0.1": {
            "mean": 0.14832517142602208,
            "std": 0.2313413884535803
        },
        "comprehensiveness @ 0.1": {
            "mean": 0.8327116287468734,
            "std": 0.2797919256304726
        },
        "sufficiencies @ 0.2": {
            "mean": 0.20856618575270788,
            "std": 0.3206077384898389
        },
        "comprehensiveness @ 0.2": {
            "mean": 0.8843957967913606,
            "std": 0.21064308055989686
        },
        "sufficiencies @ 0.5": {
            "mean": 0.17648327578583659,
            "std": 0.2574867764367509
        },
        "comprehensiveness @ 0.5": {
            "mean": 0.9144575081125872,
            "std": 0.12741214994242103
        },
        "sufficiencies @ 1.0": {
            "mean": 0.9978585596192818,
            "std": 0.01783623870566154
        },
        "comprehensiveness @ 1.0": {
            "mean": 0.8023203296161713,
            "std": 0.310448807199748
        },
        "AOPC - sufficiency": {
            "mean": 0.24362941304746719,
            "std": 0.13111846007031558
        },
        "AOPC - comprehensiveness": {
            "mean": 0.8606367701751308,
            "std": 0.1896618863598571
        }
    },
    "attention": {
        "sufficiencies @ 0.01": {
            "mean": 0.0656216479418849,
            "std": 0.13651569885687456
        },
        "comprehensiveness @ 0.01": {
            "mean": 0.8412201345383746,
            "std": 0.24853949220093513
        },
        "sufficiencies @ 0.02": {
            "mean": 0.09536244637792252,
            "std": 0.1801074779252897
        },
        "comprehensiveness @ 0.02": {
            "mean": 0.8334463710408799,
            "std": 0.2652908781976106
        },
        "sufficiencies @ 0.05": {
            "mean": 0.18938572757033323,
            "std": 0.264926295228569
        },
        "comprehensiveness @ 0.05": {
            "mean": 0.819405050492117,
            "std": 0.27776135311157324
        },
        "sufficiencies @ 0.1": {
            "mean": 0.26177891234176653,
            "std": 0.3218455999494166
        },
        "comprehensiveness @ 0.1": {
            "mean": 0.8216102438776774,
            "std": 0.2998944735573997
        },
        "sufficiencies @ 0.2": {
            "mean": 0.2898940393753152,
            "std": 0.34395869147609903
        },
        "comprehensiveness @ 0.2": {
            "mean": 0.9048196005507458,
            "std": 0.15586250186332357
        },
        "sufficiencies @ 0.5": {
            "mean": 0.2563517109680251,
            "std": 0.2953989282702591
        },
        "comprehensiveness @ 0.5": {
            "mean": 0.9229668961783145,
            "std": 0.1343355686426087
        },
        "sufficiencies @ 1.0": {
            "mean": 0.9996739760171639,
            "std": 0.002228589976037371
        },
        "comprehensiveness @ 1.0": {
            "mean": 0.8020616192164269,
            "std": 0.31065608537560224
        },
        "AOPC - sufficiency": {
            "mean": 0.30829549437034454,
            "std": 0.15725474467307718
        },
        "AOPC - comprehensiveness": {
            "mean": 0.8493614165563623,
            "std": 0.19637315190851157
        }
    },
    "deeplift": {
        "sufficiencies @ 0.01": {
            "mean": 0.051122008827499184,
            "std": 0.1263531254651326
        },
        "comprehensiveness @ 0.01": {
            "mean": 0.8688699898571122,
            "std": 0.22881740344226795
        },
        "sufficiencies @ 0.02": {
            "mean": 0.05893911587467448,
            "std": 0.13140194673617095
        },
        "comprehensiveness @ 0.02": {
            "mean": 0.8754329135705184,
            "std": 0.23285982549511547
        },
        "sufficiencies @ 0.05": {
            "mean": 0.07723203718896704,
            "std": 0.1471356315991458
        },
        "comprehensiveness @ 0.05": {
            "mean": 0.8770958924501061,
            "std": 0.22596671677939392
        },
        "sufficiencies @ 0.1": {
            "mean": 0.10738015531779962,
            "std": 0.17274120129968837
        },
        "comprehensiveness @ 0.1": {
            "mean": 0.8808351228213032,
            "std": 0.2329896852632746
        },
        "sufficiencies @ 0.2": {
            "mean": 0.15104050564062005,
            "std": 0.209131421925507
        },
        "comprehensiveness @ 0.2": {
            "mean": 0.8689905270666968,
            "std": 0.24250917341641887
        },
        "sufficiencies @ 0.5": {
            "mean": 0.28693060129990305,
            "std": 0.29515527801536035
        },
        "comprehensiveness @ 0.5": {
            "mean": 0.9259471411257914,
            "std": 0.12318465133126277
        },
        "sufficiencies @ 1.0": {
            "mean": 0.9997954148485765,
            "std": 0.0011928496825219209
        },
        "comprehensiveness @ 1.0": {
            "mean": 0.8018038903680413,
            "std": 0.31086295758995003
        },
        "AOPC - sufficiency": {
            "mean": 0.24749140557114857,
            "std": 0.12269960218030575
        },
        "AOPC - comprehensiveness": {
            "mean": 0.8712822110370815,
            "std": 0.18250856778577854
        }
    },
    "scaled attention": {
        "sufficiencies @ 0.01": {
            "mean": 0.06749876136591401,
            "std": 0.13705907678108747
        },
        "comprehensiveness @ 0.01": {
            "mean": 0.8406116270938561,
            "std": 0.24847540030505902
        },
        "sufficiencies @ 0.02": {
            "mean": 0.09666854142882426,
            "std": 0.18066540148192778
        },
        "comprehensiveness @ 0.02": {
            "mean": 0.8340894786463283,
            "std": 0.2636501855206685
        },
        "sufficiencies @ 0.05": {
            "mean": 0.19071500280396972,
            "std": 0.265115065554232
        },
        "comprehensiveness @ 0.05": {
            "mean": 0.8186317330525068,
            "std": 0.2783297237150094
        },
        "sufficiencies @ 0.1": {
            "mean": 0.2575286095216277,
            "std": 0.3229055282579056
        },
        "comprehensiveness @ 0.1": {
            "mean": 0.8246181493091349,
            "std": 0.2977790098329793
        },
        "sufficiencies @ 0.2": {
            "mean": 0.2712854858377096,
            "std": 0.3251905738290324
        },
        "comprehensiveness @ 0.2": {
            "mean": 0.9037266156679431,
            "std": 0.1562414423437985
        },
        "sufficiencies @ 0.5": {
            "mean": 0.256057627075514,
            "std": 0.2969159257022629
        },
        "comprehensiveness @ 0.5": {
            "mean": 0.9236163788931205,
            "std": 0.1324512019577975
        },
        "sufficiencies @ 1.0": {
            "mean": 0.9998398426269182,
            "std": 0.0008193284839652082
        },
        "comprehensiveness @ 1.0": {
            "mean": 0.8015471367988835,
            "std": 0.31106942230366724
        },
        "AOPC - sufficiency": {
            "mean": 0.3056562672372111,
            "std": 0.15812742156059278
        },