{
    "ig": {
        "sufficiencies @ 0.01": {
            "mean": 0.04058916153725156,
            "std": 0.11496955424172216
        },
        "comprehensiveness @ 0.01": {
            "mean": 0.8657798474813837,
            "std": 0.22045217592735333
        },
        "sufficiencies @ 0.02": {
            "mean": 0.048119547005219206,
            "std": 0.1268295737082908
        },
        "comprehensiveness @ 0.02": {
            "mean": 0.8650658965610978,
            "std": 0.22175020129369205
        },
        "sufficiencies @ 0.05": {
            "mean": 0.07474461633321285,
            "std": 0.17189690152322054
        },
        "comprehensiveness @ 0.05": {
            "mean": 0.8655491059161261,
            "std": 0.2226717363120376
        },
        "sufficiencies @ 0.1": {
            "mean": 0.12510527644008712,
            "std": 0.22269264125444682
        },
        "comprehensiveness @ 0.1": {
            "mean": 0.8606991320897799,
            "std": 0.2550378465363158
        },
        "sufficiencies @ 0.2": {
            "mean": 0.1829543945255654,
            "std": 0.27292752650601276
        },
        "comprehensiveness @ 0.2": {
            "mean": 0.9073924883315898,
            "std": 0.1883928029680544
        },
        "sufficiencies @ 0.5": {
            "mean": 0.1789193068186353,
            "std": 0.2595721771253901
        },
        "comprehensiveness @ 0.5": {
            "mean": 0.8983809533724529,
            "std": 0.17324288001849514
        },
        "sufficiencies @ 1.0": {
            "mean": 0.9999998593811368,
            "std": 6.70496586817909e-07
        },
        "comprehensiveness @ 1.0": {
            "mean": 0.7948901672487341,
            "std": 0.3238574185926382
        },
        "AOPC - sufficiency": {
            "mean": 0.23577602314872975,
            "std": 0.12773895544091224
        },
        "AOPC - comprehensiveness": {
            "mean": 0.865393941571595,
            "std": 0.17718158570666015
        }
    },
    "attention": {
        "sufficiencies @ 0.01": {
            "mean": 0.0655985030310928,
            "std": 0.13381963192318236
        },
        "comprehensiveness @ 0.01": {
            "mean": 0.8641895443165817,
            "std": 0.22632610446318172
        },
        "sufficiencies @ 0.02": {
            "mean": 0.11140582593069186,
            "std": 0.20064705968749752
        },
        "comprehensiveness @ 0.02": {
            "mean": 0.8613039498354293,
            "std": 0.23837771273891867
        },
        "sufficiencies @ 0.05": {
            "mean": 0.18907105628583498,
            "std": 0.2551931410121496
        },
        "comprehensiveness @ 0.05": {
            "mean": 0.8555785625006206,
            "std": 0.2390312200566938
        },
        "sufficiencies @ 0.1": {
            "mean": 0.2514208855438514,
            "std": 0.311019716274414
        },
        "comprehensiveness @ 0.1": {
            "mean": 0.8726237584876315,
            "std": 0.2503631191063046
        },
        "sufficiencies @ 0.2": {
            "mean": 0.26777220946757974,
            "std": 0.333007321205197
        },
        "comprehensiveness @ 0.2": {
            "mean": 0.8972963043075841,
            "std": 0.1720151611790881
        },
        "sufficiencies @ 0.5": {
            "mean": 0.25616199268308376,
            "std": 0.3034767263239899
        },
        "comprehensiveness @ 0.5": {
            "mean": 0.9122348970006302,
            "std": 0.14405816609250194
        },
        "sufficiencies @ 1.0": {
            "mean": 0.9999998604317624,
            "std": 6.651901715005656e-07
        },
        "comprehensiveness @ 1.0": {
            "mean": 0.7946275699922669,
            "std": 0.3240322887615005
        },
        "AOPC - sufficiency": {
            "mean": 0.3059186190534138,
            "std": 0.15324968179343718
        },
        "AOPC - comprehensiveness": {
            "mean": 0.8654077980629636,
            "std": 0.1780865636228588
        }
    },
    "scaled attention": {
        "sufficiencies @ 0.01": {
            "mean": 0.07342773033429986,
            "std": 0.14711013721366356
        },
        "comprehensiveness @ 0.01": {
            "mean": 0.8639068493638126,
            "std": 0.22642490019278805
        },
        "sufficiencies @ 0.02": {
            "mean": 0.11212995765667168,
            "std": 0.20116255552078696
        },
        "comprehensiveness @ 0.02": {
            "mean": 0.8602697430903959,
            "std": 0.2388463411818304
        },
        "sufficiencies @ 0.05": {
            "mean": 0.18485675706994112,
            "std": 0.25012605804010835
        },
        "comprehensiveness @ 0.05": {
            "mean": 0.8546633701688429,
            "std": 0.24168221724189445
        },
        "sufficiencies @ 0.1": {
            "mean": 0.254570137079624,
            "std": 0.3136314269443332
        },
        "comprehensiveness @ 0.1": {
            "mean": 0.8754378839038169,
            "std": 0.2501894216690468
        },
        "sufficiencies @ 0.2": {
            "mean": 0.2553432412576858,
            "std": 0.3199868983513397
        },
        "comprehensiveness @ 0.2": {
            "mean": 0.8967346019404896,
            "std": 0.17220606828883497
        },
        "sufficiencies @ 0.5": {
            "mean": 0.25650162228637563,
            "std": 0.3030324803801176
        },
        "comprehensiveness @ 0.5": {
            "mean": 0.9126348685506177,
            "std": 0.14418521253424907
        },
        "sufficiencies @ 1.0": {
            "mean": 0.9999998614587087,
            "std": 6.600113460591407e-07
        },
        "comprehensiveness @ 1.0": {
            "mean": 0.794365981385465,
            "std": 0.32420693687523455
        },
        "AOPC - sufficiency": {
            "mean": 0.3052613295919009,
            "std": 0.1578925806440642
        },
        "AOPC - comprehensiveness": {
            "mean": 0.8654304712004915,
            "std": 0.17854934772760497
        }
    },
    "gradients": {
        "sufficiencies @ 0.01": {
            "mean": 0.0412030949754674,
            "std": 0.11216874968643754
        },
        "comprehensiveness @ 0.01": {
            "mean": 0.8538775830435095,
            "std": 0.22849627339544845
        },
        "sufficiencies @ 0.02": {
            "mean": 0.05479352863291101,
            "std": 0.12939023725225413
        },
        "comprehensiveness @ 0.02": {
            "mean": 0.8570383568629233,
            "std": 0.22574252176670076
        },
        "sufficiencies @ 0.05": {
            "mean": 0.08687097297299069,
            "std": 0.17395323226399761
        },
        "comprehensiveness @ 0.05": {
            "mean": 0.8478279548043609,
            "std": 0.23537553311932596
        },
        "sufficiencies @ 0.1": {
            "mean": 0.13181665901756004,
            "std": 0.21030502442103774
        },
        "comprehensiveness @ 0.1": {
            "mean": 0.8372701674773086,
            "std": 0.256980231396534
        },
        "sufficiencies @ 0.2": {
            "mean": 0.1562790226002966,
            "std": 0.24049542575644933
        },
        "comprehensiveness @ 0.2": {
            "mean": 0.8774797926298494,
            "std": 0.198016996799019
        },
        "sufficiencies @ 0.5": {
            "mean": 0.1826256369891274,
            "std": 0.26329537848238294
        },
        "comprehensiveness @ 0.5": {
            "mean": 0.9128428155337645,
            "std": 0.13536337402760742
        },
        "sufficiencies @ 1.0": {
            "mean": 0.9999998624629901,
            "std": 6.549538778095793e-07
        },
        "comprehensiveness @ 1.0": {
            "mean": 0.7941053949111642,
            "std": 0.3243813599305082
        },
        "AOPC - sufficiency": {
            "mean": 0.2362269682359062,
            "std": 0.11664617997850615
        },