{
    "gradients": {
        "sufficiencies @ 0.01": {
            "mean": 0.03998488445802075,
            "std": 0.11172927876922979
        },
        "comprehensiveness @ 0.01": {
            "mean": 0.8553225870657203,
            "std": 0.2282922653914815
        },
        "sufficiencies @ 0.02": {
            "mean": 0.05266771533926554,
            "std": 0.12875821088279255
        },
        "comprehensiveness @ 0.02": {
            "mean": 0.8584459356149632,
            "std": 0.22548129724669863
        },
        "sufficiencies @ 0.05": {
            "mean": 0.08436158572622775,
            "std": 0.17313954427044836
        },
        "comprehensiveness @ 0.05": {
            "mean": 0.8491259244143092,
            "std": 0.23500350887226473
        },
        "sufficiencies @ 0.1": {
            "mean": 0.1285174926719751,
            "std": 0.2090302880081771
        },
        "comprehensiveness @ 0.1": {
            "mean": 0.8385114203776995,
            "std": 0.2566950462746902
        },
        "sufficiencies @ 0.2": {
            "mean": 0.14927977732528416,
            "std": 0.2376155504332539
        },
        "comprehensiveness @ 0.2": {
            "mean": 0.8786628236242622,
            "std": 0.19756941355775862
        },
        "sufficiencies @ 0.5": {
            "mean": 0.1814462084694549,
            "std": 0.26310878965425827
        },
        "comprehensiveness @ 0.5": {
            "mean": 0.9137123648696951,
            "std": 0.13472605037518964
        },
        "sufficiencies @ 1.0": {
            "mean": 0.9999998593811368,
            "std": 6.70496586817909e-07
        },
        "comprehensiveness @ 1.0": {
            "mean": 0.7948901672487341,
            "std": 0.3238574185926382
        },
        "AOPC - sufficiency": {
            "mean": 0.23375107476733786,
            "std": 0.11274464950306953
        },
        "AOPC - comprehensiveness": {
            "mean": 0.8555244604593403,
            "std": 0.17872348625336296
        }
    },
    "ig": {
        "sufficiencies @ 0.01": {
            "mean": 0.04109275326879602,
            "std": 0.11513634409351593
        },
        "comprehensiveness @ 0.01": {
            "mean": 0.8653011562239447,
            "std": 0.22052518961277903
        },
        "sufficiencies @ 0.02": {
            "mean": 0.04859254538859836,
            "std": 0.1270153837547207
        },
        "comprehensiveness @ 0.02": {
            "mean": 0.8646137485143905,
            "std": 0.2218556010442711
        },
        "sufficiencies @ 0.05": {
            "mean": 0.07542847912095789,
            "std": 0.17217116447325542
        },
        "comprehensiveness @ 0.05": {
            "mean": 0.8650545305861228,
            "std": 0.2227574354347993
        },
        "sufficiencies @ 0.1": {
            "mean": 0.1260496020106447,
            "std": 0.2230945590157644
        },
        "comprehensiveness @ 0.1": {
            "mean": 0.8603022762334096,
            "std": 0.2551127776513058
        },
        "sufficiencies @ 0.2": {
            "mean": 0.1836829531201504,
            "std": 0.27322203996992994
        },
        "comprehensiveness @ 0.2": {
            "mean": 0.9071003042319302,
            "std": 0.18849349522486236
        },
        "sufficiencies @ 0.5": {
            "mean": 0.1792728301611244,
            "std": 0.25976454124270537
        },
        "comprehensiveness @ 0.5": {
            "mean": 0.8981429670954866,
            "std": 0.17342350273891044
        },
        "sufficiencies @ 1.0": {
            "mean": 0.9999998604317624,
            "std": 6.651901715005656e-07
        },
        "comprehensiveness @ 1.0": {
            "mean": 0.7946275699922669,
            "std": 0.3240322887615005
        },
        "AOPC - sufficiency": {
            "mean": 0.2363027176431477,
            "std": 0.12792777845734818
        },
        "AOPC - comprehensiveness": {
            "mean": 0.865020364696793,
            "std": 0.17726666637084443
        }
    },
    "attention": {
        "sufficiencies @ 0.01": {
            "mean": 0.06645628469990783,
            "std": 0.13440575582413
        },
        "comprehensiveness @ 0.01": {
            "mean": 0.8637449254040729,
            "std": 0.22641173284002075
        },
        "sufficiencies @ 0.02": {
            "mean": 0.11210927650095263,
            "std": 0.20109546536715467
        },
        "comprehensiveness @ 0.02": {
            "mean": 0.8608348938542785,
            "std": 0.23843538758381844
        },
        "sufficiencies @ 0.05": {
            "mean": 0.18987728278782057,
            "std": 0.255647817101504
        },
        "comprehensiveness @ 0.05": {
            "mean": 0.8551459500957742,
            "std": 0.23916095900722018
        },
        "sufficiencies @ 0.1": {
            "mean": 0.25195846073576644,
            "std": 0.3109839697718465
        },
        "comprehensiveness @ 0.1": {
            "mean": 0.8721574487659075,
            "std": 0.2503612078955719
        },
        "sufficiencies @ 0.2": {
            "mean": 0.2681248505646602,
            "std": 0.33305405279550643
        },
        "comprehensiveness @ 0.2": {
            "mean": 0.8969181150354272,
            "std": 0.17224806195283993
        },
        "sufficiencies @ 0.5": {
            "mean": 0.25665634894717393,
            "std": 0.30358996013171907
        },
        "comprehensiveness @ 0.5": {
            "mean": 0.9119787790504109,
            "std": 0.14428328209153332
        },
        "sufficiencies @ 1.0": {
            "mean": 0.9999998614587087,
            "std": 6.600113460591407e-07
        },
        "comprehensiveness @ 1.0": {
            "mean": 0.794365981385465,
            "std": 0.32420693687523455
        },
        "AOPC - sufficiency": {
            "mean": 0.30645462367071286,
            "std": 0.1534182967834202
        },
        "AOPC - comprehensiveness": {
            "mean": 0.865020870513048,
            "std": 0.17819443737723528
        }
    },
    "deeplift": {
        "sufficiencies @ 0.01": {
            "mean": 0.03892874387531065,
            "std": 0.10839462262402479
        },
        "comprehensiveness @ 0.01": {
            "mean": 0.8589336704245151,
            "std": 0.2193516301251783
        },
        "sufficiencies @ 0.02": {
            "mean": 0.043940379718193916,
            "std": 0.11163355625647585
        },
        "comprehensiveness @ 0.02": {
            "mean": 0.86592176690673,
            "std": 0.2194730469282124
        },
        "sufficiencies @ 0.05": {
            "mean": 0.056772651283698045,
            "std": 0.11864054967451823
        },
        "comprehensiveness @ 0.05": {
            "mean": 0.8655359377839171,
            "std": 0.21786710376786106
        },
        "sufficiencies @ 0.1": {
            "mean": 0.07334456621581827,
            "std": 0.11393752464846196
        },
        "comprehensiveness @ 0.1": {
            "mean": 0.8718527626256438,
            "std": 0.22371910612324428
        },
        "sufficiencies @ 0.2": {
            "mean": 0.09484552163233699,
            "std": 0.1454861522428863
        },
        "comprehensiveness @ 0.2": {
            "mean": 0.8718681044503489,
            "std": 0.2350639883768668
        },
        "sufficiencies @ 0.5": {
            "mean": 0.2561581950638865,
            "std": 0.2701458508747487
        },
        "comprehensiveness @ 0.5": {
            "mean": 0.9190434558340297,
            "std": 0.13689227743468943
        },
        "sufficiencies @ 1.0": {
            "mean": 0.9999998624629901,
            "std": 6.549538778095793e-07
        },
        "comprehensiveness @ 1.0": {
            "mean": 0.7941053949111642,
            "std": 0.3243813599305082
        },
        "AOPC - sufficiency": {
            "mean": 0.22342713146460497,
            "std": 0.08310971285671742
        },