{
    "gradients": {
        "sufficiencies @ 0.01": {
            "mean": 0.9756133090717495,
            "std": 0.13976398554348107
        },
        "comprehensiveness @ 0.01": {
            "mean": 0.9253825903395095,
            "std": 0.17902519112612608
        },
        "sufficiencies @ 0.02": {
            "mean": 0.975627482207037,
            "std": 0.13971176373337355
        },
        "comprehensiveness @ 0.02": {
            "mean": 0.9252998897634228,
            "std": 0.17904393223991794
        },
        "sufficiencies @ 0.05": {
            "mean": 0.9832034024259033,
            "std": 0.11407212283760695
        },
        "comprehensiveness @ 0.05": {
            "mean": 0.928092023323272,
            "std": 0.17845769773424072
        },
        "sufficiencies @ 0.1": {
            "mean": 0.9894685408919672,
            "std": 0.08716833570789062
        },
        "comprehensiveness @ 0.1": {
            "mean": 0.9347137597651767,
            "std": 0.17413846227410112
        },
        "sufficiencies @ 0.2": {
            "mean": 0.9914225548274097,
            "std": 0.07876218792992624
        },
        "comprehensiveness @ 0.2": {
            "mean": 0.9380377532913419,
            "std": 0.172525346772321
        },
        "sufficiencies @ 0.5": {
            "mean": 0.9962530878326429,
            "std": 0.056472794693736894
        },
        "comprehensiveness @ 0.5": {
            "mean": 0.9409356831611583,
            "std": 0.17091674864840706
        },
        "sufficiencies @ 1.0": {
            "mean": 0.9998654007877893,
            "std": 0.0012193698607238226
        },
        "comprehensiveness @ 1.0": {
            "mean": 0.9406636099564679,
            "std": 0.17120408412260607
        },
        "AOPC - sufficiency": {
            "mean": 0.9873505397206426,
            "std": 0.076357197702655
        },
        "AOPC - comprehensiveness": {
            "mean": 0.9333036156571928,
            "std": 0.17328058401374946
        }
    },
    "deeplift": {
        "sufficiencies @ 0.01": {
            "mean": 0.9757098130876762,
            "std": 0.13941294424442452
        },
        "comprehensiveness @ 0.01": {
            "mean": 0.9247725179031314,
            "std": 0.17914876372571922
        },
        "sufficiencies @ 0.02": {
            "mean": 0.9757207073177067,
            "std": 0.13936503990193308
        },
        "comprehensiveness @ 0.02": {
            "mean": 0.9246802552030449,
            "std": 0.17917012845003402
        },
        "sufficiencies @ 0.05": {
            "mean": 0.9774789141832618,
            "std": 0.13450179591443104
        },
        "comprehensiveness @ 0.05": {
            "mean": 0.924626234703869,
            "std": 0.17918055094814325
        },
        "sufficiencies @ 0.1": {
            "mean": 0.9856723306362536,
            "std": 0.10479897556740878
        },
        "comprehensiveness @ 0.1": {
            "mean": 0.9230966614301946,
            "std": 0.17934052201511103
        },
        "sufficiencies @ 0.2": {
            "mean": 0.9887247678903474,
            "std": 0.09090707433869596
        },
        "comprehensiveness @ 0.2": {
            "mean": 0.9230379962266935,
            "std": 0.17930755029464068
        },
        "sufficiencies @ 0.5": {
            "mean": 0.995506359553487,
            "std": 0.0536236431349759
        },
        "comprehensiveness @ 0.5": {
            "mean": 0.9272144961801214,
            "std": 0.17758629758816408
        },
        "sufficiencies @ 1.0": {
            "mean": 0.9999827672620727,
            "std": 0.0001524063133426323
        },
        "comprehensiveness @ 1.0": {
            "mean": 0.9377846317177823,
            "std": 0.17291285001266432
        },
        "AOPC - sufficiency": {
            "mean": 0.9855422371329722,
            "std": 0.08437338984644331
        },
        "AOPC - comprehensiveness": {
            "mean": 0.926458970480691,
            "std": 0.17666005102257226
        }
    },
    "scaled attention": {
        "sufficiencies @ 0.01": {
            "mean": 0.984756208865889,
            "std": 0.10634579153794813
        },
        "comprehensiveness @ 0.01": {
            "mean": 0.9262767643052011,
            "std": 0.1784941414912659
        },
        "sufficiencies @ 0.02": {
            "mean": 0.9872270528598263,
            "std": 0.09948246351258923
        },
        "comprehensiveness @ 0.02": {
            "mean": 0.9301681758492063,
            "std": 0.17700211778194713
        },
        "sufficiencies @ 0.05": {
            "mean": 0.9914046631343464,
            "std": 0.08578129474669029
        },
        "comprehensiveness @ 0.05": {
            "mean": 0.9391793123143796,
            "std": 0.17140808833711718
        },
        "sufficiencies @ 0.1": {
            "mean": 0.9931785339066832,
            "std": 0.07723715361559298
        },
        "comprehensiveness @ 0.1": {
            "mean": 0.9401941632367153,
            "std": 0.17101950967821397
        },
        "sufficiencies @ 0.2": {
            "mean": 0.9958137878265152,
            "std": 0.06290556100688179
        },
        "comprehensiveness @ 0.2": {
            "mean": 0.9402047206943794,
            "std": 0.1710172928014998
        },
        "sufficiencies @ 0.5": {
            "mean": 0.9999832590290639,
            "std": 0.00013474235182364225
        },
        "comprehensiveness @ 0.5": {
            "mean": 0.9400579090919883,
            "std": 0.17103199338502284
        },
        "sufficiencies @ 1.0": {
            "mean": 0.9999906075464354,
            "std": 8.129573069158519e-05
        },
        "comprehensiveness @ 1.0": {
            "mean": 0.9410031366273802,
            "std": 0.16749652512206503
        },
        "AOPC - sufficiency": {
            "mean": 0.9931934447383942,
            "std": 0.056304441175514156
        },
        "AOPC - comprehensiveness": {
            "mean": 0.9367263117313215,
            "std": 0.17050244927568103
        }
    },
    "attention": {
        "sufficiencies @ 0.01": {
            "mean": 0.9856360415938833,
            "std": 0.10017832085410779
        },
        "comprehensiveness @ 0.01": {
            "mean": 0.925832563736601,
            "std": 0.17837623815271084
        },
        "sufficiencies @ 0.02": {
            "mean": 0.9880955946483692,
            "std": 0.0915773537654284
        },
        "comprehensiveness @ 0.02": {
            "mean": 0.9295311943557434,
            "std": 0.17680471537239956
        },
        "sufficiencies @ 0.05": {
            "mean": 0.9934718994414202,
            "std": 0.06961005144574967
        },
        "comprehensiveness @ 0.05": {
            "mean": 0.9378058145253035,
            "std": 0.17150536984130604
        },
        "sufficiencies @ 0.1": {
            "mean": 0.993929013627048,
            "std": 0.06852704557604733
        },
        "comprehensiveness @ 0.1": {
            "mean": 0.9392905267932179,
            "std": 0.1711518172618179
        },
        "sufficiencies @ 0.2": {
            "mean": 0.9965102675478891,
            "std": 0.052881322147071884
        },
        "comprehensiveness @ 0.2": {
            "mean": 0.9392914876786258,
            "std": 0.17116081003394315
        },
        "sufficiencies @ 0.5": {
            "mean": 0.9999848857986112,
            "std": 0.0001290842213675543
        },
        "comprehensiveness @ 0.5": {
            "mean": 0.9391122845601855,
            "std": 0.17117360272242155
        },
        "sufficiencies @ 1.0": {
            "mean": 0.9999934673715892,
            "std": 5.5447015771520794e-05
        },
        "comprehensiveness @ 1.0": {
            "mean": 0.9383328887498348,
            "std": 0.17238891056240302
        },
        "AOPC - sufficiency": {
            "mean": 0.993945881432687,
            "std": 0.04940030504857022
        },