{
    "gradients": {
        "sufficiency": {
            "mean": 0.12291538457698357,
            "std": 0.23402423067107705
        },
        "comprehensiveness": {
            "mean": 0.30672802880736605,
            "std": 0.4110465779408875
        },
        "AOPC - sufficiency": {
            "mean": 0.12045656911570038,
            "std": 0.15436015822575916
        },
        "AOPC - comprehensiveness": {
            "mean": 0.3606997044191331,
            "std": 0.2025789059503939
        }
    },
    "attention": {
        "sufficiency": {
            "mean": 0.2663366520261739,
            "std": 0.34125211955993634
        },
        "comprehensiveness": {
            "mean": 0.6363980268643566,
            "std": 0.40365200448569727
        },
        "AOPC - sufficiency": {
            "mean": 0.17458856848404042,
            "std": 0.17372544927552575
        },
        "AOPC - comprehensiveness": {
            "mean": 0.540887958102839,
            "std": 0.18668136160911328
        }
    },
    "deeplift": {
        "sufficiency": {
            "mean": 0.10201118152743249,
            "std": 0.1995734809929295
        },
        "comprehensiveness": {
            "mean": 0.29538022303192857,
            "std": 0.3998019258653271
        },
        "AOPC - sufficiency": {
            "mean": 0.12021187137312726,
            "std": 0.14964865437437586
        },
        "AOPC - comprehensiveness": {
            "mean": 0.3695529631999629,
            "std": 0.19548872166571277
        }
    },
    "scaled attention": {
        "sufficiency": {
            "mean": 0.26130119338656244,
            "std": 0.3376141275818655
        },
        "comprehensiveness": {
            "mean": 0.6313816183747081,
            "std": 0.4032615954190068
        },
        "AOPC - sufficiency": {
            "mean": 0.173824127467517,
            "std": 0.17380383550074516
        },
        "AOPC - comprehensiveness": {
            "mean": 0.5387187375047104,
            "std": 0.18601100439601218
        }
    },
    "random": {
        "sufficiency": {
            "mean": 0.10010239207196428,
            "std": 0.19832837676914514
        },
        "comprehensiveness": {
            "mean": 0.11833302358158831,
            "std": 0.27357247112426186
        },
        "AOPC - sufficiency": {
            "mean": 0.08786104213109489,
            "std": 0.12844585970062397
        },
        "AOPC - comprehensiveness": {
            "mean": 0.25427849516266854,
            "std": 0.14512061545049126
        }
    },
    "ig": {
        "sufficiency": {
            "mean": 0.15399326920206213,
            "std": 0.26212374405666045
        },
        "comprehensiveness": {
            "mean": 0.32675061046363824,
            "std": 0.4164295363338227
        },
        "AOPC - sufficiency": {
            "mean": 0.1251080049207484,
            "std": 0.16211334280501447
        },
        "AOPC - comprehensiveness": {
            "mean": 0.3673043991270747,
            "std": 0.21522864390961638
        }
    }
}