{
    "ig": {
        "sufficiencies @ 0.01": {
            "mean": 0.07303437317407036,
            "std": 0.14601256104788424
        },
        "comprehensiveness @ 0.01": {
            "mean": 0.8235046450356447,
            "std": 0.25616382256413345
        },
        "sufficiencies @ 0.02": {
            "mean": 0.07621095871198999,
            "std": 0.14689918180001627
        },
        "comprehensiveness @ 0.02": {
            "mean": 0.8086252199934694,
            "std": 0.2641153318687411
        },
        "sufficiencies @ 0.05": {
            "mean": 0.12100502116915117,
            "std": 0.1653388877762153
        },
        "comprehensiveness @ 0.05": {
            "mean": 0.8186881806383813,
            "std": 0.25231876489042665
        },
        "sufficiencies @ 0.1": {
            "mean": 0.18238493186174332,
            "std": 0.25064262323583747
        },
        "comprehensiveness @ 0.1": {
            "mean": 0.8121027236535326,
            "std": 0.2292615894965031
        },
        "sufficiencies @ 0.2": {
            "mean": 0.17401125547199167,
            "std": 0.22323262465888624
        },
        "comprehensiveness @ 0.2": {
            "mean": 0.818661156975418,
            "std": 0.25440952721376725
        },
        "sufficiencies @ 0.5": {
            "mean": 0.2812828709230967,
            "std": 0.2564964311290674
        },
        "comprehensiveness @ 0.5": {
            "mean": 0.8522220136200945,
            "std": 0.1707937623272344
        },
        "sufficiencies @ 1.0": {
            "mean": 0.9799718507485161,
            "std": 0.13999599177605715
        },
        "comprehensiveness @ 1.0": {
            "mean": 0.8705031740502648,
            "std": 0.26903617210362935
        },
        "AOPC - sufficiency": {
            "mean": 0.26970018029436565,
            "std": 0.11622702828047818
        },
        "AOPC - comprehensiveness": {
            "mean": 0.8291867305666866,
            "std": 0.17745675731319055
        }
    },
    "attention": {
        "sufficiencies @ 0.01": {
            "mean": 0.09952191921764243,
            "std": 0.15475783518391625
        },
        "comprehensiveness @ 0.01": {
            "mean": 0.798823445165225,
            "std": 0.26038960811553885
        },
        "sufficiencies @ 0.02": {
            "mean": 0.10263868893167132,
            "std": 0.10310143463411241
        },
        "comprehensiveness @ 0.02": {
            "mean": 0.792061413448264,
            "std": 0.25397091954467454
        },
        "sufficiencies @ 0.05": {
            "mean": 0.1691079210182721,
            "std": 0.17922949059185364
        },
        "comprehensiveness @ 0.05": {
            "mean": 0.8091530050102697,
            "std": 0.25482763909726863
        },
        "sufficiencies @ 0.1": {
            "mean": 0.31811243626958047,
            "std": 0.35460778524572695
        },
        "comprehensiveness @ 0.1": {
            "mean": 0.8418925695467818,
            "std": 0.2584914850605863
        },
        "sufficiencies @ 0.2": {
            "mean": 0.2844599103381249,
            "std": 0.3179142243382116
        },
        "comprehensiveness @ 0.2": {
            "mean": 0.9099851242388409,
            "std": 0.1143319258386962
        },
        "sufficiencies @ 0.5": {
            "mean": 0.361963579540447,
            "std": 0.3574078556985262
        },
        "comprehensiveness @ 0.5": {
            "mean": 0.9111866968937232,
            "std": 0.11914972187844314
        },
        "sufficiencies @ 1.0": {
            "mean": 0.9916125877162206,
            "std": 0.05851291052808362
        },
        "comprehensiveness @ 1.0": {
            "mean": 0.8702365649905,
            "std": 0.26923184842683856
        },
        "AOPC - sufficiency": {
            "mean": 0.3324881490045655,
            "std": 0.14822867321227592
        },
        "AOPC - comprehensiveness": {
            "mean": 0.8476198313276577,
            "std": 0.16101564859243855
        }
    },
    "gradients": {
        "sufficiencies @ 0.01": {
            "mean": 0.06324608443918568,
            "std": 0.1430398981468633
        },
        "comprehensiveness @ 0.01": {
            "mean": 0.8227615308908652,
            "std": 0.2566806558201173
        },
        "sufficiencies @ 0.02": {
            "mean": 0.08514537462280783,
            "std": 0.15255759282622045
        },
        "comprehensiveness @ 0.02": {
            "mean": 0.8132929276035052,
            "std": 0.26366797607357556
        },
        "sufficiencies @ 0.05": {
            "mean": 0.09662063818148572,
            "std": 0.16003375536846579
        },
        "comprehensiveness @ 0.05": {
            "mean": 0.8035821407026927,
            "std": 0.2785039637637469
        },
        "sufficiencies @ 0.1": {
            "mean": 0.13052486484415401,
            "std": 0.18376381035856532
        },
        "comprehensiveness @ 0.1": {
            "mean": 0.7970015995705942,
            "std": 0.27974517688072104
        },
        "sufficiencies @ 0.2": {
            "mean": 0.25306449649516216,
            "std": 0.32037030364267716
        },
        "comprehensiveness @ 0.2": {
            "mean": 0.8082539012183958,
            "std": 0.22475054526397387
        },
        "sufficiencies @ 0.5": {
            "mean": 0.2362922760830571,
            "std": 0.31904532368690613
        },
        "comprehensiveness @ 0.5": {
            "mean": 0.8465007921984372,
            "std": 0.19294785970812245
        },
        "sufficiencies @ 1.0": {
            "mean": 0.9955139889892715,
            "std": 0.031205107728473264
        },
        "comprehensiveness @ 1.0": {
            "mean": 0.869971289146937,
            "std": 0.2694279172902728
        },
        "AOPC - sufficiency": {
            "mean": 0.265772531950732,
            "std": 0.15396658698699425
        },
        "AOPC - comprehensiveness": {
            "mean": 0.8230520259044897,
            "std": 0.18779967595129518
        }
    },
    "scaled attention": {
        "sufficiencies @ 0.01": {
            "mean": 0.10067596922323208,
            "std": 0.1550325735187571
        },
        "comprehensiveness @ 0.01": {
            "mean": 0.7976901159964265,
            "std": 0.2608006517078591
        },
        "sufficiencies @ 0.02": {
            "mean": 0.12205015270961651,
            "std": 0.16244050993420472
        },
        "comprehensiveness @ 0.02": {
            "mean": 0.8067375990150765,
            "std": 0.2519611911547306
        },
        "sufficiencies @ 0.05": {
            "mean": 0.17048257840725328,
            "std": 0.17944748274886
        },
        "comprehensiveness @ 0.05": {
            "mean": 0.809583327949198,
            "std": 0.25361573488345823
        },
        "sufficiencies @ 0.1": {
            "mean": 0.3068435971971297,
            "std": 0.347767464765263
        },
        "comprehensiveness @ 0.1": {
            "mean": 0.8409640828553792,
            "std": 0.2608967741376392
        },
        "sufficiencies @ 0.2": {
            "mean": 0.28356669079453467,
            "std": 0.316515052073861
        },
        "comprehensiveness @ 0.2": {
            "mean": 0.9096326261830767,
            "std": 0.1069393100462892
        },
        "sufficiencies @ 0.5": {
            "mean": 0.36010431079795796,
            "std": 0.3581411516103289
        },
        "comprehensiveness @ 0.5": {
            "mean": 0.9042467402909159,
            "std": 0.12057510099573472
        },
        "sufficiencies @ 1.0": {
            "mean": 0.9969328463740134,
            "std": 0.02127503659629235
        },
        "comprehensiveness @ 1.0": {
            "mean": 0.8697073354323177,
            "std": 0.2696243591331167
        },
        "AOPC - sufficiency": {
            "mean": 0.3343794493576769,
            "std": 0.15589112289587237
        },