{
    "gradients": {
        "sufficiency": {
            "mean": 0.12291538457698357,
            "std": 0.23402423067107705
        },
        "comprehensiveness": {
            "mean": 0.30672802880736605,
            "std": 0.4110465779408875
        },
        "AOPC - sufficiency": {
            "mean": 0.12045656911570038,
            "std": 0.15436015822575916
        },
        "AOPC - comprehensiveness": {
            "mean": 0.3606997044191331,
            "std": 0.2025789059503939
        }
    },
    "ig": {
        "sufficiency": {
            "mean": 0.15065602742361534,
            "std": 0.2614406575099207
        },
        "comprehensiveness": {
            "mean": 0.32823367046723445,
            "std": 0.41703792720668
        },
        "AOPC - sufficiency": {
            "mean": 0.12256954603313544,
            "std": 0.1619294786215699
        },
        "AOPC - comprehensiveness": {
            "mean": 0.36865157066948745,
            "std": 0.2154844499871864
        }
    },
    "attention": {
        "sufficiency": {
            "mean": 0.26693531186572045,
            "std": 0.34125995084733357
        },
        "comprehensiveness": {
            "mean": 0.6357428737174964,
            "std": 0.4036708953868297
        },
        "AOPC - sufficiency": {
            "mean": 0.17506753412655437,
            "std": 0.17379343884601287
        },
        "AOPC - comprehensiveness": {
            "mean": 0.5404242619794977,
            "std": 0.18675000456851068
        }
    },
    "random": {
        "sufficiency": {
            "mean": 0.09910969420072226,
            "std": 0.1978874790014011
        },
        "comprehensiveness": {
            "mean": 0.11863528653464983,
            "std": 0.27391690859310813
        },
        "AOPC - sufficiency": {
            "mean": 0.08722967148576619,
            "std": 0.1281649249267012
        },
        "AOPC - comprehensiveness": {
            "mean": 0.2544985092044118,
            "std": 0.14524292135949776
        }
    },
    "scaled attention": {
        "sufficiency": {
            "mean": 0.26188694623145053,
            "std": 0.3376346592186548
        },
        "comprehensiveness": {
            "mean": 0.6304550171961204,
            "std": 0.4031286441638363
        },
        "AOPC - sufficiency": {
            "mean": 0.17432068661836053,
            "std": 0.17386645591032296
        },
        "AOPC - comprehensiveness": {
            "mean": 0.538227753836542,
            "std": 0.18613243505778912
        }
    },
    "deeplift": {
        "sufficiency": {
            "mean": 0.10479600994242719,
            "std": 0.20081366692060218
        },
        "comprehensiveness": {
            "mean": 0.2939629602450899,
            "std": 0.39897659216563774
        },
        "AOPC - sufficiency": {
            "mean": 0.12257926944702757,
            "std": 0.1500548402401963
        },
        "AOPC - comprehensiveness": {
            "mean": 0.36875001656618994,
            "std": 0.19527238561247953
        }
    }
}