{
    "gradients": {
        "sufficiencies @ 0.01": {
            "mean": 0.07693781316646721,
            "std": 0.10786608388348944
        },
        "comprehensiveness @ 0.01": {
            "mean": 0.028666099890692673,
            "std": 0.0760176738160886
        },
        "sufficiencies @ 0.02": {
            "mean": 0.0984397957457937,
            "std": 0.14266838873404525
        },
        "comprehensiveness @ 0.02": {
            "mean": 0.10929114823462224,
            "std": 0.2697766483856315
        },
        "sufficiencies @ 0.05": {
            "mean": 0.10486050415688829,
            "std": 0.1899807671937222
        },
        "comprehensiveness @ 0.05": {
            "mean": 0.24292539504463287,
            "std": 0.39194275842506754
        },
        "sufficiencies @ 0.1": {
            "mean": 0.19104975337044358,
            "std": 0.2401689623455352
        },
        "comprehensiveness @ 0.1": {
            "mean": 0.382607734202249,
            "std": 0.4410463240268178
        },
        "sufficiencies @ 0.2": {
            "mean": 0.15733863263350803,
            "std": 0.19039378711432217
        },
        "comprehensiveness @ 0.2": {
            "mean": 0.47829408662321315,
            "std": 0.4377318600599306
        },
        "sufficiencies @ 0.5": {
            "mean": 0.18632994955502163,
            "std": 0.3212809932475073
        },
        "comprehensiveness @ 0.5": {
            "mean": 0.8809313193714773,
            "std": 0.1780285600861266
        },
        "sufficiencies @ 1.0": {
            "mean": 0.9823327665317466,
            "std": 0.061115153382939574
        },
        "comprehensiveness @ 1.0": {
            "mean": 0.9521185966459531,
            "std": 0.06881641278005489
        },
        "AOPC - sufficiency": {
            "mean": 0.25675560216569554,
            "std": 0.10368457880317851
        },
        "AOPC - comprehensiveness": {
            "mean": 0.43926205428754855,
            "std": 0.18858294313001478
        }
    },
    "ig": {
        "sufficiencies @ 0.01": {
            "mean": 0.0741612980034472,
            "std": 0.09085475682320196
        },
        "comprehensiveness @ 0.01": {
            "mean": 0.05545078222652565,
            "std": 0.19330321388329486
        },
        "sufficiencies @ 0.02": {
            "mean": 0.09902305034939364,
            "std": 0.11189187615753042
        },
        "comprehensiveness @ 0.02": {
            "mean": 0.05488450193861722,
            "std": 0.1933675830675367
        },
        "sufficiencies @ 0.05": {
            "mean": 0.18825870221603064,
            "std": 0.17328689274271472
        },
        "comprehensiveness @ 0.05": {
            "mean": 0.1351935542494525,
            "std": 0.2959933124592075
        },
        "sufficiencies @ 0.1": {
            "mean": 0.19800751409220382,
            "std": 0.2365570280050332
        },
        "comprehensiveness @ 0.1": {
            "mean": 0.20740003875971247,
            "std": 0.34772451660200987
        },
        "sufficiencies @ 0.2": {
            "mean": 0.15992572596457735,
            "std": 0.20874219042887115
        },
        "comprehensiveness @ 0.2": {
            "mean": 0.30050347732240257,
            "std": 0.34139871154943674
        },
        "sufficiencies @ 0.5": {
            "mean": 0.2506480376753537,
            "std": 0.23040171304716675
        },
        "comprehensiveness @ 0.5": {
            "mean": 0.8781600110616561,
            "std": 0.2671419339239479
        },
        "sufficiencies @ 1.0": {
            "mean": 0.9999999360579163,
            "std": 1.2969299317599311e-07
        },
        "comprehensiveness @ 1.0": {
            "mean": 0.9581340937875923,
            "std": 0.05397707670402333
        },
        "AOPC - sufficiency": {
            "mean": 0.28143203776556036,
            "std": 0.10700937687221296
        },
        "AOPC - comprehensiveness": {
            "mean": 0.3699609227637085,
            "std": 0.13045189472840504
        }
    },
    "deeplift": {
        "sufficiencies @ 0.01": {
            "mean": 0.06782520929046536,
            "std": 0.1106491342954974
        },
        "comprehensiveness @ 0.01": {
            "mean": 0.08661523707121706,
            "std": 0.2643792433085669
        },
        "sufficiencies @ 0.02": {
            "mean": 0.07484781968746065,
            "std": 0.14594780846561148
        },
        "comprehensiveness @ 0.02": {
            "mean": 0.12757143129453127,
            "std": 0.28061643216851073
        },
        "sufficiencies @ 0.05": {
            "mean": 0.10624434991030518,
            "std": 0.20997910507279255
        },
        "comprehensiveness @ 0.05": {
            "mean": 0.2775442997097032,
            "std": 0.43868979665460694
        },
        "sufficiencies @ 0.1": {
            "mean": 0.17172425725231172,
            "std": 0.2601410618620115
        },
        "comprehensiveness @ 0.1": {
            "mean": 0.4222565247037817,
            "std": 0.4090667332468694
        },
        "sufficiencies @ 0.2": {
            "mean": 0.1910887532756123,
            "std": 0.30057534111726186
        },
        "comprehensiveness @ 0.2": {
            "mean": 0.5986872929332752,
            "std": 0.3876347697004889
        },
        "sufficiencies @ 0.5": {
            "mean": 0.2301317282618388,
            "std": 0.24452284481619446
        },
        "comprehensiveness @ 0.5": {
            "mean": 0.9659865515859334,
            "std": 0.05861177724254653
        },
        "sufficiencies @ 1.0": {
            "mean": 0.999999936180433,
            "std": 1.2941116981047013e-07
        },
        "comprehensiveness @ 1.0": {
            "mean": 0.9412508339572092,
            "std": 0.09639260812040487
        },
        "AOPC - sufficiency": {
            "mean": 0.26312315055120383,
            "std": 0.15415948358260165
        },
        "AOPC - comprehensiveness": {
            "mean": 0.4885588816079502,
            "std": 0.2080586084498118
        }
    },
    "scaled attention": {
        "sufficiencies @ 0.01": {
            "mean": 0.061094789451026074,
            "std": 0.11265270568688271
        },
        "comprehensiveness @ 0.01": {
            "mean": 0.2911373069634352,
            "std": 0.4029203670858882
        },
        "sufficiencies @ 0.02": {
            "mean": 0.07058983823009585,
            "std": 0.14964261292366882
        },
        "comprehensiveness @ 0.02": {
            "mean": 0.30880140863741584,
            "std": 0.4143485861381542
        },
        "sufficiencies @ 0.05": {
            "mean": 0.07562903492839969,
            "std": 0.17050837355144174
        },
        "comprehensiveness @ 0.05": {
            "mean": 0.3378703541626459,
            "std": 0.3728181398297387
        },
        "sufficiencies @ 0.1": {
            "mean": 0.2063387467826747,
            "std": 0.3667175166067345
        },
        "comprehensiveness @ 0.1": {
            "mean": 0.45375199738292554,
            "std": 0.35857265318260173
        },
        "sufficiencies @ 0.2": {
            "mean": 0.26592187767548237,
            "std": 0.36349525272221
        },
        "comprehensiveness @ 0.2": {
            "mean": 0.64855069326429,
            "std": 0.39627017543285736
        },
        "sufficiencies @ 0.5": {
            "mean": 0.17069109297193366,
            "std": 0.34865700788757775
        },
        "comprehensiveness @ 0.5": {
            "mean": 0.9714374366994201,
            "std": 0.058437103984246154
        },
        "sufficiencies @ 1.0": {
            "mean": 0.9999174527306778,
            "std": 0.0004115663260502726
        },
        "comprehensiveness @ 1.0": {
            "mean": 0.9402231190388269,
            "std": 0.09751782641216877
        },
        "AOPC - sufficiency": {
            "mean": 0.26431183325289853,