,feature,Soft_sufficiency,Suff_ratio,Soft_comprehensiveness,Comp_ratio
0,random,0.6205215951884531,1.0,0.38016510120412805,1.0
1,attention,0.085694738088851,0.13810113741944052,0.35115052265927404,0.9236790056400397
2,scaled attention,0.09315920782174901,0.15013048465050835,0.299882545595793,0.7888218688300175
3,gradients,0.08504591897423901,0.13705553462391662,0.23288906807811302,0.6125998081898217
4,ig,0.49989782821066703,0.8056090748281654,0.5527575159638041,1.4539933155700244
5,deeplift,0.6754442807930671,1.0885105144292906,0.670871538146641,1.764684701519773
