{
    "gradients": {
        "sufficiencies @ 0.01": {
            "mean": 0.07168744690018748,
            "std": 0.1423474356351232
        },
        "comprehensiveness @ 0.01": {
            "mean": 0.886599040176367,
            "std": 0.17736573499157673
        },
        "sufficiencies @ 0.02": {
            "mean": 0.07198601827729838,
            "std": 0.14435865158528804
        },
        "comprehensiveness @ 0.02": {
            "mean": 0.8847865247106277,
            "std": 0.17963539823611277
        },
        "sufficiencies @ 0.05": {
            "mean": 0.07176889184356328,
            "std": 0.1420164914989907
        },
        "comprehensiveness @ 0.05": {
            "mean": 0.8792377661829238,
            "std": 0.18866107023159678
        },
        "sufficiencies @ 0.1": {
            "mean": 0.07151419339222725,
            "std": 0.14241945355053978
        },
        "comprehensiveness @ 0.1": {
            "mean": 0.8830207774809641,
            "std": 0.19556207361768457
        },
        "sufficiencies @ 0.2": {
            "mean": 0.07205328801473465,
            "std": 0.14333191790372998
        },
        "comprehensiveness @ 0.2": {
            "mean": 0.8940757994941816,
            "std": 0.17608581848048005
        },
        "sufficiencies @ 0.5": {
            "mean": 0.07176584819220409,
            "std": 0.14446232420017466
        },
        "comprehensiveness @ 0.5": {
            "mean": 0.8907739872311061,
            "std": 0.17703959748524167
        },
        "sufficiencies @ 1.0": {
            "mean": 0.07325953255378798,
            "std": 0.14899820521463178
        },
        "comprehensiveness @ 1.0": {
            "mean": 0.8577037640238107,
            "std": 0.2574187916416267
        },
        "AOPC - sufficiency": {
            "mean": 0.07200503131057187,
            "std": 0.14312419467928023
        },
        "AOPC - comprehensiveness": {
            "mean": 0.8823139513285688,
            "std": 0.14672510144881679
        }
    },
    "attention": {
        "sufficiencies @ 0.01": {
            "mean": 0.07132444514731105,
            "std": 0.14386932560552787
        },
        "comprehensiveness @ 0.01": {
            "mean": 0.8858003597586138,
            "std": 0.17792805569865394
        },
        "sufficiencies @ 0.02": {
            "mean": 0.07118558939853838,
            "std": 0.14244330774711383
        },
        "comprehensiveness @ 0.02": {
            "mean": 0.8828959716422942,
            "std": 0.18582200014020633
        },
        "sufficiencies @ 0.05": {
            "mean": 0.07201002601566366,
            "std": 0.14423165196423354
        },
        "comprehensiveness @ 0.05": {
            "mean": 0.8881845836293081,
            "std": 0.18479848450537012
        },
        "sufficiencies @ 0.1": {
            "mean": 0.07197773540488991,
            "std": 0.14244899029971467
        },
        "comprehensiveness @ 0.1": {
            "mean": 0.8983979433300806,
            "std": 0.18096175673455336
        },
        "sufficiencies @ 0.2": {
            "mean": 0.07176156297622503,
            "std": 0.14371557414597502
        },
        "comprehensiveness @ 0.2": {
            "mean": 0.9159245979416865,
            "std": 0.15311655776238786
        },
        "sufficiencies @ 0.5": {
            "mean": 0.07194325009410726,
            "std": 0.14297777715633386
        },
        "comprehensiveness @ 0.5": {
            "mean": 0.8996855273021649,
            "std": 0.17048981867210514
        },
        "sufficiencies @ 1.0": {
            "mean": 0.07248054302153104,
            "std": 0.14765489604478343
        },
        "comprehensiveness @ 1.0": {
            "mean": 0.857164778424381,
            "std": 0.2577086295878385
        },
        "AOPC - sufficiency": {
            "mean": 0.07181187886546662,
            "std": 0.14305352113014938
        },
        "AOPC - comprehensiveness": {
            "mean": 0.8897219660040755,
            "std": 0.1402585720834859
        }
    },
    "random": {
        "sufficiencies @ 0.01": {
            "mean": 0.07026483047716127,
            "std": 0.1388177641194036
        },
        "comprehensiveness @ 0.01": {
            "mean": 0.8883232577102903,
            "std": 0.17567383076206747
        },
        "sufficiencies @ 0.02": {
            "mean": 0.07180705998530741,
            "std": 0.14109597011640573
        },
        "comprehensiveness @ 0.02": {
            "mean": 0.8800075840231979,
            "std": 0.18897465843359523
        },
        "sufficiencies @ 0.05": {
            "mean": 0.07157870175949803,
            "std": 0.14315458493727307
        },
        "comprehensiveness @ 0.05": {
            "mean": 0.8773871938444168,
            "std": 0.18794382893880443
        },
        "sufficiencies @ 0.1": {
            "mean": 0.0708023714312366,
            "std": 0.13818149575982738
        },
        "comprehensiveness @ 0.1": {
            "mean": 0.8906642554401567,
            "std": 0.17765321852363627
        },
        "sufficiencies @ 0.2": {
            "mean": 0.07086464776538985,
            "std": 0.1399444689068644
        },
        "comprehensiveness @ 0.2": {
            "mean": 0.9097625306365614,
            "std": 0.14760208620564955
        },
        "sufficiencies @ 0.5": {
            "mean": 0.07099253543393336,
            "std": 0.13998475143503258
        },
        "comprehensiveness @ 0.5": {
            "mean": 0.8893168480367183,
            "std": 0.1736638985236079
        },
        "sufficiencies @ 1.0": {
            "mean": 0.07152087772391152,
            "std": 0.13954293125715878
        },
        "comprehensiveness @ 1.0": {
            "mean": 0.856925590163543,
            "std": 0.25763662221464073
        },
        "AOPC - sufficiency": {
            "mean": 0.071118717796634,
            "std": 0.138962204131066
        },
        "AOPC - comprehensiveness": {
            "mean": 0.8846267514078405,
            "std": 0.13642135857456897
        }
    },
    "deeplift": {
        "sufficiencies @ 0.01": {
            "mean": 0.07215281694956834,
            "std": 0.14376205614993245
        },
        "comprehensiveness @ 0.01": {
            "mean": 0.8837539661809245,
            "std": 0.18537152475897323
        },
        "sufficiencies @ 0.02": {
            "mean": 0.07180983740782647,
            "std": 0.1422466491385065
        },
        "comprehensiveness @ 0.02": {
            "mean": 0.8858679887100086,
            "std": 0.18240911517651562
        },
        "sufficiencies @ 0.05": {
            "mean": 0.07356553395296667,
            "std": 0.14503750888636177
        },
        "comprehensiveness @ 0.05": {
            "mean": 0.8865656560893986,
            "std": 0.18023810643693888
        },
        "sufficiencies @ 0.1": {
            "mean": 0.07186153826049825,
            "std": 0.14286727354997955
        },
        "comprehensiveness @ 0.1": {
            "mean": 0.8973028335471636,
            "std": 0.17250634638076798
        },
        "sufficiencies @ 0.2": {
            "mean": 0.07251458272804545,
            "std": 0.141736995177349
        },
        "comprehensiveness @ 0.2": {
            "mean": 0.9185888230475117,
            "std": 0.1414576438698213
        },
        "sufficiencies @ 0.5": {
            "mean": 0.07261301382161253,
            "std": 0.14629948997334494
        },
        "comprehensiveness @ 0.5": {
            "mean": 0.9225383311856264,
            "std": 0.13560887890121484
        },
        "sufficiencies @ 1.0": {
            "mean": 0.07392944128870478,
            "std": 0.14623670186363577
        },
        "comprehensiveness @ 1.0": {
            "mean": 0.8565279272515991,
            "std": 0.2578302504616562
        },
        "AOPC - sufficiency": {
            "mean": 0.07263525205846035,
            "std": 0.14313426953011693
        },