{
    "gradients": {
        "sufficiencies @ 1.0": {
            "mean": 0.7993493267992721,
            "std": 0.355449955552779
        },
        "comprehensiveness @ 1.0": {
            "mean": 0.8990037076432115,
            "std": 0.1536124587365131
        },
        "AOPC - sufficiency": {
            "mean": 0.789571235297077,
            "std": 0.2951815807937614
        },
        "AOPC - comprehensiveness": {
            "mean": 0.9115754712575932,
            "std": 0.10814138061738644
        }
    },
    "attention": {
        "sufficiencies @ 1.0": {
            "mean": 0.8620581017845662,
            "std": 0.29141737460193307
        },
        "comprehensiveness @ 1.0": {
            "mean": 0.903331678071223,
            "std": 0.12936044788600162
        },
        "AOPC - sufficiency": {
            "mean": 0.8308277848812513,
            "std": 0.2692037684642955
        },
        "AOPC - comprehensiveness": {
            "mean": 0.906719465214602,
            "std": 0.11657465814459461
        }
    },
    "random": {
        "sufficiencies @ 1.0": {
            "mean": 0.7766880275634017,
            "std": 0.36743520171916677
        },
        "comprehensiveness @ 1.0": {
            "mean": 0.9006471920761489,
            "std": 0.12599696887305797
        },
        "AOPC - sufficiency": {
            "mean": 0.784006881332633,
            "std": 0.3005083447531749
        },
        "AOPC - comprehensiveness": {
            "mean": 0.9033033291031258,
            "std": 0.11757455050231619
        }
    },
    "scaled attention": {
        "sufficiencies @ 1.0": {
            "mean": 0.8187913154007305,
            "std": 0.3288657275024901
        },
        "comprehensiveness @ 1.0": {
            "mean": 0.9076349494840186,
            "std": 0.13023301020290537
        },
        "AOPC - sufficiency": {
            "mean": 0.8350917298046441,
            "std": 0.27910220638876365
        },
        "AOPC - comprehensiveness": {
            "mean": 0.9088282460681516,
            "std": 0.11579424608188528
        }
    },
    "ig": {
        "sufficiencies @ 1.0": {
            "mean": 0.8237258786002819,
            "std": 0.34214352409991056
        },
        "comprehensiveness @ 1.0": {
            "mean": 0.9018467964486998,
            "std": 0.13395179372632776
        },
        "AOPC - sufficiency": {
            "mean": 0.8190659080396542,
            "std": 0.2832901374903752
        },
        "AOPC - comprehensiveness": {
            "mean": 0.9039456855799972,
            "std": 0.11594635515565688
        }
    },
    "deeplift": {
        "sufficiencies @ 1.0": {
            "mean": 0.8649718656272298,
            "std": 0.29277828734936945
        },
        "comprehensiveness @ 1.0": {
            "mean": 0.9100698434319578,
            "std": 0.11451644222175532
        },
        "AOPC - sufficiency": {
            "mean": 0.8454291080949086,
            "std": 0.27317301982872094
        },
        "AOPC - comprehensiveness": {
            "mean": 0.9057863617947747,
            "std": 0.11468038764807574
        }
    }
}