{
<<<<<<< HEAD
    "deeplift": {
        "sufficiency": {
            "mean": 0.20523579844066642,
            "std": 0.2538243973650384
        },
        "comprehensiveness": {
            "mean": 0.6990440279628225,
            "std": 0.389209683776232
        },
        "AOPC - sufficiency": {
            "mean": 0.19254057099053742,
            "std": 0.1874285244450637
        },
        "AOPC - comprehensiveness": {
            "mean": 0.6085905616919596,
            "std": 0.21458760678040967
        }
    },
    "ig": {
        "sufficiency": {
            "mean": 0.12452650359478298,
            "std": 0.19075410462708262
        },
        "comprehensiveness": {
            "mean": 0.567060970970481,
            "std": 0.41975840384272545
        },
        "AOPC - sufficiency": {
            "mean": 0.10566934007562917,
            "std": 0.13127460170017152
        },
        "AOPC - comprehensiveness": {
            "mean": 0.5055359730502663,
            "std": 0.2558347222492468
=======
    "random": {
        "sufficiencies @ 0.01": {
            "mean": 0.10302995142996385,
            "std": 0.17695813536160696
        },
        "comprehensiveness @ 0.01": {
            "mean": 0.3328309798475863,
            "std": 0.40444694722248714
        },
        "sufficiencies @ 0.02": {
            "mean": 0.1078345205214183,
            "std": 0.177506974164324
        },
        "comprehensiveness @ 0.02": {
            "mean": 0.3420976189274563,
            "std": 0.40307192275491605
        },
        "sufficiencies @ 0.05": {
            "mean": 0.10972326599185796,
            "std": 0.18524699593565494
        },
        "comprehensiveness @ 0.05": {
            "mean": 0.36920553592819627,
            "std": 0.4148319452509933
        },
        "sufficiencies @ 0.1": {
            "mean": 0.11564206995565941,
            "std": 0.18474000723352443
        },
        "comprehensiveness @ 0.1": {
            "mean": 0.37944220434131937,
            "std": 0.4071685614719833
        },
        "sufficiencies @ 0.2": {
            "mean": 0.14286612618124162,
            "std": 0.21120935629498952
        },
        "comprehensiveness @ 0.2": {
            "mean": 0.4297302016210954,
            "std": 0.4209568087895546
        },
        "sufficiencies @ 0.5": {
            "mean": 0.16255776079364143,
            "std": 0.2395398950287684
        },
        "comprehensiveness @ 0.5": {
            "mean": 0.6762526305376898,
            "std": 0.35606811573733854
        },
        "sufficiencies @ 1.0": {
            "mean": 0.48505597919936255,
            "std": 0.41287759503420157
        },
        "comprehensiveness @ 1.0": {
            "mean": 0.8338083686635878,
            "std": 0.24449415301643354
        },
        "AOPC - sufficiency": {
            "mean": 0.17524423915330645,
            "std": 0.1577015850119998
        },
        "AOPC - comprehensiveness": {
            "mean": 0.48048107712384736,
            "std": 0.2790994664785364
        }
    },
    "scaled attention": {
        "sufficiencies @ 0.01": {
            "mean": 0.08720162420220003,
            "std": 0.15626172882975073
        },
        "comprehensiveness @ 0.01": {
            "mean": 0.38833720631103896,
            "std": 0.4354112518361507
        },
        "sufficiencies @ 0.02": {
            "mean": 0.08844904230821922,
            "std": 0.1573692063058429
        },
        "comprehensiveness @ 0.02": {
            "mean": 0.4168305303727084,
            "std": 0.43943696631741846
        },
        "sufficiencies @ 0.05": {
            "mean": 0.09640261711927237,
            "std": 0.1511637953711338
        },
        "comprehensiveness @ 0.05": {
            "mean": 0.5046746383639609,
            "std": 0.4370422907885918
        },
        "sufficiencies @ 0.1": {
            "mean": 0.09744102167160652,
            "std": 0.1535812576441751
        },
        "comprehensiveness @ 0.1": {
            "mean": 0.6202230400702744,
            "std": 0.39831585009266823
        },
        "sufficiencies @ 0.2": {
            "mean": 0.09868840125805813,
            "std": 0.1481646080430328
        },
        "comprehensiveness @ 0.2": {
            "mean": 0.7609138175427043,
            "std": 0.3341739673213159
        },
        "sufficiencies @ 0.5": {
            "mean": 0.09117895638381654,
            "std": 0.14545831051366256
        },
        "comprehensiveness @ 0.5": {
            "mean": 0.8372202910663071,
            "std": 0.23214085283599176
        },
        "sufficiencies @ 1.0": {
            "mean": 0.09613436671845992,
            "std": 0.15161792068401034
        },
        "comprehensiveness @ 1.0": {
            "mean": 0.8924844438589287,
            "std": 0.18017514772983895
        },
        "AOPC - sufficiency": {
            "mean": 0.09364228995166181,
            "std": 0.12992943262151097
        },
        "AOPC - comprehensiveness": {
            "mean": 0.6315262810837032,
            "std": 0.24231494993903052
>>>>>>> 650696422f9f8c46d0e027e637ba4eed131666d3
        }
    },
    "deeplift": {
        "sufficiencies @ 0.01": {
            "mean": 0.1982402839675509,
            "std": 0.24925087598058585
        },
        "comprehensiveness @ 0.01": {
            "mean": 0.6451763047617515,
            "std": 0.40686881055857704
        },
        "sufficiencies @ 0.02": {
            "mean": 0.19634168773403207,
            "std": 0.2468570184849498
        },
        "comprehensiveness @ 0.02": {
            "mean": 0.6505416905239085,
            "std": 0.40425874369558235
        },
        "sufficiencies @ 0.05": {
            "mean": 0.19158250689885972,
            "std": 0.24195341096272932
        },
        "comprehensiveness @ 0.05": {
            "mean": 0.6801672319116883,
            "std": 0.3912074611058454
        },
        "sufficiencies @ 0.1": {
            "mean": 0.21121200616215208,
            "std": 0.25910358140683976
        },
        "comprehensiveness @ 0.1": {
            "mean": 0.7059881226852254,
            "std": 0.3756971208568545
        },
        "sufficiencies @ 0.2": {
            "mean": 0.2268343852664897,
            "std": 0.2769298505946641
        },
        "comprehensiveness @ 0.2": {
            "mean": 0.7612579896409711,
            "std": 0.3501590299381833
        },
        "sufficiencies @ 0.5": {
            "mean": 0.34964477994393395,
            "std": 0.3733947958401558
        },
        "comprehensiveness @ 0.5": {
            "mean": 0.9452119782981512,
            "std": 0.12632775123668905
        },
        "sufficiencies @ 1.0": {
            "mean": 0.5747650951122643,
            "std": 0.4088342725247356
        },
        "comprehensiveness @ 1.0": {
            "mean": 0.9203870728566949,
            "std": 0.15222836758202543
        },
        "AOPC - sufficiency": {
            "mean": 0.2783743921550404,
            "std": 0.21216687136608559
        },
        "AOPC - comprehensiveness": {
            "mean": 0.7583900558111986,
            "std": 0.24951904242974643
        }
    },
    "gradients": {
        "sufficiencies @ 0.01": {
            "mean": 0.05376467587253194,
            "std": 0.14029314637527843
        },
        "comprehensiveness @ 0.01": {
            "mean": 0.21690526553642459,
            "std": 0.3645660693988797
        },
        "sufficiencies @ 0.02": {
            "mean": 0.0485556732576144,
            "std": 0.13013069868422475
        },
        "comprehensiveness @ 0.02": {
            "mean": 0.23510902250195684,
            "std": 0.37750413992276965
        },
        "sufficiencies @ 0.05": {
            "mean": 0.04969784651363835,
            "std": 0.12743859061462598
        },
        "comprehensiveness @ 0.05": {
            "mean": 0.26749935684093035,
            "std": 0.39281876496058804
        },