{
    "attention": {
        "sufficiencies @ 1.0": {
            "mean": 0.18380670608975777,
            "std": 0.18190000774337725
        },
        "comprehensiveness @ 1.0": {
            "mean": 1.0,
            "std": 0.0
        },
        "AOPC - sufficiency": {
            "mean": 0.1775075567471449,
            "std": 0.1607912670424489
        },
        "AOPC - comprehensiveness": {
            "mean": 0.9995171397531626,
            "std": 0.00016461447160712772
        }
    },
    "gradients": {
        "sufficiencies @ 1.0": {
            "mean": 0.17584632241977,
            "std": 0.174598867760413
        },
        "comprehensiveness @ 1.0": {
            "mean": 0.9988738656739565,
            "std": 0.00038370935303641253
        },
        "AOPC - sufficiency": {
            "mean": 0.1732351317003055,
            "std": 0.16282502838386673
        },
        "AOPC - comprehensiveness": {
            "mean": 0.9983922179079209,
            "std": 0.0005474455936571598
        }
    },
    "ig": {
        "sufficiencies @ 1.0": {
            "mean": 0.18720501847895646,
            "std": 0.16831401539175397
        },
        "comprehensiveness @ 1.0": {
            "mean": 0.9977505582019063,
            "std": 0.0007653719398072136
        },
        "AOPC - sufficiency": {
            "mean": 0.1842268594378369,
            "std": 0.1575211487881313
        },
        "AOPC - comprehensiveness": {
            "mean": 0.997270117823642,
            "std": 0.0009282354236118732
        }
    },
    "random": {
        "sufficiencies @ 1.0": {
            "mean": 0.1886673795826153,
            "std": 0.1736210221226762
        },
        "comprehensiveness @ 1.0": {
            "mean": 0.9966300657140085,
            "std": 0.0011450005146667556
        },
        "AOPC - sufficiency": {
            "mean": 0.19314036177733127,
            "std": 0.16156457371477181
        },
        "AOPC - comprehensiveness": {
            "mean": 0.9961508276616741,
            "std": 0.0013069966739859178
        }
    },
    "deeplift": {
        "sufficiencies @ 1.0": {
            "mean": 0.18426641981047867,
            "std": 0.16697754281957988
        },
        "comprehensiveness @ 1.0": {
            "mean": 0.9955123764130824,
            "std": 0.001522607734570222
        },
        "AOPC - sufficiency": {
            "mean": 0.18345251881035932,
            "std": 0.15933212685088646
        },
        "AOPC - comprehensiveness": {
            "mean": 0.9950343356557709,
            "std": 0.0016837419603013262
        }
    },
    "scaled attention": {
        "sufficiencies @ 1.0": {
            "mean": 0.18228430211112326,
            "std": 0.16789739351134658
        },
        "comprehensiveness @ 1.0": {
            "mean": 0.9943974785740172,
            "std": 0.001898206159970513
        },
        "AOPC - sufficiency": {
            "mean": 0.18157443525279157,
            "std": 0.15720138897071154
        },
        "AOPC - comprehensiveness": {
            "mean": 0.9939206301115051,
            "std": 0.0020584838019603235
        }
    }
}