{
    "gradients": {
        "sufficiency": {
            "mean": 0.049847618333497226,
            "std": 0.1298822980398362
        },
        "comprehensiveness": {
            "mean": 0.2128988654168644,
            "std": 0.3673674136143181
        },
        "AOPC - sufficiency": {
            "mean": 0.04534914623775166,
            "std": 0.09025651943675478
        },
        "AOPC - comprehensiveness": {
            "mean": 0.17076079285899481,
            "std": 0.2744233794949445
        }
    },
    "ig": {
        "sufficiency": {
            "mean": 0.12819762296361656,
            "std": 0.190059033376037
        },
        "comprehensiveness": {
            "mean": 0.5141556854035224,
            "std": 0.4344983171005111
        },
        "AOPC - sufficiency": {
            "mean": 0.1069051319235659,
            "std": 0.1346506706543677
        },
        "AOPC - comprehensiveness": {
            "mean": 0.4153163822924907,
            "std": 0.3220625533330209
        }
    },
    "attention": {
        "sufficiency": {
            "mean": 0.0827341057150979,
            "std": 0.12832618899539963
        },
        "comprehensiveness": {
            "mean": 0.3336954781294369,
            "std": 0.4311066927569496
        },
        "AOPC - sufficiency": {
            "mean": 0.06415757038140313,
            "std": 0.08499912748225218
        },
        "AOPC - comprehensiveness": {
            "mean": 0.26800896523349604,
            "std": 0.3356627499236237
        }
    },
    "deeplift": {
        "sufficiency": {
            "mean": 0.21074877993625257,
            "std": 0.2564808626814075
        },
        "comprehensiveness": {
            "mean": 0.6487131077651326,
            "std": 0.40838254449101014
        },
        "AOPC - sufficiency": {
            "mean": 0.19377142812609144,
            "std": 0.1879191406461977
        },
        "AOPC - comprehensiveness": {
            "mean": 0.5138416547544291,
            "std": 0.2970516373519452
        }
    },
    "scaled attention": {
        "sufficiency": {
            "mean": 0.1005450786977669,
            "std": 0.15835579630619773
        },
        "comprehensiveness": {
            "mean": 0.29012762719447627,
            "std": 0.4158053775759056
        },
        "AOPC - sufficiency": {
            "mean": 0.0789038221759368,
            "std": 0.1115053328334122
        },
        "AOPC - comprehensiveness": {
            "mean": 0.24041084494153087,
            "std": 0.32556648782463954
        }
    },
    "random": {
        "sufficiency": {
            "mean": 0.12020665278469457,
            "std": 0.18336079284502527
        },
        "comprehensiveness": {
            "mean": 0.33304732041743035,
            "std": 0.39740542199077716
        },
        "AOPC - sufficiency": {
            "mean": 0.1084846359512508,
            "std": 0.1415329490633708
        },
        "AOPC - comprehensiveness": {
            "mean": 0.2692516823715798,
            "std": 0.28212832967118895
        }
    }
}