{
    "attention": {
        "sufficiencies @ 0.01": {
            "mean": 0.13829194594700028,
            "std": 0.22831696596917184
        },
        "comprehensiveness @ 0.01": {
            "mean": 0.76613941448933,
            "std": 0.35237460039748725
        },
        "sufficiencies @ 0.02": {
            "mean": 0.1383260820773007,
            "std": 0.22833449301122682
        },
        "comprehensiveness @ 0.02": {
            "mean": 0.9032869075409536,
            "std": 0.1728612835125083
        },
        "sufficiencies @ 0.05": {
            "mean": 0.13836020884416295,
            "std": 0.22835202442524302
        },
        "comprehensiveness @ 0.05": {
            "mean": 0.9042482112041021,
            "std": 0.16991911330026377
        },
        "sufficiencies @ 0.1": {
            "mean": 0.13839432625166762,
            "std": 0.22836956020262175
        },
        "comprehensiveness @ 0.1": {
            "mean": 0.9039967404284323,
            "std": 0.16970357473801564
        },
        "sufficiencies @ 0.2": {
            "mean": 0.13842843430389276,
            "std": 0.22838710033477516
        },
        "comprehensiveness @ 0.2": {
            "mean": 0.900962477400218,
            "std": 0.1754137205063884
        },
        "sufficiencies @ 0.5": {
            "mean": 0.13846253300491385,
            "std": 0.22840464481312622
        },
        "comprehensiveness @ 0.5": {
            "mean": 0.8883800535726333,
            "std": 0.19923693846197335
        },
        "sufficiencies @ 1.0": {
            "mean": 0.13825780044917846,
            "std": 0.2282994433076875
        },
        "comprehensiveness @ 1.0": {
            "mean": 0.935601874001963,
            "std": 0.13397643497939474
        },
        "AOPC - sufficiency": {
            "mean": 0.13836019012544523,
            "std": 0.22835201529272955
        },
        "AOPC - comprehensiveness": {
            "mean": 0.8860879540910904,
            "std": 0.16819607609618983
        }
    },
    "ig": {
        "sufficiencies @ 0.01": {
            "mean": 0.1385307023696333,
            "std": 0.22843974677416662
        },
        "comprehensiveness @ 0.01": {
            "mean": 0.7374504175576023,
            "std": 0.3569574836099576
        },
        "sufficiencies @ 0.02": {
            "mean": 0.13856477304147008,
            "std": 0.22845730423975574
        },
        "comprehensiveness @ 0.02": {
            "mean": 0.9059426798704544,
            "std": 0.16854916242229318
        },
        "sufficiencies @ 0.05": {
            "mean": 0.13859883437837942,
            "std": 0.22847486601734185
        },
        "comprehensiveness @ 0.05": {
            "mean": 0.9138300965256854,
            "std": 0.16264645875932734
        },
        "sufficiencies @ 0.1": {
            "mean": 0.13863288638442423,
            "std": 0.22849243209840173
        },
        "comprehensiveness @ 0.1": {
            "mean": 0.9033536412287732,
            "std": 0.17052050487801776
        },
        "sufficiencies @ 0.2": {
            "mean": 0.1386669290636648,
            "std": 0.22851000247442285
        },
        "comprehensiveness @ 0.2": {
            "mean": 0.8994784278847702,
            "std": 0.17301291004122876
        },
        "sufficiencies @ 0.5": {
            "mean": 0.1387009624201589,
            "std": 0.22852757713690333
        },
        "comprehensiveness @ 0.5": {
            "mean": 0.8894324832992434,
            "std": 0.18857279431610252
        },
        "sufficiencies @ 1.0": {
            "mean": 0.1384966223588039,
            "std": 0.22842219362910846
        },
        "comprehensiveness @ 1.0": {
            "mean": 0.9314205992681698,
            "std": 0.14663646656367083
        },
        "AOPC - sufficiency": {
            "mean": 0.1385988157166478,
            "std": 0.22847485687133398
        },
        "AOPC - comprehensiveness": {
            "mean": 0.8829869065192425,
            "std": 0.16495935316262078
        }
    },
    "scaled attention": {
        "sufficiencies @ 0.01": {
            "mean": 0.13876900118112603,
            "std": 0.2285627392872886
        },
        "comprehensiveness @ 0.01": {
            "mean": 0.7653960657115697,
            "std": 0.3526918055279645
        },
        "sufficiencies @ 0.02": {
            "mean": 0.13880300659370196,
            "std": 0.22858032675824308
        },
        "comprehensiveness @ 0.02": {
            "mean": 0.9025100565309119,
            "std": 0.17337185816173092
        },
        "sufficiencies @ 0.05": {
            "mean": 0.13883700269973726,
            "std": 0.22859791848175645
        },
        "comprehensiveness @ 0.05": {
            "mean": 0.9038790584359587,
            "std": 0.1701256824834481
        },
        "sufficiencies @ 0.1": {
            "mean": 0.138870989503277,
            "std": 0.22861551444938014
        },
        "comprehensiveness @ 0.1": {
            "mean": 0.9030339767235154,
            "std": 0.17045407471883686
        },
        "sufficiencies @ 0.2": {
            "mean": 0.13890496700836386,
            "std": 0.22863311465267633
        },
        "comprehensiveness @ 0.2": {
            "mean": 0.9007532698957318,
            "std": 0.17531179159646845
        },
        "sufficiencies @ 0.5": {
            "mean": 0.13893893521903788,
            "std": 0.2286507190832178
        },
        "comprehensiveness @ 0.5": {
            "mean": 0.8863796918840613,
            "std": 0.19896476929454074
        },
        "sufficiencies @ 1.0": {
            "mean": 0.13873498645796173,
            "std": 0.22854515607735207
        },
        "comprehensiveness @ 1.0": {
            "mean": 0.9310090175992632,
            "std": 0.14676426766992265
        },
        "AOPC - sufficiency": {
            "mean": 0.13883698409474365,
            "std": 0.22859790932258725
        },
        "AOPC - comprehensiveness": {
            "mean": 0.8847087338258588,
            "std": 0.1704598456259615
        }
    },
    "gradients": {
        "sufficiencies @ 0.01": {
            "mean": 0.13900684377329556,
            "std": 0.22868594059238057
        },
        "comprehensiveness @ 0.01": {
            "mean": 0.7579110572121471,
            "std": 0.3489613870210713
        },
        "sufficiencies @ 0.02": {
            "mean": 0.1390407841249469,
            "std": 0.22870355765420036
        },
        "comprehensiveness @ 0.02": {
            "mean": 0.9049597193105859,
            "std": 0.17549583779569677
        },
        "sufficiencies @ 0.05": {
            "mean": 0.13907471519832074,
            "std": 0.2287211789096623
        },
        "comprehensiveness @ 0.05": {
            "mean": 0.9029145356871273,
            "std": 0.16766009868226883
        },
        "sufficiencies @ 0.1": {
            "mean": 0.13910863699744477,
            "std": 0.22873880435039212
        },
        "comprehensiveness @ 0.1": {
            "mean": 0.9030454294023483,
            "std": 0.16989424714436457
        },
        "sufficiencies @ 0.2": {
            "mean": 0.13914254952634406,
            "std": 0.22875643396802597
        },
        "comprehensiveness @ 0.2": {
            "mean": 0.8977728665634841,
            "std": 0.17536765072310853
        },
        "sufficiencies @ 0.5": {
            "mean": 0.1391764527890411,
            "std": 0.2287740677542106
        },
        "comprehensiveness @ 0.5": {
            "mean": 0.8852239375066354,
            "std": 0.19757241052282884
        },
        "sufficiencies @ 1.0": {
            "mean": 0.13897289413933678,
            "std": 0.22866832773258788
        },
        "comprehensiveness @ 1.0": {
            "mean": 0.930588878785547,
            "std": 0.14689176104125834
        },
        "AOPC - sufficiency": {
            "mean": 0.13907469664981856,
            "std": 0.22872116973766113
        },