{
    "scaled attention": {
        "sufficiencies @ 0.01": {
            "mean": 0.09089902305368061,
            "std": 0.12665127249024322
        },
        "comprehensiveness @ 0.01": {
            "mean": 0.8604941260545155,
            "std": 0.1959530278239415
        },
        "sufficiencies @ 0.02": {
            "mean": 0.09095815486986672,
            "std": 0.126697328911413
        },
        "comprehensiveness @ 0.02": {
            "mean": 0.8519033135947754,
            "std": 0.21011191603984467
        },
        "sufficiencies @ 0.05": {
            "mean": 0.09101725653575853,
            "std": 0.12674339688516822
        },
        "comprehensiveness @ 0.05": {
            "mean": 0.848214532779694,
            "std": 0.21503707238930067
        },
        "sufficiencies @ 0.1": {
            "mean": 0.09107632811207872,
            "std": 0.12678947620800032
        },
        "comprehensiveness @ 0.1": {
            "mean": 0.8481033536941809,
            "std": 0.21475363050003596
        },
        "sufficiencies @ 0.2": {
            "mean": 0.09113536965924735,
            "std": 0.1268355666784074
        },
        "comprehensiveness @ 0.2": {
            "mean": 0.8474798065415645,
            "std": 0.21527811346893086
        },
        "sufficiencies @ 0.5": {
            "mean": 0.09119438123738398,
            "std": 0.12688166809687268
        },
        "comprehensiveness @ 0.5": {
            "mean": 0.8475544816745051,
            "std": 0.21523784707200022
        },
        "sufficiencies @ 1.0": {
            "mean": 0.09083986102617259,
            "std": 0.12660522782719613
        },
        "comprehensiveness @ 1.0": {
            "mean": 0.710939718450632,
            "std": 0.3379325396447366
        },
        "AOPC - sufficiency": {
            "mean": 0.09101719635631264,
            "std": 0.12674332721113554
        },
        "AOPC - comprehensiveness": {
            "mean": 0.8306699046842668,
            "std": 0.19241954997553923
        }
    },
    "gradients": {
        "sufficiencies @ 0.01": {
            "mean": 0.09131231472555067,
            "std": 0.1269739029897075
        },
        "comprehensiveness @ 0.01": {
            "mean": 0.8661930586068748,
            "std": 0.18481819169348554
        },
        "sufficiencies @ 0.02": {
            "mean": 0.0913712367543374,
            "std": 0.1270200360747771
        },
        "comprehensiveness @ 0.02": {
            "mean": 0.8661319428764084,
            "std": 0.18485350416260796
        },
        "sufficiencies @ 0.05": {
            "mean": 0.09143012905160981,
            "std": 0.12706617932926334
        },
        "comprehensiveness @ 0.05": {
            "mean": 0.8606928998252682,
            "std": 0.19255131420109295
        },
        "sufficiencies @ 0.1": {
            "mean": 0.0914889916760178,
            "std": 0.12711233256325832
        },
        "comprehensiveness @ 0.1": {
            "mean": 0.8549639150788202,
            "std": 0.20404112218202355
        },
        "sufficiencies @ 0.2": {
            "mean": 0.09154783961125568,
            "std": 0.12715848484384337
        },
        "comprehensiveness @ 0.2": {
            "mean": 0.8511737458031111,
            "std": 0.21085454614047378
        },
        "sufficiencies @ 0.5": {
            "mean": 0.09160688922108863,
            "std": 0.12720448033788379
        },
        "comprehensiveness @ 0.5": {
            "mean": 0.849426428891832,
            "std": 0.21405454189029258
        },
        "sufficiencies @ 1.0": {
            "mean": 0.09125336290630999,
            "std": 0.12692778026584298
        },
        "comprehensiveness @ 1.0": {
            "mean": 0.7105436755535173,
            "std": 0.3379366495414347
        },
        "AOPC - sufficiency": {
            "mean": 0.09143010913516714,
            "std": 0.12706608154117116
        },
        "AOPC - comprehensiveness": {
            "mean": 0.8370179523765472,
            "std": 0.18134747497541404
        }
    },
    "attention": {
        "sufficiencies @ 0.01": {
            "mean": 0.09172515640145996,
            "std": 0.12729631545793
        },
        "comprehensiveness @ 0.01": {
            "mean": 0.858873179668051,
            "std": 0.19771930640789287
        },
        "sufficiencies @ 0.02": {
            "mean": 0.09178424573509592,
            "std": 0.1273422471735217
        },
        "comprehensiveness @ 0.02": {
            "mean": 0.8512439953356556,
            "std": 0.2104676777215204
        },
        "sufficiencies @ 0.05": {
            "mean": 0.09184356716039284,
            "std": 0.12738799973086434
        },
        "comprehensiveness @ 0.05": {
            "mean": 0.8475704912328801,
            "std": 0.21538779597104185
        },
        "sufficiencies @ 0.1": {
            "mean": 0.09190287884122482,
            "std": 0.12743374749162065
        },
        "comprehensiveness @ 0.1": {
            "mean": 0.8474512882081578,
            "std": 0.2151018433453615
        },
        "sufficiencies @ 0.2": {
            "mean": 0.09196216109312706,
            "std": 0.12747950450910095
        },
        "comprehensiveness @ 0.2": {
            "mean": 0.8468411979413958,
            "std": 0.21563494113469328
        },
        "sufficiencies @ 0.5": {
            "mean": 0.0920214139723454,
            "std": 0.1275252706085486
        },
        "comprehensiveness @ 0.5": {
            "mean": 0.8469154540519664,
            "std": 0.2155947372239732
        },
        "sufficiencies @ 1.0": {
            "mean": 0.09166603758254897,
            "std": 0.12725039311903513
        },
        "comprehensiveness @ 1.0": {
            "mean": 0.710146038638942,
            "std": 0.3379388026997707
        },
        "AOPC - sufficiency": {
            "mean": 0.0918436372551707,
            "std": 0.12738783809653975
        },
        "AOPC - comprehensiveness": {
            "mean": 0.8298630921538641,
            "std": 0.1929422092165743
        }
    },
    "random": {
        "sufficiencies @ 0.01": {
            "mean": 0.09213983183636769,
            "std": 0.12761682936273577
        },
        "comprehensiveness @ 0.01": {
            "mean": 0.8652180614074363,
            "std": 0.18536475104668612
        },
        "sufficiencies @ 0.02": {
            "mean": 0.09219899693232313,
            "std": 0.12766262167632533
        },
        "comprehensiveness @ 0.02": {
            "mean": 0.8656044131401384,
            "std": 0.18489250245177988
        },
        "sufficiencies @ 0.05": {
            "mean": 0.09225813287790141,
            "std": 0.12770842238954713
        },
        "comprehensiveness @ 0.05": {
            "mean": 0.8654739967434583,
            "std": 0.18553216655758253
        },
        "sufficiencies @ 0.1": {
            "mean": 0.09231754074714915,
            "std": 0.12775401394182073
        },
        "comprehensiveness @ 0.1": {
            "mean": 0.86410554594018,
            "std": 0.18708310935159633
        },
        "sufficiencies @ 0.2": {
            "mean": 0.09237704471315947,
            "std": 0.12779952347552878
        },
        "comprehensiveness @ 0.2": {
            "mean": 0.8625440992243811,
            "std": 0.18992345728229806
        },
        "sufficiencies @ 0.5": {
            "mean": 0.09243651956201218,
            "std": 0.12784504134435035
        },
        "comprehensiveness @ 0.5": {
            "mean": 0.8580328606187912,
            "std": 0.19699029126166595
        },
        "sufficiencies @ 1.0": {
            "mean": 0.09208063753485606,
            "std": 0.12757104561689378
        },
        "comprehensiveness @ 1.0": {
            "mean": 0.7097496186482696,
            "std": 0.3379414143714249
        },
        "AOPC - sufficiency": {
            "mean": 0.09225838631482415,
            "std": 0.12770812890477184
        },