{
    "scaled attention": {
        "sufficiencies @ 1.0": {
            "mean": 0.16075477580600517,
            "std": 0.28131651751433223
        },
        "comprehensiveness @ 1.0": {
            "mean": 0.894637073972367,
            "std": 0.19965119702004583
        },
        "AOPC - sufficiency": {
            "mean": 0.16045265918653717,
            "std": 0.2779253638026313
        },
        "AOPC - comprehensiveness": {
            "mean": 0.9147706489904228,
            "std": 0.14370252947171894
        }
    },
    "deeplift": {
        "sufficiencies @ 1.0": {
            "mean": 0.156356810321532,
            "std": 0.271819280639826
        },
        "comprehensiveness @ 1.0": {
            "mean": 0.9179785865482901,
            "std": 0.14404881974927397
        },
        "AOPC - sufficiency": {
            "mean": 0.15688856006760257,
            "std": 0.2709363955993911
        },
        "AOPC - comprehensiveness": {
            "mean": 0.9178332782079321,
            "std": 0.14410229336103156
        }
    },
    "attention": {
        "sufficiencies @ 1.0": {
            "mean": 0.19006466760466229,
            "std": 0.2888212736677792
        },
        "comprehensiveness @ 1.0": {
            "mean": 0.9161575543435223,
            "std": 0.14756329065338727
        },
        "AOPC - sufficiency": {
            "mean": 0.1937895772248283,
            "std": 0.28208513702836335
        },
        "AOPC - comprehensiveness": {
            "mean": 0.9156152940996883,
            "std": 0.14754617264790168
        }
    },
    "gradients": {
        "sufficiencies @ 1.0": {
            "mean": 0.3078900210931748,
            "std": 0.36965881488572
        },
        "comprehensiveness @ 1.0": {
            "mean": 0.9107320730604531,
            "std": 0.15839497749215883
        },
        "AOPC - sufficiency": {
            "mean": 0.312337403322244,
            "std": 0.34105062740544373
        },
        "AOPC - comprehensiveness": {
            "mean": 0.909101026816254,
            "std": 0.15746311693058102
        }
    },
    "random": {
        "sufficiencies @ 1.0": {
            "mean": 0.6862568715047417,
            "std": 0.38803299973855543
        },
        "comprehensiveness @ 1.0": {
            "mean": 0.49659804824133313,
            "std": 0.4260399209795749
        },
        "AOPC - sufficiency": {
            "mean": 0.6813340552332144,
            "std": 0.33357498126238655
        },
        "AOPC - comprehensiveness": {
            "mean": 0.5015791672672232,
            "std": 0.3628974602178865
        }
    },
    "ig": {
        "sufficiencies @ 1.0": {
            "mean": 0.2708410664944178,
            "std": 0.3381018091274995
        },
        "comprehensiveness @ 1.0": {
            "mean": 0.8879451218828517,
            "std": 0.20294319432774666
        },
        "AOPC - sufficiency": {
            "mean": 0.2749925821602556,
            "std": 0.3147775364146139
        },
        "AOPC - comprehensiveness": {
            "mean": 0.8884369747616065,
            "std": 0.18841113131636808
        }
    }
}