{
    "deeplift": {
        "sufficiencies @ 0.01": {
            "mean": 0.056592277676142035,
            "std": 0.073254470593375
        },
        "comprehensiveness @ 0.01": {
            "mean": 0.8592242683497534,
            "std": 0.1907044131091752
        },
        "sufficiencies @ 0.02": {
            "mean": 0.05622648844156594,
            "std": 0.07052582090246651
        },
        "comprehensiveness @ 0.02": {
            "mean": 0.8751110390038722,
            "std": 0.16939404781377496
        },
        "sufficiencies @ 0.05": {
            "mean": 0.05514588791257441,
            "std": 0.07190281186745993
        },
        "comprehensiveness @ 0.05": {
            "mean": 0.8482958299887116,
            "std": 0.22429202023131473
        },
        "sufficiencies @ 0.1": {
            "mean": 0.0576025037430355,
            "std": 0.07529839393675224
        },
        "comprehensiveness @ 0.1": {
            "mean": 0.8494145670412159,
            "std": 0.24288620290848767
        },
        "sufficiencies @ 0.2": {
            "mean": 0.058601213677295025,
            "std": 0.07876498491732985
        },
        "comprehensiveness @ 0.2": {
            "mean": 0.8874721748267581,
            "std": 0.18678901940195494
        },
        "sufficiencies @ 0.5": {
            "mean": 0.05471851110994488,
            "std": 0.07290529048351561
        },
        "comprehensiveness @ 0.5": {
            "mean": 0.843984404742269,
            "std": 0.18445227636199107
        },
        "sufficiencies @ 1.0": {
            "mean": 0.05611403033037472,
            "std": 0.08562560314559602
        },
        "comprehensiveness @ 1.0": {
            "mean": 0.9205545242878174,
            "std": 0.17385820866577031
        },
        "AOPC - sufficiency": {
            "mean": 0.05642870184156178,
            "std": 0.07354591623089245
        },
        "AOPC - comprehensiveness": {
            "mean": 0.869150972605771,
            "std": 0.14801165671417166
        }
    },
    "random": {
        "sufficiencies @ 0.01": {
            "mean": 0.05548495415558956,
            "std": 0.06893260511465649
        },
        "comprehensiveness @ 0.01": {
            "mean": 0.8764733573985096,
            "std": 0.1698549266154573
        },
        "sufficiencies @ 0.02": {
            "mean": 0.05681416332852865,
            "std": 0.07345077369030815
        },
        "comprehensiveness @ 0.02": {
            "mean": 0.8746731059992495,
            "std": 0.1744896348301593
        },
        "sufficiencies @ 0.05": {
            "mean": 0.05747983977321123,
            "std": 0.0736931169165125
        },
        "comprehensiveness @ 0.05": {
            "mean": 0.8472408412587409,
            "std": 0.2322570017919977
        },
        "sufficiencies @ 0.1": {
            "mean": 0.056089104932660526,
            "std": 0.07468372609492151
        },
        "comprehensiveness @ 0.1": {
            "mean": 0.8472514062702051,
            "std": 0.2524624582083377
        },
        "sufficiencies @ 0.2": {
            "mean": 0.05868478540603411,
            "std": 0.0779677467722102
        },
        "comprehensiveness @ 0.2": {
            "mean": 0.8691427448069646,
            "std": 0.23304632036345446
        },
        "sufficiencies @ 0.5": {
            "mean": 0.05480177336642558,
            "std": 0.07136248248269662
        },
        "comprehensiveness @ 0.5": {
            "mean": 0.7892949116622501,
            "std": 0.24981436741278817
        },
        "sufficiencies @ 1.0": {
            "mean": 0.05344361994985056,
            "std": 0.06852385373817409
        },
        "comprehensiveness @ 1.0": {
            "mean": 0.9197202966695329,
            "std": 0.17461447406872224
        },
        "AOPC - sufficiency": {
            "mean": 0.05611403441604288,
            "std": 0.07074548207638837
        },
        "AOPC - comprehensiveness": {
            "mean": 0.8605423805807788,
            "std": 0.17100546539808378
        }
    },
    "ig": {
        "sufficiencies @ 0.01": {
            "mean": 0.0586038436874234,
            "std": 0.07575428166930245
        },
        "comprehensiveness @ 0.01": {
            "mean": 0.8797051063875668,
            "std": 0.16169476873930647
        },
        "sufficiencies @ 0.02": {
            "mean": 0.0590600117059416,
            "std": 0.07750445172779265
        },
        "comprehensiveness @ 0.02": {
            "mean": 0.8703084112345393,
            "std": 0.1789391475754442
        },
        "sufficiencies @ 0.05": {
            "mean": 0.056548151826375175,
            "std": 0.07040553106735249
        },
        "comprehensiveness @ 0.05": {
            "mean": 0.837299393186623,
            "std": 0.24752770749490655
        },
        "sufficiencies @ 0.1": {
            "mean": 0.056456261873940934,
            "std": 0.07328678676965937
        },
        "comprehensiveness @ 0.1": {
            "mean": 0.8243659695297805,
            "std": 0.2974861653281015
        },
        "sufficiencies @ 0.2": {
            "mean": 0.05583175790810307,
            "std": 0.07335445705884702
        },
        "comprehensiveness @ 0.2": {
            "mean": 0.8699539389278241,
            "std": 0.23111150650121298
        },
        "sufficiencies @ 0.5": {
            "mean": 0.05639888598827345,
            "std": 0.07487212019957101
        },
        "comprehensiveness @ 0.5": {
            "mean": 0.8129817454844311,
            "std": 0.21169735438359263
        },
        "sufficiencies @ 1.0": {
            "mean": 0.05885576894298453,
            "std": 0.07642966588734933
        },
        "comprehensiveness @ 1.0": {
            "mean": 0.9195332089326379,
            "std": 0.17387515116150257
        },
        "AOPC - sufficiency": {
            "mean": 0.0573935259904346,
            "std": 0.07336917202195634
        },
        "AOPC - comprehensiveness": {
            "mean": 0.8591639676690577,
            "std": 0.16682004577153675
        }
    },
    "gradients": {
        "sufficiencies @ 0.01": {
            "mean": 0.05960505545180987,
            "std": 0.07947664521489302
        },
        "comprehensiveness @ 0.01": {
            "mean": 0.8734067311576584,
            "std": 0.17165860620022647
        },
        "sufficiencies @ 0.02": {
            "mean": 0.05773157952612468,
            "std": 0.07531067623336883
        },
        "comprehensiveness @ 0.02": {
            "mean": 0.8686172629936425,
            "std": 0.17884074111902448
        },
        "sufficiencies @ 0.05": {
            "mean": 0.057218629854336046,
            "std": 0.07443394718956578
        },
        "comprehensiveness @ 0.05": {
            "mean": 0.8267393267488009,
            "std": 0.2591978189475207
        },
        "sufficiencies @ 0.1": {
            "mean": 0.059027513094060444,
            "std": 0.07957627122157905
        },
        "comprehensiveness @ 0.1": {
            "mean": 0.8180658983832022,
            "std": 0.297319558391771
        },
        "sufficiencies @ 0.2": {
            "mean": 0.05648865079760228,
            "std": 0.07225902560362472
        },
        "comprehensiveness @ 0.2": {
            "mean": 0.8547147348218891,
            "std": 0.2597997782032892
        },
        "sufficiencies @ 0.5": {
            "mean": 0.062057499876253856,
            "std": 0.07761581214735867
        },
        "comprehensiveness @ 0.5": {
            "mean": 0.7547700695369283,
            "std": 0.282828576814361
        },
        "sufficiencies @ 1.0": {
            "mean": 0.0632478183997677,
            "std": 0.089182576924348
        },
        "comprehensiveness @ 1.0": {
            "mean": 0.9192260612649443,
            "std": 0.17443174056545374
        },
        "AOPC - sufficiency": {
            "mean": 0.059339535285707845,
            "std": 0.07688796640158586
        },