{
    "fixed": {
        "gradients": {
            "f1 score - model labels": 82.904,
            "f1 score - actual labels": 80.338,
            "sufficiency": {
                "mean": 0.4777657275268882,
                "std": 0.43158484087993565
            },
            "comprehensiveness": {
                "mean": 0.25288535318798816,
                "std": 0.3902308920540592
            }
        },
        "ig-gradients": {
            "f1 score - model labels": 65.605,
            "f1 score - actual labels": 65.726,
            "sufficiency": {
                "mean": 0.6234009472968475,
                "std": 0.4146752150098518
            },
            "comprehensiveness": {
                "mean": 0.4465718509561276,
                "std": 0.45475128199472775
            }
        },
        "deeplift-ig-gradients": {
            "f1 score - model labels": 63.447,
            "f1 score - actual labels": 64.034,
            "sufficiency": {
                "mean": 0.632316530077156,
                "std": 0.41619272065077817
            },
            "comprehensiveness": {
                "mean": 0.505437428927807,
                "std": 0.4581059074860159
            }
        },
        "deeplift-ig-gradients-attention": {
            "f1 score - model labels": 45.314,
            "f1 score - actual labels": 46.457,
            "sufficiency": {
                "mean": 0.8001826140342676,
                "std": 0.33443627371520956
            },
            "comprehensiveness": {
                "mean": 0.6668865772638437,
                "std": 0.4186942944410569
            }
        },
        "ig-gradients-attention-deeplift-scaled attention": {
            "f1 score - model labels": 40.048,
            "f1 score - actual labels": 41.95,
            "sufficiency": {
                "mean": 0.8209474182562695,
                "std": 0.3179659558110429
            },
            "comprehensiveness": {
                "mean": 0.7120829030108761,
                "std": 0.3992313049915857
            }
        },
        "ig-gradients-attention-lime-deeplift-scaled attention": {
            "f1 score - model labels": 38.029,
            "f1 score - actual labels": 40.446,
            "sufficiency": {
                "mean": 0.8292601348515848,
                "std": 0.31103312240434716
            },
            "comprehensiveness": {
                "mean": 0.7316883312851961,
                "std": 0.39109034236534906
            }
        }
    },
    "variable": {
        "gradients": {
            "f1 score - model labels": 83.495,
            "f1 score - actual labels": 82.123,
            "sufficiency": {
                "mean": 0.29618091917434103,
                "std": 0.39077006080439597
            },
            "comprehensiveness": {
                "mean": 0.2640161984173339,
                "std": 0.40004369100065756
            }
        },
        "ig-gradients": {
            "f1 score - model labels": 66.582,
            "f1 score - actual labels": 67.881,
            "sufficiency": {
                "mean": 0.456673612592263,
                "std": 0.4299822756800842
            },
            "comprehensiveness": {
                "mean": 0.4413602489512377,
                "std": 0.4558099881701213
            }
        },
        "deeplift-ig-gradients": {
            "f1 score - model labels": 61.092,
            "f1 score - actual labels": 63.148,
            "sufficiency": {
                "mean": 0.5135166428996922,
                "std": 0.43045553850821827
            },
            "comprehensiveness": {
                "mean": 0.5047317442049903,
                "std": 0.4631839349904597
            }
        },
        "deeplift-ig-gradients-attention": {
            "f1 score - model labels": 46.299,
            "f1 score - actual labels": 48.863,
            "sufficiency": {
                "mean": 0.7021846162861421,
                "std": 0.3868553258711722
            },
            "comprehensiveness": {
                "mean": 0.639627349347956,
                "std": 0.432244809702714
            }
        },
        "ig-gradients-attention-deeplift-scaled attention": {
            "f1 score - model labels": 40.889,
            "f1 score - actual labels": 43.835,
            "sufficiency": {
                "mean": 0.7325187119560743,
                "std": 0.3723259136618532
            },
            "comprehensiveness": {
                "mean": 0.6893506063878557,
                "std": 0.4137051536768854
            }
        },
        "ig-gradients-attention-lime-deeplift-scaled attention": {
            "f1 score - model labels": 38.41,
            "f1 score - actual labels": 41.578,
            "sufficiency": {
                "mean": 0.74331646227386,
                "std": 0.3651514415386435
            },
            "comprehensiveness": {
                "mean": 0.7018730229675176,
                "std": 0.41167717454484937
            }
        }
    }
}