{
    "variable": {
        "gradients": {
            "f1 score - model labels": 92.053,
            "f1 score - actual labels": 88.888,
            "sufficiency": {
                "mean": 0.08454369761766779,
                "std": 0.20848200456999705
            },
            "comprehensiveness": {
                "mean": 0.1593989867061233,
                "std": 0.33482645865616656
            }
        },
        "ig-gradients": {
            "f1 score - model labels": 84.699,
            "f1 score - actual labels": 84.104,
            "sufficiency": {
                "mean": 0.14206579929615734,
                "std": 0.2808460727588482
            },
            "comprehensiveness": {
                "mean": 0.25295315869808416,
                "std": 0.40027557747408415
            }
        },
        "deeplift-ig-gradients": {
            "f1 score - model labels": 81.559,
            "f1 score - actual labels": 81.602,
            "sufficiency": {
                "mean": 0.2068422484665985,
                "std": 0.33859917238269244
            },
            "comprehensiveness": {
                "mean": 0.3003711604332087,
                "std": 0.4261560483228315
            }
        },
        "deeplift-ig-attention-gradients": {
            "f1 score - model labels": 78.144,
            "f1 score - actual labels": 78.487,
            "sufficiency": {
                "mean": 0.27741748120965526,
                "std": 0.37077664788826675
            },
            "comprehensiveness": {
                "mean": 0.3366048665441374,
                "std": 0.43529596412424054
            }
        },
        "deeplift-scaled attention-ig-attention-gradients": {
            "f1 score - model labels": 73.283,
            "f1 score - actual labels": 74.516,
            "sufficiency": {
                "mean": 0.3441159134264691,
                "std": 0.3975092175681243
            },
            "comprehensiveness": {
                "mean": 0.3813421040006818,
                "std": 0.4453194071504797
            }
        },
        "deeplift-scaled attention-lime-ig-attention-gradients": {
            "f1 score - model labels": 69.631,
            "f1 score - actual labels": 71.317,
            "sufficiency": {
                "mean": 0.3788027146200865,
                "std": 0.4054943837579888
            },
            "comprehensiveness": {
                "mean": 0.4021536618804562,
                "std": 0.45430255431899136
            }
        }
    },
    "fixed": {
        "gradients": {
            "f1 score - model labels": 92.204,
            "f1 score - actual labels": 88.506,
            "sufficiency": {
                "mean": 0.11598044399205908,
                "std": 0.2604136888280369
            },
            "comprehensiveness": {
                "mean": 0.1590297783276654,
                "std": 0.33622252921345064
            }
        },
        "ig-gradients": {
            "f1 score - model labels": 83.974,
            "f1 score - actual labels": 83.126,
            "sufficiency": {
                "mean": 0.18253398060676315,
                "std": 0.3232745653634968
            },
            "comprehensiveness": {
                "mean": 0.25750481891749616,
                "std": 0.40343619120125496
            }
        },
        "deeplift-ig-gradients": {
            "f1 score - model labels": 80.873,
            "f1 score - actual labels": 80.915,
            "sufficiency": {
                "mean": 0.25194320272379817,
                "std": 0.37196624048946547
            },
            "comprehensiveness": {
                "mean": 0.305895153685184,
                "std": 0.4279616664535348
            }
        },
        "deeplift-ig-attention-gradients": {
            "f1 score - model labels": 77.34,
            "f1 score - actual labels": 77.606,
            "sufficiency": {
                "mean": 0.35044275551329424,
                "std": 0.40160828644547747
            },
            "comprehensiveness": {
                "mean": 0.3464281609527106,
                "std": 0.4377343326769659
            }
        },
        "deeplift-scaled attention-ig-attention-gradients": {
            "f1 score - model labels": 72.07,
            "f1 score - actual labels": 73.17,
            "sufficiency": {
                "mean": 0.41771078252773086,
                "std": 0.4159142384970127
            },
            "comprehensiveness": {
                "mean": 0.39703856594387915,
                "std": 0.44807419541318794
            }
        },
        "deeplift-scaled attention-lime-ig-attention-gradients": {
            "f1 score - model labels": 68.465,
            "f1 score - actual labels": 69.914,
            "sufficiency": {
                "mean": 0.4424032816285087,
                "std": 0.41816849681388774
            },
            "comprehensiveness": {
                "mean": 0.4188891059191188,
                "std": 0.45589076266917794
            }
        }
    }
}