,Set,F-Comp,F-SoftComp,Comprehensiveness,Soft-Comprehensiveness
0,S0,0.0,0.0,0.5495303454867959,0.5465231353746148
1,S1,0.0,,0.5495303454867959,
2,S2,0.0,,0.5495303454867959,
3,S3,0.07072010494150324,0.06350846416399498,0.5611217283657929,0.5364594914894756
4,S4,1.0000610109299986,1.000063106827794,0.7134454031586543,0.7049945942937341
