,Set,F-Comp,F-SoftComp,Comprehensiveness,Soft-Comprehensiveness
0,S0,0.0,0.0,0.45129367887250865,0.46108183523095064
1,S1,0.0,0.004547147161662012,0.45129367887250865,0.45951364168530234
2,S2,0.0,0.017898307707059073,0.45129367887250865,0.4549091714427881
3,S3,0.657640626946193,0.6448593139635524,0.6717026558495764,0.6834771477326049
4,S4,1.0000298372886607,1.0000289960838973,0.7864547749970814,0.8059659925641641
