,Set,F-Comp,F-SoftComp,Comprehensiveness,Soft-Comprehensiveness
0,S0,0.0,0.0,0.4367389469684161,0.4338760450658725
1,S1,1.1102597680469375e-09,,0.43673894724905155,
2,S2,1.1102597680469375e-09,,0.43673894724905155,
3,S3,0.49276922289242847,0.5186622354805958,0.561294047660029,0.5783502802431826
4,S4,1.0000395623479212,1.0000358999813943,0.6895145315568905,0.7124377214635946
