,Set,F-Comp,F-SoftComp,Comprehensiveness,Soft-Comprehensiveness
0,S0,0.0,0.0,0.3840992553754951,0.3886427370621653
1,S1,0.0,0.017270305592173164,0.3840992553754951,0.38367094649451217
2,S2,0.0,0.009826082368160832,0.3840992553754951,0.3858139959391857
3,S3,0.6060057257282965,0.5111972962973761,0.5540388265985233,0.5358066585328369
4,S4,1.0000356600714813,1.0000347365910875,0.6645349411539507,0.6765336052447364
