,Set,F-Comp,F-SoftComp,Comprehensiveness,Soft-Comprehensiveness
0,S0,0.0,0.0,0.5902069665390194,0.5980997329250497
1,S1,5.802829832875729e-10,,0.5902069666196753,
2,S2,5.802829832875729e-10,,0.5902069666196753,
3,S3,0.2614623452253633,0.15430496656286063,0.6265486968250472,0.6189501584971219
4,S4,1.0000719454861307,1.0000740056676682,0.7292110930343801,0.7332345188377452
