{
    "fixed-deeplift": {
        "comprehensiveness": {
            "mean": 0.3032316927374007,
            "std": 0.4195786014228151
        },
        "sufficiency": {
            "mean": 0.3665605265231002,
            "std": 0.4366096316437981
        }
    },
    "fixed-lime": {
        "comprehensiveness": {
            "mean": 0.264096659441013,
            "std": 0.420249559124245
        },
        "sufficiency": {
            "mean": 0.30098831002985327,
            "std": 0.41793478322974087
        }
    },
    "fixed-attention": {
        "comprehensiveness": {
            "mean": 0.590315612399961,
            "std": 0.4319954736643655
        },
        "sufficiency": {
            "mean": 0.7890155332108871,
            "std": 0.34362014542742697
        }
    },
    "fixed-ig": {
        "comprehensiveness": {
            "mean": 0.4357637865538631,
            "std": 0.45215495451179105
        },
        "sufficiency": {
            "mean": 0.6106693325423301,
            "std": 0.41882289144584706
        }
    },
    "fixed-gradients": {
        "comprehensiveness": {
            "mean": 0.2573546218743563,
            "std": 0.39315425848351854
        },
        "sufficiency": {
            "mean": 0.471773917587367,
            "std": 0.4310344253048281
        }
    },
    "fixed-scaled attention": {
        "comprehensiveness": {
            "mean": 0.48790725489843834,
            "std": 0.45446480987023274
        },
        "sufficiency": {
            "mean": 0.6576985347248195,
            "std": 0.4173027551663234
        }
    },
    "fixed-random": {
        "comprehensiveness": {
            "mean": 0.21960578586471205,
            "std": 0.3654357512875315
        },
        "sufficiency": {
            "mean": 0.45891626971904226,
            "std": 0.4341966951936288
        }
    },
    "fixed-fixed-len_var-feat": {
        "comprehensiveness": {
            "mean": 0.7297662725174358,
            "std": 0.39136242083376577
        },
        "sufficiency": {
            "mean": 0.8259745056678782,
            "std": 0.3152407282920189
        }
    },
    "fixed-fixed-len_var-feat_var-type": {
        "comprehensiveness": {
            "mean": 0.712211794709387,
            "std": 0.4023830916798517
        },
        "sufficiency": {
            "mean": 0.8311914599346938,
            "std": 0.3073752740022309
        }
    },
    "var-deeplift": {
        "comprehensiveness": {
            "mean": 0.32604606427113114,
            "std": 0.4355060413571493
        },
        "sufficiency": {
            "mean": 0.31101412059717826,
            "std": 0.4142269078347903
        }
    },
    "var-lime": {
        "comprehensiveness": {
            "mean": 0.286742125680618,
            "std": 0.4374250260300927
        },
        "sufficiency": {
            "mean": 0.24747255999525503,
            "std": 0.3852314450498972
        }
    },
    "var-attention": {
        "comprehensiveness": {
            "mean": 0.5355873090910919,
            "std": 0.442729292605817
        },
        "sufficiency": {
            "mean": 0.6648485936556111,
            "std": 0.4056751379693641
        }
    },
    "var-ig": {
        "comprehensiveness": {
            "mean": 0.42237278865074485,
            "std": 0.4526380200544669
        },
        "sufficiency": {
            "mean": 0.46839575755123286,
            "std": 0.4299010536337253
        }
    },
    "var-gradients": {
        "comprehensiveness": {
            "mean": 0.2395265051824259,
            "std": 0.3861133561988132
        },
        "sufficiency": {
            "mean": 0.3174078801850598,
            "std": 0.39807322268330575
        }
    },
    "var-scaled attention": {
        "comprehensiveness": {
            "mean": 0.4670008653191963,
            "std": 0.45425383980073625
        },
        "sufficiency": {
            "mean": 0.5619307146790427,
            "std": 0.4375704343124951
        }
    },
    "var-random": {
        "comprehensiveness": {
            "mean": 0.21247771424480152,
            "std": 0.3640988007398281
        },
        "sufficiency": {
            "mean": 0.33801864174680246,
            "std": 0.40749510983481935
        }
    },
    "var-var-len_var-feat": {
        "comprehensiveness": {
            "mean": 0.6951432104035673,
            "std": 0.4123384303580921
        },
        "sufficiency": {
            "mean": 0.7402784806403678,
            "std": 0.36762315407203033
        }
    },
    "var-var-len_var-feat_var-type": {
        "comprehensiveness": {
            "mean": 0.6855061773243186,
            "std": 0.41757129829439493
        },
        "sufficiency": {
            "mean": 0.7515516948151743,
            "std": 0.3581352636636462
        }
    }
}