{
    "fixed-deeplift": {
        "comprehensiveness": {
            "mean": 0.29871950480218773,
            "std": 0.41725951245086823
        },
        "sufficiency": {
            "mean": 0.36231850942935234,
            "std": 0.4374522088462577
        }
    },
    "fixed-lime": {
        "comprehensiveness": {
            "mean": 0.2627058340128239,
            "std": 0.4192069775320976
        },
        "sufficiency": {
            "mean": 0.30255014904387606,
            "std": 0.41842479629871665
        }
    },
    "fixed-attention": {
        "comprehensiveness": {
            "mean": 0.5828049124927968,
            "std": 0.4350801658897056
        },
        "sufficiency": {
            "mean": 0.7933826987340332,
            "std": 0.339967275335157
        }
    },
    "fixed-ig": {
        "comprehensiveness": {
            "mean": 0.4311825120386114,
            "std": 0.45176663829325664
        },
        "sufficiency": {
            "mean": 0.6090078753171281,
            "std": 0.4192468135492356
        }
    },
    "fixed-gradients": {
        "comprehensiveness": {
            "mean": 0.25288535318798816,
            "std": 0.3902308920540592
        },
        "sufficiency": {
            "mean": 0.4777657275268882,
            "std": 0.43158484087993565
        }
    },
    "fixed-scaled attention": {
        "comprehensiveness": {
            "mean": 0.4829310651732282,
            "std": 0.45343327379586373
        },
        "sufficiency": {
            "mean": 0.6613662606982601,
            "std": 0.41598520840833836
        }
    },
    "fixed-random": {
        "comprehensiveness": {
            "mean": 0.21646502760257536,
            "std": 0.36328794386334695
        },
        "sufficiency": {
            "mean": 0.45825541590674124,
            "std": 0.43464520115018246
        }
    },
    "fixed-fixed-len_var-feat": {
        "comprehensiveness": {
            "mean": 0.6006836443148581,
            "std": 0.4351420360980284
        },
        "sufficiency": {
            "mean": 0.7673815595267192,
            "std": 0.35964031165513455
        }
    },
    "fixed-fixed-len_var-feat_var-type": {
        "comprehensiveness": {
            "mean": 0.5971730659971325,
            "std": 0.4359938770368355
        },
        "sufficiency": {
            "mean": 0.7685381413550242,
            "std": 0.35889023702455264
        }
    },
    "var-deeplift": {
        "comprehensiveness": {
            "mean": 0.28108080309888717,
            "std": 0.414484450156145
        },
        "sufficiency": {
            "mean": 0.30144314861806976,
            "std": 0.4144950214296983
        }
    },
    "var-lime": {
        "comprehensiveness": {
            "mean": 0.26730158933625403,
            "std": 0.42579202680072464
        },
        "sufficiency": {
            "mean": 0.23915934082499257,
            "std": 0.38293011719900166
        }
    },
    "var-attention": {
        "comprehensiveness": {
            "mean": 0.5070248729620411,
            "std": 0.44426189909808517
        },
        "sufficiency": {
            "mean": 0.7193565263680035,
            "std": 0.3792619896706855
        }
    },
    "var-ig": {
        "comprehensiveness": {
            "mean": 0.393399900653388,
            "std": 0.44613931019544556
        },
        "sufficiency": {
            "mean": 0.49128160312539576,
            "std": 0.4302515814310137
        }
    },
    "var-gradients": {
        "comprehensiveness": {
            "mean": 0.22551931802742256,
            "std": 0.37727360163856466
        },
        "sufficiency": {
            "mean": 0.3398186865504146,
            "std": 0.4081159138705476
        }
    },
    "var-scaled attention": {
        "comprehensiveness": {
            "mean": 0.43959177601583177,
            "std": 0.4517814333278657
        },
        "sufficiency": {
            "mean": 0.5857636929334934,
            "std": 0.43259866077331527
        }
    },
    "var-random": {
        "comprehensiveness": {
            "mean": 0.1904507660610707,
            "std": 0.34901368526668014
        },
        "sufficiency": {
            "mean": 0.34133734944571503,
            "std": 0.41011660734730987
        }
    },
    "var-var-len_var-feat": {
        "comprehensiveness": {
            "mean": 0.5397884422098584,
            "std": 0.4449267742614195
        },
        "sufficiency": {
            "mean": 0.6976319499888848,
            "std": 0.39280989336080063
        }
    },
    "var-var-len_var-feat_var-type": {
        "comprehensiveness": {
            "mean": 0.5376205946291106,
            "std": 0.44538704526038353
        },
        "sufficiency": {
            "mean": 0.697261879512827,
            "std": 0.3928721884248268
        }
    }
}