{
    "ece": 0.38396664108667106,
    "refinement": 0.12230441037765317,
    "bins": {
        "1": {
            "acc": 0.0,
            "conf": 0.0
        },
        "2": {
            "acc": 0.0,
            "conf": 0.0
        },
        "3": {
            "acc": 0.222,
            "conf": 0.27000001072883606
        },
        "4": {
            "acc": 0.154,
            "conf": 0.35499998927116394
        },
        "5": {
            "acc": 0.224,
            "conf": 0.4519999921321869
        },
        "6": {
            "acc": 0.12,
            "conf": 0.5479999780654907
        },
        "7": {
            "acc": 0.118,
            "conf": 0.6449999809265137
        },
        "8": {
            "acc": 0.045,
            "conf": 0.734000027179718
        },
        "9": {
            "acc": 0.0,
            "conf": 0.8259999752044678
        },
        "10": {
            "acc": 0.0,
            "conf": 0.0
        }
    }
}