,sci15,sci20,sci5,sci25,sci10,mean-f1,std-f1,mean-ece,std-ece
model,/jmain02/home/J2AD003/txk58/zxz22-txk58/BP-rationales/BP-rationales/trained_models/evinf_conti/scibert15.pt,/jmain02/home/J2AD003/txk58/zxz22-txk58/BP-rationales/BP-rationales/trained_models/evinf_conti/scibert20.pt,/jmain02/home/J2AD003/txk58/zxz22-txk58/BP-rationales/BP-rationales/trained_models/evinf_conti/scibert5.pt,/jmain02/home/J2AD003/txk58/zxz22-txk58/BP-rationales/BP-rationales/trained_models/evinf_conti/scibert25.pt,/jmain02/home/J2AD003/txk58/zxz22-txk58/BP-rationales/BP-rationales/trained_models/evinf_conti/scibert10.pt,0.04393693097294406,0.020748048426306936,0.3762700915005472,0.05782253768496769
f1,0.03974720610358908,0.01837270341207349,0.027585596646370125,0.07568178852594493,0.058297360176742634,0.04393693097294406,0.020748048426306936,0.3762700915005472,0.05782253768496769
loss,16.067192533281116,15.18506178326077,17.701910707685684,15.896069643232558,16.404670429229736,0.04393693097294406,0.020748048426306936,0.3762700915005472,0.05782253768496769
ece-score,0.3272682287212876,0.38857573328746686,0.46761422231793404,0.3024290930065844,0.3954631801694632,0.04393693097294406,0.020748048426306936,0.3762700915005472,0.05782253768496769
