{
    "ece": 0.4679278193963201,
    "refinement": 0.1085571326336341,
    "bins": {
        "1": {
            "acc": 0.0,
            "conf": 0.0
        },
        "2": {
            "acc": 0.0,
            "conf": 0.0
        },
        "3": {
            "acc": 0.124,
            "conf": 0.27900001406669617
        },
        "4": {
            "acc": 0.188,
            "conf": 0.35600000619888306
        },
        "5": {
            "acc": 0.183,
            "conf": 0.4480000138282776
        },
        "6": {
            "acc": 0.13,
            "conf": 0.546999990940094
        },
        "7": {
            "acc": 0.131,
            "conf": 0.6449999809265137
        },
        "8": {
            "acc": 0.091,
            "conf": 0.7540000081062317
        },
        "9": {
            "acc": 0.063,
            "conf": 0.847000002861023
        },
        "10": {
            "acc": 0.014,
            "conf": 0.9369999766349792
        }
    }
}