,15,5,10,25,20,mean-f1,std-f1,mean-ece,std-ece
model,/jmain02/home/J2AD003/txk58/zxz22-txk58/BP-rationales/BP-rationales/trained_models/agnews_top/bert15.pt,/jmain02/home/J2AD003/txk58/zxz22-txk58/BP-rationales/BP-rationales/trained_models/agnews_top/bert5.pt,/jmain02/home/J2AD003/txk58/zxz22-txk58/BP-rationales/BP-rationales/trained_models/agnews_top/bert10.pt,/jmain02/home/J2AD003/txk58/zxz22-txk58/BP-rationales/BP-rationales/trained_models/agnews_top/bert25.pt,/jmain02/home/J2AD003/txk58/zxz22-txk58/BP-rationales/BP-rationales/trained_models/agnews_top/bert20.pt,0.07519053883354129,0.004283658723877897,0.45589256682050855,0.029427234306314113
f1,0.07117703515349523,0.08295622516380914,0.07341875687474277,0.07646245691804114,0.07193822005761816,0.07519053883354129,0.004283658723877897,0.45589256682050855,0.029427234306314113
loss,25.619912386442486,29.434922674078692,25.514316030803478,28.0981576939633,25.927836663095576,0.07519053883354129,0.004283658723877897,0.45589256682050855,0.029427234306314113
ece-score,0.4387784657901839,0.4833753192620842,0.4067050800982274,0.48267614955572713,0.4679278193963201,0.07519053883354129,0.004283658723877897,0.45589256682050855,0.029427234306314113
