,0,1,2,accuracy,macro avg,weighted avg
precision,0.5501730103806228,0.4793388429752066,0.6064516129032258,0.5625,0.5453211554196851,0.5535433293656614
recall,0.636,0.30687830687830686,0.6690391459074733,0.5625,0.53730581759526,0.5625
f1-score,0.5899814471243043,0.3741935483870968,0.6362098138747885,0.5625,0.5334616031287299,0.5513790279514624
support,250.0,189.0,281.0,0.5625,720.0,720.0
