,0,1,2,accuracy,macro avg,weighted avg,epoch,point,dev_loss,model-name
precision,0.8941605839416058,0.8024691358024691,0.8346774193548387,0.8508771929824561,0.8437690463663046,0.8507215034273493,1,966,2.4322545183550197,/home/cass/PycharmProjects/BP-rationales/trained_models/evinf/scibert25.pt
recall,0.8876811594202898,0.7692307692307693,0.8661087866108786,0.8508771929824561,0.8410069050873127,0.8508771929824561,1,966,2.4322545183550197,/home/cass/PycharmProjects/BP-rationales/trained_models/evinf/scibert25.pt
f1-score,0.8909090909090909,0.785498489425982,0.8501026694045175,0.8508771929824561,0.8421700832465301,0.8506062745490931,1,966,2.4322545183550197,/home/cass/PycharmProjects/BP-rationales/trained_models/evinf/scibert25.pt
support,276.0,169.0,239.0,0.8508771929824561,684.0,684.0,1,966,2.4322545183550197,/home/cass/PycharmProjects/BP-rationales/trained_models/evinf/scibert25.pt
