,0,1,2,accuracy,macro avg,weighted avg
precision,0.8283582089552238,0.6788990825688074,0.8376068376068376,0.7861111111111111,0.7816213763769563,0.7927347225164332
recall,0.888,0.783068783068783,0.697508896797153,0.7861111111111111,0.7895258932886454,0.7861111111111111
f1-score,0.8571428571428572,0.7272727272727272,0.7611650485436892,0.7861111111111111,0.7818602109864244,0.7855939421958839
support,250.0,189.0,281.0,0.7861111111111111,720.0,720.0
