,0,1,2,accuracy,macro avg,weighted avg,epoch,point,dev_loss,model-name
precision,0.8871595330739299,0.7732558139534884,0.8235294117647058,0.8347953216374269,0.8279815862640415,0.8367833232431418,2,966,2.8250676316906267,/home/cass/PycharmProjects/BP-rationales/trained_models/evinf/scibert10.pt
recall,0.8260869565217391,0.7869822485207101,0.8786610878661087,0.8347953216374269,0.8305767643028527,0.8347953216374269,2,966,2.8250676316906267,/home/cass/PycharmProjects/BP-rationales/trained_models/evinf/scibert10.pt
f1-score,0.8555347091932457,0.7800586510263929,0.8502024291497976,0.8347953216374269,0.8285985964564787,0.8350232051573067,2,966,2.8250676316906267,/home/cass/PycharmProjects/BP-rationales/trained_models/evinf/scibert10.pt
support,276.0,169.0,239.0,0.8347953216374269,684.0,684.0,2,966,2.8250676316906267,/home/cass/PycharmProjects/BP-rationales/trained_models/evinf/scibert10.pt
