,0,1,2,accuracy,macro avg,weighted avg
precision,0.8558139534883721,0.7209302325581395,0.7357357357357357,0.7680555555555556,0.7708266405940826,0.773543116760171
recall,0.736,0.656084656084656,0.8718861209964412,0.7680555555555556,0.7546569256936991,0.7680555555555556
f1-score,0.7913978494623656,0.6869806094182825,0.7980456026058631,0.7680555555555556,0.7588080204955038,0.7665827942748532
support,250.0,189.0,281.0,0.7680555555555556,720.0,720.0
