,0,1,2,accuracy,macro avg,weighted avg
precision,0.9012345679012346,0.8767123287671232,0.7824773413897281,0.8416666666666667,0.853474746019362,0.8484491736705674
recall,0.876,0.6772486772486772,0.9217081850533808,0.8416666666666667,0.8249856207673526,0.8416666666666667
f1-score,0.8884381338742394,0.764179104477612,0.84640522875817,0.8416666666666667,0.8330074890366738,0.839415629855381
support,250.0,189.0,281.0,0.8416666666666667,720.0,720.0
