,0,1,2,accuracy,macro avg,weighted avg
precision,0.809322033898305,0.7096774193548387,0.7684563758389261,0.7666666666666667,0.7624852763640234,0.7672163643658043
recall,0.764,0.6984126984126984,0.8149466192170819,0.7666666666666667,0.7591197725432601,0.7666666666666667
f1-score,0.7860082304526749,0.704,0.7910189982728844,0.7666666666666667,0.7603424095751864,0.7664366612886795
support,250.0,189.0,281.0,0.7666666666666667,720.0,720.0
