,0,1,2,accuracy,macro avg,weighted avg,epoch,point,dev_loss,model-name
precision,0.8941605839416058,0.7803468208092486,0.8481012658227848,0.8494152046783626,0.8408695568578798,0.8499461058717717,2,0,2.174840663957317,/jmain02/home/J2AD003/txk58/zxz22-txk58/BP-rationales/BP-rationales/trained_models/evinf/scibert15.pt
recall,0.8876811594202898,0.7988165680473372,0.8410041841004184,0.8494152046783626,0.8425006371893485,0.8494152046783626,2,0,2.174840663957317,/jmain02/home/J2AD003/txk58/zxz22-txk58/BP-rationales/BP-rationales/trained_models/evinf/scibert15.pt
f1-score,0.8909090909090909,0.7894736842105262,0.8445378151260504,0.8494152046783626,0.841640196748556,0.8496440051719504,2,0,2.174840663957317,/jmain02/home/J2AD003/txk58/zxz22-txk58/BP-rationales/BP-rationales/trained_models/evinf/scibert15.pt
support,276.0,169.0,239.0,0.8494152046783626,684.0,684.0,2,0,2.174840663957317,/jmain02/home/J2AD003/txk58/zxz22-txk58/BP-rationales/BP-rationales/trained_models/evinf/scibert15.pt
