,0,1,2,accuracy,macro avg,weighted avg
precision,0.8543307086614174,0.8068181818181818,0.8241379310344827,0.8305555555555556,0.828428940504694,0.8300751002078894
recall,0.868,0.7513227513227513,0.8505338078291815,0.8305555555555556,0.8232855197173109,0.8305555555555556
f1-score,0.861111111111111,0.7780821917808219,0.8371278458844132,0.8305555555555556,0.8254403829254487,0.8299558843303795
support,250.0,189.0,281.0,0.8305555555555556,720.0,720.0
