,0,1,2,accuracy,macro avg,weighted avg,epoch,point,dev_loss,model-name
precision,0.9467213114754098,0.791907514450867,0.8052434456928839,0.8523391812865497,0.8479574238730536,0.8590360167105393,2,0,2.5447380776293795,/jmain01/home/JAD009/txk20/gxc78-txk20/variable_rationale_2021/trained_models/evinf/scibert10.pt
recall,0.8369565217391305,0.8106508875739645,0.899581589958159,0.8523391812865497,0.8490629997570847,0.8523391812865497,2,0,2.5447380776293795,/jmain01/home/JAD009/txk20/gxc78-txk20/variable_rationale_2021/trained_models/evinf/scibert10.pt
f1-score,0.8884615384615384,0.8011695906432749,0.849802371541502,0.8523391812865497,0.8464778335487718,0.8533856903984167,2,0,2.5447380776293795,/jmain01/home/JAD009/txk20/gxc78-txk20/variable_rationale_2021/trained_models/evinf/scibert10.pt
support,276.0,169.0,239.0,0.8523391812865497,684.0,684.0,2,0,2.5447380776293795,/jmain01/home/JAD009/txk20/gxc78-txk20/variable_rationale_2021/trained_models/evinf/scibert10.pt
