,0,1,2,accuracy,macro avg,weighted avg,epoch,point,dev_loss,model-name
precision,0.8382838283828383,0.8113207547169812,0.8513513513513513,0.8362573099415205,0.8336519781503903,0.8361878905757401,2,0,2.606466139269154,/jmain01/home/JAD009/txk20/gxc78-txk20/variable_rationale_2021/trained_models/evinf/scibert5.pt
recall,0.9202898550724637,0.7633136094674556,0.7907949790794979,0.8362573099415205,0.8247994812064725,0.8362573099415205,2,0,2.606466139269154,/jmain01/home/JAD009/txk20/gxc78-txk20/variable_rationale_2021/trained_models/evinf/scibert5.pt
f1-score,0.8773747841105355,0.7865853658536585,0.8199566160520608,0.8362573099415205,0.8279722553387515,0.8348801147371617,2,0,2.606466139269154,/jmain01/home/JAD009/txk20/gxc78-txk20/variable_rationale_2021/trained_models/evinf/scibert5.pt
support,276.0,169.0,239.0,0.8362573099415205,684.0,684.0,2,0,2.606466139269154,/jmain01/home/JAD009/txk20/gxc78-txk20/variable_rationale_2021/trained_models/evinf/scibert5.pt
