,0,1,2,accuracy,macro avg,weighted avg,epoch,point,dev_loss,model-name
precision,0.9166666666666666,0.7687861271676301,0.773851590106007,0.8201754385964912,0.8197681279801013,0.8302271718226099,1,1160,2.2974843316608005,/jmain01/home/JAD009/txk20/gxc78-txk20/variable_rationale_2021/trained_models/evinf/scibert5.pt
recall,0.7572463768115942,0.7869822485207101,0.9163179916317992,0.8201754385964912,0.8201822056547012,0.8201754385964912,1,1160,2.2974843316608005,/jmain01/home/JAD009/txk20/gxc78-txk20/variable_rationale_2021/trained_models/evinf/scibert5.pt
f1-score,0.8293650793650794,0.7777777777777779,0.8390804597701148,0.8201754385964912,0.815407772304324,0.8200137956641284,1,1160,2.2974843316608005,/jmain01/home/JAD009/txk20/gxc78-txk20/variable_rationale_2021/trained_models/evinf/scibert5.pt
support,276.0,169.0,239.0,0.8201754385964912,684.0,684.0,1,1160,2.2974843316608005,/jmain01/home/JAD009/txk20/gxc78-txk20/variable_rationale_2021/trained_models/evinf/scibert5.pt
