,0,1,2,accuracy,macro avg,weighted avg,epoch,point,dev_loss,model-name
precision,0.7917981072555205,0.7555555555555555,0.8823529411764706,0.8070175438596491,0.8099022013291822,0.8144846775330249,1,966,2.496156921686485,/home/cass/PycharmProjects/BP-rationales/trained_models/evinf/scibert20.pt
recall,0.9094202898550725,0.8047337278106509,0.6903765690376569,0.8070175438596491,0.8015101955677935,0.8070175438596491,1,966,2.496156921686485,/home/cass/PycharmProjects/BP-rationales/trained_models/evinf/scibert20.pt
f1-score,0.8465430016863407,0.7793696275071633,0.7746478873239435,0.8070175438596491,0.8001868388391492,0.8048248254160281,1,966,2.496156921686485,/home/cass/PycharmProjects/BP-rationales/trained_models/evinf/scibert20.pt
support,276.0,169.0,239.0,0.8070175438596491,684.0,684.0,1,966,2.496156921686485,/home/cass/PycharmProjects/BP-rationales/trained_models/evinf/scibert20.pt
