,0,1,2,accuracy,macro avg,weighted avg,epoch,point,dev_loss,model-name
precision,0.8215613382899628,0.7383720930232558,0.7942386831275721,0.7909356725146199,0.7847240381469301,0.7914603192345755,1,483,2.5004209917234745,/home/cass/PycharmProjects/BP-rationales/trained_models/evinf/scibert15.pt
recall,0.8007246376811594,0.7514792899408284,0.8075313807531381,0.7909356725146199,0.786578436125042,0.7909356725146199,1,483,2.5004209917234745,/home/cass/PycharmProjects/BP-rationales/trained_models/evinf/scibert15.pt
f1-score,0.8110091743119265,0.7448680351906157,0.8008298755186722,0.7909356725146199,0.7855690283404048,0.7911104829039012,1,483,2.5004209917234745,/home/cass/PycharmProjects/BP-rationales/trained_models/evinf/scibert15.pt
support,276.0,169.0,239.0,0.7909356725146199,684.0,684.0,1,483,2.5004209917234745,/home/cass/PycharmProjects/BP-rationales/trained_models/evinf/scibert15.pt
