,0,1,2,accuracy,macro avg,weighted avg
precision,0.8862745098039215,0.8633540372670807,0.8289473684210527,0.8569444444444444,0.8595253051640183,0.8578843764177423
recall,0.904,0.7354497354497355,0.896797153024911,0.8569444444444444,0.8454156294915488,0.8569444444444444
f1-score,0.8950495049504951,0.7942857142857144,0.8615384615384616,0.8569444444444444,0.8502912269248903,0.855520394347127
support,250.0,189.0,281.0,0.8569444444444444,720.0,720.0
