,0,1,2,accuracy,macro avg,weighted avg,epoch,point,dev_loss,model-name
precision,0.8512110726643599,0.7195767195767195,0.8446601941747572,0.8128654970760234,0.805149328805279,0.8163984036134443,2,0,2.3504134589174424,/home/cass/PycharmProjects/BP-rationales/trained_models/evinf/scibert5.pt
recall,0.8913043478260869,0.8047337278106509,0.7280334728033473,0.8128654970760234,0.8080238494800284,0.8128654970760234,2,0,2.3504134589174424,/home/cass/PycharmProjects/BP-rationales/trained_models/evinf/scibert5.pt
f1-score,0.8707964601769911,0.759776536312849,0.7820224719101124,0.8128654970760234,0.8041984894666508,0.812347117590991,2,0,2.3504134589174424,/home/cass/PycharmProjects/BP-rationales/trained_models/evinf/scibert5.pt
support,276.0,169.0,239.0,0.8128654970760234,684.0,684.0,2,0,2.3504134589174424,/home/cass/PycharmProjects/BP-rationales/trained_models/evinf/scibert5.pt
