,0,1,2,accuracy,macro avg,weighted avg,epoch,point,dev_loss,model-name
precision,0.8298611111111112,0.7633136094674556,0.8237885462555066,0.8114035087719298,0.8056544222780245,0.811296972546393,1,966,2.399346473621346,/jmain02/home/J2AD003/txk58/zxz22-txk58/BP-rationales/BP-rationales/trained_models/evinf/scibert20.pt
recall,0.8659420289855072,0.7633136094674556,0.7824267782426778,0.8114035087719298,0.8038941388985469,0.8114035087719298,1,966,2.399346473621346,/jmain02/home/J2AD003/txk58/zxz22-txk58/BP-rationales/BP-rationales/trained_models/evinf/scibert20.pt
f1-score,0.8475177304964538,0.7633136094674556,0.8025751072961373,0.8114035087719298,0.8044688157533489,0.8110092752350848,1,966,2.399346473621346,/jmain02/home/J2AD003/txk58/zxz22-txk58/BP-rationales/BP-rationales/trained_models/evinf/scibert20.pt
support,276.0,169.0,239.0,0.8114035087719298,684.0,684.0,1,966,2.399346473621346,/jmain02/home/J2AD003/txk58/zxz22-txk58/BP-rationales/BP-rationales/trained_models/evinf/scibert20.pt
