,0,1,2,accuracy,macro avg,weighted avg,epoch,point,dev_loss,model-name
precision,0.93359375,0.8109756097560976,0.8295454545454546,0.8640350877192983,0.8580382714338507,0.8669416910601523,2,0,2.049848012408318,/jmain02/home/J2AD003/txk58/zxz22-txk58/BP-rationales/BP-rationales/trained_models/evinf/scibert25.pt
recall,0.8659420289855072,0.7869822485207101,0.9163179916317992,0.8640350877192983,0.8564140897126721,0.8640350877192983,2,0,2.049848012408318,/jmain02/home/J2AD003/txk58/zxz22-txk58/BP-rationales/BP-rationales/trained_models/evinf/scibert25.pt
f1-score,0.8984962406015037,0.7987987987987988,0.8707753479125249,0.8640350877192983,0.8560234624376092,0.8641772917457682,2,0,2.049848012408318,/jmain02/home/J2AD003/txk58/zxz22-txk58/BP-rationales/BP-rationales/trained_models/evinf/scibert25.pt
support,276.0,169.0,239.0,0.8640350877192983,684.0,684.0,2,0,2.049848012408318,/jmain02/home/J2AD003/txk58/zxz22-txk58/BP-rationales/BP-rationales/trained_models/evinf/scibert25.pt
