,0,1,2,accuracy,macro avg,weighted avg
precision,0.7963636363636364,0.6747572815533981,0.8577405857740585,0.7819444444444444,0.776287167897031,0.7883960276486275
recall,0.876,0.7354497354497355,0.7295373665480427,0.7819444444444444,0.7803290339992595,0.7819444444444444
f1-score,0.8342857142857144,0.7037974683544305,0.7884615384615384,0.7819444444444444,0.7755149070338945,0.7821483922195948
support,250.0,189.0,281.0,0.7819444444444444,720.0,720.0
