,0,1,2,accuracy,macro avg,weighted avg,epoch,point,dev_loss,model-name
precision,0.8298611111111112,0.8208955223880597,0.7748091603053435,0.8070175438596491,0.8085219312681714,0.8084099404433128,2,0,2.904967483024151,/jmain01/home/JAD009/txk20/gxc78-txk20/variable_rationale_2021/trained_models/evinf/scibert10.pt
recall,0.8659420289855072,0.650887573964497,0.8493723849372385,0.8070175438596491,0.7887339959624141,0.8070175438596491,2,0,2.904967483024151,/jmain01/home/JAD009/txk20/gxc78-txk20/variable_rationale_2021/trained_models/evinf/scibert10.pt
f1-score,0.8475177304964538,0.7260726072607261,0.810379241516966,0.8070175438596491,0.7946565264247153,0.8045347996588288,2,0,2.904967483024151,/jmain01/home/JAD009/txk20/gxc78-txk20/variable_rationale_2021/trained_models/evinf/scibert10.pt
support,276.0,169.0,239.0,0.8070175438596491,684.0,684.0,2,0,2.904967483024151,/jmain01/home/JAD009/txk20/gxc78-txk20/variable_rationale_2021/trained_models/evinf/scibert10.pt
