,0,1,2,accuracy,macro avg,weighted avg
precision,0.911504424778761,0.8666666666666667,0.78419452887538,0.8430555555555556,0.8541218734402692,0.8500482900120445
recall,0.824,0.7566137566137566,0.9181494661921709,0.8430555555555556,0.8329210742686425,0.8430555555555556
f1-score,0.8655462184873949,0.807909604519774,0.8459016393442622,0.8430555555555556,0.8397858207838104,0.8427497646275329
support,250.0,189.0,281.0,0.8430555555555556,720.0,720.0
