,0,1,2,accuracy,macro avg,weighted avg
precision,0.821969696969697,0.7790697674418605,0.8133802816901409,0.8083333333333333,0.8048065820338994,0.8073562075609243
recall,0.868,0.708994708994709,0.8220640569395018,0.8083333333333333,0.7996862553114036,0.8083333333333333
f1-score,0.8443579766536964,0.7423822714681441,0.8176991150442477,0.8083333333333333,0.8014797877220294,0.807184992775468
support,250.0,189.0,281.0,0.8083333333333333,720.0,720.0
