,0,1,2,accuracy,macro avg,weighted avg,epoch,point,dev_loss,model-name
precision,0.912,0.7570621468926554,0.7976653696498055,0.8289473684210527,0.8222425055141537,0.8337683131157344,1,1160,2.216236444593173,/jmain01/home/JAD009/txk20/gxc78-txk20/variable_rationale_2021/trained_models/evinf/scibert15.pt
recall,0.8260869565217391,0.7928994082840237,0.8577405857740585,0.8289473684210527,0.8255756501932737,0.8289473684210527,1,1160,2.216236444593173,/jmain01/home/JAD009/txk20/gxc78-txk20/variable_rationale_2021/trained_models/evinf/scibert15.pt
f1-score,0.8669201520912547,0.7745664739884395,0.8266129032258065,0.8289473684210527,0.8226998431018336,0.8300178069476614,1,1160,2.216236444593173,/jmain01/home/JAD009/txk20/gxc78-txk20/variable_rationale_2021/trained_models/evinf/scibert15.pt
support,276.0,169.0,239.0,0.8289473684210527,684.0,684.0,1,1160,2.216236444593173,/jmain01/home/JAD009/txk20/gxc78-txk20/variable_rationale_2021/trained_models/evinf/scibert15.pt
