,0,1,2,accuracy,macro avg,weighted avg
precision,0.7752808988764045,0.7841726618705036,0.7484076433121019,0.7652777777777777,0.7692870680196698,0.7671269521990652
recall,0.828,0.5767195767195767,0.8362989323843416,0.7652777777777777,0.7470061697013061,0.7652777777777777
f1-score,0.8007736943907157,0.6646341463414634,0.7899159663865545,0.7652777777777777,0.7517746023729112,0.7607995330706074
support,250.0,189.0,281.0,0.7652777777777777,720.0,720.0
