,0,1,2,accuracy,macro avg,weighted avg
precision,0.8708333333333333,0.7873563218390804,0.7973856209150327,0.8194444444444444,0.8185250920291489,0.8202556078306162
recall,0.836,0.7248677248677249,0.8683274021352313,0.8194444444444444,0.8097317090009853,0.8194444444444444
f1-score,0.8530612244897958,0.7548209366391184,0.8313458262350937,0.8194444444444444,0.8130759957880027,0.8187981115545884
support,250.0,189.0,281.0,0.8194444444444444,720.0,720.0
