,0,1,2,accuracy,macro avg,weighted avg
precision,0.9071729957805907,0.7955801104972375,0.8079470198675497,0.8375,0.8369000420484594,0.8391541700165375
recall,0.86,0.7619047619047619,0.8683274021352313,0.8375,0.830077388013331,0.8375
f1-score,0.8829568788501025,0.7783783783783783,0.8370497427101201,0.8375,0.8327949999795337,0.8375884873994206
support,250.0,189.0,281.0,0.8375,720.0,720.0
