,0,1,2,accuracy,macro avg,weighted avg
precision,0.7992957746478874,0.7791411042944786,0.8168498168498168,0.8013888888888889,0.7984288985973942,0.8008561262617039
recall,0.908,0.671957671957672,0.7935943060498221,0.8013888888888889,0.7911839926691647,0.8013888888888889
f1-score,0.850187265917603,0.7215909090909092,0.8050541516245487,0.8013888888888889,0.7922774422110203,0.7988162707001122
support,250.0,189.0,281.0,0.8013888888888889,720.0,720.0
