{
    "fixed-deeplift": {
        "sufficiency": {
            "mean": 0.29663302767176997,
            "std": 0.3738969938325528
        },
        "comprehensiveness": {
            "mean": 0.12670854781647642,
            "std": 0.2992097423955065
        }
    },
    "fixed-lime": {
        "sufficiency": {
            "mean": 0.24018248285690283,
            "std": 0.35496977933256557
        },
        "comprehensiveness": {
            "mean": 0.1506226535536102,
            "std": 0.3324102615378994
        }
    },
    "fixed-attention": {
        "sufficiency": {
            "mean": 0.3384222065541647,
            "std": 0.38487022671388404
        },
        "comprehensiveness": {
            "mean": 0.1364671007906456,
            "std": 0.3117115570797454
        }
    },
    "fixed-ig": {
        "sufficiency": {
            "mean": 0.366665797790602,
            "std": 0.38885115663199443
        },
        "comprehensiveness": {
            "mean": 0.16129963900856684,
            "std": 0.3297843959521
        }
    },
    "fixed-gradients": {
        "sufficiency": {
            "mean": 0.2767912081053946,
            "std": 0.35906127626735773
        },
        "comprehensiveness": {
            "mean": 0.1132523656097876,
            "std": 0.2847261358925947
        }
    },
    "fixed-scaled attention": {
        "sufficiency": {
            "mean": 0.4097818834311186,
            "std": 0.4073682561567121
        },
        "comprehensiveness": {
            "mean": 0.17162423885675732,
            "std": 0.3389556084621917
        }
    },
    "fixed-random": {
        "sufficiency": {
            "mean": 0.27637354546595216,
            "std": 0.3633472287982634
        },
        "comprehensiveness": {
            "mean": 0.09407363799947868,
            "std": 0.25627270741698566
        }
    },
    "fixed-fixed-len_var-feat": {
        "sufficiency": {
            "mean": 0.424346434166038,
            "std": 0.40318463065154125
        },
        "comprehensiveness": {
            "mean": 0.22456753523038542,
            "std": 0.3787516779471081
        }
    },
    "fixed-fixed-len_var-feat_var-type": {
        "sufficiency": {
            "mean": 0.47214481902634514,
            "std": 0.41369547966030035
        },
        "comprehensiveness": {
            "mean": 0.4093085251932426,
            "std": 0.45437564572185385
        }
    },
    "var-deeplift": {
        "sufficiency": {
            "mean": 0.2471164337244779,
            "std": 0.35250179363395995
        },
        "comprehensiveness": {
            "mean": 0.16590717209841913,
            "std": 0.33645917048549606
        }
    },
    "var-lime": {
        "sufficiency": {
            "mean": 0.1973447826536673,
            "std": 0.3280403322116609
        },
        "comprehensiveness": {
            "mean": 0.18385346166405273,
            "std": 0.36141224811680084
        }
    },
    "var-attention": {
        "sufficiency": {
            "mean": 0.22621460217293882,
            "std": 0.3375889056119994
        },
        "comprehensiveness": {
            "mean": 0.1357542799361156,
            "std": 0.3141698842720617
        }
    },
    "var-ig": {
        "sufficiency": {
            "mean": 0.2996481848258421,
            "std": 0.36728682777821847
        },
        "comprehensiveness": {
            "mean": 0.191643324790607,
            "std": 0.3544877970191269
        }
    },
    "var-gradients": {
        "sufficiency": {
            "mean": 0.18379602146180413,
            "std": 0.3041772454972161
        },
        "comprehensiveness": {
            "mean": 0.11566093941961142,
            "std": 0.2900667543595497
        }
    },
    "var-scaled attention": {
        "sufficiency": {
            "mean": 0.3307529108577212,
            "std": 0.39051349185846335
        },
        "comprehensiveness": {
            "mean": 0.19268286519883324,
            "std": 0.35805411521466995
        }
    },
    "var-random": {
        "sufficiency": {
            "mean": 0.222143266818816,
            "std": 0.3338095257889014
        },
        "comprehensiveness": {
            "mean": 0.12082891772699028,
            "std": 0.28907017176280275
        }
    },
    "var-var-len_var-feat": {
        "sufficiency": {
            "mean": 0.33147751222734484,
            "std": 0.3872083460554425
        },
        "comprehensiveness": {
            "mean": 0.2426101005218826,
            "std": 0.39338044744394873
        }
    },
    "var-var-len_var-feat_var-type": {
        "sufficiency": {
            "mean": 0.40355059208179644,
            "std": 0.404353393698125
        },
        "comprehensiveness": {
            "mean": 0.39764224826246386,
            "std": 0.4528090170670029
        }
    }
}