{
    "fixed-deeplift": {
        "comprehensiveness": {
            "mean": 0.39807987766183384,
            "std": 0.3931039370283217
        },
        "sufficiency": {
            "mean": 0.05774204492255909,
            "std": 0.1666182952126016
        }
    },
    "fixed-lime": {
        "comprehensiveness": {
            "mean": 0.4609141059713067,
            "std": 0.42621277861888324
        },
        "sufficiency": {
            "mean": 0.06288012827246499,
            "std": 0.17039732453732423
        }
    },
    "fixed-attention": {
        "comprehensiveness": {
            "mean": 0.4006206411208019,
            "std": 0.3953300656863879
        },
        "sufficiency": {
            "mean": 0.06720153366897764,
            "std": 0.16193428897148088
        }
    },
    "fixed-ig": {
        "comprehensiveness": {
            "mean": 0.4234508303754832,
            "std": 0.40226683857411233
        },
        "sufficiency": {
            "mean": 0.05987554334487772,
            "std": 0.16421872296762938
        }
    },
    "fixed-gradients": {
        "comprehensiveness": {
            "mean": 0.45011635439141484,
            "std": 0.41915979840125167
        },
        "sufficiency": {
            "mean": 0.06369513921917697,
            "std": 0.17068471727112902
        }
    },
    "fixed-scaled attention": {
        "comprehensiveness": {
            "mean": 0.4060713328308214,
            "std": 0.3952084284201808
        },
        "sufficiency": {
            "mean": 0.053150860000268876,
            "std": 0.1580066397619084
        }
    },
    "fixed-random": {
        "comprehensiveness": {
            "mean": 0.40351031774368357,
            "std": 0.3961550562355963
        },
        "sufficiency": {
            "mean": 0.06338792216830168,
            "std": 0.16935190098251168
        }
    },
    "fixed-fixed-len_var-feat": {
        "comprehensiveness": {
            "mean": 0.6123440853214586,
            "std": 0.4034552461333361
        },
        "sufficiency": {
            "mean": 0.0701670505669247,
            "std": 0.17162436582198154
        }
    },
    "fixed-fixed-len_var-feat_var-type": {
        "comprehensiveness": {
            "mean": 0.6857421405189777,
            "std": 0.38377740523505144
        },
        "sufficiency": {
            "mean": 0.07529115169125361,
            "std": 0.1663797791182733
        }
    },
    "var-deeplift": {
        "comprehensiveness": {
            "mean": 0.4905635175154201,
            "std": 0.39752483378761266
        },
        "sufficiency": {
            "mean": 0.04952670555947644,
            "std": 0.15309796543386622
        }
    },
    "var-lime": {
        "comprehensiveness": {
            "mean": 0.5568308923541645,
            "std": 0.42186669187129233
        },
        "sufficiency": {
            "mean": 0.04545788484009081,
            "std": 0.15009877387760565
        }
    },
    "var-attention": {
        "comprehensiveness": {
            "mean": 0.46359954820902394,
            "std": 0.39544554649912955
        },
        "sufficiency": {
            "mean": 0.058868071978402665,
            "std": 0.14791860956849717
        }
    },
    "var-ig": {
        "comprehensiveness": {
            "mean": 0.5214055475945714,
            "std": 0.405050471731169
        },
        "sufficiency": {
            "mean": 0.05295429594791756,
            "std": 0.15578850788624832
        }
    },
    "var-gradients": {
        "comprehensiveness": {
            "mean": 0.5349269467045754,
            "std": 0.41554891312612885
        },
        "sufficiency": {
            "mean": 0.05234261435112258,
            "std": 0.15150703148448846
        }
    },
    "var-scaled attention": {
        "comprehensiveness": {
            "mean": 0.47454510788344667,
            "std": 0.3977626700069827
        },
        "sufficiency": {
            "mean": 0.04758994348289858,
            "std": 0.1453866004337413
        }
    },
    "var-random": {
        "comprehensiveness": {
            "mean": 0.5052578521266239,
            "std": 0.4018801798046483
        },
        "sufficiency": {
            "mean": 0.05505065603147323,
            "std": 0.15380894290145022
        }
    },
    "var-var-len_var-feat": {
        "comprehensiveness": {
            "mean": 0.6937697847889865,
            "std": 0.37793937676464423
        },
        "sufficiency": {
            "mean": 0.05031381824428886,
            "std": 0.14780181446015878
        }
    },
    "var-var-len_var-feat_var-type": {
        "comprehensiveness": {
            "mean": 0.7372631934374645,
            "std": 0.3605953624365229
        },
        "sufficiency": {
            "mean": 0.05622977193199124,
            "std": 0.14863619919434307
        }
    }
}