{
    "fixed-deeplift": {
        "comprehensiveness": {
            "mean": 0.37082097885130416,
            "std": 0.3942414004735127
        },
        "sufficiency": {
            "mean": 0.10253379063825527,
            "std": 0.18246032360825476
        }
    },
    "fixed-lime": {
        "comprehensiveness": {
            "mean": 0.4210057522623144,
            "std": 0.4276970058747401
        },
        "sufficiency": {
            "mean": 0.08171762164822359,
            "std": 0.179902093645988
        }
    },
    "fixed-attention": {
        "comprehensiveness": {
            "mean": 0.2973858326650071,
            "std": 0.3663556401048699
        },
        "sufficiency": {
            "mean": 0.06886950379142864,
            "std": 0.1685066340064266
        }
    },
    "fixed-ig": {
        "comprehensiveness": {
            "mean": 0.38303630942616584,
            "std": 0.404086576063578
        },
        "sufficiency": {
            "mean": 0.0707204696621284,
            "std": 0.16792133243140392
        }
    },
    "fixed-gradients": {
        "comprehensiveness": {
            "mean": 0.39100111623947037,
            "std": 0.4143216993344139
        },
        "sufficiency": {
            "mean": 0.09319216491076189,
            "std": 0.1875626193262894
        }
    },
    "fixed-scaled attention": {
        "comprehensiveness": {
            "mean": 0.3378967264328076,
            "std": 0.3919676464632122
        },
        "sufficiency": {
            "mean": 0.12089467976040333,
            "std": 0.20656986292800625
        }
    },
    "fixed-random": {
        "comprehensiveness": {
            "mean": 0.3113506806945816,
            "std": 0.37307285530483586
        },
        "sufficiency": {
            "mean": 0.06089423853289359,
            "std": 0.16487578075339088
        }
    },
    "fixed-fixed-len_var-feat": {
        "comprehensiveness": {
            "mean": 0.6222285425761409,
            "std": 0.3994357496985735
        },
        "sufficiency": {
            "mean": 0.0911611265895188,
            "std": 0.18015414065566984
        }
    },
    "fixed-fixed-len_var-feat_var-type": {
        "comprehensiveness": {
            "mean": 0.6913211950242251,
            "std": 0.38168081606057186
        },
        "sufficiency": {
            "mean": 0.08876371041957301,
            "std": 0.18544083399716266
        }
    },
    "var-deeplift": {
        "comprehensiveness": {
            "mean": 0.4215046545489626,
            "std": 0.40096652112478487
        },
        "sufficiency": {
            "mean": 0.07874463232562307,
            "std": 0.15781716874385793
        }
    },
    "var-lime": {
        "comprehensiveness": {
            "mean": 0.4719440068983843,
            "std": 0.426754415275568
        },
        "sufficiency": {
            "mean": 0.059255574212102896,
            "std": 0.15760361806003176
        }
    },
    "var-attention": {
        "comprehensiveness": {
            "mean": 0.35162860382869476,
            "std": 0.3803578801257557
        },
        "sufficiency": {
            "mean": 0.060818721852091875,
            "std": 0.15528648781731003
        }
    },
    "var-ig": {
        "comprehensiveness": {
            "mean": 0.4432046736134734,
            "std": 0.4098136138441631
        },
        "sufficiency": {
            "mean": 0.05950130917636522,
            "std": 0.1565554687613191
        }
    },
    "var-gradients": {
        "comprehensiveness": {
            "mean": 0.4539691107947934,
            "std": 0.4157830222806064
        },
        "sufficiency": {
            "mean": 0.07254184085038452,
            "std": 0.16687472333761308
        }
    },
    "var-scaled attention": {
        "comprehensiveness": {
            "mean": 0.3928198479781095,
            "std": 0.4013599545343378
        },
        "sufficiency": {
            "mean": 0.10350955473103171,
            "std": 0.1855366013487879
        }
    },
    "var-random": {
        "comprehensiveness": {
            "mean": 0.36453285193818613,
            "std": 0.3847799225368771
        },
        "sufficiency": {
            "mean": 0.05113426161621103,
            "std": 0.1497830766703245
        }
    },
    "var-var-len_var-feat": {
        "comprehensiveness": {
            "mean": 0.6627561854359814,
            "std": 0.38668390412717546
        },
        "sufficiency": {
            "mean": 0.07027142247104298,
            "std": 0.1607118783729241
        }
    },
    "var-var-len_var-feat_var-type": {
        "comprehensiveness": {
            "mean": 0.7375882452408777,
            "std": 0.3597179700759517
        },
        "sufficiency": {
            "mean": 0.060177387017094165,
            "std": 0.15768678832089614
        }
    }
}