{
    "fixed-deeplift": {
        "comprehensiveness": {
            "mean": 0.3304637759422661,
            "std": 0.3872829924662205
        },
        "sufficiency": {
            "mean": 0.06373734951398348,
            "std": 0.15126786445418636
        }
    },
    "fixed-lime": {
        "comprehensiveness": {
            "mean": 0.4096546752874975,
            "std": 0.4306569320254943
        },
        "sufficiency": {
            "mean": 0.07681343525398165,
            "std": 0.17739825700517142
        }
    },
    "fixed-attention": {
        "comprehensiveness": {
            "mean": 0.2966519446964069,
            "std": 0.3670320811474974
        },
        "sufficiency": {
            "mean": 0.05963898684321845,
            "std": 0.15228595952297894
        }
    },
    "fixed-ig": {
        "comprehensiveness": {
            "mean": 0.38036110377405546,
            "std": 0.40902799111924854
        },
        "sufficiency": {
            "mean": 0.06801547667252568,
            "std": 0.16898670008818845
        }
    },
    "fixed-gradients": {
        "comprehensiveness": {
            "mean": 0.36854464935171455,
            "std": 0.41487921262941924
        },
        "sufficiency": {
            "mean": 0.08732544982591291,
            "std": 0.17405294465283166
        }
    },
    "fixed-scaled attention": {
        "comprehensiveness": {
            "mean": 0.3275290182828053,
            "std": 0.3876309437894157
        },
        "sufficiency": {
            "mean": 0.09046746399100888,
            "std": 0.18319156386025578
        }
    },
    "fixed-random": {
        "comprehensiveness": {
            "mean": 0.2857135442813314,
            "std": 0.3646711374403773
        },
        "sufficiency": {
            "mean": 0.05549366735774446,
            "std": 0.1567810590766554
        }
    },
    "fixed-fixed-len_var-feat": {
        "comprehensiveness": {
            "mean": 0.6148593468392282,
            "std": 0.40370013883786054
        },
        "sufficiency": {
            "mean": 0.07657623643353986,
            "std": 0.16162457173252553
        }
    },
    "fixed-fixed-len_var-feat_var-type": {
        "comprehensiveness": {
            "mean": 0.6857421405189777,
            "std": 0.38377740523505144
        },
        "sufficiency": {
            "mean": 0.07529115169125361,
            "std": 0.1663797791182733
        }
    },
    "var-deeplift": {
        "comprehensiveness": {
            "mean": 0.3866981325214362,
            "std": 0.3977437240302724
        },
        "sufficiency": {
            "mean": 0.05735855421691812,
            "std": 0.14399576092674582
        }
    },
    "var-lime": {
        "comprehensiveness": {
            "mean": 0.4542761632363913,
            "std": 0.43251511979212837
        },
        "sufficiency": {
            "mean": 0.06052792351277346,
            "std": 0.15611260210434758
        }
    },
    "var-attention": {
        "comprehensiveness": {
            "mean": 0.35403776515367097,
            "std": 0.3818679850366449
        },
        "sufficiency": {
            "mean": 0.05109433074046817,
            "std": 0.13987786329214877
        }
    },
    "var-ig": {
        "comprehensiveness": {
            "mean": 0.43955254048887016,
            "std": 0.41731881080386596
        },
        "sufficiency": {
            "mean": 0.055749781701627574,
            "std": 0.14816874593804905
        }
    },
    "var-gradients": {
        "comprehensiveness": {
            "mean": 0.43364412874931946,
            "std": 0.4201844597255719
        },
        "sufficiency": {
            "mean": 0.06955882101392312,
            "std": 0.15847164645205342
        }
    },
    "var-scaled attention": {
        "comprehensiveness": {
            "mean": 0.3742994332739258,
            "std": 0.3972945798932933
        },
        "sufficiency": {
            "mean": 0.0800727819275709,
            "std": 0.16698770167369523
        }
    },
    "var-random": {
        "comprehensiveness": {
            "mean": 0.33951096220235943,
            "std": 0.38073026706645036
        },
        "sufficiency": {
            "mean": 0.04743789878678891,
            "std": 0.1408911619960056
        }
    },
    "var-var-len_var-feat": {
        "comprehensiveness": {
            "mean": 0.6551047991024558,
            "std": 0.39305705415022446
        },
        "sufficiency": {
            "mean": 0.0645239595944841,
            "std": 0.14846422239202256
        }
    },
    "var-var-len_var-feat_var-type": {
        "comprehensiveness": {
            "mean": 0.7372631934374645,
            "std": 0.3605953624365229
        },
        "sufficiency": {
            "mean": 0.05622977193199124,
            "std": 0.14863619919434307
        }
    }
}