{
    "fixed-shap": {
        "sufficiency": {
            "mean": 0.610242849839595,
            "std": 0.4334832476420736
        },
        "comprehensiveness": {
            "mean": 0.3432124525969136,
            "std": 0.41816196873160466
        }
    },
    "fixed-lime": {
        "sufficiency": {
            "mean": 0.6246716251277468,
            "std": 0.40751668406770175
        },
        "comprehensiveness": {
            "mean": 0.41026826210016876,
            "std": 0.46556703326541204
        }
    },
    "fixed-attention": {
        "sufficiency": {
            "mean": 0.6074838037581243,
            "std": 0.44517842408346225
        },
        "comprehensiveness": {
            "mean": 0.3237319370543838,
            "std": 0.409848510153844
        }
    },
    "fixed-ig": {
        "sufficiency": {
            "mean": 0.6925119937935827,
            "std": 0.4144899331075021
        },
        "comprehensiveness": {
            "mean": 0.45343442055597294,
            "std": 0.43846342813336364
        }
    },
    "fixed-gradients": {
        "sufficiency": {
            "mean": 0.6239642923529081,
            "std": 0.43220867823970627
        },
        "comprehensiveness": {
            "mean": 0.36384134128449425,
            "std": 0.4272383432874705
        }
    },
    "fixed-scaled attention": {
        "sufficiency": {
            "mean": 0.8248459165245992,
            "std": 0.33054830448626643
        },
        "comprehensiveness": {
            "mean": 0.5689526889052663,
            "std": 0.42589115177940684
        }
    },
    "fixed-random": {
        "sufficiency": {
            "mean": 0.590314113396143,
            "std": 0.4442434644039152
        },
        "comprehensiveness": {
            "mean": 0.31934221653095474,
            "std": 0.40872524256796805
        }
    },
    "fixed-fixed-len_var-feat": {
        "sufficiency": {
            "mean": 0.7744772575426913,
            "std": 0.36637767820355216
        },
        "comprehensiveness": {
            "mean": 0.5527675434413967,
            "std": 0.44028594708915886
        }
    },
    "fixed-fixed-len_var-feat_var-type": {
        "sufficiency": {
            "mean": 0.7962548369840813,
            "std": 0.3426570809503985
        },
        "comprehensiveness": {
            "mean": 0.6887664696021752,
            "std": 0.41797846058640975
        }
    },
    "var-shap": {
        "sufficiency": {
            "mean": 0.5877084732147781,
            "std": 0.4310697893813187
        },
        "comprehensiveness": {
            "mean": 0.3500142024218937,
            "std": 0.4244923942117259
        }
    },
    "var-lime": {
        "sufficiency": {
            "mean": 0.5854836281484053,
            "std": 0.40226005340701826
        },
        "comprehensiveness": {
            "mean": 0.4094833984725633,
            "std": 0.4655734775924548
        }
    },
    "var-attention": {
        "sufficiency": {
            "mean": 0.5351186686632258,
            "std": 0.4466166165367489
        },
        "comprehensiveness": {
            "mean": 0.2893412216476672,
            "std": 0.40477317699040327
        }
    },
    "var-ig": {
        "sufficiency": {
            "mean": 0.678588370907915,
            "std": 0.41085893750762276
        },
        "comprehensiveness": {
            "mean": 0.4917824611223237,
            "std": 0.44876830646829
        }
    },
    "var-gradients": {
        "sufficiency": {
            "mean": 0.5957053986476406,
            "std": 0.43194617255574697
        },
        "comprehensiveness": {
            "mean": 0.401571529695811,
            "std": 0.4391112799345842
        }
    },
    "var-scaled attention": {
        "sufficiency": {
            "mean": 0.7716881577283307,
            "std": 0.37192823800824837
        },
        "comprehensiveness": {
            "mean": 0.6135021407663697,
            "std": 0.42515866882504416
        }
    },
    "var-random": {
        "sufficiency": {
            "mean": 0.5799295994978603,
            "std": 0.44252856149403563
        },
        "comprehensiveness": {
            "mean": 0.3691073639212445,
            "std": 0.4283157686423889
        }
    },
    "var-var-len_var-feat": {
        "sufficiency": {
            "mean": 0.7296611861958074,
            "std": 0.3850971713456964
        },
        "comprehensiveness": {
            "mean": 0.5996638883377581,
            "std": 0.44810445282384803
        }
    },
    "var-var-len_var-feat_var-type": {
        "sufficiency": {
            "mean": 0.7292880665493804,
            "std": 0.3839620687648042
        },
        "comprehensiveness": {
            "mean": 0.7090057531647765,
            "std": 0.4195702552154092
        }
    }
}