{
    "fixed": {
        "gradients": {
            "f1 score - model labels": 79.156,
            "f1 score - actual labels": 77.39,
            "sufficiency": {
                "mean": 0.6198391614250127,
                "std": 0.4334303491115147
            },
            "comprehensiveness": {
                "mean": 0.3680263484992359,
                "std": 0.4324744391085032
            }
        },
        "gradients-ig": {
            "f1 score - model labels": 69.457,
            "f1 score - actual labels": 69.846,
            "sufficiency": {
                "mean": 0.7112547077410146,
                "std": 0.40197804800930503
            },
            "comprehensiveness": {
                "mean": 0.4674743667925845,
                "std": 0.4475941398339467
            }
        },
        "gradients-shap-ig": {
            "f1 score - model labels": 67.41,
            "f1 score - actual labels": 67.896,
            "sufficiency": {
                "mean": 0.7308757272320426,
                "std": 0.38914392843637136
            },
            "comprehensiveness": {
                "mean": 0.4872799139502304,
                "std": 0.4505223070698571
            }
        },
        "gradients-attention-shap-ig": {
            "f1 score - model labels": 66.748,
            "f1 score - actual labels": 67.224,
            "sufficiency": {
                "mean": 0.7454918902965733,
                "std": 0.3807253985912447
            },
            "comprehensiveness": {
                "mean": 0.49377491351802827,
                "std": 0.4510611594542763
            }
        },
        "gradients-ig-scaled attention-attention-shap": {
            "f1 score - model labels": 61.056,
            "f1 score - actual labels": 63.066,
            "sufficiency": {
                "mean": 0.7918499726909511,
                "std": 0.35141483164853626
            },
            "comprehensiveness": {
                "mean": 0.5512544701571556,
                "std": 0.4468444860338186
            }
        },
        "gradients-ig-scaled attention-attention-shap-lime": {
            "f1 score - model labels": 59.372,
            "f1 score - actual labels": 61.585,
            "sufficiency": {
                "mean": 0.8026961543940454,
                "std": 0.34083921294343894
            },
            "comprehensiveness": {
                "mean": 0.5586154127214895,
                "std": 0.4470638728679192
            }
        }
    },
    "variable": {
        "gradients": {
            "f1 score - model labels": 75.328,
            "f1 score - actual labels": 76.214,
            "sufficiency": {
                "mean": 0.5871847083619226,
                "std": 0.4362227224990777
            },
            "comprehensiveness": {
                "mean": 0.3879527314272161,
                "std": 0.43815013067267833
            }
        },
        "gradients-ig": {
            "f1 score - model labels": 62.119,
            "f1 score - actual labels": 65.827,
            "sufficiency": {
                "mean": 0.6959333204553564,
                "std": 0.4064966414104857
            },
            "comprehensiveness": {
                "mean": 0.5249787362910989,
                "std": 0.4488956888398914
            }
        },
        "gradients-shap-ig": {
            "f1 score - model labels": 60.003,
            "f1 score - actual labels": 63.58,
            "sufficiency": {
                "mean": 0.7108222354696485,
                "std": 0.39269588338512
            },
            "comprehensiveness": {
                "mean": 0.5373214870627498,
                "std": 0.4524184171088461
            }
        },
        "gradients-attention-shap-ig": {
            "f1 score - model labels": 59.383,
            "f1 score - actual labels": 62.849,
            "sufficiency": {
                "mean": 0.7094449571700524,
                "std": 0.3948279502748834
            },
            "comprehensiveness": {
                "mean": 0.5437773952849898,
                "std": 0.45438763761663387
            }
        },
        "gradients-ig-scaled attention-attention-shap": {
            "f1 score - model labels": 52.202,
            "f1 score - actual labels": 56.979,
            "sufficiency": {
                "mean": 0.750715276931446,
                "std": 0.37489834533614647
            },
            "comprehensiveness": {
                "mean": 0.6080032625432568,
                "std": 0.44285452579333934
            }
        },
        "gradients-ig-scaled attention-attention-shap-lime": {
            "f1 score - model labels": 51.128,
            "f1 score - actual labels": 56.007,
            "sufficiency": {
                "mean": 0.7453903922957421,
                "std": 0.3768817385572998
            },
            "comprehensiveness": {
                "mean": 0.6133877967992709,
                "std": 0.44243822083579043
            }
        }
    }
}