{
    "variable": {
        "gradients": {
            "f1 score - model labels": 77.894,
            "f1 score - actual labels": 78.025,
            "sufficiency": {
                "mean": 0.4891723004775301,
                "std": 0.4522592908299766
            },
            "comprehensiveness": {
                "mean": 0.3678224844569062,
                "std": 0.4282809162076491
            }
        },
        "ig-gradients": {
            "f1 score - model labels": 58.315,
            "f1 score - actual labels": 62.333,
            "sufficiency": {
                "mean": 0.5927462820794775,
                "std": 0.4450809305354475
            },
            "comprehensiveness": {
                "mean": 0.5507037250805049,
                "std": 0.4474260942970832
            }
        },
        "deeplift-ig-gradients": {
            "f1 score - model labels": 51.351,
            "f1 score - actual labels": 55.893,
            "sufficiency": {
                "mean": 0.6248362811738988,
                "std": 0.43489578638221843
            },
            "comprehensiveness": {
                "mean": 0.6083851593371818,
                "std": 0.4388120137393559
            }
        },
        "deeplift-ig-attention-gradients": {
            "f1 score - model labels": 48.603,
            "f1 score - actual labels": 53.24,
            "sufficiency": {
                "mean": 0.645333603776036,
                "std": 0.42630806258518655
            },
            "comprehensiveness": {
                "mean": 0.6286579078903928,
                "std": 0.4324754637784673
            }
        },
        "attention-deeplift-ig-scaled attention-gradients": {
            "f1 score - model labels": 39.752,
            "f1 score - actual labels": 45.468,
            "sufficiency": {
                "mean": 0.7117614632920924,
                "std": 0.400227354808177
            },
            "comprehensiveness": {
                "mean": 0.6900918918220037,
                "std": 0.4120985722102615
            }
        },
        "attention-lime-deeplift-ig-scaled attention-gradients": {
            "f1 score - model labels": 35.566,
            "f1 score - actual labels": 41.249,
            "sufficiency": {
                "mean": 0.7223480079077054,
                "std": 0.3909260607692495
            },
            "comprehensiveness": {
                "mean": 0.7020186747720122,
                "std": 0.4101221499367581
            }
        }
    },
    "fixed": {
        "gradients": {
            "f1 score - model labels": 77.91,
            "f1 score - actual labels": 76.557,
            "sufficiency": {
                "mean": 0.5394054539274079,
                "std": 0.45512308918636535
            },
            "comprehensiveness": {
                "mean": 0.3972368408594925,
                "std": 0.4360792231760498
            }
        },
        "ig-gradients": {
            "f1 score - model labels": 56.768,
            "f1 score - actual labels": 60.08,
            "sufficiency": {
                "mean": 0.6678042137739133,
                "std": 0.4274385312146472
            },
            "comprehensiveness": {
                "mean": 0.5610846651056816,
                "std": 0.44343566113189187
            }
        },
        "deeplift-ig-gradients": {
            "f1 score - model labels": 49.648,
            "f1 score - actual labels": 53.366,
            "sufficiency": {
                "mean": 0.6988867611388018,
                "std": 0.40968587732216366
            },
            "comprehensiveness": {
                "mean": 0.6130606699851917,
                "std": 0.436442084812207
            }
        },
        "deeplift-ig-attention-gradients": {
            "f1 score - model labels": 47.155,
            "f1 score - actual labels": 50.968,
            "sufficiency": {
                "mean": 0.721157438658231,
                "std": 0.3945661622569214
            },
            "comprehensiveness": {
                "mean": 0.6307542649421175,
                "std": 0.4327645336893939
            }
        },
        "attention-deeplift-ig-scaled attention-gradients": {
            "f1 score - model labels": 39.071,
            "f1 score - actual labels": 44.321,
            "sufficiency": {
                "mean": 0.7783367033467492,
                "std": 0.3638445219234217
            },
            "comprehensiveness": {
                "mean": 0.6826029894702249,
                "std": 0.41330032299680897
            }
        },
        "attention-lime-deeplift-ig-scaled attention-gradients": {
            "f1 score - model labels": 35.855,
            "f1 score - actual labels": 40.622,
            "sufficiency": {
                "mean": 0.7858603944135589,
                "std": 0.35408600248815725
            },
            "comprehensiveness": {
                "mean": 0.6841312328751629,
                "std": 0.4167022006386636
            }
        }
    }
}