{
    "variable": {
        "gradients": {
            "f1 score - model labels": 77.894,
            "f1 score - actual labels": 78.025,
            "sufficiency": {
                "mean": 0.4890860102028432,
                "std": 0.4522575080350734
            },
            "comprehensiveness": {
                "mean": 0.3679637259372393,
                "std": 0.4283237922260028
            }
        },
        "gradients-ig": {
            "f1 score - model labels": 58.315,
            "f1 score - actual labels": 62.333,
            "sufficiency": {
                "mean": 0.5926255402127092,
                "std": 0.44510702998325635
            },
            "comprehensiveness": {
                "mean": 0.5508092729113008,
                "std": 0.4474263990751825
            }
        },
        "attention-gradients-ig": {
            "f1 score - model labels": 53.751,
            "f1 score - actual labels": 57.744,
            "sufficiency": {
                "mean": 0.6360837199235768,
                "std": 0.42828251382981064
            },
            "comprehensiveness": {
                "mean": 0.5893593069728938,
                "std": 0.4416702690129742
            }
        },
        "attention-gradients-ig-scaled attention": {
            "f1 score - model labels": 41.589,
            "f1 score - actual labels": 47.428,
            "sufficiency": {
                "mean": 0.7133746408984752,
                "std": 0.39903049790739653
            },
            "comprehensiveness": {
                "mean": 0.6803432850704385,
                "std": 0.415454404923985
            }
        },
        "lime-gradients-scaled attention-attention-ig": {
            "f1 score - model labels": 36.652,
            "f1 score - actual labels": 42.455,
            "sufficiency": {
                "mean": 0.7247831942421527,
                "std": 0.3899776455140452
            },
            "comprehensiveness": {
                "mean": 0.6960285517701401,
                "std": 0.41252348304656633
            }
        }
    },
    "fixed": {
        "gradients": {
            "f1 score - model labels": 77.91,
            "f1 score - actual labels": 76.557,
            "sufficiency": {
                "mean": 0.5394054539274079,
                "std": 0.45512308918636535
            },
            "comprehensiveness": {
                "mean": 0.3972368408594925,
                "std": 0.4360792231760498
            }
        },
        "gradients-ig": {
            "f1 score - model labels": 56.833,
            "f1 score - actual labels": 60.146,
            "sufficiency": {
                "mean": 0.6665609032879719,
                "std": 0.4276838186442837
            },
            "comprehensiveness": {
                "mean": 0.5605226482880673,
                "std": 0.4442352021233591
            }
        },
        "attention-gradients-ig": {
            "f1 score - model labels": 52.677,
            "f1 score - actual labels": 55.728,
            "sufficiency": {
                "mean": 0.7186138637262647,
                "std": 0.3960217909427422
            },
            "comprehensiveness": {
                "mean": 0.5993854851445612,
                "std": 0.4384695016064455
            }
        },
        "attention-gradients-ig-scaled attention": {
            "f1 score - model labels": 40.848,
            "f1 score - actual labels": 46.452,
            "sufficiency": {
                "mean": 0.7839525649355384,
                "std": 0.36195901822449433
            },
            "comprehensiveness": {
                "mean": 0.6754701064177577,
                "std": 0.41450305199291165
            }
        },
        "lime-gradients-scaled attention-attention-ig": {
            "f1 score - model labels": 36.88,
            "f1 score - actual labels": 42.121,
            "sufficiency": {
                "mean": 0.7906235022989972,
                "std": 0.35008758420207464
            },
            "comprehensiveness": {
                "mean": 0.6803105442448873,
                "std": 0.417834690488863
            }
        }
    }
}