{
    "fixed-fixed-len_var-feat_var-type": {
        "sufficiency": {
            "mean": 0.8007193730306734,
            "std": 0.3390950525499532
        },
        "comprehensiveness": {
            "mean": 0.6856246412304128,
            "std": 0.4204862792130052
        }
    },
    "fixed-lime": {
        "sufficiency": {
            "mean": 0.5815101315328395,
            "std": 0.3932859922879605
        },
        "comprehensiveness": {
            "mean": 0.49061622027554863,
            "std": 0.4907301324445965
        }
    },
    "fixed-attention": {
        "sufficiency": {
            "mean": 0.6658105247393955,
            "std": 0.4186953252820303
        },
        "comprehensiveness": {
            "mean": 0.5266540723652825,
            "std": 0.44935298959530273
        }
    },
    "fixed-ig": {
        "sufficiency": {
            "mean": 0.6903779434281564,
            "std": 0.41704213288776326
        },
        "comprehensiveness": {
            "mean": 0.5650045731789167,
            "std": 0.44004710415469084
        }
    },
    "fixed-gradients": {
        "sufficiency": {
            "mean": 0.5445988774523908,
            "std": 0.4467710665170105
        },
        "comprehensiveness": {
            "mean": 0.39128284332400654,
            "std": 0.42675258409867334
        }
    },
    "fixed-scaled attention": {
        "sufficiency": {
            "mean": 0.8254682797502829,
            "std": 0.33102180667664133
        },
        "comprehensiveness": {
            "mean": 0.6983982149096112,
            "std": 0.40308089662852475
        }
    },
    "fixed-random": {
        "sufficiency": {
            "mean": 0.5125106407437311,
            "std": 0.4540515013561861
        },
        "comprehensiveness": {
            "mean": 0.3853986365011224,
            "std": 0.43430536234921413
        }
    },
    "fixed-fixed-len_var-feat": {
        "sufficiency": {
            "mean": 0.7904145503288493,
            "std": 0.3464332457632356
        },
        "comprehensiveness": {
            "mean": 0.6882863341313811,
            "std": 0.417957130314686
        }
    },
    "var-var-len_var-feat_var-type": {
        "sufficiency": {
            "mean": 0.7258237360147844,
            "std": 0.3867909363515245
        },
        "comprehensiveness": {
            "mean": 0.7047298798050412,
            "std": 0.42143334583635933
        }
    },
    "var-lime": {
        "sufficiency": {
            "mean": 0.53022319329486,
            "std": 0.3926254449251249
        },
        "comprehensiveness": {
            "mean": 0.4675899866999333,
            "std": 0.4872766895508577
        }
    },
    "var-attention": {
        "sufficiency": {
            "mean": 0.5862961738779414,
            "std": 0.4397648328027004
        },
        "comprehensiveness": {
            "mean": 0.4962208520439096,
            "std": 0.45368100204626133
        }
    },
    "var-ig": {
        "sufficiency": {
            "mean": 0.6143958863093082,
            "std": 0.43528653898254943
        },
        "comprehensiveness": {
            "mean": 0.5468436505012972,
            "std": 0.44312089006944
        }
    },
    "var-gradients": {
        "sufficiency": {
            "mean": 0.4876523735476456,
            "std": 0.4505201536934867
        },
        "comprehensiveness": {
            "mean": 0.37330935994410586,
            "std": 0.4251638432071881
        }
    },
    "var-scaled attention": {
        "sufficiency": {
            "mean": 0.758496525588471,
            "std": 0.3768309294345083
        },
        "comprehensiveness": {
            "mean": 0.6871079888104418,
            "std": 0.4106350277977492
        }
    },
    "var-random": {
        "sufficiency": {
            "mean": 0.48179731638931217,
            "std": 0.4511650198256855
        },
        "comprehensiveness": {
            "mean": 0.358828267096811,
            "std": 0.42535649531019554
        }
    },
    "var-var-len_var-feat": {
        "sufficiency": {
            "mean": 0.7120262514126974,
            "std": 0.39556428752131456
        },
        "comprehensiveness": {
            "mean": 0.7069258445102805,
            "std": 0.41600442871342663
        }
    }
}