{
    "fixed": {
        "gradients": {
            "f1 score - model labels": 92.204,
            "f1 score - actual labels": 88.506,
            "sufficiency": {
                "mean": 0.11598044399205908,
                "std": 0.2604136888280369
            },
            "comprehensiveness": {
                "mean": 0.1590297783276654,
                "std": 0.33622252921345064
            }
        },
        "gradients-ig": {
            "f1 score - model labels": 84.241,
            "f1 score - actual labels": 83.189,
            "sufficiency": {
                "mean": 0.1763038799432103,
                "std": 0.31853455655065016
            },
            "comprehensiveness": {
                "mean": 0.24678826004003615,
                "std": 0.3990277469585514
            }
        },
        "gradients-deeplift-ig": {
            "f1 score - model labels": 81.35,
            "f1 score - actual labels": 80.898,
            "sufficiency": {
                "mean": 0.23690845047587578,
                "std": 0.3639634785568907
            },
            "comprehensiveness": {
                "mean": 0.2906382188295891,
                "std": 0.42281740709733356
            }
        },
        "gradients-deeplift-ig-attention": {
            "f1 score - model labels": 77.754,
            "f1 score - actual labels": 77.59,
            "sufficiency": {
                "mean": 0.34310832744900766,
                "std": 0.39873790825529
            },
            "comprehensiveness": {
                "mean": 0.3305834197105538,
                "std": 0.43348382462946755
            }
        },
        "ig-scaled attention-gradients-deeplift-attention": {
            "f1 score - model labels": 72.446,
            "f1 score - actual labels": 73.184,
            "sufficiency": {
                "mean": 0.40504607000577475,
                "std": 0.41382649780000397
            },
            "comprehensiveness": {
                "mean": 0.3814461800460305,
                "std": 0.4457581371993935
            }
        },
        "ig-scaled attention-gradients-lime-deeplift-attention": {
            "f1 score - model labels": 68.903,
            "f1 score - actual labels": 69.937,
            "sufficiency": {
                "mean": 0.43247840124346015,
                "std": 0.4170719352114409
            },
            "comprehensiveness": {
                "mean": 0.40736202833447266,
                "std": 0.4547114983787716
            }
        }
    },
    "variable": {
        "gradients": {
            "f1 score - model labels": 92.355,
            "f1 score - actual labels": 88.899,
            "sufficiency": {
                "mean": 0.08508850857755404,
                "std": 0.209555406005376
            },
            "comprehensiveness": {
                "mean": 0.14032944520250995,
                "std": 0.3177423781135266
            }
        },
        "gradients-ig": {
            "f1 score - model labels": 85.158,
            "f1 score - actual labels": 84.1,
            "sufficiency": {
                "mean": 0.13643873056431083,
                "std": 0.27473684429151796
            },
            "comprehensiveness": {
                "mean": 0.22855550219370194,
                "std": 0.3876959762744423
            }
        },
        "gradients-deeplift-ig": {
            "f1 score - model labels": 82.024,
            "f1 score - actual labels": 81.56,
            "sufficiency": {
                "mean": 0.19683242634621548,
                "std": 0.33152090979939564
            },
            "comprehensiveness": {
                "mean": 0.27793446661967863,
                "std": 0.4176562859954244
            }
        },
        "gradients-deeplift-ig-attention": {
            "f1 score - model labels": 78.639,
            "f1 score - actual labels": 78.527,
            "sufficiency": {
                "mean": 0.2690395907930137,
                "std": 0.36613471798281705
            },
            "comprehensiveness": {
                "mean": 0.31413431258439256,
                "std": 0.4285925298570934
            }
        },
        "ig-scaled attention-gradients-deeplift-attention": {
            "f1 score - model labels": 73.695,
            "f1 score - actual labels": 74.476,
            "sufficiency": {
                "mean": 0.33266568810419767,
                "std": 0.39342238394395407
            },
            "comprehensiveness": {
                "mean": 0.3617331378599202,
                "std": 0.4414806550274821
            }
        },
        "ig-scaled attention-gradients-lime-deeplift-attention": {
            "f1 score - model labels": 70.046,
            "f1 score - actual labels": 71.265,
            "sufficiency": {
                "mean": 0.36991556074901094,
                "std": 0.4032500159819493
            },
            "comprehensiveness": {
                "mean": 0.3900841098746314,
                "std": 0.45278732609599254
            }
        }
    }
}