,0,1,accuracy,macro avg,weighted avg
precision,0.7998430141287284,0.6804347826086956,0.7431930693069307,0.740138898368712,0.74873491173515
recall,0.7349441038586368,0.7542168674698795,0.7431930693069307,0.7445804856642582,0.7431930693069307
f1-score,0.7660214245442586,0.7154285714285714,0.7431930693069307,0.740724997986415,0.7443670990048503
support,2773.0,2075.0,0.7431930693069307,4848.0,4848.0
