,0,1,accuracy,macro avg,weighted avg,epoch,point,dev_loss,model-name
precision,0.7403551745254133,0.6502213788741303,0.6960174237710018,0.6952882766997719,0.6996351150090279,3,2003,2.355265193391795,/jmain02/home/J2AD003/txk58/zxz22-txk58/BP-rationales/BP-rationales/trained_models/multirc/roberta15.pt
recall,0.6861520998864926,0.7079889807162535,0.6960174237710018,0.697070540301373,0.6960174237710018,3,2003,2.355265193391795,/jmain02/home/J2AD003/txk58/zxz22-txk58/BP-rationales/BP-rationales/trained_models/multirc/roberta15.pt
f1-score,0.7122238586156111,0.677876689746126,0.6960174237710018,0.6950502741808686,0.6967067182302682,3,2003,2.355265193391795,/jmain02/home/J2AD003/txk58/zxz22-txk58/BP-rationales/BP-rationales/trained_models/multirc/roberta15.pt
support,1762.0,1452.0,0.6960174237710018,3214.0,3214.0,3,2003,2.355265193391795,/jmain02/home/J2AD003/txk58/zxz22-txk58/BP-rationales/BP-rationales/trained_models/multirc/roberta15.pt
