,0,1,accuracy,macro avg,weighted avg,epoch,point,dev_loss,model-name
precision,0.8111254851228978,0.6954436450839329,0.7510889856876167,0.7532845651034153,0.7588634964058546,1,3606,2.5128167680469318,/jmain01/home/JAD009/txk20/gxc78-txk20/variable_rationale_2021/trained_models/multirc/roberta15.pt
recall,0.7116912599318955,0.7988980716253443,0.7510889856876167,0.7552946657786199,0.7510889856876167,1,3606,2.5128167680469318,/jmain01/home/JAD009/txk20/gxc78-txk20/variable_rationale_2021/trained_models/multirc/roberta15.pt
f1-score,0.7581620314389359,0.7435897435897436,0.7510889856876167,0.7508758875143398,0.751578658085785,1,3606,2.5128167680469318,/jmain01/home/JAD009/txk20/gxc78-txk20/variable_rationale_2021/trained_models/multirc/roberta15.pt
support,1762.0,1452.0,0.7510889856876167,3214.0,3214.0,1,3606,2.5128167680469318,/jmain01/home/JAD009/txk20/gxc78-txk20/variable_rationale_2021/trained_models/multirc/roberta15.pt
