,0,1,accuracy,macro avg,weighted avg
precision,0.8101604278074866,0.7076233183856502,0.7629950495049505,0.7588918730965684,0.7662733605528846
recall,0.7648755860079336,0.7604819277108433,0.7629950495049505,0.7626787568593885,0.7629950495049505
f1-score,0.786867000556483,0.7331010452961673,0.7629950495049505,0.759984022926325,0.7638545506461787
support,2773.0,2075.0,0.7629950495049505,4848.0,4848.0
