,0,1,accuracy,macro avg,weighted avg
precision,0.5719884488448845,0.0,0.5719884488448845,0.28599422442244227,0.32717078561197704
recall,1.0,0.0,0.5719884488448845,0.5,0.5719884488448845
f1-score,0.7277260202073219,0.0,0.5719884488448845,0.36386301010366096,0.4162508774824471
support,2773.0,2075.0,0.5719884488448845,4848.0,4848.0
