,0,1,accuracy,macro avg,weighted avg,epoch,point,dev_loss,model-name
precision,0.7897169266320047,0.7336480107889414,0.7638456751711263,0.7616824687104731,0.7643864767862898,2,0,2.1130195984348137,/jmain01/home/JAD009/txk20/gxc78-txk20/variable_rationale_2021/trained_models/multirc/roberta5.pt
recall,0.7758229284903518,0.7493112947658402,0.7638456751711263,0.7625671116280961,0.7638456751711263,2,0,2.1130195984348137,/jmain01/home/JAD009/txk20/gxc78-txk20/variable_rationale_2021/trained_models/multirc/roberta5.pt
f1-score,0.7827082736902377,0.741396933560477,0.7638456751711263,0.7620526036253573,0.7640449053428784,2,0,2.1130195984348137,/jmain01/home/JAD009/txk20/gxc78-txk20/variable_rationale_2021/trained_models/multirc/roberta5.pt
support,1762.0,1452.0,0.7638456751711263,3214.0,3214.0,2,0,2.1130195984348137,/jmain01/home/JAD009/txk20/gxc78-txk20/variable_rationale_2021/trained_models/multirc/roberta5.pt
