,0,1,accuracy,macro avg,weighted avg
precision,0.7724801338352154,0.6231176231176231,0.6967821782178217,0.6977988784764193,0.7085512539385561
recall,0.6660656328885683,0.7378313253012048,0.6967821782178217,0.7019484790948866,0.6967821782178217
f1-score,0.7153369481022465,0.6756398940864959,0.6967821782178217,0.6954884210943713,0.6983461504366767
support,2773.0,2075.0,0.6967821782178217,4848.0,4848.0
