,0,1,accuracy,macro avg,weighted avg
precision,0.8289578361177407,0.7047986289631534,0.7691831683168316,0.7668782325404471,0.7758162612733165
recall,0.7515326361341508,0.7927710843373494,0.7691831683168316,0.7721518602357501,0.7691831683168316
f1-score,0.78834878002648,0.7462009525969607,0.7691831683168316,0.7672748663117204,0.7703090230305534
support,2773.0,2075.0,0.7691831683168316,4848.0,4848.0
