,0,1,accuracy,macro avg,weighted avg
precision,0.8207236842105263,0.6783940397350994,0.7497937293729373,0.7495588619728129,0.7598049523032427
recall,0.719798052650559,0.7898795180722892,0.7497937293729373,0.754838785361424,0.7497937293729373
f1-score,0.7669548511047071,0.7299042529503451,0.7497937293729373,0.7484295520275261,0.7510967671174337
support,2773.0,2075.0,0.7497937293729373,4848.0,4848.0
