,0,1,accuracy,macro avg,weighted avg,epoch,point,dev_loss,model-name
precision,0.8193869096934548,0.6148480318883907,0.6916614810205352,0.7171174707909227,0.726981666826948,1,2404,2.7561206270880367,/jmain01/home/JAD009/txk20/gxc78-txk20/variable_rationale_2021/trained_models/multirc/roberta5.pt
recall,0.5612939841089671,0.849862258953168,0.6916614810205352,0.7055781215310676,0.6916614810205352,1,2404,2.7561206270880367,/jmain01/home/JAD009/txk20/gxc78-txk20/variable_rationale_2021/trained_models/multirc/roberta5.pt
f1-score,0.6662175816773325,0.7135010118531369,0.6916614810205352,0.6898592967652346,0.6875789819932216,1,2404,2.7561206270880367,/jmain01/home/JAD009/txk20/gxc78-txk20/variable_rationale_2021/trained_models/multirc/roberta5.pt
support,1762.0,1452.0,0.6916614810205352,3214.0,3214.0,1,2404,2.7561206270880367,/jmain01/home/JAD009/txk20/gxc78-txk20/variable_rationale_2021/trained_models/multirc/roberta5.pt
