,0,1,accuracy,macro avg,weighted avg,epoch,point,dev_loss,model-name
precision,0.8203821656050956,0.7116788321167883,0.7647790914747977,0.7660304988609419,0.7712728811542486,2,0,2.258137879939518,/jmain02/home/J2AD003/txk58/zxz22-txk58/BP-rationales/BP-rationales/trained_models/multirc/roberta25.pt
recall,0.7309875141884222,0.8057851239669421,0.7647790914747977,0.7683863190776822,0.7647790914747977,2,0,2.258137879939518,/jmain02/home/J2AD003/txk58/zxz22-txk58/BP-rationales/BP-rationales/trained_models/multirc/roberta25.pt
f1-score,0.773109243697479,0.755813953488372,0.7647790914747977,0.7644615985929255,0.7652956900622508,2,0,2.258137879939518,/jmain02/home/J2AD003/txk58/zxz22-txk58/BP-rationales/BP-rationales/trained_models/multirc/roberta25.pt
support,1762.0,1452.0,0.7647790914747977,3214.0,3214.0,2,0,2.258137879939518,/jmain02/home/J2AD003/txk58/zxz22-txk58/BP-rationales/BP-rationales/trained_models/multirc/roberta25.pt
