,0,1,accuracy,macro avg,weighted avg
precision,0.8013671089666264,0.6696315120711563,0.7372112211221122,0.7354993105188914,0.7449827517970512
recall,0.7187161918499819,0.7619277108433735,0.7372112211221122,0.7403219513466777,0.7372112211221122
f1-score,0.7577946768060837,0.7128043282236248,0.7372112211221122,0.7352995025148543,0.7385382879222961
support,2773.0,2075.0,0.7372112211221122,4848.0,4848.0
