,0,1,accuracy,macro avg,weighted avg
precision,0.8419647624132408,0.597983193277311,0.6922442244224423,0.7199739778452758,0.7375378325541124
recall,0.568698160836639,0.8573493975903614,0.6922442244224423,0.7130237792135002,0.6922442244224423
f1-score,0.6788635385277658,0.7045544554455446,0.6922442244224423,0.6917089969866552,0.6898595477283416
support,2773.0,2075.0,0.6922442244224423,4848.0,4848.0
