,0,1,accuracy,macro avg,weighted avg,epoch,point,dev_loss,model-name
precision,0.761876127480457,0.6808510638297872,0.722775357809583,0.7213635956551221,0.7252711516183623,1,2003,2.1951399026670266,/jmain01/home/JAD009/txk20/gxc78-txk20/variable_rationale_2021/trained_models/multirc/roberta10.pt
recall,0.7190692395005676,0.7272727272727273,0.722775357809583,0.7231709833866474,0.722775357809583,1,2003,2.1951399026670266,/jmain01/home/JAD009/txk20/gxc78-txk20/variable_rationale_2021/trained_models/multirc/roberta10.pt
f1-score,0.7398540145985403,0.7032967032967034,0.722775357809583,0.7215753589476218,0.7233383904509774,1,2003,2.1951399026670266,/jmain01/home/JAD009/txk20/gxc78-txk20/variable_rationale_2021/trained_models/multirc/roberta10.pt
support,1762.0,1452.0,0.722775357809583,3214.0,3214.0,1,2003,2.1951399026670266,/jmain01/home/JAD009/txk20/gxc78-txk20/variable_rationale_2021/trained_models/multirc/roberta10.pt
