{
    "variable": {
        "gradients": {
            "f1 score - model labels": 85.667,
            "f1 score - actual labels": 84.067,
            "sufficiency": {
                "mean": 0.4681841963170764,
                "std": 0.43741257975008796
            },
            "comprehensiveness": {
                "mean": 0.25264582076488296,
                "std": 0.390613847364418
            }
        },
        "gradients-ig": {
            "f1 score - model labels": 74.694,
            "f1 score - actual labels": 76.689,
            "sufficiency": {
                "mean": 0.5493270069655319,
                "std": 0.4389990412977845
            },
            "comprehensiveness": {
                "mean": 0.38295118179232723,
                "std": 0.44118034877983464
            }
        },
        "gradients-attention-ig": {
            "f1 score - model labels": 75.17,
            "f1 score - actual labels": 76.499,
            "sufficiency": {
                "mean": 0.5327015560353558,
                "std": 0.43985732698391905
            },
            "comprehensiveness": {
                "mean": 0.3645250155841535,
                "std": 0.4452870711775339
            }
        },
        "scaled attention-attention-gradients-ig": {
            "f1 score - model labels": 68.006,
            "f1 score - actual labels": 71.084,
            "sufficiency": {
                "mean": 0.5940827537319822,
                "std": 0.43044373126649405
            },
            "comprehensiveness": {
                "mean": 0.45512505802849185,
                "std": 0.4540908288952629
            }
        },
        "attention-gradients-lime-ig-scaled attention": {
            "f1 score - model labels": 66.427,
            "f1 score - actual labels": 69.71,
            "sufficiency": {
                "mean": 0.6070284274770361,
                "std": 0.42484823390098736
            },
            "comprehensiveness": {
                "mean": 0.475995726677508,
                "std": 0.4560711748963964
            }
        }
    },
    "fixed": {
        "gradients": {
            "f1 score - model labels": 85.993,
            "f1 score - actual labels": 83.177,
            "sufficiency": {
                "mean": 0.49991114875163634,
                "std": 0.441614240233361
            },
            "comprehensiveness": {
                "mean": 0.2564392504311612,
                "std": 0.391164968902646
            }
        },
        "gradients-ig": {
            "f1 score - model labels": 77.928,
            "f1 score - actual labels": 79.263,
            "sufficiency": {
                "mean": 0.5827184788471539,
                "std": 0.43542275381060136
            },
            "comprehensiveness": {
                "mean": 0.3631105551940441,
                "std": 0.4317828587951336
            }
        },
        "gradients-attention-ig": {
            "f1 score - model labels": 77.213,
            "f1 score - actual labels": 78.107,
            "sufficiency": {
                "mean": 0.5727775266369982,
                "std": 0.43700988208206326
            },
            "comprehensiveness": {
                "mean": 0.3628672142951282,
                "std": 0.43530778140267157
            }
        },
        "scaled attention-attention-gradients-ig": {
            "f1 score - model labels": 70.448,
            "f1 score - actual labels": 72.752,
            "sufficiency": {
                "mean": 0.6668392728753583,
                "std": 0.40876037385768627
            },
            "comprehensiveness": {
                "mean": 0.45304992202867733,
                "std": 0.44933432092207465
            }
        },
        "attention-gradients-lime-ig-scaled attention": {
            "f1 score - model labels": 69.698,
            "f1 score - actual labels": 72.21,
            "sufficiency": {
                "mean": 0.66977421180519,
                "std": 0.40507766787311267
            },
            "comprehensiveness": {
                "mean": 0.4607093412411736,
                "std": 0.45073236373392606
            }
        }
    }
}