{
    "fixed-deeplift": {
        "sufficiency": {
            "mean": 0.42963992951183105,
            "std": 0.41491415478935845
        },
        "comprehensiveness": {
            "mean": 0.1952032182063762,
            "std": 0.33942584039639856
        }
    },
    "fixed-lime": {
        "sufficiency": {
            "mean": 0.47978004251063133,
            "std": 0.42940112129855007
        },
        "comprehensiveness": {
            "mean": 0.2466155367833422,
            "std": 0.3759921812351804
        }
    },
    "fixed-attention": {
        "sufficiency": {
            "mean": 0.4280296854417554,
            "std": 0.414650564339175
        },
        "comprehensiveness": {
            "mean": 0.17628942061805442,
            "std": 0.3253924307163287
        }
    },
    "fixed-ig": {
        "sufficiency": {
            "mean": 0.600930195398695,
            "std": 0.3968169821215977
        },
        "comprehensiveness": {
            "mean": 0.34159820017433656,
            "std": 0.4163439607809446
        }
    },
    "fixed-gradients": {
        "sufficiency": {
            "mean": 0.45976205179416396,
            "std": 0.4160649390768573
        },
        "comprehensiveness": {
            "mean": 0.2384330087006841,
            "std": 0.3749131776107955
        }
    },
    "fixed-scaled attention": {
        "sufficiency": {
            "mean": 0.4200012930539392,
            "std": 0.413461137004109
        },
        "comprehensiveness": {
            "mean": 0.16793344772377,
            "std": 0.31678039151966253
        }
    },
    "fixed-random": {
        "sufficiency": {
            "mean": 0.41173865795234293,
            "std": 0.40264383229724254
        },
        "comprehensiveness": {
            "mean": 0.19534147594788778,
            "std": 0.3416542047842785
        }
    },
    "fixed-fixed-len_var-feat": {
        "sufficiency": {
            "mean": 0.6074116950130535,
            "std": 0.4021221081610816
        },
        "comprehensiveness": {
            "mean": 0.37543995418905113,
            "std": 0.43333230315964516
        }
    },
    "fixed-fixed-len_var-feat_var-type": {
        "sufficiency": {
            "mean": 0.6115834906107454,
            "std": 0.3844113837563283
        },
        "comprehensiveness": {
            "mean": 0.5103963082455915,
            "std": 0.4459441576158445
        }
    },
    "var-deeplift": {
        "sufficiency": {
            "mean": 0.37180616016114676,
            "std": 0.38748460678702057
        },
        "comprehensiveness": {
            "mean": 0.17626266818054762,
            "std": 0.3197362552903813
        }
    },
    "var-lime": {
        "sufficiency": {
            "mean": 0.4457498749050818,
            "std": 0.4082296918228179
        },
        "comprehensiveness": {
            "mean": 0.2378700078119762,
            "std": 0.37656187596015306
        }
    },
    "var-attention": {
        "sufficiency": {
            "mean": 0.33830485855594467,
            "std": 0.36948734195266947
        },
        "comprehensiveness": {
            "mean": 0.14653835814494306,
            "std": 0.29647803419952307
        }
    },
    "var-ig": {
        "sufficiency": {
            "mean": 0.5017063679192814,
            "std": 0.39568632517578495
        },
        "comprehensiveness": {
            "mean": 0.3370713489715684,
            "std": 0.4192799868385878
        }
    },
    "var-gradients": {
        "sufficiency": {
            "mean": 0.3932205134043641,
            "std": 0.3868359136189091
        },
        "comprehensiveness": {
            "mean": 0.22100727245237936,
            "std": 0.3599156906136826
        }
    },
    "var-scaled attention": {
        "sufficiency": {
            "mean": 0.33469074156121037,
            "std": 0.36769248039888436
        },
        "comprehensiveness": {
            "mean": 0.1396682018422584,
            "std": 0.28700221295816536
        }
    },
    "var-random": {
        "sufficiency": {
            "mean": 0.37216642020872864,
            "std": 0.3824931767419631
        },
        "comprehensiveness": {
            "mean": 0.19778577162618804,
            "std": 0.34273817046672533
        }
    },
    "var-var-len_var-feat": {
        "sufficiency": {
            "mean": 0.5290092042200866,
            "std": 0.4008438785007275
        },
        "comprehensiveness": {
            "mean": 0.3944693561567098,
            "std": 0.4403713245910143
        }
    },
    "var-var-len_var-feat_var-type": {
        "sufficiency": {
            "mean": 0.551570297317118,
            "std": 0.3845643567317341
        },
        "comprehensiveness": {
            "mean": 0.4919302885638014,
            "std": 0.44882327860882015
        }
    }
}