{
    "variable": {
        "gradients": {
            "f1 score - model labels": 83.402,
            "f1 score - actual labels": 82.001,
            "sufficiency": {
                "mean": 0.43213901096261437,
                "std": 0.43149282089846636
            },
            "comprehensiveness": {
                "mean": 0.22023677692285454,
                "std": 0.37883472642704497
            }
        },
        "lime": {
            "f1 score - model labels": 81.237,
            "f1 score - actual labels": 82.123,
            "sufficiency": {
                "mean": 0.47793170896664117,
                "std": 0.3924738595445773
            },
            "comprehensiveness": {
                "mean": 0.273644471768172,
                "std": 0.41519970234710835
            }
        },
        "attention": {
            "f1 score - model labels": 93.502,
            "f1 score - actual labels": 88.191,
            "sufficiency": {
                "mean": 0.39476569453758104,
                "std": 0.4108175625138323
            },
            "comprehensiveness": {
                "mean": 0.1054462405061794,
                "std": 0.2772509296340373
            }
        },
        "gradients-ig": {
            "f1 score - model labels": 72.141,
            "f1 score - actual labels": 74.885,
            "sufficiency": {
                "mean": 0.5077912679002433,
                "std": 0.44433893993705686
            },
            "comprehensiveness": {
                "mean": 0.3483962484996647,
                "std": 0.43599765521556144
            }
        },
        "attention-scaled attention": {
            "f1 score - model labels": 93.447,
            "f1 score - actual labels": 88.246,
            "sufficiency": {
                "mean": 0.39483966383628366,
                "std": 0.4109726784839004
            },
            "comprehensiveness": {
                "mean": 0.10655751718930823,
                "std": 0.27880451785640004
            }
        },
        "lime-scaled attention": {
            "f1 score - model labels": 80.383,
            "f1 score - actual labels": 80.736,
            "sufficiency": {
                "mean": 0.48219574180409674,
                "std": 0.41002550045550556
            },
            "comprehensiveness": {
                "mean": 0.26401873610364907,
                "std": 0.41555943400051293
            }
        },
        "deeplift-attention": {
            "f1 score - model labels": 88.381,
            "f1 score - actual labels": 85.499,
            "sufficiency": {
                "mean": 0.4200010504689935,
                "std": 0.417944502219846
            },
            "comprehensiveness": {
                "mean": 0.16439966594745878,
                "std": 0.34035448524851925
            }
        },
        "gradients-deeplift-ig": {
            "f1 score - model labels": 71.009,
            "f1 score - actual labels": 73.964,
            "sufficiency": {
                "mean": 0.5127752486489537,
                "std": 0.4401022386843568
            },
            "comprehensiveness": {
                "mean": 0.35969419339821906,
                "std": 0.442666043384737
            }
        },
        "attention-lime-scaled attention": {
            "f1 score - model labels": 80.275,
            "f1 score - actual labels": 80.63,
            "sufficiency": {
                "mean": 0.4833179918695231,
                "std": 0.41021155993628405
            },
            "comprehensiveness": {
                "mean": 0.26583403106196024,
                "std": 0.4163804390552623
            }
        },
        "deeplift-lime-scaled attention": {
            "f1 score - model labels": 77.63,
            "f1 score - actual labels": 78.663,
            "sufficiency": {
                "mean": 0.49587339128023405,
                "std": 0.4139688042373617
            },
            "comprehensiveness": {
                "mean": 0.29545777102501514,
                "std": 0.4278267855420384
            }
        },
        "gradients-deeplift-attention-ig": {
            "f1 score - model labels": 70.998,
            "f1 score - actual labels": 73.628,
            "sufficiency": {
                "mean": 0.5003511840196296,
                "std": 0.4395272749884008
            },
            "comprehensiveness": {
                "mean": 0.35429969457004007,
                "std": 0.44385349991851986
            }
        },
        "gradients-deeplift-lime-scaled attention": {
            "f1 score - model labels": 71.389,
            "f1 score - actual labels": 74.261,
            "sufficiency": {
                "mean": 0.5185426113442229,
                "std": 0.4232864985612388
            },
            "comprehensiveness": {
                "mean": 0.35805276180886453,
                "std": 0.44762772893555036
            }
        },
        "ig-scaled attention-deeplift-gradients-attention": {
            "f1 score - model labels": 70.998,
            "f1 score - actual labels": 73.628,
            "sufficiency": {
                "mean": 0.5005121589472077,
                "std": 0.439555535620956
            },
            "comprehensiveness": {
                "mean": 0.3542444016914845,
                "std": 0.44385615345412527
            }
        },
        "lime-ig-deeplift-gradients-attention": {
            "f1 score - model labels": 66.394,
            "f1 score - actual labels": 70.126,
            "sufficiency": {
                "mean": 0.5433325431351067,
                "std": 0.43094583081108806
            },
            "comprehensiveness": {
                "mean": 0.4127191322562727,
                "std": 0.45661480648197417
            }
        },
        "lime-ig-scaled attention-deeplift-gradients-attention": {
            "f1 score - model labels": 66.394,
            "f1 score - actual labels": 70.126,
            "sufficiency": {
                "mean": 0.5429689731696423,
                "std": 0.43103367415339117
            },
            "comprehensiveness": {
                "mean": 0.4126688445992462,
                "std": 0.45662865273545444
            }
        }
    },
    "fixed": {
        "gradients": {
            "f1 score - model labels": 86.39,
            "f1 score - actual labels": 84.068,
            "sufficiency": {
                "mean": 0.4705908270908202,
                "std": 0.44205317259319055
            },
            "comprehensiveness": {
                "mean": 0.20336961051655555,
                "std": 0.3612211331324797
            }
        },
        "lime": {
            "f1 score - model labels": 80.997,
            "f1 score - actual labels": 81.764,
            "sufficiency": {
                "mean": 0.508142849352448,
                "std": 0.39847668656844676
            },
            "comprehensiveness": {
                "mean": 0.2889727130557382,
                "std": 0.4222758410381925
            }
        },
        "attention": {
            "f1 score - model labels": 90.978,
            "f1 score - actual labels": 87.314,
            "sufficiency": {
                "mean": 0.4325953096376767,
                "std": 0.42444301190700945
            },
            "comprehensiveness": {
                "mean": 0.15079590831558232,
                "std": 0.3184005117515848
            }
        },
        "gradients-ig": {
            "f1 score - model labels": 77.972,
            "f1 score - actual labels": 78.523,
            "sufficiency": {
                "mean": 0.5571026379359658,
                "std": 0.44464055374802947
            },
            "comprehensiveness": {
                "mean": 0.311401640668285,
                "std": 0.41685411745850826
            }
        },
        "attention-scaled attention": {
            "f1 score - model labels": 90.978,
            "f1 score - actual labels": 87.314,