{
    "fixed-fixed-len_var-feat_var-type": {
        "comprehensiveness": {
            "mean": 0.5715628599366629,
            "std": 0.44906766819925054
        },
        "sufficiency": {
            "mean": 0.6260505814335967,
            "std": 0.4338822943786747
        }
    },
    "fixed-lime": {
        "comprehensiveness": {
            "mean": 0.331536722355168,
            "std": 0.4435490792069815
        },
        "sufficiency": {
            "mean": 0.5104083874531345,
            "std": 0.40548317574199666
        }
    },
    "fixed-attention": {
        "comprehensiveness": {
            "mean": 0.21755796621290194,
            "std": 0.36767234502744656
        },
        "sufficiency": {
            "mean": 0.48357848709165074,
            "std": 0.44413331577497167
        }
    },
    "fixed-ig": {
        "comprehensiveness": {
            "mean": 0.3435275281092809,
            "std": 0.4235299893619945
        },
        "sufficiency": {
            "mean": 0.5838568790147184,
            "std": 0.43897202922768275
        }
    },
    "fixed-gradients": {
        "comprehensiveness": {
            "mean": 0.245925975696158,
            "std": 0.37739061738572205
        },
        "sufficiency": {
            "mean": 0.4935347169756231,
            "std": 0.44335286323715545
        }
    },
    "fixed-scaled attention": {
        "comprehensiveness": {
            "mean": 0.46943098853794546,
            "std": 0.44115170334370013
        },
        "sufficiency": {
            "mean": 0.7209376342714243,
            "std": 0.3989547243333581
        }
    },
    "fixed-random": {
        "comprehensiveness": {
            "mean": 0.22213679018516505,
            "std": 0.3669534558437299
        },
        "sufficiency": {
            "mean": 0.4889635621525861,
            "std": 0.44629367956805605
        }
    },
    "fixed-fixed-len_var-feat": {
        "comprehensiveness": {
            "mean": 0.4611917480376007,
            "std": 0.4544361441066648
        },
        "sufficiency": {
            "mean": 0.6587595950209733,
            "std": 0.41717892929046824
        }
    },
    "var-var-len_var-feat_var-type": {
        "comprehensiveness": {
            "mean": 0.5682575722413383,
            "std": 0.4560295165877581
        },
        "sufficiency": {
            "mean": 0.5806553962842322,
            "std": 0.4330180823022103
        }
    },
    "var-lime": {
        "comprehensiveness": {
            "mean": 0.3287524084654426,
            "std": 0.437499101356744
        },
        "sufficiency": {
            "mean": 0.49364896281462145,
            "std": 0.4016430388401536
        }
    },
    "var-attention": {
        "comprehensiveness": {
            "mean": 0.15573783353006507,
            "std": 0.32572297549831175
        },
        "sufficiency": {
            "mean": 0.4334818232204304,
            "std": 0.4327275184327281
        }
    },
    "var-ig": {
        "comprehensiveness": {
            "mean": 0.3673374691907949,
            "std": 0.4342112383331075
        },
        "sufficiency": {
            "mean": 0.5241324321512099,
            "std": 0.43972604310677477
        }
    },
    "var-gradients": {
        "comprehensiveness": {
            "mean": 0.2604917645510946,
            "std": 0.3883254720893617
        },
        "sufficiency": {
            "mean": 0.4663658783826635,
            "std": 0.439314570455623
        }
    },
    "var-scaled attention": {
        "comprehensiveness": {
            "mean": 0.4807344269036949,
            "std": 0.438526997638526
        },
        "sufficiency": {
            "mean": 0.6277727819477217,
            "std": 0.4285742083408869
        }
    },
    "var-random": {
        "comprehensiveness": {
            "mean": 0.2359128058753513,
            "std": 0.3784159315090833
        },
        "sufficiency": {
            "mean": 0.4665328611800268,
            "std": 0.44042406436599724
        }
    },
    "var-var-len_var-feat": {
        "comprehensiveness": {
            "mean": 0.4845336510749444,
            "std": 0.45890250401272137
        },
        "sufficiency": {
            "mean": 0.5891419729119628,
            "std": 0.42881260438719776
        }
    }
}