{
    "fixed-deeplift": {
        "comprehensiveness": {
            "mean": 0.23640824104194832,
            "std": 0.37941177140219823
        },
        "sufficiency": {
            "mean": 0.5006513249694576,
            "std": 0.4381866282305503
        }
    },
    "fixed-lime": {
        "comprehensiveness": {
            "mean": 0.3615667575531316,
            "std": 0.4494398250556348
        },
        "sufficiency": {
            "mean": 0.5443788433064799,
            "std": 0.3988886590252431
        }
    },
    "fixed-attention": {
        "comprehensiveness": {
            "mean": 0.2095479027809015,
            "std": 0.357228458456497
        },
        "sufficiency": {
            "mean": 0.4711681507609146,
            "std": 0.4443410337202346
        }
    },
    "fixed-ig": {
        "comprehensiveness": {
            "mean": 0.350910423042207,
            "std": 0.4264216182657409
        },
        "sufficiency": {
            "mean": 0.5854240197039842,
            "std": 0.4390434520832445
        }
    },
    "fixed-gradients": {
        "comprehensiveness": {
            "mean": 0.2564392504311612,
            "std": 0.391164968902646
        },
        "sufficiency": {
            "mean": 0.49991114875163634,
            "std": 0.441614240233361
        }
    },
    "fixed-scaled attention": {
        "comprehensiveness": {
            "mean": 0.4622808094869905,
            "std": 0.4365400091594097
        },
        "sufficiency": {
            "mean": 0.714166259925116,
            "std": 0.39916931500874325
        }
    },
    "fixed-random": {
        "comprehensiveness": {
            "mean": 0.2270127799011968,
            "std": 0.3714796269423528
        },
        "sufficiency": {
            "mean": 0.4713148226303533,
            "std": 0.44088303209431556
        }
    },
    "fixed-fixed-len_var-feat": {
        "comprehensiveness": {
            "mean": 0.46017369583746637,
            "std": 0.4515236050941795
        },
        "sufficiency": {
            "mean": 0.6722808034898075,
            "std": 0.40163006463685197
        }
    },
    "fixed-fixed-len_var-feat_var-type": {
        "comprehensiveness": {
            "mean": 0.5641220390736863,
            "std": 0.4481955059528984
        },
        "sufficiency": {
            "mean": 0.6334938060784818,
            "std": 0.4271946791082758
        }
    },
    "var-deeplift": {
        "comprehensiveness": {
            "mean": 0.2239004486640832,
            "std": 0.3733164858707176
        },
        "sufficiency": {
            "mean": 0.47173063187947184,
            "std": 0.43586974203092455
        }
    },
    "var-lime": {
        "comprehensiveness": {
            "mean": 0.35176583656661115,
            "std": 0.44690258209882566
        },
        "sufficiency": {
            "mean": 0.5029399436713134,
            "std": 0.4022218132113565
        }
    },
    "var-attention": {
        "comprehensiveness": {
            "mean": 0.1416239008633125,
            "std": 0.3097850805345641
        },
        "sufficiency": {
            "mean": 0.43516359896486534,
            "std": 0.4358461848949041
        }
    },
    "var-ig": {
        "comprehensiveness": {
            "mean": 0.36148134724384084,
            "std": 0.4314954964546358
        },
        "sufficiency": {
            "mean": 0.5468887552521297,
            "std": 0.4418726856291885
        }
    },
    "var-gradients": {
        "comprehensiveness": {
            "mean": 0.2525326523057642,
            "std": 0.3905507140090289
        },
        "sufficiency": {
            "mean": 0.4682475805695832,
            "std": 0.43742190677445447
        }
    },
    "var-scaled attention": {
        "comprehensiveness": {
            "mean": 0.46673793822955834,
            "std": 0.43680840572153046
        },
        "sufficiency": {
            "mean": 0.629290083625785,
            "std": 0.43156514110784666
        }
    },
    "var-random": {
        "comprehensiveness": {
            "mean": 0.2407475015378863,
            "std": 0.37917235335460403
        },
        "sufficiency": {
            "mean": 0.4660960596355516,
            "std": 0.44036699369839427
        }
    },
    "var-var-len_var-feat": {
        "comprehensiveness": {
            "mean": 0.4778144399775293,
            "std": 0.45677323227311384
        },
        "sufficiency": {
            "mean": 0.6087458758414986,
            "std": 0.4240053712325041
        }
    },
    "var-var-len_var-feat_var-type": {
        "comprehensiveness": {
            "mean": 0.557361013887755,
            "std": 0.45306313157189554
        },
        "sufficiency": {
            "mean": 0.5960965797638562,
            "std": 0.4331190069225841
        }
    }
}