{
    "variable": {
        "gradients": {
            "f1 score - model labels": 84.452,
            "f1 score - actual labels": 83.02,
            "sufficiency": {
                "mean": 0.3817773405765528,
                "std": 0.38657988365968926
            },
            "comprehensiveness": {
                "mean": 0.24207249410920542,
                "std": 0.3753885468844826
            }
        },
        "lime": {
            "f1 score - model labels": 80.615,
            "f1 score - actual labels": 81.941,
            "sufficiency": {
                "mean": 0.4448491167985435,
                "std": 0.4116046910730234
            },
            "comprehensiveness": {
                "mean": 0.2613868596574894,
                "std": 0.3865131145484534
            }
        },
        "attention": {
            "f1 score - model labels": 91.314,
            "f1 score - actual labels": 88.632,
            "sufficiency": {
                "mean": 0.3273936644349973,
                "std": 0.36662988463373797
            },
            "comprehensiveness": {
                "mean": 0.1589141508195252,
                "std": 0.3078342075844026
            }
        },
        "ig-gradients": {
            "f1 score - model labels": 74.822,
            "f1 score - actual labels": 75.938,
            "sufficiency": {
                "mean": 0.5041373816768489,
                "std": 0.3995615178637752
            },
            "comprehensiveness": {
                "mean": 0.36167619066103585,
                "std": 0.42754606485800895
            }
        },
        "scaled attention-attention": {
            "f1 score - model labels": 91.314,
            "f1 score - actual labels": 88.632,
            "sufficiency": {
                "mean": 0.32848731270470527,
                "std": 0.36707536276313696
            },
            "comprehensiveness": {
                "mean": 0.1589171353323877,
                "std": 0.3077016183232225
            }
        },
        "scaled attention-lime": {
            "f1 score - model labels": 80.322,
            "f1 score - actual labels": 81.118,
            "sufficiency": {
                "mean": 0.4464199162799037,
                "std": 0.404803146716465
            },
            "comprehensiveness": {
                "mean": 0.2778411830098072,
                "std": 0.39368293219447126
            }
        },
        "deeplift-attention": {
            "f1 score - model labels": 88.345,
            "f1 score - actual labels": 86.436,
            "sufficiency": {
                "mean": 0.35752125806876794,
                "std": 0.3797541765504562
            },
            "comprehensiveness": {
                "mean": 0.20046571976158833,
                "std": 0.3419045992400644
            }
        },
        "deeplift-ig-gradients": {
            "f1 score - model labels": 73.679,
            "f1 score - actual labels": 75.558,
            "sufficiency": {
                "mean": 0.5061527974910935,
                "std": 0.4041835176933719
            },
            "comprehensiveness": {
                "mean": 0.3678582351867248,
                "std": 0.4288437040154799
            }
        },
        "lime-scaled attention-attention": {
            "f1 score - model labels": 80.272,
            "f1 score - actual labels": 80.959,
            "sufficiency": {
                "mean": 0.44772351153156165,
                "std": 0.4050028990985477
            },
            "comprehensiveness": {
                "mean": 0.2789403198348035,
                "std": 0.3940629344739789
            }
        },
        "deeplift-scaled attention-lime": {
            "f1 score - model labels": 78.766,
            "f1 score - actual labels": 79.682,
            "sufficiency": {
                "mean": 0.4623553858937322,
                "std": 0.40730027623545034
            },
            "comprehensiveness": {
                "mean": 0.30143312809109246,
                "std": 0.40215033362757135
            }
        },
        "deeplift-ig-gradients-attention": {
            "f1 score - model labels": 73.613,
            "f1 score - actual labels": 75.28,
            "sufficiency": {
                "mean": 0.48980156177238554,
                "std": 0.40337030172763
            },
            "comprehensiveness": {
                "mean": 0.36384970127153193,
                "std": 0.43060842293010243
            }
        },
        "deeplift-scaled attention-gradients-lime": {
            "f1 score - model labels": 73.906,
            "f1 score - actual labels": 76.311,
            "sufficiency": {
                "mean": 0.5027134049372186,
                "std": 0.4082799382789272
            },
            "comprehensiveness": {
                "mean": 0.3582782007848416,
                "std": 0.425351143682835
            }
        },
        "ig-attention-deeplift-scaled attention-gradients": {
            "f1 score - model labels": 73.67,
            "f1 score - actual labels": 75.226,
            "sufficiency": {
                "mean": 0.4902975003758687,
                "std": 0.4030910528714036
            },
            "comprehensiveness": {
                "mean": 0.36340822623993396,
                "std": 0.43062286869272726
            }
        },
        "ig-lime-deeplift-attention-gradients": {
            "f1 score - model labels": 69.899,
            "f1 score - actual labels": 72.584,
            "sufficiency": {
                "mean": 0.5429164075476699,
                "std": 0.40447044467927834
            },
            "comprehensiveness": {
                "mean": 0.40778152971623416,
                "std": 0.43696170115378574
            }
        },
        "ig-attention-deeplift-lime-scaled attention-gradients": {
            "f1 score - model labels": 69.954,
            "f1 score - actual labels": 72.529,
            "sufficiency": {
                "mean": 0.5433616907237558,
                "std": 0.40409756779719613
            },
            "comprehensiveness": {
                "mean": 0.40737117054570904,
                "std": 0.43703284762760336
            }
        }
    },
    "fixed": {
        "gradients": {
            "f1 score - model labels": 86.074,
            "f1 score - actual labels": 83.963,
            "sufficiency": {
                "mean": 0.47030939264470384,
                "std": 0.41132670531687926
            },
            "comprehensiveness": {
                "mean": 0.23857373558276507,
                "std": 0.37025218137771776
            }
        },
        "lime": {
            "f1 score - model labels": 80.788,
            "f1 score - actual labels": 80.996,
            "sufficiency": {
                "mean": 0.47906758647206465,
                "std": 0.43140793951446577
            },
            "comprehensiveness": {
                "mean": 0.27063628346457985,
                "std": 0.3890797183903587
            }
        },
        "attention": {
            "f1 score - model labels": 89.284,
            "f1 score - actual labels": 87.039,
            "sufficiency": {
                "mean": 0.4235728068826009,
                "std": 0.4097860907434844
            },
            "comprehensiveness": {
                "mean": 0.1898642614155848,
                "std": 0.33465922545765864
            }
        },
        "ig-gradients": {
            "f1 score - model labels": 76.677,
            "f1 score - actual labels": 77.32,
            "sufficiency": {
                "mean": 0.6022752653475288,
                "std": 0.39879525163231533
            },
            "comprehensiveness": {
                "mean": 0.349642642983433,
                "std": 0.4203331704565739
            }
        },
        "scaled attention-attention": {
            "f1 score - model labels": 89.614,
            "f1 score - actual labels": 87.478,