{
    "fixed": {
        "gradients": {
            "f1 score - model labels": 85.871,
            "f1 score - actual labels": 83.783,
            "sufficiency": {
                "mean": 0.31902258885559076,
                "std": 0.35482092199419135
            },
            "comprehensiveness": {
                "mean": 0.2430324262451517,
                "std": 0.36831175973255437
            }
        },
        "lime": {
            "f1 score - model labels": 74.3,
            "f1 score - actual labels": 76.035,
            "sufficiency": {
                "mean": 0.4013212989184152,
                "std": 0.4046075140458553
            },
            "comprehensiveness": {
                "mean": 0.3309326365430376,
                "std": 0.4174474357354722
            }
        },
        "attention": {
            "f1 score - model labels": 77.288,
            "f1 score - actual labels": 76.538,
            "sufficiency": {
                "mean": 0.4830074680324935,
                "std": 0.39368386499042834
            },
            "comprehensiveness": {
                "mean": 0.35470515765850474,
                "std": 0.4122324538708722
            }
        },
        "ig-gradients": {
            "f1 score - model labels": 73.905,
            "f1 score - actual labels": 75.956,
            "sufficiency": {
                "mean": 0.4325481414337699,
                "std": 0.3878811993164815
            },
            "comprehensiveness": {
                "mean": 0.38383583648896796,
                "std": 0.42913063692024334
            }
        },
        "scaled attention-attention": {
            "f1 score - model labels": 77.291,
            "f1 score - actual labels": 76.209,
            "sufficiency": {
                "mean": 0.48325789900477933,
                "std": 0.3932082665236878
            },
            "comprehensiveness": {
                "mean": 0.353398304774154,
                "std": 0.4121473830001508
            }
        },
        "scaled attention-lime": {
            "f1 score - model labels": 66.19,
            "f1 score - actual labels": 68.469,
            "sufficiency": {
                "mean": 0.5389052230111292,
                "std": 0.39287448550417114
            },
            "comprehensiveness": {
                "mean": 0.457898701884683,
                "std": 0.4376107809407634
            }
        },
        "deeplift-attention": {
            "f1 score - model labels": 74.992,
            "f1 score - actual labels": 76.544,
            "sufficiency": {
                "mean": 0.47517030341049504,
                "std": 0.3970707317590347
            },
            "comprehensiveness": {
                "mean": 0.37606621610987573,
                "std": 0.4185161973596411
            }
        },
        "ig-gradients-deeplift": {
            "f1 score - model labels": 71.877,
            "f1 score - actual labels": 74.368,
            "sufficiency": {
                "mean": 0.444460271264974,
                "std": 0.3946922172145842
            },
            "comprehensiveness": {
                "mean": 0.4025594305655436,
                "std": 0.4331845847706801
            }
        },
        "scaled attention-lime-attention": {
            "f1 score - model labels": 66.133,
            "f1 score - actual labels": 68.521,
            "sufficiency": {
                "mean": 0.5391227771884919,
                "std": 0.39283873701264793
            },
            "comprehensiveness": {
                "mean": 0.4582295841022795,
                "std": 0.43758989171435236
            }
        },
        "scaled attention-lime-deeplift": {
            "f1 score - model labels": 64.827,
            "f1 score - actual labels": 67.579,
            "sufficiency": {
                "mean": 0.5390635446304193,
                "std": 0.3928571655175836
            },
            "comprehensiveness": {
                "mean": 0.47569284265084466,
                "std": 0.4382848534730552
            }
        },
        "ig-gradients-deeplift-attention": {
            "f1 score - model labels": 68.01,
            "f1 score - actual labels": 70.848,
            "sufficiency": {
                "mean": 0.5134046226343522,
                "std": 0.3941363843853556
            },
            "comprehensiveness": {
                "mean": 0.45369815107326333,
                "std": 0.4399355822075044
            }
        },
        "scaled attention-lime-deeplift-gradients": {
            "f1 score - model labels": 63.383,
            "f1 score - actual labels": 66.38,
            "sufficiency": {
                "mean": 0.5455239721534765,
                "std": 0.3897605148048068
            },
            "comprehensiveness": {
                "mean": 0.4944464116253921,
                "std": 0.4401684556759977
            }
        },
        "scaled attention-gradients-deeplift-ig-attention": {
            "f1 score - model labels": 67.794,
            "f1 score - actual labels": 70.521,
            "sufficiency": {
                "mean": 0.5160507944109888,
                "std": 0.3924520809876148
            },
            "comprehensiveness": {
                "mean": 0.45846168190743675,
                "std": 0.44068126620226716
            }
        },
        "gradients-deeplift-lime-ig-attention": {
            "f1 score - model labels": 60.515,
            "f1 score - actual labels": 63.911,
            "sufficiency": {
                "mean": 0.5591149490493115,
                "std": 0.3903396115049121
            },
            "comprehensiveness": {
                "mean": 0.522742056841455,
                "std": 0.44393811820724594
            }
        },
        "scaled attention-gradients-deeplift-lime-ig-attention": {
            "f1 score - model labels": 60.24,
            "f1 score - actual labels": 63.521,
            "sufficiency": {
                "mean": 0.5617718765296539,
                "std": 0.38806656768580977
            },
            "comprehensiveness": {
                "mean": 0.5272522688233564,
                "std": 0.44392649979298887
            }
        }
    },
    "variable": {
        "gradients": {
            "f1 score - model labels": 86.351,
            "f1 score - actual labels": 84.928,
            "sufficiency": {
                "mean": 0.2719832249679401,
                "std": 0.32434178417915405
            },
            "comprehensiveness": {
                "mean": 0.21736971590677504,
                "std": 0.35839754741194335
            }
        },
        "lime": {
            "f1 score - model labels": 76.425,
            "f1 score - actual labels": 77.871,
            "sufficiency": {
                "mean": 0.37469282573104856,
                "std": 0.37952326745394416
            },
            "comprehensiveness": {
                "mean": 0.30092145506898704,
                "std": 0.4092355210008624
            }
        },
        "attention": {
            "f1 score - model labels": 80.767,
            "f1 score - actual labels": 79.782,
            "sufficiency": {
                "mean": 0.36452941484353596,
                "std": 0.3701813522881142
            },
            "comprehensiveness": {
                "mean": 0.2956422878257076,
                "std": 0.39646194938206425
            }
        },
        "ig-gradients": {
            "f1 score - model labels": 74.029,
            "f1 score - actual labels": 76.54,
            "sufficiency": {
                "mean": 0.37184747330861534,
                "std": 0.37338988561286285
            },
            "comprehensiveness": {
                "mean": 0.3631356400161079,
                "std": 0.4302066867676458
            }
        },
        "scaled attention-attention": {
            "f1 score - model labels": 80.605,
            "f1 score - actual labels": 79.619,