{
    "variable": {
        "gradients": {
            "f1 score - model labels": 86.763,
            "f1 score - actual labels": 84.514,
            "sufficiency": {
                "mean": 0.4254406285060509,
                "std": 0.4352260419734719
            },
            "comprehensiveness": {
                "mean": 0.22664020155145423,
                "std": 0.37511444041631975
            }
        },
        "gradients-ig": {
            "f1 score - model labels": 75.668,
            "f1 score - actual labels": 77.463,
            "sufficiency": {
                "mean": 0.48927091903481296,
                "std": 0.4473859749490419
            },
            "comprehensiveness": {
                "mean": 0.37295986366408485,
                "std": 0.43551255756421936
            }
        },
        "attention-gradients-ig": {
            "f1 score - model labels": 72.368,
            "f1 score - actual labels": 73.827,
            "sufficiency": {
                "mean": 0.5101838273772094,
                "std": 0.446976664923353
            },
            "comprehensiveness": {
                "mean": 0.4112785379634962,
                "std": 0.44320410892918594
            }
        },
        "scaled attention-attention-gradients-ig": {
            "f1 score - model labels": 62.232,
            "f1 score - actual labels": 65.868,
            "sufficiency": {
                "mean": 0.5728665226098725,
                "std": 0.4430953657718292
            },
            "comprehensiveness": {
                "mean": 0.5121942799381539,
                "std": 0.44895436781546283
            }
        }
    },
    "fixed": {
        "gradients": {
            "f1 score - model labels": 86.985,
            "f1 score - actual labels": 84.068,
            "sufficiency": {
                "mean": 0.4441765855975681,
                "std": 0.445980900345946
            },
            "comprehensiveness": {
                "mean": 0.24590425934468554,
                "std": 0.3809605660651471
            }
        },
        "gradients-ig": {
            "f1 score - model labels": 75.249,
            "f1 score - actual labels": 76.364,
            "sufficiency": {
                "mean": 0.517663888162092,
                "std": 0.45211151257633453
            },
            "comprehensiveness": {
                "mean": 0.3926409475262756,
                "std": 0.4372892363486304
            }
        },
        "attention-gradients-ig": {
            "f1 score - model labels": 70.787,
            "f1 score - actual labels": 72.554,
            "sufficiency": {
                "mean": 0.5454301249618422,
                "std": 0.4520635521401322
            },
            "comprehensiveness": {
                "mean": 0.43983481002463354,
                "std": 0.44487918059705883
            }
        },
        "scaled attention-attention-gradients-ig": {
            "f1 score - model labels": 61.096,
            "f1 score - actual labels": 65.149,
            "sufficiency": {
                "mean": 0.620392819900037,
                "std": 0.43954893001582906
            },
            "comprehensiveness": {
                "mean": 0.5349874867011657,
                "std": 0.4453936026816903
            }
        }
    }
}