{
    "fixed-shap": {
        "sufficiency": {
            "mean": 0.5023566806884354,
            "std": 0.4537540373218543
        },
        "comprehensiveness": {
            "mean": 0.3453003483300438,
            "std": 0.42499091193329275
        }
    },
    "fixed-lime": {
        "sufficiency": {
            "mean": 0.45353666960917666,
            "std": 0.40059209294531567
        },
        "comprehensiveness": {
            "mean": 0.3990757730344414,
            "std": 0.46675243024843927
        }
    },
    "fixed-attention": {
        "sufficiency": {
            "mean": 0.5113618394846968,
            "std": 0.44910709868445126
        },
        "comprehensiveness": {
            "mean": 0.35704055137456625,
            "std": 0.4266174146295589
        }
    },
    "fixed-ig": {
        "sufficiency": {
            "mean": 0.5437035723162148,
            "std": 0.4552569578971713
        },
        "comprehensiveness": {
            "mean": 0.39358267084174536,
            "std": 0.4338903979736677
        }
    },
    "fixed-gradients": {
        "sufficiency": {
            "mean": 0.4456323368748257,
            "std": 0.45110413114552084
        },
        "comprehensiveness": {
            "mean": 0.24241735649341895,
            "std": 0.3743272407794751
        }
    },
    "fixed-scaled attention": {
        "sufficiency": {
            "mean": 0.671076449830461,
            "std": 0.4276257070152763
        },
        "comprehensiveness": {
            "mean": 0.554516199615612,
            "std": 0.4382954279211083
        }
    },
    "fixed-random": {
        "sufficiency": {
            "mean": 0.45724950115828683,
            "std": 0.450760545097729
        },
        "comprehensiveness": {
            "mean": 0.2254830291875505,
            "std": 0.3677511594534306
        }
    },
    "fixed-fixed-len_var-feat": {
        "sufficiency": {
            "mean": 0.6135260039874258,
            "std": 0.4358223468849265
        },
        "comprehensiveness": {
            "mean": 0.5700914418045337,
            "std": 0.4482622626304487
        }
    },
    "fixed-fixed-len_var-feat_var-type": {
        "sufficiency": {
            "mean": 0.6256475026736361,
            "std": 0.43254740917992657
        },
        "comprehensiveness": {
            "mean": 0.5750546855583999,
            "std": 0.44864869904880883
        }
    },
    "var-shap": {
        "sufficiency": {
            "mean": 0.46621782386487504,
            "std": 0.44317723049979496
        },
        "comprehensiveness": {
            "mean": 0.29325404001661776,
            "std": 0.40806094837882645
        }
    },
    "var-lime": {
        "sufficiency": {
            "mean": 0.4368771810304596,
            "std": 0.39968052380946445
        },
        "comprehensiveness": {
            "mean": 0.3671323837988059,
            "std": 0.4564913838782591
        }
    },
    "var-attention": {
        "sufficiency": {
            "mean": 0.4607785567769422,
            "std": 0.44010028775482285
        },
        "comprehensiveness": {
            "mean": 0.2854035748173045,
            "std": 0.4038891904588538
        }
    },
    "var-ig": {
        "sufficiency": {
            "mean": 0.49529554534686404,
            "std": 0.44612054238762194
        },
        "comprehensiveness": {
            "mean": 0.36656316233874675,
            "std": 0.431783164238274
        }
    },
    "var-gradients": {
        "sufficiency": {
            "mean": 0.43169837137427897,
            "std": 0.4375724969767005
        },
        "comprehensiveness": {
            "mean": 0.21949978985466417,
            "std": 0.3639570329190203
        }
    },
    "var-scaled attention": {
        "sufficiency": {
            "mean": 0.6011913188203417,
            "std": 0.4402531097891258
        },
        "comprehensiveness": {
            "mean": 0.5380868813807106,
            "std": 0.44161943313806284
        }
    },
    "var-random": {
        "sufficiency": {
            "mean": 0.4368347334963859,
            "std": 0.44356863820431774
        },
        "comprehensiveness": {
            "mean": 0.19897406346378851,
            "std": 0.3461788424917432
        }
    },
    "var-var-len_var-feat": {
        "sufficiency": {
            "mean": 0.5656406028247482,
            "std": 0.4382428232469666
        },
        "comprehensiveness": {
            "mean": 0.5643821345709635,
            "std": 0.45078049795274844
        }
    },
    "var-var-len_var-feat_var-type": {
        "sufficiency": {
            "mean": 0.5809569034678435,
            "std": 0.43437853524613357
        },
        "comprehensiveness": {
            "mean": 0.572013507678216,
            "std": 0.45429443417542686
        }
    }
}