{
    "var-attention": {
        "sufficiency": {
            "mean": 0.4682852651546456,
            "std": 0.4398484689643006
        },
        "comprehensiveness": {
            "mean": 0.26497898340906273,
            "std": 0.39877283048044865
        }
    },
    "var-scaled attention": {
        "sufficiency": {
            "mean": 0.6064885472024718,
            "std": 0.44223593320226295
        },
        "comprehensiveness": {
            "mean": 0.5188524289123976,
            "std": 0.4363317895184599
        }
    },
    "var-var-len_var-feat": {
        "sufficiency": {
            "mean": 0.572946300433477,
            "std": 0.443080131257425
        },
        "comprehensiveness": {
            "mean": 0.5121058199970079,
            "std": 0.4489598983666337
        }
    },
    "var-ig": {
        "sufficiency": {
            "mean": 0.49590696716046434,
            "std": 0.449456203395599
        },
        "comprehensiveness": {
            "mean": 0.3619533455448863,
            "std": 0.427387686247782
        }
    },
    "var-random": {
        "sufficiency": {
            "mean": 0.43615936522792975,
            "std": 0.4433970056767464
        },
        "comprehensiveness": {
            "mean": 0.2089654401231307,
            "std": 0.35308614814161027
        }
    },
    "var-gradients": {
        "sufficiency": {
            "mean": 0.4254406285060509,
            "std": 0.4352260419734719
        },
        "comprehensiveness": {
            "mean": 0.22664020155145423,
            "std": 0.37511444041631975
        }
    },
    "fixed-attention": {
        "sufficiency": {
            "mean": 0.5114562469659878,
            "std": 0.4489528868999625
        },
        "comprehensiveness": {
            "mean": 0.3443580514925521,
            "std": 0.4262491152321226
        }
    },
    "fixed-scaled attention": {
        "sufficiency": {
            "mean": 0.6805839650662803,
            "std": 0.4200923610866268
        },
        "comprehensiveness": {
            "mean": 0.5417834722640755,
            "std": 0.43456800810552304
        }
    },
    "fixed-fixed-len_var-feat": {
        "sufficiency": {
            "mean": 0.6206221247864572,
            "std": 0.44030183422263985
        },
        "comprehensiveness": {
            "mean": 0.5340993887729513,
            "std": 0.44527112604423036
        }
    },
    "fixed-ig": {
        "sufficiency": {
            "mean": 0.5356885365079802,
            "std": 0.45453361258002606
        },
        "comprehensiveness": {
            "mean": 0.3997135290841513,
            "std": 0.4337827253300199
        }
    },
    "fixed-random": {
        "sufficiency": {
            "mean": 0.4514400621340137,
            "std": 0.4510136326653766
        },
        "comprehensiveness": {
            "mean": 0.22141645287321937,
            "std": 0.3621998371549653
        }
    },
    "fixed-gradients": {
        "sufficiency": {
            "mean": 0.4441765855975681,
            "std": 0.445980900345946
        },
        "comprehensiveness": {
            "mean": 0.24590425934468554,
            "std": 0.3809605660651471
        }
    }
}