{
    "fixed-shap": {
        "sufficiency": {
            "mean": 0.50983746643439,
            "std": 0.45380014866465423
        },
        "comprehensiveness": {
            "mean": 0.33179459588674687,
            "std": 0.4147729127197253
        }
    },
    "fixed-lime": {
        "sufficiency": {
            "mean": 0.48487570040101974,
            "std": 0.40455906452730417
        },
        "comprehensiveness": {
            "mean": 0.41934328210610067,
            "std": 0.47334898906170014
        }
    },
    "fixed-attention": {
        "sufficiency": {
            "mean": 0.5111016168789442,
            "std": 0.44898623779600944
        },
        "comprehensiveness": {
            "mean": 0.3449119791532463,
            "std": 0.4264637882457115
        }
    },
    "fixed-ig": {
        "sufficiency": {
            "mean": 0.5352654181705161,
            "std": 0.4545514582032444
        },
        "comprehensiveness": {
            "mean": 0.4006232108220403,
            "std": 0.43396536341360864
        }
    },
    "fixed-gradients": {
        "sufficiency": {
            "mean": 0.44393163717227574,
            "std": 0.4459341003100556
        },
        "comprehensiveness": {
            "mean": 0.24682333320138722,
            "std": 0.3814387155192235
        }
    },
    "fixed-scaled attention": {
        "sufficiency": {
            "mean": 0.6802882500953578,
            "std": 0.42023679323687113
        },
        "comprehensiveness": {
            "mean": 0.5420939080231889,
            "std": 0.4345902368431637
        }
    },
    "fixed-random": {
        "sufficiency": {
            "mean": 0.4493260774771667,
            "std": 0.45104778201140777
        },
        "comprehensiveness": {
            "mean": 0.2377020937654135,
            "std": 0.3782596342099311
        }
    },
    "fixed-fixed-len_var-feat": {
        "sufficiency": {
            "mean": 0.6299446543894979,
            "std": 0.43164128147653713
        },
        "comprehensiveness": {
            "mean": 0.569087819440412,
            "std": 0.44650550565838787
        }
    },
    "fixed-fixed-len_var-feat_var-type": {
        "sufficiency": {
            "mean": 0.6352459982084596,
            "std": 0.427683163700688
        },
        "comprehensiveness": {
            "mean": 0.5661883830294353,
            "std": 0.4471586922488116
        }
    },
    "var-shap": {
        "sufficiency": {
            "mean": 0.47259331239670727,
            "std": 0.4422568527387745
        },
        "comprehensiveness": {
            "mean": 0.2796384467284491,
            "std": 0.4015485465160534
        }
    },
    "var-lime": {
        "sufficiency": {
            "mean": 0.4666231189087802,
            "std": 0.408130632794429
        },
        "comprehensiveness": {
            "mean": 0.3807265369441097,
            "std": 0.4603348764410002
        }
    },
    "var-attention": {
        "sufficiency": {
            "mean": 0.46901715345443407,
            "std": 0.4398806049089455
        },
        "comprehensiveness": {
            "mean": 0.26341998214228834,
            "std": 0.3978169767710176
        }
    },
    "var-ig": {
        "sufficiency": {
            "mean": 0.4964190419883002,
            "std": 0.4494630929994919
        },
        "comprehensiveness": {
            "mean": 0.36065411494419775,
            "std": 0.42700611181467557
        }
    },
    "var-gradients": {
        "sufficiency": {
            "mean": 0.425685491327852,
            "std": 0.4353088356817606
        },
        "comprehensiveness": {
            "mean": 0.22578238561130531,
            "std": 0.37458233907657473
        }
    },
    "var-scaled attention": {
        "sufficiency": {
            "mean": 0.607857455662618,
            "std": 0.4419444521741954
        },
        "comprehensiveness": {
            "mean": 0.5168553445361347,
            "std": 0.436197594835452
        }
    },
    "var-random": {
        "sufficiency": {
            "mean": 0.43387815757781956,
            "std": 0.443963947005164
        },
        "comprehensiveness": {
            "mean": 0.21166763373168218,
            "std": 0.3592499341012278
        }
    },
    "var-var-len_var-feat": {
        "sufficiency": {
            "mean": 0.5862245705001208,
            "std": 0.43662991335707396
        },
        "comprehensiveness": {
            "mean": 0.5530843832904947,
            "std": 0.4499171923908414
        }
    },
    "var-var-len_var-feat_var-type": {
        "sufficiency": {
            "mean": 0.5955544638343643,
            "std": 0.43359751063076774
        },
        "comprehensiveness": {
            "mean": 0.5577157751898578,
            "std": 0.4522812564739556
        }
    }
}