{
    "fixed-deeplift": {
        "comprehensiveness": {
            "mean": 0.2007430152370624,
            "std": 0.35614335477038445
        },
        "sufficiency": {
            "mean": 0.4534898543810162,
            "std": 0.4346275069865974
        }
    },
    "fixed-lime": {
        "comprehensiveness": {
            "mean": 0.3327675002995089,
            "std": 0.447471570160277
        },
        "sufficiency": {
            "mean": 0.45085590814418897,
            "std": 0.3926867865622165
        }
    },
    "fixed-attention": {
        "comprehensiveness": {
            "mean": 0.31664421434120155,
            "std": 0.41571808316941733
        },
        "sufficiency": {
            "mean": 0.5038474380048396,
            "std": 0.45336076306087886
        }
    },
    "fixed-ig": {
        "comprehensiveness": {
            "mean": 0.3259102693160966,
            "std": 0.4208772743428884
        },
        "sufficiency": {
            "mean": 0.4913571437814144,
            "std": 0.45784557978603324
        }
    },
    "fixed-gradients": {
        "comprehensiveness": {
            "mean": 0.19833729183205737,
            "std": 0.35938979336455257
        },
        "sufficiency": {
            "mean": 0.42543492669123034,
            "std": 0.43794451544843405
        }
    },
    "fixed-scaled attention": {
        "comprehensiveness": {
            "mean": 0.31460493449509447,
            "std": 0.4152378188165143
        },
        "sufficiency": {
            "mean": 0.5028621632276428,
            "std": 0.45345087931777034
        }
    },
    "fixed-random": {
        "comprehensiveness": {
            "mean": 0.1688959853382949,
            "std": 0.3328851097014512
        },
        "sufficiency": {
            "mean": 0.4181763232837266,
            "std": 0.4297585082187898
        }
    },
    "fixed-fixed-len_var-feat": {
        "comprehensiveness": {
            "mean": 0.5033970505479406,
            "std": 0.4555933951499477
        },
        "sufficiency": {
            "mean": 0.5780211186022659,
            "std": 0.4410955342771202
        }
    },
    "fixed-fixed-len_var-feat_var-type": {
        "comprehensiveness": {
            "mean": 0.5011869242767798,
            "std": 0.4573367445816994
        },
        "sufficiency": {
            "mean": 0.5935224873620611,
            "std": 0.43645527658375644
        }
    },
    "var-deeplift": {
        "comprehensiveness": {
            "mean": 0.17163609512247913,
            "std": 0.3370422361588855
        },
        "sufficiency": {
            "mean": 0.40385230952763357,
            "std": 0.4220675831140168
        }
    },
    "var-lime": {
        "comprehensiveness": {
            "mean": 0.2992458590370421,
            "std": 0.433310497971184
        },
        "sufficiency": {
            "mean": 0.43332354262044664,
            "std": 0.3872284529683377
        }
    },
    "var-attention": {
        "comprehensiveness": {
            "mean": 0.2430359747044632,
            "std": 0.3884756096676607
        },
        "sufficiency": {
            "mean": 0.4290254012436567,
            "std": 0.4424960363628978
        }
    },
    "var-ig": {
        "comprehensiveness": {
            "mean": 0.30824090651019526,
            "std": 0.4219161705911252
        },
        "sufficiency": {
            "mean": 0.4492613957677791,
            "std": 0.4504529314006822
        }
    },
    "var-gradients": {
        "comprehensiveness": {
            "mean": 0.1927655278548428,
            "std": 0.36107174393889174
        },
        "sufficiency": {
            "mean": 0.3943148523554787,
            "std": 0.4270536101350644
        }
    },
    "var-scaled attention": {
        "comprehensiveness": {
            "mean": 0.24433616177477838,
            "std": 0.3891731333778933
        },
        "sufficiency": {
            "mean": 0.43149984079601833,
            "std": 0.44253888464042873
        }
    },
    "var-random": {
        "comprehensiveness": {
            "mean": 0.16216586650174586,
            "std": 0.32972881734612025
        },
        "sufficiency": {
            "mean": 0.3931056370282058,
            "std": 0.42037271554790545
        }
    },
    "var-var-len_var-feat": {
        "comprehensiveness": {
            "mean": 0.4894955678669585,
            "std": 0.4601132811376634
        },
        "sufficiency": {
            "mean": 0.5237760136092162,
            "std": 0.4453057021188077
        }
    },
    "var-var-len_var-feat_var-type": {
        "comprehensiveness": {
            "mean": 0.5096521639968391,
            "std": 0.46289800908905027
        },
        "sufficiency": {
            "mean": 0.5492935401429961,
            "std": 0.44113402232621624
        }
    }
}