{
    "var-attention": {
        "sufficiency": {
            "mean": 0.46016401487697395,
            "std": 0.43995889344260475
        },
        "comprehensiveness": {
            "mean": 0.2868808993944039,
            "std": 0.40465585880260285
        }
    },
    "var-scaled attention": {
        "sufficiency": {
            "mean": 0.599736044730205,
            "std": 0.44052504272855225
        },
        "comprehensiveness": {
            "mean": 0.5401362148549439,
            "std": 0.44171158493647217
        }
    },
    "var-var-len_var-feat": {
        "sufficiency": {
            "mean": 0.5612324868775306,
            "std": 0.4411671098501852
        },
        "comprehensiveness": {
            "mean": 0.5234053197571112,
            "std": 0.4506763387300981
        }
    },
    "var-ig": {
        "sufficiency": {
            "mean": 0.4947952901158648,
            "std": 0.4460207581530041
        },
        "comprehensiveness": {
            "mean": 0.36792108490553466,
            "std": 0.43226935617602064
        }
    },
    "var-random": {
        "sufficiency": {
            "mean": 0.4351952497317635,
            "std": 0.44140912042533864
        },
        "comprehensiveness": {
            "mean": 0.22102719608728624,
            "std": 0.3561375989255539
        }
    },
    "var-gradients": {
        "sufficiency": {
            "mean": 0.431475135292687,
            "std": 0.43749281402977974
        },
        "comprehensiveness": {
            "mean": 0.2204957942804834,
            "std": 0.36453535099367756
        }
    },
    "fixed-attention": {
        "sufficiency": {
            "mean": 0.5116659928676575,
            "std": 0.4491122178267154
        },
        "comprehensiveness": {
            "mean": 0.35600921134637,
            "std": 0.4259383772886159
        }
    },
    "fixed-scaled attention": {
        "sufficiency": {
            "mean": 0.6713049018439418,
            "std": 0.4275500866807918
        },
        "comprehensiveness": {
            "mean": 0.5542493785559007,
            "std": 0.4383216043188361
        }
    },
    "fixed-fixed-len_var-feat": {
        "sufficiency": {
            "mean": 0.622484867016725,
            "std": 0.4390431204829445
        },
        "comprehensiveness": {
            "mean": 0.5391304737889211,
            "std": 0.4463335002602921
        }
    },
    "fixed-ig": {
        "sufficiency": {
            "mean": 0.5441005444474553,
            "std": 0.45525628727103057
        },
        "comprehensiveness": {
            "mean": 0.39271387086236403,
            "std": 0.4337197924521406
        }
    },
    "fixed-random": {
        "sufficiency": {
            "mean": 0.450313373985743,
            "std": 0.4498789493090941
        },
        "comprehensiveness": {
            "mean": 0.22885952693045802,
            "std": 0.36459712160845753
        }
    },
    "fixed-gradients": {
        "sufficiency": {
            "mean": 0.44583773305383295,
            "std": 0.4511441046837779
        },
        "comprehensiveness": {
            "mean": 0.24145021246397286,
            "std": 0.37376365390386374
        }
    }
}