{
    "fixed-fixed-len_var-feat_var-type": {
        "comprehensiveness": {
            "mean": 0.5636859726676906,
            "std": 0.4492313799029398
        },
        "sufficiency": {
            "mean": 0.6385602390812736,
            "std": 0.4267360899374295
        }
    },
    "fixed-lime": {
        "comprehensiveness": {
            "mean": 0.41934328210610067,
            "std": 0.47334898906170014
        },
        "sufficiency": {
            "mean": 0.48487570040101974,
            "std": 0.40455906452730417
        }
    },
    "fixed-attention": {
        "comprehensiveness": {
            "mean": 0.3449119791532463,
            "std": 0.4264637882457115
        },
        "sufficiency": {
            "mean": 0.5111016168789442,
            "std": 0.44898623779600944
        }
    },
    "fixed-ig": {
        "comprehensiveness": {
            "mean": 0.4006232108220403,
            "std": 0.43396536341360864
        },
        "sufficiency": {
            "mean": 0.5352654181705161,
            "std": 0.4545514582032444
        }
    },
    "fixed-gradients": {
        "comprehensiveness": {
            "mean": 0.24682333320138722,
            "std": 0.3814387155192235
        },
        "sufficiency": {
            "mean": 0.44393163717227574,
            "std": 0.4459341003100556
        }
    },
    "fixed-scaled attention": {
        "comprehensiveness": {
            "mean": 0.5420939080231889,
            "std": 0.4345902368431637
        },
        "sufficiency": {
            "mean": 0.6802882500953578,
            "std": 0.42023679323687113
        }
    },
    "fixed-random": {
        "comprehensiveness": {
            "mean": 0.2377020937654135,
            "std": 0.3782596342099311
        },
        "sufficiency": {
            "mean": 0.4493260774771667,
            "std": 0.45104778201140777
        }
    },
    "fixed-fixed-len_var-feat": {
        "comprehensiveness": {
            "mean": 0.5672562169581978,
            "std": 0.4469029457590727
        },
        "sufficiency": {
            "mean": 0.6314606187455479,
            "std": 0.43165579337722104
        }
    },
    "var-var-len_var-feat_var-type": {
        "comprehensiveness": {
            "mean": 0.5520096269158133,
            "std": 0.4539384256236477
        },
        "sufficiency": {
            "mean": 0.5944656461614344,
            "std": 0.4336806069783968
        }
    },
    "var-lime": {
        "comprehensiveness": {
            "mean": 0.38082748729957944,
            "std": 0.4603602330238076
        },
        "sufficiency": {
            "mean": 0.4665014998211726,
            "std": 0.4081228053734758
        }
    },
    "var-attention": {
        "comprehensiveness": {
            "mean": 0.2635447088280814,
            "std": 0.39787433812183354
        },
        "sufficiency": {
            "mean": 0.4689513021125727,
            "std": 0.4398773766966998
        }
    },
    "var-ig": {
        "comprehensiveness": {
            "mean": 0.3607974589479138,
            "std": 0.42704896903514133
        },
        "sufficiency": {
            "mean": 0.49636268438817394,
            "std": 0.44946206339881073
        }
    },
    "var-gradients": {
        "comprehensiveness": {
            "mean": 0.2258884437424767,
            "std": 0.3746481589465204
        },
        "sufficiency": {
            "mean": 0.4256538513227072,
            "std": 0.435299567894873
        }
    },
    "var-scaled attention": {
        "comprehensiveness": {
            "mean": 0.5170066612146456,
            "std": 0.4362074912680469
        },
        "sufficiency": {
            "mean": 0.6077514861632121,
            "std": 0.44196921003358014
        }
    },
    "var-random": {
        "comprehensiveness": {
            "mean": 0.21180163062273555,
            "std": 0.3593450966466516
        },
        "sufficiency": {
            "mean": 0.43384494829487175,
            "std": 0.4439574938906541
        }
    },
    "var-var-len_var-feat": {
        "comprehensiveness": {
            "mean": 0.5468061004140998,
            "std": 0.45035834527249835
        },
        "sufficiency": {
            "mean": 0.5846781255273309,
            "std": 0.43698499621839004
        }
    }
}