{
    "fixed-lime": {
        "comprehensiveness": {
            "mean": 0.28444197695391155,
            "std": 0.42807106740776535
        },
        "sufficiency": {
            "mean": 0.20878610907917997,
            "std": 0.3056214875262197
        }
    },
    "fixed-attention": {
        "comprehensiveness": {
            "mean": 0.6594485743313271,
            "std": 0.3954393319320751
        },
        "sufficiency": {
            "mean": 0.28965076571653803,
            "std": 0.35188461892298145
        }
    },
    "fixed-ig": {
        "comprehensiveness": {
            "mean": 0.5130618417656276,
            "std": 0.45745912421818213
        },
        "sufficiency": {
            "mean": 0.2574072241634389,
            "std": 0.3456420477887738
        }
    },
    "fixed-gradients": {
        "comprehensiveness": {
            "mean": 0.42064827863237547,
            "std": 0.44917374220689393
        },
        "sufficiency": {
            "mean": 0.22676228163569856,
            "std": 0.33457480252043253
        }
    },
    "fixed-scaled attention": {
        "comprehensiveness": {
            "mean": 0.8874106488384617,
            "std": 0.25665532800809815
        },
        "sufficiency": {
            "mean": 0.3498386343423691,
            "std": 0.3821417679018482
        }
    },
    "fixed-random": {
        "comprehensiveness": {
            "mean": 0.1992305282903923,
            "std": 0.3610735304218163
        },
        "sufficiency": {
            "mean": 0.1731922302171976,
            "std": 0.26666648142383736
        }
    },
    "fixed-fixed-len_var-feat": {
        "comprehensiveness": {
            "mean": 0.9185355833783332,
            "std": 0.2194018410537018
        },
        "sufficiency": {
            "mean": 0.3335002364408057,
            "std": 0.3736674675077312
        }
    },
    "fixed-fixed-len_var-feat_var-type": {
        "comprehensiveness": {
            "mean": 0.9331261116338687,
            "std": 0.20001533023927118
        },
        "sufficiency": {
            "mean": 0.48997231464608276,
            "std": 0.4248185787450984
        }
    },
    "var-lime": {
        "comprehensiveness": {
            "mean": 0.3024716453901975,
            "std": 0.43800268383619084
        },
        "sufficiency": {
            "mean": 0.16822934108947973,
            "std": 0.2698388898970097
        }
    },
    "var-attention": {
        "comprehensiveness": {
            "mean": 0.7958438737460205,
            "std": 0.33010368645201443
        },
        "sufficiency": {
            "mean": 0.32641328800495506,
            "std": 0.38090481557866807
        }
    },
    "var-ig": {
        "comprehensiveness": {
            "mean": 0.5549671408725114,
            "std": 0.45433239878991266
        },
        "sufficiency": {
            "mean": 0.21635197513617943,
            "std": 0.3177676348110447
        }
    },
    "var-gradients": {
        "comprehensiveness": {
            "mean": 0.4949498873684913,
            "std": 0.4603652269648109
        },
        "sufficiency": {
            "mean": 0.18688500885683526,
            "std": 0.30213022950753005
        }
    },
    "var-scaled attention": {
        "comprehensiveness": {
            "mean": 0.9141921902489331,
            "std": 0.228884187835711
        },
        "sufficiency": {
            "mean": 0.37755440178702376,
            "std": 0.38733843809394825
        }
    },
    "var-random": {
        "comprehensiveness": {
            "mean": 0.2351179005867127,
            "std": 0.38685799519684266
        },
        "sufficiency": {
            "mean": 0.14617733949606998,
            "std": 0.241411890433829
        }
    },
    "var-var-len_var-feat": {
        "comprehensiveness": {
            "mean": 0.93604009497859,
            "std": 0.19270040900354052
        },
        "sufficiency": {
            "mean": 0.36875966982689634,
            "std": 0.38247192908855426
        }
    },
    "var-var-len_var-feat_var-type": {
        "comprehensiveness": {
            "mean": 0.9525355502704366,
            "std": 0.1679322382907552
        },
        "sufficiency": {
            "mean": 0.517945742431847,
            "std": 0.4254475014618681
        }
    }
}