{
    "ece": 0.48337530520793637,
    "refinement": 0.10869867532297639,
    "bins": {
        "1": {
            "acc": 0.0,
            "conf": 0.0
        },
        "2": {
            "acc": 0.0,
            "conf": 0.0
        },
        "3": {
            "acc": 0.119,
            "conf": 0.2800000011920929
        },
        "4": {
            "acc": 0.141,
            "conf": 0.35499998927116394
        },
        "5": {
            "acc": 0.177,
            "conf": 0.44999998807907104
        },
        "6": {
            "acc": 0.16,
            "conf": 0.5460000038146973
        },
        "7": {
            "acc": 0.11,
            "conf": 0.6489999890327454
        },
        "8": {
            "acc": 0.087,
            "conf": 0.7490000128746033
        },
        "9": {
            "acc": 0.097,
            "conf": 0.8539999723434448
        },
        "10": {
            "acc": 0.063,
            "conf": 0.9409999847412109
        }
    }
}