,15,5,10,25,20,mean-f1,std-f1,mean-ece,std-ece
model,/jmain02/home/J2AD003/txk58/zxz22-txk58/BP-rationales/BP-rationales/trained_models/agnews_conti/bert15.pt,/jmain02/home/J2AD003/txk58/zxz22-txk58/BP-rationales/BP-rationales/trained_models/agnews_conti/bert5.pt,/jmain02/home/J2AD003/txk58/zxz22-txk58/BP-rationales/BP-rationales/trained_models/agnews_conti/bert10.pt,/jmain02/home/J2AD003/txk58/zxz22-txk58/BP-rationales/BP-rationales/trained_models/agnews_conti/bert25.pt,/jmain02/home/J2AD003/txk58/zxz22-txk58/BP-rationales/BP-rationales/trained_models/agnews_conti/bert20.pt,0.07519053883354129,0.004283658723877897,0.45589256249760324,0.02942722680453407
f1,0.07117703515349523,0.08295622516380914,0.07341875687474277,0.07646245691804114,0.07193822005761816,0.07519053883354129,0.004283658723877897,0.45589256249760324,0.02942722680453407
loss,25.61991241153918,29.43492256566098,25.514316011729992,28.098157704001977,25.927836618925397,0.07519053883354129,0.004283658723877897,0.45589256249760324,0.02942722680453407
ece-score,0.4387784675704805,0.48337530520793637,0.40670508482738543,0.4826761302234311,0.46792782465878285,0.07519053883354129,0.004283658723877897,0.45589256249760324,0.02942722680453407
