{
    "fixed-deeplift": {
        "comprehensiveness": {
            "mean": 0.37082097885130416,
            "std": 0.3942414004735127
        },
        "sufficiency": {
            "mean": 0.10253379063825527,
            "std": 0.18246032360825476
        }
    },
    "fixed-lime": {
        "comprehensiveness": {
            "mean": 0.4210057522623144,
            "std": 0.4276970058747401
        },
        "sufficiency": {
            "mean": 0.08171762164822359,
            "std": 0.179902093645988
        }
    },
    "fixed-attention": {
        "comprehensiveness": {
            "mean": 0.2973858326650071,
            "std": 0.3663556401048699
        },
        "sufficiency": {
            "mean": 0.06886950379142864,
            "std": 0.1685066340064266
        }
    },
    "fixed-ig": {
        "comprehensiveness": {
            "mean": 0.38303630942616584,
            "std": 0.404086576063578
        },
        "sufficiency": {
            "mean": 0.0707204696621284,
            "std": 0.16792133243140392
        }
    },
    "fixed-gradients": {
        "comprehensiveness": {
            "mean": 0.39100111623947037,
            "std": 0.4143216993344139
        },
        "sufficiency": {
            "mean": 0.09319216491076189,
            "std": 0.1875626193262894
        }
    },
    "fixed-scaled attention": {
        "comprehensiveness": {
            "mean": 0.3378967264328076,
            "std": 0.3919676464632122
        },
        "sufficiency": {
            "mean": 0.12089467976040333,
            "std": 0.20656986292800625
        }
    },
    "fixed-random": {
        "comprehensiveness": {
            "mean": 0.3113506806945816,
            "std": 0.37307285530483586
        },
        "sufficiency": {
            "mean": 0.06089423853289359,
            "std": 0.16487578075339088
        }
    },
    "fixed-fixed-len_var-feat": {
        "comprehensiveness": {
            "mean": 0.5935457689029076,
            "std": 0.41348884015698295
        },
        "sufficiency": {
            "mean": 0.09229919116640126,
            "std": 0.18227449136550514
        }
    },
    "fixed-fixed-len_var-feat_var-type": {
        "comprehensiveness": {
            "mean": 0.6588071053117673,
            "std": 0.40329972276251846
        },
        "sufficiency": {
            "mean": 0.08805875501588441,
            "std": 0.184702270117505
        }
    },
    "var-deeplift": {
        "comprehensiveness": {
            "mean": 0.39259721682039656,
            "std": 0.4003373899482231
        },
        "sufficiency": {
            "mean": 0.08727038019689416,
            "std": 0.16678609929505572
        }
    },
    "var-lime": {
        "comprehensiveness": {
            "mean": 0.45023287121787064,
            "std": 0.4292918186232831
        },
        "sufficiency": {
            "mean": 0.0661467309555474,
            "std": 0.1647718353584567
        }
    },
    "var-attention": {
        "comprehensiveness": {
            "mean": 0.3209468313232437,
            "std": 0.37694336751852575
        },
        "sufficiency": {
            "mean": 0.06237936174228694,
            "std": 0.1565623588157462
        }
    },
    "var-ig": {
        "comprehensiveness": {
            "mean": 0.4133239366529469,
            "std": 0.411861629865283
        },
        "sufficiency": {
            "mean": 0.06420796481055357,
            "std": 0.15934099324820417
        }
    },
    "var-gradients": {
        "comprehensiveness": {
            "mean": 0.42283524118712457,
            "std": 0.4178924915196535
        },
        "sufficiency": {
            "mean": 0.07849036941997385,
            "std": 0.17342925639747095
        }
    },
    "var-scaled attention": {
        "comprehensiveness": {
            "mean": 0.3612956638721113,
            "std": 0.39923573599082457
        },
        "sufficiency": {
            "mean": 0.11205637653202913,
            "std": 0.1943314596657183
        }
    },
    "var-random": {
        "comprehensiveness": {
            "mean": 0.33999763380130216,
            "std": 0.38308019242406277
        },
        "sufficiency": {
            "mean": 0.055896799472321186,
            "std": 0.15648969895750506
        }
    },
    "var-var-len_var-feat": {
        "comprehensiveness": {
            "mean": 0.6126133464904973,
            "std": 0.41152883895999665
        },
        "sufficiency": {
            "mean": 0.07756140166784552,
            "std": 0.16836581263184042
        }
    },
    "var-var-len_var-feat_var-type": {
        "comprehensiveness": {
            "mean": 0.6837756720491802,
            "std": 0.39646916267858806
        },
        "sufficiency": {
            "mean": 0.06654829998119972,
            "std": 0.1642559696528268
        }
    }
}