{
    "fixed": {
        "gradients": {
            "f1 score - model labels": 72.644,
            "f1 score - actual labels": 65.371,
            "sufficiency": {
                "mean": 0.09319216491076189,
                "std": 0.1875626193262894
            },
            "comprehensiveness": {
                "mean": 0.39100111623947037,
                "std": 0.4143216993344139
            }
        },
        "ig-gradients": {
            "f1 score - model labels": 64.866,
            "f1 score - actual labels": 62.403,
            "sufficiency": {
                "mean": 0.08257731761014694,
                "std": 0.18035648449399413
            },
            "comprehensiveness": {
                "mean": 0.47951763246624146,
                "std": 0.42091433419836777
            }
        },
        "ig-deeplift-gradients": {
            "f1 score - model labels": 60.205,
            "f1 score - actual labels": 60.302,
            "sufficiency": {
                "mean": 0.09066056142835155,
                "std": 0.18270555530745503
            },
            "comprehensiveness": {
                "mean": 0.5372240953600778,
                "std": 0.41756454999280884
            }
        },
        "attention-ig-deeplift-gradients": {
            "f1 score - model labels": 57.93,
            "f1 score - actual labels": 59.353,
            "sufficiency": {
                "mean": 0.08481399492926184,
                "std": 0.17700053449793693
            },
            "comprehensiveness": {
                "mean": 0.5591459441853214,
                "std": 0.41527929148692805
            }
        },
        "attention-ig-deeplift-scaled attention-gradients": {
            "f1 score - model labels": 56.066,
            "f1 score - actual labels": 58.609,
            "sufficiency": {
                "mean": 0.08901923568195458,
                "std": 0.18117895779084695
            },
            "comprehensiveness": {
                "mean": 0.573213109047315,
                "std": 0.41394515052337333
            }
        },
        "lime-attention-ig-deeplift-scaled attention-gradients": {
            "f1 score - model labels": 52.372,
            "f1 score - actual labels": 56.295,
            "sufficiency": {
                "mean": 0.09051171340246787,
                "std": 0.18193797553945765
            },
            "comprehensiveness": {
                "mean": 0.5939627935235441,
                "std": 0.41347869333110143
            }
        }
    },
    "variable": {
        "gradients": {
            "f1 score - model labels": 69.565,
            "f1 score - actual labels": 64.562,
            "sufficiency": {
                "mean": 0.07849036941997385,
                "std": 0.17342925639747095
            },
            "comprehensiveness": {
                "mean": 0.42283524118712457,
                "std": 0.4178924915196535
            }
        },
        "ig-gradients": {
            "f1 score - model labels": 61.74,
            "f1 score - actual labels": 61.528,
            "sufficiency": {
                "mean": 0.06992864161292496,
                "std": 0.16579129840297616
            },
            "comprehensiveness": {
                "mean": 0.5068624957436588,
                "std": 0.4216076658326026
            }
        },
        "ig-deeplift-gradients": {
            "f1 score - model labels": 57.577,
            "f1 score - actual labels": 59.235,
            "sufficiency": {
                "mean": 0.07619499776027203,
                "std": 0.1662667280104813
            },
            "comprehensiveness": {
                "mean": 0.5568831455575881,
                "std": 0.4176824616275257
            }
        },
        "attention-ig-deeplift-gradients": {
            "f1 score - model labels": 55.174,
            "f1 score - actual labels": 58.115,
            "sufficiency": {
                "mean": 0.07325676637581532,
                "std": 0.16454370007910657
            },
            "comprehensiveness": {
                "mean": 0.5792970961643108,
                "std": 0.41413730749989686
            }
        },
        "attention-ig-deeplift-scaled attention-gradients": {
            "f1 score - model labels": 53.515,
            "f1 score - actual labels": 57.179,
            "sufficiency": {
                "mean": 0.07814243880493359,
                "std": 0.1698757680935296
            },
            "comprehensiveness": {
                "mean": 0.5928120178721074,
                "std": 0.41225757887714515
            }
        },
        "lime-attention-ig-deeplift-scaled attention-gradients": {
            "f1 score - model labels": 49.915,
            "f1 score - actual labels": 55.06,
            "sufficiency": {
                "mean": 0.07570858084819576,
                "std": 0.168028171581439
            },
            "comprehensiveness": {
                "mean": 0.6130100059920074,
                "std": 0.41150823323182933
            }
        }
    }
}