{
    "fixed-deeplift": {
        "sufficiency": {
            "mean": 0.4951300801059932,
            "std": 0.440687552911486
        },
        "comprehensiveness": {
            "mean": 0.23081084864996632,
            "std": 0.376758061234087
        }
    },
    "fixed-lime": {
        "sufficiency": {
            "mean": 0.5104083874531345,
            "std": 0.40548317574199666
        },
        "comprehensiveness": {
            "mean": 0.331536722355168,
            "std": 0.4435490792069815
        }
    },
    "fixed-attention": {
        "sufficiency": {
            "mean": 0.48357848709165074,
            "std": 0.44413331577497167
        },
        "comprehensiveness": {
            "mean": 0.21755796621290194,
            "std": 0.36767234502744656
        }
    },
    "fixed-ig": {
        "sufficiency": {
            "mean": 0.5838568790147184,
            "std": 0.43897202922768275
        },
        "comprehensiveness": {
            "mean": 0.3435275281092809,
            "std": 0.4235299893619945
        }
    },
    "fixed-gradients": {
        "sufficiency": {
            "mean": 0.4935347169756231,
            "std": 0.44335286323715545
        },
        "comprehensiveness": {
            "mean": 0.245925975696158,
            "std": 0.37739061738572205
        }
    },
    "fixed-scaled attention": {
        "sufficiency": {
            "mean": 0.7209376342714243,
            "std": 0.3989547243333581
        },
        "comprehensiveness": {
            "mean": 0.46943098853794546,
            "std": 0.44115170334370013
        }
    },
    "fixed-random": {
        "sufficiency": {
            "mean": 0.4889635621525861,
            "std": 0.44629367956805605
        },
        "comprehensiveness": {
            "mean": 0.22213679018516505,
            "std": 0.3669534558437299
        }
    },
    "fixed-fixed-len_var-feat": {
        "sufficiency": {
            "mean": 0.6425597079191945,
            "std": 0.42288767183252135
        },
        "comprehensiveness": {
            "mean": 0.42966200195359067,
            "std": 0.44917508514642246
        }
    },
    "fixed-fixed-len_var-feat_var-type": {
        "sufficiency": {
            "mean": 0.6462792242079367,
            "std": 0.4288842731194773
        },
        "comprehensiveness": {
            "mean": 0.5242273062702041,
            "std": 0.4502182287585587
        }
    },
    "var-deeplift": {
        "sufficiency": {
            "mean": 0.46926454254484806,
            "std": 0.4330229325726618
        },
        "comprehensiveness": {
            "mean": 0.19245367752187997,
            "std": 0.35339237228282244
        }
    },
    "var-lime": {
        "sufficiency": {
            "mean": 0.47331660091204125,
            "std": 0.4016423269976031
        },
        "comprehensiveness": {
            "mean": 0.30733357092838043,
            "std": 0.4321169443273427
        }
    },
    "var-attention": {
        "sufficiency": {
            "mean": 0.43265289470121915,
            "std": 0.4319060152908884
        },
        "comprehensiveness": {
            "mean": 0.1582231161665375,
            "std": 0.32880093801808874
        }
    },
    "var-ig": {
        "sufficiency": {
            "mean": 0.5125003254015443,
            "std": 0.4369034490446735
        },
        "comprehensiveness": {
            "mean": 0.3241911855251363,
            "std": 0.42497121041099795
        }
    },
    "var-gradients": {
        "sufficiency": {
            "mean": 0.44944132683550886,
            "std": 0.4356069279419393
        },
        "comprehensiveness": {
            "mean": 0.22774767399525878,
            "std": 0.37285326576920375
        }
    },
    "var-scaled attention": {
        "sufficiency": {
            "mean": 0.612339678472506,
            "std": 0.4367947327472163
        },
        "comprehensiveness": {
            "mean": 0.4352397315371194,
            "std": 0.438602881774262
        }
    },
    "var-random": {
        "sufficiency": {
            "mean": 0.4612122359557436,
            "std": 0.44162335769138605
        },
        "comprehensiveness": {
            "mean": 0.21221881625940422,
            "std": 0.36710519348551923
        }
    },
    "var-var-len_var-feat": {
        "sufficiency": {
            "mean": 0.5750965685056311,
            "std": 0.42825090426845264
        },
        "comprehensiveness": {
            "mean": 0.38764922984304945,
            "std": 0.4463546582233597
        }
    },
    "var-var-len_var-feat_var-type": {
        "sufficiency": {
            "mean": 0.5834313179568549,
            "std": 0.4355371777291964
        },
        "comprehensiveness": {
            "mean": 0.490319993468297,
            "std": 0.45301069791929705
        }
    }
}