{
    "fixed-deeplift": {
        "sufficiency": {
            "mean": 0.5023566806884354,
            "std": 0.4537540373218543
        },
        "comprehensiveness": {
            "mean": 0.3453003483300438,
            "std": 0.42499091193329275
        }
    },
    "fixed-lime": {
        "sufficiency": {
            "mean": 0.45353666960917666,
            "std": 0.40059209294531567
        },
        "comprehensiveness": {
            "mean": 0.3990757730344414,
            "std": 0.46675243024843927
        }
    },
    "fixed-attention": {
        "sufficiency": {
            "mean": 0.5113618394846968,
            "std": 0.44910709868445126
        },
        "comprehensiveness": {
            "mean": 0.35704055137456625,
            "std": 0.4266174146295589
        }
    },
    "fixed-ig": {
        "sufficiency": {
            "mean": 0.5437035723162148,
            "std": 0.4552569578971713
        },
        "comprehensiveness": {
            "mean": 0.39358267084174536,
            "std": 0.4338903979736677
        }
    },
    "fixed-gradients": {
        "sufficiency": {
            "mean": 0.4456323368748257,
            "std": 0.45110413114552084
        },
        "comprehensiveness": {
            "mean": 0.24241735649341895,
            "std": 0.3743272407794751
        }
    },
    "fixed-scaled attention": {
        "sufficiency": {
            "mean": 0.671076449830461,
            "std": 0.4276257070152763
        },
        "comprehensiveness": {
            "mean": 0.554516199615612,
            "std": 0.4382954279211083
        }
    },
    "fixed-random": {
        "sufficiency": {
            "mean": 0.45724950115828683,
            "std": 0.450760545097729
        },
        "comprehensiveness": {
            "mean": 0.2254830291875505,
            "std": 0.3677511594534306
        }
    },
    "fixed-fixed-len_var-feat": {
        "sufficiency": {
            "mean": 0.6289646651489295,
            "std": 0.4345557440984562
        },
        "comprehensiveness": {
            "mean": 0.5465402407288645,
            "std": 0.4466641952044475
        }
    },
    "fixed-fixed-len_var-feat_var-type": {
        "sufficiency": {
            "mean": 0.6462792242079367,
            "std": 0.4288842731194773
        },
        "comprehensiveness": {
            "mean": 0.5242273062702041,
            "std": 0.4502182287585587
        }
    },
    "var-deeplift": {
        "sufficiency": {
            "mean": 0.46688014688397494,
            "std": 0.4463877001455265
        },
        "comprehensiveness": {
            "mean": 0.28530426913893375,
            "std": 0.4060215574981176
        }
    },
    "var-lime": {
        "sufficiency": {
            "mean": 0.43274683280155885,
            "std": 0.4004822226889596
        },
        "comprehensiveness": {
            "mean": 0.36230657977148856,
            "std": 0.4551267543302535
        }
    },
    "var-attention": {
        "sufficiency": {
            "mean": 0.4571901908648465,
            "std": 0.4410801086818356
        },
        "comprehensiveness": {
            "mean": 0.2759591246070828,
            "std": 0.4018039756119662
        }
    },
    "var-ig": {
        "sufficiency": {
            "mean": 0.49489136393515204,
            "std": 0.44747358687010297
        },
        "comprehensiveness": {
            "mean": 0.3555011343267099,
            "std": 0.42895407774736544
        }
    },
    "var-gradients": {
        "sufficiency": {
            "mean": 0.43177252804322186,
            "std": 0.4391024745408394
        },
        "comprehensiveness": {
            "mean": 0.21028095020458795,
            "std": 0.36046760225063385
        }
    },
    "var-scaled attention": {
        "sufficiency": {
            "mean": 0.6027333500790795,
            "std": 0.4420660660077837
        },
        "comprehensiveness": {
            "mean": 0.5119563093223005,
            "std": 0.4415146061963843
        }
    },
    "var-random": {
        "sufficiency": {
            "mean": 0.4382590423081788,
            "std": 0.4429492834424527
        },
        "comprehensiveness": {
            "mean": 0.18874495482581669,
            "std": 0.34375581483517625
        }
    },
    "var-var-len_var-feat": {
        "sufficiency": {
            "mean": 0.574978230681955,
            "std": 0.4412360518494945
        },
        "comprehensiveness": {
            "mean": 0.5077483710579688,
            "std": 0.44984822754076226
        }
    },
    "var-var-len_var-feat_var-type": {
        "sufficiency": {
            "mean": 0.5834313179568549,
            "std": 0.4355371777291964
        },
        "comprehensiveness": {
            "mean": 0.490319993468297,
            "std": 0.45301069791929705
        }
    }
}