{
    "ig": {
        "sufficiencies @ 0.01": {
            "mean": 0.06789060606982522,
            "std": 0.24584792985986625
        },
        "comprehensiveness @ 0.01": {
            "mean": 0.1339541807116078,
            "std": 0.28884286790208397
        },
        "sufficiencies @ 0.02": {
            "mean": 0.0717466603466067,
            "std": 0.24654395806179202
        },
        "comprehensiveness @ 0.02": {
            "mean": 0.16891236179161612,
            "std": 0.31083758117187565
        },
        "sufficiencies @ 0.05": {
            "mean": 0.0794335765043904,
            "std": 0.24895285991355143
        },
        "comprehensiveness @ 0.05": {
            "mean": 0.2368126191616164,
            "std": 0.34358814385262065
        },
        "sufficiencies @ 0.1": {
            "mean": 0.09868538577969968,
            "std": 0.25717937818311354
        },
        "comprehensiveness @ 0.1": {
            "mean": 0.3477818395161713,
            "std": 0.372747265397825
        },
        "sufficiencies @ 0.2": {
            "mean": 0.10839117803994833,
            "std": 0.2392490557381999
        },
        "comprehensiveness @ 0.2": {
            "mean": 0.6237665141840918,
            "std": 0.35142780593123096
        },
        "sufficiencies @ 0.5": {
            "mean": 0.37478095819511004,
            "std": 0.3924871095880758
        },
        "comprehensiveness @ 0.5": {
            "mean": 0.6456818557761741,
            "std": 0.3643259573948314
        },
        "sufficiencies @ 1.0": {
            "mean": 0.44213537283004334,
            "std": 0.4377745923838933
        },
        "comprehensiveness @ 1.0": {
            "mean": 0.8663556015303976,
            "std": 0.22098601836683024
        },
        "AOPC - sufficiency": {
            "mean": 0.17758053396651768,
            "std": 0.1778457521017628
        },
        "AOPC - comprehensiveness": {
            "mean": 0.4318949960959536,
            "std": 0.2123160393677041
        }
    },
    "scaled attention": {
        "sufficiencies @ 0.01": {
            "mean": 0.07617041108802797,
            "std": 0.2466019569900279
        },
        "comprehensiveness @ 0.01": {
            "mean": 0.1327873980741437,
            "std": 0.2744227385355131
        },
        "sufficiencies @ 0.02": {
            "mean": 0.07838139590990933,
            "std": 0.24742316690697658
        },
        "comprehensiveness @ 0.02": {
            "mean": 0.20527835490631013,
            "std": 0.32256671712308
        },
        "sufficiencies @ 0.05": {
            "mean": 0.08491422294971761,
            "std": 0.2494734922513514
        },
        "comprehensiveness @ 0.05": {
            "mean": 0.31090804084236645,
            "std": 0.3664498362144645
        },
        "sufficiencies @ 0.1": {
            "mean": 0.08742365303780648,
            "std": 0.2368756710014728
        },
        "comprehensiveness @ 0.1": {
            "mean": 0.41737099488583435,
            "std": 0.3894755018442935
        },
        "sufficiencies @ 0.2": {
            "mean": 0.09844142359487841,
            "std": 0.24190344765857688
        },
        "comprehensiveness @ 0.2": {
            "mean": 0.595807586895567,
            "std": 0.3777246426345782
        },
        "sufficiencies @ 0.5": {
            "mean": 0.386521834204139,
            "std": 0.4008586784098297
        },
        "comprehensiveness @ 0.5": {
            "mean": 0.5926822748868691,
            "std": 0.4055968765513062
        },
        "sufficiencies @ 1.0": {
            "mean": 0.44238566248034517,
            "std": 0.4378784947116481
        },
        "comprehensiveness @ 1.0": {
            "mean": 0.8643252534265193,
            "std": 0.22106279880642143
        },
        "AOPC - sufficiency": {
            "mean": 0.1791769433235463,
            "std": 0.1784895936403065
        },
        "AOPC - comprehensiveness": {
            "mean": 0.44559427198822993,
            "std": 0.24270108946719968
        }
    },
    "random": {
        "sufficiencies @ 0.01": {
            "mean": 0.07772019306581977,
            "std": 0.2446863656460844
        },
        "comprehensiveness @ 0.01": {
            "mean": 0.07964145566894187,
            "std": 0.20829600060552983
        },
        "sufficiencies @ 0.02": {
            "mean": 0.07929008005358328,
            "std": 0.24516847810484863
        },
        "comprehensiveness @ 0.02": {
            "mean": 0.11091425780181312,
            "std": 0.2335604779825059
        },
        "sufficiencies @ 0.05": {
            "mean": 0.0848076736703035,
            "std": 0.24727062223423682
        },
        "comprehensiveness @ 0.05": {
            "mean": 0.1836605827890266,
            "std": 0.282512127239464
        },
        "sufficiencies @ 0.1": {
            "mean": 0.08814158206971383,
            "std": 0.2478052762074781
        },
        "comprehensiveness @ 0.1": {
            "mean": 0.265154175441197,
            "std": 0.3200764220142583
        },
        "sufficiencies @ 0.2": {
            "mean": 0.08756241433716817,
            "std": 0.2350890947725782
        },
        "comprehensiveness @ 0.2": {
            "mean": 0.5278071995465565,
            "std": 0.3538748369875542
        },
        "sufficiencies @ 0.5": {
            "mean": 0.37802810953186194,
            "std": 0.39179416456976274
        },
        "comprehensiveness @ 0.5": {
            "mean": 0.6442579061333171,
            "std": 0.3657525741177756
        },
        "sufficiencies @ 1.0": {
            "mean": 0.44241867945739555,
            "std": 0.43788259019273235
        },
        "comprehensiveness @ 1.0": {
            "mean": 0.8623521643905624,
            "std": 0.221052216691762
        },
        "AOPC - sufficiency": {
            "mean": 0.17685267602654944,
            "std": 0.1778715122554491
        },
        "AOPC - comprehensiveness": {
            "mean": 0.38196967739591636,
            "std": 0.17174772924574247
        }
    },
    "attention": {
        "sufficiencies @ 0.01": {
            "mean": 0.08617014254005145,
            "std": 0.24635307482453697
        },
        "comprehensiveness @ 0.01": {
            "mean": 0.13247236694435702,
            "std": 0.27413374441534283
        },
        "sufficiencies @ 0.02": {
            "mean": 0.08797036513475574,
            "std": 0.24725464831683128
        },
        "comprehensiveness @ 0.02": {
            "mean": 0.20542080755916173,
            "std": 0.32220760156761674
        },
        "sufficiencies @ 0.05": {
            "mean": 0.09270677952617479,
            "std": 0.24950152401524048
        },
        "comprehensiveness @ 0.05": {
            "mean": 0.3075700558194926,
            "std": 0.36499220108540015
        },
        "sufficiencies @ 0.1": {
            "mean": 0.09394673225721006,
            "std": 0.2377187061185238
        },
        "comprehensiveness @ 0.1": {
            "mean": 0.4147189024154001,
            "std": 0.38811176594167657
        },
        "sufficiencies @ 0.2": {
            "mean": 0.10218351824489226,
            "std": 0.2408206850486496
        },
        "comprehensiveness @ 0.2": {
            "mean": 0.5955349048863703,
            "std": 0.3781164391947534
        },
        "sufficiencies @ 0.5": {
            "mean": 0.38695672761518574,
            "std": 0.401064109393332
        },
        "comprehensiveness @ 0.5": {
            "mean": 0.5925537396399927,
            "std": 0.4055929803195292
        },
        "sufficiencies @ 1.0": {
            "mean": 0.4427141990101449,
            "std": 0.438088195855363
        },
        "comprehensiveness @ 1.0": {
            "mean": 0.8603228674095638,
            "std": 0.22102092330541676
        },
        "AOPC - sufficiency": {
            "mean": 0.18466406633263072,
            "std": 0.17611312590642728
        },