,feature,Soft_sufficiency,Suff_ratio,Soft_comprehensiveness,Comp_ratio
0,random,0.9765927066413841,1.0,0.025204055624610002,1.0
1,attention,0.979665524739265,1.0031464684069256,0.021734510923372002,0.8623418090757492
2,scaled attention,0.982353371358858,1.0058987382132778,0.018934387613174,0.7512436845555083
3,gradients,0.9875133754616261,1.0111824189818082,0.013243429356135001,0.5254483466225854
4,ig,0.9843542393036271,1.007947563615272,0.016560875489937,0.6570718513161216
5,deeplift,0.9859957872553241,1.009628456725095,0.014767680136716001,0.585924755787969
