,feature,Soft_sufficiency,Suff_ratio,Soft_comprehensiveness,Comp_ratio
0,random,1.0,1.0,2.9179767784124305e-07,1.0
1,attention,1.0,1.0,9.996255462935406e-08,0.3425748805435669
2,scaled attention,1.0,1.0,8.657949455758412e-07,2.9671070447890613
3,gradients,1.0,1.0,1.2745781461556872e-07,0.43680201829746595
4,ig,1.0,1.0,8.241933676715318e-08,0.2824537103136053
5,deeplift,1.0,1.0,1.768301616662455e-07,0.6060026350259464
