{
    "deeplift": {
        "sufficiencies @ 0.01": {
            "mean": 0.0601586871128774,
            "std": 0.19991221767148593
        },
        "comprehensiveness @ 0.01": {
            "mean": 0.10283383014618423,
            "std": 0.18260602746280125
        },
        "sufficiencies @ 0.02": {
            "mean": 0.0626510276744106,
            "std": 0.20012502606182767
        },
        "comprehensiveness @ 0.02": {
            "mean": 0.12769407298904645,
            "std": 0.19441505639818538
        },
        "sufficiencies @ 0.05": {
            "mean": 0.07779605488600153,
            "std": 0.20394865432376375
        },
        "comprehensiveness @ 0.05": {
            "mean": 0.2299837075339114,
            "std": 0.26807024585978334
        },
        "sufficiencies @ 0.1": {
            "mean": 0.05898852765938143,
            "std": 0.19883939060886846
        },
        "comprehensiveness @ 0.1": {
            "mean": 0.3449099886952417,
            "std": 0.3294943017774843
        },
        "sufficiencies @ 0.2": {
            "mean": 0.1916493610141932,
            "std": 0.2513908306980706
        },
        "comprehensiveness @ 0.2": {
            "mean": 0.7758051776320462,
            "std": 0.2953160775641513
        },
        "sufficiencies @ 0.5": {
            "mean": 0.27509627370891815,
            "std": 0.3436787682309611
        },
        "comprehensiveness @ 0.5": {
            "mean": 0.7079674509016507,
            "std": 0.36379324693870907
        },
        "sufficiencies @ 1.0": {
            "mean": 0.999460739994042,
            "std": 0.0029086143183511544
        },
        "comprehensiveness @ 1.0": {
            "mean": 0.9482780350194925,
            "std": 0.20831316027893143
        },
        "AOPC - sufficiency": {
            "mean": 0.24654295314997487,
            "std": 0.15216628048351144
        },
        "AOPC - comprehensiveness": {
            "mean": 0.46249603755965324,
            "std": 0.18405903753844638
        }
    },
    "scaled attention": {
        "sufficiencies @ 0.01": {
            "mean": 0.06719953794400424,
            "std": 0.19890144560290693
        },
        "comprehensiveness @ 0.01": {
            "mean": 0.08924852983672428,
            "std": 0.21020229943754012
        },
        "sufficiencies @ 0.02": {
            "mean": 0.0725884864782081,
            "std": 0.19923487711797294
        },
        "comprehensiveness @ 0.02": {
            "mean": 0.18019888345654586,
            "std": 0.2945566184826376
        },
        "sufficiencies @ 0.05": {
            "mean": 0.08595274790037515,
            "std": 0.21125641186037392
        },
        "comprehensiveness @ 0.05": {
            "mean": 0.30352624811935547,
            "std": 0.3584912563281105
        },
        "sufficiencies @ 0.1": {
            "mean": 0.07627678374813585,
            "std": 0.2050708017364425
        },
        "comprehensiveness @ 0.1": {
            "mean": 0.515799650213679,
            "std": 0.40918556793661065
        },
        "sufficiencies @ 0.2": {
            "mean": 0.15229171921204745,
            "std": 0.23244713337837544
        },
        "comprehensiveness @ 0.2": {
            "mean": 0.6969703131216165,
            "std": 0.33585179803119375
        },
        "sufficiencies @ 0.5": {
            "mean": 0.29000057898560544,
            "std": 0.3610583921736764
        },
        "comprehensiveness @ 0.5": {
            "mean": 0.6747010229278885,
            "std": 0.40301225763297527
        },
        "sufficiencies @ 1.0": {
            "mean": 0.9994696196015331,
            "std": 0.002849978212944711
        },
        "comprehensiveness @ 1.0": {
            "mean": 0.9460552761908212,
            "std": 0.20788769795065581
        },
        "AOPC - sufficiency": {
            "mean": 0.24911135340998705,
            "std": 0.15336595199115657
        },
        "AOPC - comprehensiveness": {
            "mean": 0.4866428462666616,
            "std": 0.22148858759877207
        }
    },
    "gradients": {
        "sufficiencies @ 0.01": {
            "mean": 0.07269204841276594,
            "std": 0.20339964968349855
        },
        "comprehensiveness @ 0.01": {
            "mean": 0.1918174149222254,
            "std": 0.34089594104689097
        },
        "sufficiencies @ 0.02": {
            "mean": 0.06928373600435715,
            "std": 0.20379101165193422
        },
        "comprehensiveness @ 0.02": {
            "mean": 0.24300595621028243,
            "std": 0.36386533895306244
        },
        "sufficiencies @ 0.05": {
            "mean": 0.09806227300338854,
            "std": 0.17543998511506376
        },
        "comprehensiveness @ 0.05": {
            "mean": 0.3566227761206828,
            "std": 0.3901098013807041
        },
        "sufficiencies @ 0.1": {
            "mean": 0.13159064028685072,
            "std": 0.22330594210099783
        },
        "comprehensiveness @ 0.1": {
            "mean": 0.4637412704718603,
            "std": 0.3942099179915423
        },
        "sufficiencies @ 0.2": {
            "mean": 0.12641060054811676,
            "std": 0.21924598758467295
        },
        "comprehensiveness @ 0.2": {
            "mean": 0.6990625592627387,
            "std": 0.33500361552835034
        },
        "sufficiencies @ 0.5": {
            "mean": 0.2769509478977652,
            "std": 0.34452741450155133
        },
        "comprehensiveness @ 0.5": {
            "mean": 0.7233657668885968,
            "std": 0.3443300184162586
        },
        "sufficiencies @ 1.0": {
            "mean": 0.9994781604997859,
            "std": 0.002793679626358005
        },
        "comprehensiveness @ 1.0": {
            "mean": 0.9434673511202508,
            "std": 0.20742081983897107
        },
        "AOPC - sufficiency": {
            "mean": 0.25349548666471855,
            "std": 0.14683393053296795
        },
        "AOPC - comprehensiveness": {
            "mean": 0.5172975849995196,
            "std": 0.23825859097012408
        }
    },
    "ig": {
        "sufficiencies @ 0.01": {
            "mean": 0.07055404684968698,
            "std": 0.19961573626315174
        },
        "comprehensiveness @ 0.01": {
            "mean": 0.19201350057959157,
            "std": 0.32085628102405106
        },
        "sufficiencies @ 0.02": {
            "mean": 0.0733978236595665,
            "std": 0.2098644483637045
        },
        "comprehensiveness @ 0.02": {
            "mean": 0.2322384665939439,
            "std": 0.32064284762644923
        },
        "sufficiencies @ 0.05": {
            "mean": 0.08906050262638619,
            "std": 0.19951084368017258
        },
        "comprehensiveness @ 0.05": {
            "mean": 0.3241905615104638,
            "std": 0.34183640470899657
        },
        "sufficiencies @ 0.1": {
            "mean": 0.10013805462990953,
            "std": 0.22171617637101457
        },
        "comprehensiveness @ 0.1": {
            "mean": 0.5379589990423462,
            "std": 0.37701418860745173
        },
        "sufficiencies @ 0.2": {
            "mean": 0.19647999157312884,
            "std": 0.30270895977907075
        },
        "comprehensiveness @ 0.2": {
            "mean": 0.7363661776170831,
            "std": 0.3102666755810448
        },
        "sufficiencies @ 0.5": {
            "mean": 0.29359206990084924,
            "std": 0.36922015554794185
        },
        "comprehensiveness @ 0.5": {
            "mean": 0.7322160530079678,
            "std": 0.3394162504381581
        },
        "sufficiencies @ 1.0": {
            "mean": 0.9994863823209008,
            "std": 0.002739581637302485
        },
        "comprehensiveness @ 1.0": {
            "mean": 0.9408088311775681,
            "std": 0.2069798802820955
        },
        "AOPC - sufficiency": {
            "mean": 0.2603869816514897,