,feature,Soft_sufficiency,Suff_ratio,Soft_comprehensiveness,Comp_ratio
0,random,0.08462239524234401,1.0,0.529420933107249,1.0
1,attention,0.09834493906088801,1.1621620822625618,0.59709974997154,1.1278355513203342
2,scaled attention,0.096750237222176,1.1433171673420486,0.596424371099737,1.1265598577661728
3,gradients,0.103146772278181,1.2189063188625937,0.609178406686755,1.1506503966728283
4,ig,0.11374205946545701,1.3441129755275691,0.620715842654737,1.1724429538735175
5,deeplift,0.10831814690543701,1.2800175012209527,0.584528550655381,1.1040903638333628
