{
    "random": {
        "sufficiencies @ 0.01": {
            "mean": 0.06422835411601009,
            "std": 0.20170680004830913
        },
        "comprehensiveness @ 0.01": {
            "mean": 0.10010469760421367,
            "std": 0.19643356269911916
        },
        "sufficiencies @ 0.02": {
            "mean": 0.07557901661176175,
            "std": 0.2048342106271775
        },
        "comprehensiveness @ 0.02": {
            "mean": 0.09882273007825032,
            "std": 0.17094288392626536
        },
        "sufficiencies @ 0.05": {
            "mean": 0.0867215880031139,
            "std": 0.2097634419454851
        },
        "comprehensiveness @ 0.05": {
            "mean": 0.20293385581281145,
            "std": 0.2958212200948524
        },
        "sufficiencies @ 0.1": {
            "mean": 0.12736846605290597,
            "std": 0.23312901284137053
        },
        "comprehensiveness @ 0.1": {
            "mean": 0.2862811778133392,
            "std": 0.33572625389743
        },
        "sufficiencies @ 0.2": {
            "mean": 0.11953975829493267,
            "std": 0.20588489986748687
        },
        "comprehensiveness @ 0.2": {
            "mean": 0.5384022590598658,
            "std": 0.3444163533880888
        },
        "sufficiencies @ 0.5": {
            "mean": 0.2801227684493874,
            "std": 0.3477679684372026
        },
        "comprehensiveness @ 0.5": {
            "mean": 0.7071677314204647,
            "std": 0.36360682626649643
        },
        "sufficiencies @ 1.0": {
            "mean": 0.999460739994042,
            "std": 0.0029086143183511544
        },
        "comprehensiveness @ 1.0": {
            "mean": 0.9482780350194925,
            "std": 0.20831316027893143
        },
        "AOPC - sufficiency": {
            "mean": 0.2504315273603076,
            "std": 0.15616760037431313
        },
        "AOPC - comprehensiveness": {
            "mean": 0.41171292668691967,
            "std": 0.18433659870224908
        }
    },
    "gradients": {
        "sufficiencies @ 0.01": {
            "mean": 0.07011950359074887,
            "std": 0.20379605774291482
        },
        "comprehensiveness @ 0.01": {
            "mean": 0.19202534417480624,
            "std": 0.3410967325044631
        },
        "sufficiencies @ 0.02": {
            "mean": 0.06742236601028409,
            "std": 0.20404373927892402
        },
        "comprehensiveness @ 0.02": {
            "mean": 0.24320788970351806,
            "std": 0.3639667345109593
        },
        "sufficiencies @ 0.05": {
            "mean": 0.09638158281320422,
            "std": 0.17549590094114972
        },
        "comprehensiveness @ 0.05": {
            "mean": 0.35686205213512523,
            "std": 0.3900694470725699
        },
        "sufficiencies @ 0.1": {
            "mean": 0.13101555240340768,
            "std": 0.22327002220906794
        },
        "comprehensiveness @ 0.1": {
            "mean": 0.4640971254215458,
            "std": 0.3941525617981341
        },
        "sufficiencies @ 0.2": {
            "mean": 0.12605543942719127,
            "std": 0.21912300224885475
        },
        "comprehensiveness @ 0.2": {
            "mean": 0.6994666417524741,
            "std": 0.33489587406554866
        },
        "sufficiencies @ 0.5": {
            "mean": 0.276817643294342,
            "std": 0.34437655792202543
        },
        "comprehensiveness @ 0.5": {
            "mean": 0.723498853921619,
            "std": 0.34417976152764357
        },
        "sufficiencies @ 1.0": {
            "mean": 0.9994696196015331,
            "std": 0.002849978212944711
        },
        "comprehensiveness @ 1.0": {
            "mean": 0.9460552761908212,
            "std": 0.20788769795065581
        },
        "AOPC - sufficiency": {
            "mean": 0.2524688153058159,
            "std": 0.14725438575400282
        },
        "AOPC - comprehensiveness": {
            "mean": 0.5178875976142728,
            "std": 0.23844417760180683
        }
    },
    "ig": {
        "sufficiencies @ 0.01": {
            "mean": 0.06796494782614886,
            "std": 0.19992174595825765
        },
        "comprehensiveness @ 0.01": {
            "mean": 0.19263160967615758,
            "std": 0.32139315078582265
        },
        "sufficiencies @ 0.02": {
            "mean": 0.07176455929491465,
            "std": 0.21003720480910262
        },
        "comprehensiveness @ 0.02": {
            "mean": 0.23277764598403494,
            "std": 0.32097469438767645
        },
        "sufficiencies @ 0.05": {
            "mean": 0.08640372769973582,
            "std": 0.199557132620481
        },
        "comprehensiveness @ 0.05": {
            "mean": 0.3248590205226406,
            "std": 0.34208614771146784
        },
        "sufficiencies @ 0.1": {
            "mean": 0.09850776461015669,
            "std": 0.2218054263741455
        },
        "comprehensiveness @ 0.1": {
            "mean": 0.5386715686791697,
            "std": 0.37716870453259427
        },
        "sufficiencies @ 0.2": {
            "mean": 0.19626194246992118,
            "std": 0.30260712031239134
        },
        "comprehensiveness @ 0.2": {
            "mean": 0.7366761100111313,
            "std": 0.3100874959854196
        },
        "sufficiencies @ 0.5": {
            "mean": 0.29347869858031134,
            "std": 0.3691036550676218
        },
        "comprehensiveness @ 0.5": {
            "mean": 0.7323569748165001,
            "std": 0.3392713870306608
        },
        "sufficiencies @ 1.0": {
            "mean": 0.9994781604997859,
            "std": 0.002793679626358005
        },
        "comprehensiveness @ 1.0": {
            "mean": 0.9434673511202508,
            "std": 0.20742081983897107
        },
        "AOPC - sufficiency": {
            "mean": 0.2591228287115677,
            "std": 0.1525646606467147
        },
        "AOPC - comprehensiveness": {
            "mean": 0.5287771829728407,
            "std": 0.23531952505377032
        }
    },
    "deeplift": {
        "sufficiencies @ 0.01": {
            "mean": 0.06805375058937843,
            "std": 0.1987845029046187
        },
        "comprehensiveness @ 0.01": {
            "mean": 0.10169340116431747,
            "std": 0.18125047937429636
        },
        "sufficiencies @ 0.02": {
            "mean": 0.07013177709304799,
            "std": 0.19914378874999292
        },
        "comprehensiveness @ 0.02": {
            "mean": 0.1267129977980063,
            "std": 0.1932600834244226
        },
        "sufficiencies @ 0.05": {
            "mean": 0.08368000345723424,
            "std": 0.2035523455822284
        },
        "comprehensiveness @ 0.05": {
            "mean": 0.22842981132494333,
            "std": 0.2670203209262973
        },
        "sufficiencies @ 0.1": {
            "mean": 0.06084909676353441,
            "std": 0.1996781288787287
        },
        "comprehensiveness @ 0.1": {
            "mean": 0.34196870089966525,
            "std": 0.3268891274384082
        },
        "sufficiencies @ 0.2": {
            "mean": 0.1924773953856288,
            "std": 0.2520075653622837
        },
        "comprehensiveness @ 0.2": {
            "mean": 0.7745130553353546,
            "std": 0.2954853729231041
        },
        "sufficiencies @ 0.5": {
            "mean": 0.2754977099308786,
            "std": 0.3441234230806335
        },
        "comprehensiveness @ 0.5": {
            "mean": 0.7076202292483409,
            "std": 0.3641768099373541
        },
        "sufficiencies @ 1.0": {
            "mean": 0.9994863823209008,
            "std": 0.002739581637302485
        },
        "comprehensiveness @ 1.0": {
            "mean": 0.9408088311775681,
            "std": 0.2069798802820955
        },
        "AOPC - sufficiency": {
            "mean": 0.2500251593629433,
            "std": 0.15087436265767776
        },