{
    "random": {
        "sufficiency @ 1.0": {
            "mean": 0.44241867945739555,
            "std": 0.43788259019273235
        },
        "comprehensivenesses @ 1.0": {
            "mean": 0.8623521643905624,
            "std": 0.221052216691762
        },
        "sufficiency @ 1.0 to Random RI": 1.0,
        "comprehensivenesses @ 1.0 to Random RI": 1.0,
        "[1.0] - sufficiency": {
            "mean": 0.44241867945739555,
            "std": 0.43788259019273235
        },
        "[1.0] - comprehensiveness": {
            "mean": 0.8623521643905624,
            "std": 0.221052216691762
        },
        "[1.0] - sufficiency to Random RI": 1.0,
        "[1.0] - comprehensiveness to Random RI": 1.0
    },
    "attention": {
        "sufficiency @ 1.0": {
            "mean": 0.4427141990101449,
            "std": 0.438088195855363
        },
        "comprehensivenesses @ 1.0": {
            "mean": 0.8603228674095638,
            "std": 0.22102092330541676
        },
        "sufficiency @ 1.0 to Random RI": 1.0006679635523341,
        "comprehensivenesses @ 1.0 to Random RI": 0.9976467885571636,
        "[1.0] - sufficiency": {
            "mean": 0.4427141990101449,
            "std": 0.438088195855363
        },
        "[1.0] - comprehensiveness": {
            "mean": 0.8603228674095638,
            "std": 0.22102092330541676
        },
        "[1.0] - sufficiency to Random RI": 1.0006679635523341,
        "[1.0] - comprehensiveness to Random RI": 0.9976467885571636
    },
    "scaled attention": {
        "sufficiency @ 1.0": {
            "mean": 0.44238566248034517,
            "std": 0.4378784947116481
        },
        "comprehensivenesses @ 1.0": {
            "mean": 0.8643252534265193,
            "std": 0.22106279880642143
        },
        "sufficiency @ 1.0 to Random RI": 0.9999253716477549,
        "comprehensivenesses @ 1.0 to Random RI": 1.0022880316388507,
        "[1.0] - sufficiency": {
            "mean": 0.44238566248034517,
            "std": 0.4378784947116481
        },
        "[1.0] - comprehensiveness": {
            "mean": 0.8643252534265193,
            "std": 0.22106279880642143
        },
        "[1.0] - sufficiency to Random RI": 0.9999253716477549,
        "[1.0] - comprehensiveness to Random RI": 1.0022880316388507
    },
    "ig": {
        "sufficiency @ 1.0": {
            "mean": 0.44213537283004334,
            "std": 0.4377745923838933
        },
        "comprehensivenesses @ 1.0": {
            "mean": 0.8663556015303976,
            "std": 0.22098601836683024
        },
        "sufficiency @ 1.0 to Random RI": 0.9993596413521697,
        "comprehensivenesses @ 1.0 to Random RI": 1.004642461983805,
        "[1.0] - sufficiency": {
            "mean": 0.44213537283004334,
            "std": 0.4377745923838933
        },
        "[1.0] - comprehensiveness": {
            "mean": 0.8663556015303976,
            "std": 0.22098601836683024
        },
        "[1.0] - sufficiency to Random RI": 0.9993596413521697,
        "[1.0] - comprehensiveness to Random RI": 1.004642461983805
    },
    "gradients": {
        "sufficiency @ 1.0": {
            "mean": 0.44292828215999563,
            "std": 0.4382330128492247
        },
        "comprehensivenesses @ 1.0": {
            "mean": 0.858190307477676,
            "std": 0.22114804719621042
        },
        "sufficiency @ 1.0 to Random RI": 1.0011518562082982,
        "comprehensivenesses @ 1.0 to Random RI": 0.9951738314290338,
        "[1.0] - sufficiency": {
            "mean": 0.44292828215999563,
            "std": 0.4382330128492247
        },
        "[1.0] - comprehensiveness": {
            "mean": 0.858190307477676,
            "std": 0.22114804719621042
        },
        "[1.0] - sufficiency to Random RI": 1.0011518562082982,
        "[1.0] - comprehensiveness to Random RI": 0.9951738314290338
    },
    "deeplift": {
        "sufficiency @ 1.0": {
            "mean": 0.4426232905740388,
            "std": 0.4379823383297433
        },
        "comprehensivenesses @ 1.0": {
            "mean": 0.856164709913459,
            "std": 0.22104742638845104
        },
        "sufficiency @ 1.0 to Random RI": 1.0004624829966362,
        "comprehensivenesses @ 1.0 to Random RI": 0.9928249099003814,
        "[1.0] - sufficiency": {
            "mean": 0.4426232905740388,
            "std": 0.4379823383297433
        },
        "[1.0] - comprehensiveness": {
            "mean": 0.856164709913459,
            "std": 0.22104742638845104
        },
        "[1.0] - sufficiency to Random RI": 1.0004624829966362,
        "[1.0] - comprehensiveness to Random RI": 0.9928249099003814
    }
}