,feature,Soft_sufficiency,Suff_ratio,Soft_comprehensiveness,Comp_ratio
0,random,1.0,1.0,8.241933676715318e-08,1.0
1,attention,1.0,1.0,1.2745781461556872e-07,1.5464552326556074
2,scaled attention,1.0,1.0,9.996255462935406e-08,1.2128531792455823
3,gradients,1.0,1.0,2.9179767784124305e-07,3.540403129736589
4,ig,1.0,1.0,8.657949455758412e-07,10.504755067634674
5,deeplift,1.0,1.0,1.768301616662455e-07,2.1454936256744803
