,feature, AOPC_sufficiency,Suff_ratio,AOPC_comprehensiveness,Comp_ratio
0,random,0.14804375878699502,1.0,0.309226988676847,1.0
1,attention,0.149089548840927,1.007064060400119,0.36292412776493704,1.1736495876956117
2,scaled attention,0.151064715379465,1.0204058355260792,0.361637304863111,1.1694881692265051
3,gradients,0.14972010717696602,1.0113233303700626,0.35857453723756605,1.1595835757152781
4,ig,0.151967853980901,1.0265063196588515,0.357037964974723,1.1546145001846528
5,deeplift,0.140400682916965,0.9483728599391559,0.33555387943894405,1.0851377522859416
