{
    "random": {
        "sufficiencies @ 1.0": {
            "mean": 0.97644736936206,
            "std": 0.11933528467329374
        },
        "comprehensiveness @ 1.0": {
            "mean": 0.04865762782030652,
            "std": 0.17361389614991507
        }
    },
    "attention": {
        "sufficiencies @ 1.0": {
            "mean": 0.9862559683241526,
            "std": 0.11465600734721315
        },
        "comprehensiveness @ 1.0": {
            "mean": 0.09057104213882543,
            "std": 0.22742087398622976
        }
    },
    "scaled attention": {
        "sufficiencies @ 1.0": {
            "mean": 0.9949088414839639,
            "std": 0.03772717130732749
        },
        "comprehensiveness @ 1.0": {
            "mean": 0.08436449181380609,
            "std": 0.22846927116341445
        }
    },
    "deeplift": {
        "sufficiencies @ 1.0": {
            "mean": 0.9731518613527682,
            "std": 0.16107801466005073
        },
        "comprehensiveness @ 1.0": {
            "mean": 0.09213541096275386,
            "std": 0.25170963799619966
        }
    },
    "ig": {
        "sufficiencies @ 1.0": {
            "mean": 0.9784110013938591,
            "std": 0.13144483823831232
        },
        "comprehensiveness @ 1.0": {
            "mean": 0.09185420464387498,
            "std": 0.22645237104768667
        }
    },
    "gradients": {
        "sufficiencies @ 1.0": {
            "mean": 0.9850745173813209,
            "std": 0.11459974363123254
        },
        "comprehensiveness @ 1.0": {
            "mean": 0.053057216780529146,
            "std": 0.1958620940938556
        }
    }
}