{
    "random": {
        "sufficiencies @ 0.01": {
            "mean": 0.07355927556940729,
            "std": 0.24465268060865647
        },
        "comprehensiveness @ 0.01": {
            "mean": 0.09034983677085717,
            "std": 0.22253166387927278
        },
        "sufficiencies @ 0.02": {
            "mean": 0.07747711982909025,
            "std": 0.24523909777204986
        },
        "comprehensiveness @ 0.02": {
            "mean": 0.12325268391338355,
            "std": 0.24883057067313896
        },
        "sufficiencies @ 0.05": {
            "mean": 0.0882984657323926,
            "std": 0.24231387530447765
        },
        "comprehensiveness @ 0.05": {
            "mean": 0.18777859544766676,
            "std": 0.28495245825374876
        },
        "sufficiencies @ 0.1": {
            "mean": 0.10549855085851535,
            "std": 0.23579430932689047
        },
        "comprehensiveness @ 0.1": {
            "mean": 0.28164614238704155,
            "std": 0.32758395856921463
        },
        "sufficiencies @ 0.2": {
            "mean": 0.16288359005716016,
            "std": 0.22521996574493394
        },
        "comprehensiveness @ 0.2": {
            "mean": 0.5511352031497101,
            "std": 0.3530453431552875
        },
        "sufficiencies @ 0.5": {
            "mean": 0.3914536628420375,
            "std": 0.39626769176331306
        },
        "comprehensiveness @ 0.5": {
            "mean": 0.6626043548050583,
            "std": 0.3515211379483236
        },
        "sufficiencies @ 1.0": {
            "mean": 0.45717715498060824,
            "std": 0.4477052905036866
        },
        "comprehensiveness @ 1.0": {
            "mean": 0.8627361701482402,
            "std": 0.22023628239749501
        },
        "AOPC - sufficiency": {
            "mean": 0.1937639742670302,
            "std": 0.1777913670882656
        },
        "AOPC - comprehensiveness": {
            "mean": 0.39421471237456535,
            "std": 0.17221828791910432
        }
    },
    "scaled attention": {
        "sufficiencies @ 0.01": {
            "mean": 0.09254689654116509,
            "std": 0.24792687545733144
        },
        "comprehensiveness @ 0.01": {
            "mean": 0.13522532971835044,
            "std": 0.2768635085426589
        },
        "sufficiencies @ 0.02": {
            "mean": 0.09602417371854263,
            "std": 0.24591778569491995
        },
        "comprehensiveness @ 0.02": {
            "mean": 0.207631356642673,
            "std": 0.324741974968524
        },
        "sufficiencies @ 0.05": {
            "mean": 0.10783879090122217,
            "std": 0.23915268430476053
        },
        "comprehensiveness @ 0.05": {
            "mean": 0.31317003815597494,
            "std": 0.36789883424114395
        },
        "sufficiencies @ 0.1": {
            "mean": 0.1527874302040504,
            "std": 0.22640432183630327
        },
        "comprehensiveness @ 0.1": {
            "mean": 0.4209206880391546,
            "std": 0.3914256017116275
        },
        "sufficiencies @ 0.2": {
            "mean": 0.2075026786818481,
            "std": 0.24175743827643714
        },
        "comprehensiveness @ 0.2": {
            "mean": 0.5967455653533383,
            "std": 0.3800787631020298
        },
        "sufficiencies @ 0.5": {
            "mean": 0.38768710863112765,
            "std": 0.39755243723122236
        },
        "comprehensiveness @ 0.5": {
            "mean": 0.6176913759959454,
            "std": 0.38723554332896964
        },
        "sufficiencies @ 1.0": {
            "mean": 0.45866033964178954,
            "std": 0.4480161482283519
        },
        "comprehensiveness @ 1.0": {
            "mean": 0.8663437810651047,
            "std": 0.22006866808346545
        },
        "AOPC - sufficiency": {
            "mean": 0.21472105975996364,
            "std": 0.18084062090757522
        },
        "AOPC - comprehensiveness": {
            "mean": 0.451104019281506,
            "std": 0.24111554105022784
        }
    },
    "deeplift": {
        "sufficiencies @ 0.01": {
            "mean": 0.07876324763232992,
            "std": 0.2463374311160724
        },
        "comprehensiveness @ 0.01": {
            "mean": 0.10308633070256705,
            "std": 0.23934963090878766
        },
        "sufficiencies @ 0.02": {
            "mean": 0.08030596384670671,
            "std": 0.24590055905062025
        },
        "comprehensiveness @ 0.02": {
            "mean": 0.13956640034671092,
            "std": 0.27009666476518696
        },
        "sufficiencies @ 0.05": {
            "mean": 0.08698841521277723,
            "std": 0.24342550898546392
        },
        "comprehensiveness @ 0.05": {
            "mean": 0.2176788573277304,
            "std": 0.31652704733569736
        },
        "sufficiencies @ 0.1": {
            "mean": 0.10651855309413345,
            "std": 0.24401120673190702
        },
        "comprehensiveness @ 0.1": {
            "mean": 0.3161490316080659,
            "std": 0.35193680858626347
        },
        "sufficiencies @ 0.2": {
            "mean": 0.16135444701001833,
            "std": 0.23671859192743644
        },
        "comprehensiveness @ 0.2": {
            "mean": 0.5944584236271374,
            "std": 0.35131794676986555
        },
        "sufficiencies @ 0.5": {
            "mean": 0.36931761202533253,
            "std": 0.38324912938167083
        },
        "comprehensiveness @ 0.5": {
            "mean": 0.6700941124746236,
            "std": 0.3435498498015411
        },
        "sufficiencies @ 1.0": {
            "mean": 0.45750926033098277,
            "std": 0.4487346572334195
        },
        "comprehensiveness @ 1.0": {
            "mean": 0.8601331829713065,
            "std": 0.22134892903522846
        },
        "AOPC - sufficiency": {
            "mean": 0.191536785593183,
            "std": 0.176428086597075
        },
        "AOPC - comprehensiveness": {
            "mean": 0.4144523341511631,
            "std": 0.19152261784419505
        }
    },
    "gradients": {
        "sufficiencies @ 0.01": {
            "mean": 0.08882204648846793,
            "std": 0.24624631505439407
        },
        "comprehensiveness @ 0.01": {
            "mean": 0.1597936839075663,
            "std": 0.31350388090614595
        },
        "sufficiencies @ 0.02": {
            "mean": 0.09446858549484188,
            "std": 0.24687033093361574
        },
        "comprehensiveness @ 0.02": {
            "mean": 0.1968365905445521,
            "std": 0.3347240739276869
        },
        "sufficiencies @ 0.05": {
            "mean": 0.11714580357804596,
            "std": 0.2379713367313929
        },
        "comprehensiveness @ 0.05": {
            "mean": 0.2656077004802441,
            "std": 0.3585364662780008
        },
        "sufficiencies @ 0.1": {
            "mean": 0.15247336932543,
            "std": 0.2315228184361939
        },
        "comprehensiveness @ 0.1": {
            "mean": 0.3590511525594282,
            "std": 0.37663146029256334
        },
        "sufficiencies @ 0.2": {
            "mean": 0.2087561419133947,
            "std": 0.251696897838153
        },
        "comprehensiveness @ 0.2": {
            "mean": 0.615993246393511,
            "std": 0.35585402991020754
        },
        "sufficiencies @ 0.5": {
            "mean": 0.3693051331644801,
            "std": 0.38441568994054987
        },
        "comprehensiveness @ 0.5": {
            "mean": 0.6448041965606638,
            "std": 0.3640690361369899
        },
        "sufficiencies @ 1.0": {
            "mean": 0.45672482234744116,
            "std": 0.4472614320219378
        },
        "comprehensiveness @ 1.0": {
            "mean": 0.8636575901728362,
            "std": 0.22125078393834186
        },
        "AOPC - sufficiency": {
            "mean": 0.21252798604458595,
            "std": 0.18378531077807425
        },