{
    "attention": {
        "sufficiencies @ 0.01": {
            "mean": 0.07925233787649813,
            "std": 0.20076866223033457
        },
        "comprehensiveness @ 0.01": {
            "mean": 0.10721089215657365,
            "std": 0.24162470034726416
        },
        "sufficiencies @ 0.02": {
            "mean": 0.08909884499315447,
            "std": 0.21186609650971663
        },
        "comprehensiveness @ 0.02": {
            "mean": 0.1514153877092986,
            "std": 0.2735807812570474
        },
        "sufficiencies @ 0.05": {
            "mean": 0.08265274502564751,
            "std": 0.20541056412190828
        },
        "comprehensiveness @ 0.05": {
            "mean": 0.27870913876491843,
            "std": 0.35330991589773686
        },
        "sufficiencies @ 0.1": {
            "mean": 0.14227410008013866,
            "std": 0.23853118533447837
        },
        "comprehensiveness @ 0.1": {
            "mean": 0.47469841328591095,
            "std": 0.4065232800435781
        },
        "sufficiencies @ 0.2": {
            "mean": 0.18633084367552816,
            "std": 0.2435373671198147
        },
        "comprehensiveness @ 0.2": {
            "mean": 0.6842503110917213,
            "std": 0.3494417741000354
        },
        "sufficiencies @ 0.5": {
            "mean": 0.2809615516805282,
            "std": 0.3507717121199818
        },
        "comprehensiveness @ 0.5": {
            "mean": 0.6862638831741458,
            "std": 0.39056121220766926
        },
        "sufficiencies @ 1.0": {
            "mean": 0.8879085935392745,
            "std": 0.25411016804195735
        },
        "comprehensiveness @ 1.0": {
            "mean": 0.9481974054552609,
            "std": 0.20832688365152657
        },
        "AOPC - sufficiency": {
            "mean": 0.24978271669582428,
            "std": 0.1469838281963731
        },
        "AOPC - comprehensiveness": {
            "mean": 0.4758207759482614,
            "std": 0.220827061621179
        }
    },
    "ig": {
        "sufficiencies @ 0.01": {
            "mean": 0.09161694578327624,
            "std": 0.20861399348947637
        },
        "comprehensiveness @ 0.01": {
            "mean": 0.1855879374979224,
            "std": 0.3247813237805178
        },
        "sufficiencies @ 0.02": {
            "mean": 0.09837781014738678,
            "std": 0.2195685094460356
        },
        "comprehensiveness @ 0.02": {
            "mean": 0.19697424201186764,
            "std": 0.30087040191780484
        },
        "sufficiencies @ 0.05": {
            "mean": 0.09801897539856967,
            "std": 0.2169204467278813
        },
        "comprehensiveness @ 0.05": {
            "mean": 0.33951217441389064,
            "std": 0.35275283042647837
        },
        "sufficiencies @ 0.1": {
            "mean": 0.12509449958287447,
            "std": 0.24337659387219196
        },
        "comprehensiveness @ 0.1": {
            "mean": 0.5256820181479928,
            "std": 0.37348793809678715
        },
        "sufficiencies @ 0.2": {
            "mean": 0.2106561413644718,
            "std": 0.28260104358581717
        },
        "comprehensiveness @ 0.2": {
            "mean": 0.7381228677371463,
            "std": 0.3046015633635319
        },
        "sufficiencies @ 0.5": {
            "mean": 0.2767371900100753,
            "std": 0.3486264853511023
        },
        "comprehensiveness @ 0.5": {
            "mean": 0.7327898301733538,
            "std": 0.337271278473455
        },
        "sufficiencies @ 1.0": {
            "mean": 0.829988631107416,
            "std": 0.3386773564936126
        },
        "comprehensiveness @ 1.0": {
            "mean": 0.946227375019371,
            "std": 0.20792303299027218
        },
        "AOPC - sufficiency": {
            "mean": 0.24721288477058148,
            "std": 0.17294061070206374
        },
        "AOPC - comprehensiveness": {
            "mean": 0.5235566350002206,
            "std": 0.22655523114628354
        }
    },
    "deeplift": {
        "sufficiencies @ 0.01": {
            "mean": 0.10342313081048998,
            "std": 0.2389958054971753
        },
        "comprehensiveness @ 0.01": {
            "mean": 0.1016235646658414,
            "std": 0.18467177355478875
        },
        "sufficiencies @ 0.02": {
            "mean": 0.08895070191016213,
            "std": 0.21258233149661176
        },
        "comprehensiveness @ 0.02": {
            "mean": 0.1261032473061837,
            "std": 0.19648529966518255
        },
        "sufficiencies @ 0.05": {
            "mean": 0.13091612573239858,
            "std": 0.24768498449645118
        },
        "comprehensiveness @ 0.05": {
            "mean": 0.22337695278861194,
            "std": 0.25328632972807485
        },
        "sufficiencies @ 0.1": {
            "mean": 0.13408737522183525,
            "std": 0.23829119951496136
        },
        "comprehensiveness @ 0.1": {
            "mean": 0.3712592765117562,
            "std": 0.3447017226299708
        },
        "sufficiencies @ 0.2": {
            "mean": 0.17704117526329102,
            "std": 0.2322990001392691
        },
        "comprehensiveness @ 0.2": {
            "mean": 0.7766257448894559,
            "std": 0.2968887483368999
        },
        "sufficiencies @ 0.5": {
            "mean": 0.2562066426348577,
            "std": 0.3221728014883497
        },
        "comprehensiveness @ 0.5": {
            "mean": 0.7189580431248142,
            "std": 0.34996761244524094
        },
        "sufficiencies @ 1.0": {
            "mean": 0.8675196947569652,
            "std": 0.2995866168147589
        },
        "comprehensiveness @ 1.0": {
            "mean": 0.9434909391468661,
            "std": 0.20741307051709082
        },
        "AOPC - sufficiency": {
            "mean": 0.2511635494757143,
            "std": 0.14109526541000939
        },
        "AOPC - comprehensiveness": {
            "mean": 0.46591968120478994,
            "std": 0.18251312113493104
        }
    },
    "scaled attention": {
        "sufficiencies @ 0.01": {
            "mean": 0.07907083835861685,
            "std": 0.19893196977501196
        },
        "comprehensiveness @ 0.01": {
            "mean": 0.09326943354860404,
            "std": 0.22043972998379702
        },
        "sufficiencies @ 0.02": {
            "mean": 0.0692316669915384,
            "std": 0.1952039470313974
        },
        "comprehensiveness @ 0.02": {
            "mean": 0.18684423159842517,
            "std": 0.29747043827438413
        },
        "sufficiencies @ 0.05": {
            "mean": 0.12530279289519092,
            "std": 0.25493648522182316
        },
        "comprehensiveness @ 0.05": {
            "mean": 0.3094770499975194,
            "std": 0.3614909767593809
        },
        "sufficiencies @ 0.1": {
            "mean": 0.132141002882791,
            "std": 0.2195052447385258
        },
        "comprehensiveness @ 0.1": {
            "mean": 0.5248250692771316,
            "std": 0.4135472587259844
        },
        "sufficiencies @ 0.2": {
            "mean": 0.18836480553069623,
            "std": 0.25514399264072474
        },
        "comprehensiveness @ 0.2": {
            "mean": 0.6883087381684143,
            "std": 0.3435908931291483
        },
        "sufficiencies @ 0.5": {
            "mean": 0.29022550348757237,
            "std": 0.3607551465723505
        },
        "comprehensiveness @ 0.5": {
            "mean": 0.6867060345070104,
            "std": 0.3893110100684594
        },
        "sufficiencies @ 1.0": {
            "mean": 0.8396617738234501,
            "std": 0.32249971454079424
        },
        "comprehensiveness @ 1.0": {
            "mean": 0.9408600149311412,
            "std": 0.20698173383300095
        },
        "AOPC - sufficiency": {
            "mean": 0.2462854834242651,
            "std": 0.15368338777230794
        },