{
    "random": {
        "sufficiency": {
            "mean": 0.8904753545061775,
            "std": 0.26228914605577375
        },
        "comprehensiveness": {
            "mean": 0.11217634079036135,
            "std": 0.2622334377498818
        },
        "AOPC - sufficiency": {
            "mean": 0.0,
            "std": 0.0
        },
        "AOPC - comprehensiveness": {
            "mean": 0.0,
            "std": 0.0
        }
    },
    "gradients": {
        "sufficiency": {
            "mean": 0.6649929784368613,
            "std": 0.3764486811407683
        },
        "comprehensiveness": {
            "mean": 0.07830597385168304,
            "std": 0.23222025093261353
        },
        "AOPC - sufficiency": {
            "mean": 0.0,
            "std": 0.0
        },
        "AOPC - comprehensiveness": {
            "mean": 0.0,
            "std": 0.0
        }
    },
    "attention": {
        "sufficiency": {
            "mean": 0.6086558421555214,
            "std": 0.3870338094958101
        },
        "comprehensiveness": {
            "mean": 0.052530536083835136,
            "std": 0.19600678061817062
        },
        "AOPC - sufficiency": {
            "mean": 0.0,
            "std": 0.0
        },
        "AOPC - comprehensiveness": {
            "mean": 0.0,
            "std": 0.0
        }
    },
    "scaled attention": {
        "sufficiency": {
            "mean": 0.6287209491542046,
            "std": 0.384911861550534
        },
        "comprehensiveness": {
            "mean": 0.04740476848451825,
            "std": 0.1859427294774092
        },
        "AOPC - sufficiency": {
            "mean": 0.0,
            "std": 0.0
        },
        "AOPC - comprehensiveness": {
            "mean": 0.0,
            "std": 0.0
        }
    },
    "deeplift": {
        "sufficiency": {
            "mean": 0.8638580160813091,
            "std": 0.287159505510621
        },
        "comprehensiveness": {
            "mean": 0.11440169073629276,
            "std": 0.26478690527077997
        },
        "AOPC - sufficiency": {
            "mean": 0.0,
            "std": 0.0
        },
        "AOPC - comprehensiveness": {
            "mean": 0.0,
            "std": 0.0
        }
    },
    "ig": {
        "sufficiency": {
            "mean": 0.8794184428373708,
            "std": 0.2704507394591694
        },
        "comprehensiveness": {
            "mean": 0.12488244920153539,
            "std": 0.2800832560780462
        },
        "AOPC - sufficiency": {
            "mean": 0.0,
            "std": 0.0
        },
        "AOPC - comprehensiveness": {
            "mean": 0.0,
            "std": 0.0
        }
    }
}