,feature,Soft_sufficiency,Suff_ratio,Soft_comprehensiveness,Comp_ratio
0,random,0.8904753545061771,1.0,0.11217634079036101,1.0
1,attention,0.608655842155521,0.6835178975762422,0.052530536083835004,0.46828534175495945
2,scaled attention,0.6287209491542041,0.7060509265895047,0.047404768484518,0.42259150325744405
3,gradients,0.664992978436861,0.7467842597458973,0.078305973851683,0.6980614031440363
4,ig,0.87941844283737,0.9875831356669733,0.124882449201535,1.1132690576430873
5,deeplift,0.8638580160813091,0.9701088432260666,0.11440169073629201,1.0198379616437108
