{
<<<<<<< HEAD
    "random": {
        "sufficiencies @ 1.0": {
            "mean": 0.97644736936206,
            "std": 0.11933528467329374
        },
        "comprehensiveness @ 1.0": {
            "mean": 0.04865762782030652,
            "std": 0.17361389614991507
        }
    },
    "attention": {
        "sufficiencies @ 1.0": {
            "mean": 0.9862559683241526,
            "std": 0.11465600734721315
        },
        "comprehensiveness @ 1.0": {
            "mean": 0.09057104213882543,
            "std": 0.22742087398622976
=======
    "gradients": {
        "sufficiencies @ 1.0": {
            "mean": 0.9984211392883631,
            "std": 0.007487058425797265
        },
        "comprehensiveness @ 1.0": {
            "mean": 0.056278676457944043,
            "std": 0.19237243320232333
        }
    },
    "ig": {
        "sufficiencies @ 1.0": {
            "mean": 0.972702457587219,
            "std": 0.16102156935251657
        },
        "comprehensiveness @ 1.0": {
            "mean": 0.08999602327288758,
            "std": 0.22758850041615253
>>>>>>> 391a5dfb3f1d50c03904a5bd81197d0bb9c14fd2
        }
    },
    "scaled attention": {
        "sufficiencies @ 1.0": {
            "mean": 0.9949088414839639,
            "std": 0.03772717130732749
        },
        "comprehensiveness @ 1.0": {
            "mean": 0.08436449181380609,
            "std": 0.22846927116341445
        }
    },
<<<<<<< HEAD
    "deeplift": {
        "sufficiencies @ 1.0": {
            "mean": 0.9731518613527682,
            "std": 0.16107801466005073
        },
        "comprehensiveness @ 1.0": {
            "mean": 0.09213541096275386,
            "std": 0.25170963799619966
        }
    },
    "ig": {
        "sufficiencies @ 1.0": {
            "mean": 0.9784110013938591,
            "std": 0.13144483823831232
        },
        "comprehensiveness @ 1.0": {
            "mean": 0.09185420464387498,
            "std": 0.22645237104768667
        }
    },
    "gradients": {
        "sufficiencies @ 1.0": {
            "mean": 0.9850745173813209,
            "std": 0.11459974363123254
        },
        "comprehensiveness @ 1.0": {
            "mean": 0.053057216780529146,
            "std": 0.1958620940938556
=======
    "random": {
        "sufficiencies @ 1.0": {
            "mean": 0.9673015168181028,
            "std": 0.16076188276946868
        },
        "comprehensiveness @ 1.0": {
            "mean": 0.10062204733608901,
            "std": 0.2652495933733624
        }
    },
    "attention": {
        "sufficiencies @ 1.0": {
            "mean": 0.9853675928469573,
            "std": 0.09989688133199938
        },
        "comprehensiveness @ 1.0": {
            "mean": 0.092310702519022,
            "std": 0.2271709024276514
        }
    },
    "deeplift": {
        "sufficiencies @ 1.0": {
            "mean": 0.9864155247182553,
            "std": 0.1146718811883004
        },
        "comprehensiveness @ 1.0": {
            "mean": 0.05363458772619595,
            "std": 0.19595130871888108
>>>>>>> 391a5dfb3f1d50c03904a5bd81197d0bb9c14fd2
        }
    }
}