{
    "scaled attention": {
        "sufficiencies @ 0.01": {
            "mean": 0.0873937550380235,
            "std": 0.1544844280367019
        },
        "comprehensiveness @ 0.01": {
            "mean": 0.2157701446586533,
            "std": 0.307752813343832
        },
        "sufficiencies @ 0.02": {
            "mean": 0.11983012930998922,
            "std": 0.1983320555201308
        },
        "comprehensiveness @ 0.02": {
            "mean": 0.3122235438630776,
            "std": 0.36345068285785226
        },
        "sufficiencies @ 0.05": {
            "mean": 0.09743184671139263,
            "std": 0.15532755125978717
        },
        "comprehensiveness @ 0.05": {
            "mean": 0.21550447968175196,
            "std": 0.3036900804892325
        },
        "sufficiencies @ 0.1": {
            "mean": 0.0710281133555517,
            "std": 0.15836372616083044
        },
        "comprehensiveness @ 0.1": {
            "mean": 0.28102925104929477,
            "std": 0.3552195919168937
        },
        "sufficiencies @ 0.2": {
            "mean": 0.10557633453916154,
            "std": 0.18186319785655225
        },
        "comprehensiveness @ 0.2": {
            "mean": 0.3708466462063344,
            "std": 0.404051457254363
        },
        "sufficiencies @ 0.5": {
            "mean": 0.14347165494734684,
            "std": 0.22861485348436802
        },
        "comprehensiveness @ 0.5": {
            "mean": 0.6530544316411896,
            "std": 0.43216830328614053
        },
        "sufficiencies @ 1.0": {
            "mean": 0.8881193948076753,
            "std": 0.261960483339397
        },
        "comprehensiveness @ 1.0": {
            "mean": 0.809083465697132,
            "std": 0.2648417630211051
        },
        "AOPC - sufficiency": {
            "mean": 0.21612160410130585,
            "std": 0.09301627068478376
        },
        "AOPC - comprehensiveness": {
            "mean": 0.40821599468534775,
            "std": 0.24405471602145754
        }
    },
    "random": {
        "sufficiencies @ 0.01": {
            "mean": 0.10940910660815062,
            "std": 0.15068774760902712
        },
        "comprehensiveness @ 0.01": {
            "mean": 0.08506309918069024,
            "std": 0.22898995074009978
        },
        "sufficiencies @ 0.02": {
            "mean": 0.13043316171101677,
            "std": 0.14922015688300916
        },
        "comprehensiveness @ 0.02": {
            "mean": 0.09036468741504612,
            "std": 0.22562870924771292
        },
        "sufficiencies @ 0.05": {
            "mean": 0.1578934693397595,
            "std": 0.17556007183235645
        },
        "comprehensiveness @ 0.05": {
            "mean": 0.12815115615928024,
            "std": 0.2559645444361397
        },
        "sufficiencies @ 0.1": {
            "mean": 0.17199951992026935,
            "std": 0.19933090026913416
        },
        "comprehensiveness @ 0.1": {
            "mean": 0.1976763742617857,
            "std": 0.3071914271182733
        },
        "sufficiencies @ 0.2": {
            "mean": 0.2044239908557788,
            "std": 0.2258944052497226
        },
        "comprehensiveness @ 0.2": {
            "mean": 0.33547250301503945,
            "std": 0.35323051890156465
        },
        "sufficiencies @ 0.5": {
            "mean": 0.3567296349986577,
            "std": 0.3346936271508544
        },
        "comprehensiveness @ 0.5": {
            "mean": 0.6380429934880515,
            "std": 0.36426969009724985
        },
        "sufficiencies @ 1.0": {
            "mean": 0.9426105259069344,
            "std": 0.19561845571546732
        },
        "comprehensiveness @ 1.0": {
            "mean": 0.8090069588142181,
            "std": 0.2664811498353351
        },
        "AOPC - sufficiency": {
            "mean": 0.29621420133436677,
            "std": 0.16815422801454713
        },
        "AOPC - comprehensiveness": {
            "mean": 0.3262539674763016,
            "std": 0.17670449087148607
        }
    },
    "gradients": {
        "sufficiencies @ 0.01": {
            "mean": 0.1058697221241458,
            "std": 0.1406180307253721
        },
        "comprehensiveness @ 0.01": {
            "mean": 0.1587312320169042,
            "std": 0.3030814474959065
        },
        "sufficiencies @ 0.02": {
            "mean": 0.12878643457838734,
            "std": 0.19433692455379584
        },
        "comprehensiveness @ 0.02": {
            "mean": 0.1850491397778988,
            "std": 0.3165351685522345
        },
        "sufficiencies @ 0.05": {
            "mean": 0.16672710146368414,
            "std": 0.212700061196066
        },
        "comprehensiveness @ 0.05": {
            "mean": 0.19468238318951828,
            "std": 0.3123631591702134
        },
        "sufficiencies @ 0.1": {
            "mean": 0.23313146610899382,
            "std": 0.24946730257168798
        },
        "comprehensiveness @ 0.1": {
            "mean": 0.3442535203448725,
            "std": 0.3707852762270597
        },
        "sufficiencies @ 0.2": {
            "mean": 0.3019116990616276,
            "std": 0.3099379349939397
        },
        "comprehensiveness @ 0.2": {
            "mean": 0.585922709041254,
            "std": 0.40255522694910895
        },
        "sufficiencies @ 0.5": {
            "mean": 0.33816556651713575,
            "std": 0.3224514893788818
        },
        "comprehensiveness @ 0.5": {
            "mean": 0.7848984695622567,
            "std": 0.2823585396260699
        },
        "sufficiencies @ 1.0": {
            "mean": 0.9179694534108053,
            "std": 0.23253226730523627
        },
        "comprehensiveness @ 1.0": {
            "mean": 0.8068911738054236,
            "std": 0.26354529192640047
        },
        "AOPC - sufficiency": {
            "mean": 0.31322306332354,
            "std": 0.17176733143236422
        },
        "AOPC - comprehensiveness": {
            "mean": 0.4372040896768753,
            "std": 0.20474611042609941
        }
    },
    "attention": {
        "sufficiencies @ 0.01": {
            "mean": 0.12274510944831275,
            "std": 0.17709653232745406
        },
        "comprehensiveness @ 0.01": {
            "mean": 0.2250803423969843,
            "std": 0.3185511389698315
        },
        "sufficiencies @ 0.02": {
            "mean": 0.12319636376813377,
            "std": 0.17186345446616536
        },
        "comprehensiveness @ 0.02": {
            "mean": 0.2817748370206324,
            "std": 0.35514399226057075
        },
        "sufficiencies @ 0.05": {
            "mean": 0.16719677048993295,
            "std": 0.21624757822061283
        },
        "comprehensiveness @ 0.05": {
            "mean": 0.31286329307087496,
            "std": 0.3634718606821714
        },
        "sufficiencies @ 0.1": {
            "mean": 0.1964669313801326,
            "std": 0.2572844773872888
        },
        "comprehensiveness @ 0.1": {
            "mean": 0.36421191105969464,
            "std": 0.3860365661413719
        },
        "sufficiencies @ 0.2": {
            "mean": 0.2247318865636506,
            "std": 0.3027652408818954
        },
        "comprehensiveness @ 0.2": {
            "mean": 0.47996779301442377,
            "std": 0.42885970826502096
        },
        "sufficiencies @ 0.5": {
            "mean": 0.25164572949761915,
            "std": 0.3092350274221203
        },
        "comprehensiveness @ 0.5": {
            "mean": 0.7901468236471516,
            "std": 0.360959209294491
        },
        "sufficiencies @ 1.0": {
            "mean": 0.9037326609463936,
            "std": 0.25479149365220954
        },
        "comprehensiveness @ 1.0": {
            "mean": 0.8062762212479698,
            "std": 0.26378027363918394
        },
        "AOPC - sufficiency": {
            "mean": 0.2842450645848822,
            "std": 0.1848250458538492
        },