{
    "gradients": {
        "sufficiencies @ 0.01": {
            "mean": 0.06899018103519344,
            "std": 0.24550692238862054
        },
        "comprehensiveness @ 0.01": {
            "mean": 0.15731679886676758,
            "std": 0.31197056069108475
        },
        "sufficiencies @ 0.02": {
            "mean": 0.07305354623104932,
            "std": 0.24531613313900835
        },
        "comprehensiveness @ 0.02": {
            "mean": 0.19544074307666207,
            "std": 0.3336321837161183
        },
        "sufficiencies @ 0.05": {
            "mean": 0.09959129593712346,
            "std": 0.2457645261900005
        },
        "comprehensiveness @ 0.05": {
            "mean": 0.26209246861668,
            "std": 0.3567881321529069
        },
        "sufficiencies @ 0.1": {
            "mean": 0.13744866001322945,
            "std": 0.2399366320156652
        },
        "comprehensiveness @ 0.1": {
            "mean": 0.35703197523053287,
            "std": 0.3773309010979871
        },
        "sufficiencies @ 0.2": {
            "mean": 0.15442815267664545,
            "std": 0.2265742017244988
        },
        "comprehensiveness @ 0.2": {
            "mean": 0.6125866649776247,
            "std": 0.35777407662655963
        },
        "sufficiencies @ 0.5": {
            "mean": 0.3818680089139151,
            "std": 0.39092737564527874
        },
        "comprehensiveness @ 0.5": {
            "mean": 0.6286628774395769,
            "std": 0.37651036172743857
        },
        "sufficiencies @ 1.0": {
            "mean": 0.45868933838418646,
            "std": 0.44895005897287105
        },
        "comprehensiveness @ 1.0": {
            "mean": 0.868374811870726,
            "std": 0.22071054088815995
        },
        "AOPC - sufficiency": {
            "mean": 0.19629559759876325,
            "std": 0.18182481449084498
        },
        "AOPC - comprehensiveness": {
            "mean": 0.44021519143979576,
            "std": 0.22854291013071706
        }
    },
    "deeplift": {
        "sufficiencies @ 0.01": {
            "mean": 0.06664624406049245,
            "std": 0.24431274464506247
        },
        "comprehensiveness @ 0.01": {
            "mean": 0.09752112969461976,
            "std": 0.2350452124172237
        },
        "sufficiencies @ 0.02": {
            "mean": 0.06795771757295642,
            "std": 0.24436989047205843
        },
        "comprehensiveness @ 0.02": {
            "mean": 0.13363945708742203,
            "std": 0.2637530298498696
        },
        "sufficiencies @ 0.05": {
            "mean": 0.07424998339696895,
            "std": 0.24408640262804548
        },
        "comprehensiveness @ 0.05": {
            "mean": 0.21329213317991577,
            "std": 0.3146710885391843
        },
        "sufficiencies @ 0.1": {
            "mean": 0.09719068101407563,
            "std": 0.24805748326505878
        },
        "comprehensiveness @ 0.1": {
            "mean": 0.3091664566446061,
            "std": 0.3508630494634556
        },
        "sufficiencies @ 0.2": {
            "mean": 0.14368221433561323,
            "std": 0.22992261993889485
        },
        "comprehensiveness @ 0.2": {
            "mean": 0.5850994061733555,
            "std": 0.35461206851229565
        },
        "sufficiencies @ 0.5": {
            "mean": 0.3714876837340378,
            "std": 0.3853028295200484
        },
        "comprehensiveness @ 0.5": {
            "mean": 0.6562149316506157,
            "std": 0.354713446675947
        },
        "sufficiencies @ 1.0": {
            "mean": 0.4583395897664935,
            "std": 0.44864174411163565
        },
        "comprehensiveness @ 1.0": {
            "mean": 0.8683640384250523,
            "std": 0.2207098568190596
        },
        "AOPC - sufficiency": {
            "mean": 0.18279344484009116,
            "std": 0.1792478436584627
        },
        "AOPC - comprehensiveness": {
            "mean": 0.40904250755079813,
            "std": 0.19397481564479824
        }
    },
    "attention": {
        "sufficiencies @ 0.01": {
            "mean": 0.07369991892814287,
            "std": 0.24443188804814345
        },
        "comprehensiveness @ 0.01": {
            "mean": 0.1353013756650584,
            "std": 0.278318995786645
        },
        "sufficiencies @ 0.02": {
            "mean": 0.07653404984489574,
            "std": 0.24296099737555701
        },
        "comprehensiveness @ 0.02": {
            "mean": 0.20825516200513003,
            "std": 0.32487958892992946
        },
        "sufficiencies @ 0.05": {
            "mean": 0.09170122318052039,
            "std": 0.24269298656062563
        },
        "comprehensiveness @ 0.05": {
            "mean": 0.310712080707366,
            "std": 0.3668515134715972
        },
        "sufficiencies @ 0.1": {
            "mean": 0.12531192798346666,
            "std": 0.22492763141504468
        },
        "comprehensiveness @ 0.1": {
            "mean": 0.4184120599926221,
            "std": 0.38949376032876964
        },
        "sufficiencies @ 0.2": {
            "mean": 0.13341372846647773,
            "std": 0.21681258137297743
        },
        "comprehensiveness @ 0.2": {
            "mean": 0.5989005398260749,
            "std": 0.3784535048601493
        },
        "sufficiencies @ 0.5": {
            "mean": 0.4003308006439193,
            "std": 0.40406010491630845
        },
        "comprehensiveness @ 0.5": {
            "mean": 0.593434628979295,
            "std": 0.4049655784158243
        },
        "sufficiencies @ 1.0": {
            "mean": 0.45857026052784167,
            "std": 0.4488330754197253
        },
        "comprehensiveness @ 1.0": {
            "mean": 0.8684039602358792,
            "std": 0.22070601634481463
        },
        "AOPC - sufficiency": {
            "mean": 0.1942231299393235,
            "std": 0.17893337530411427
        },
        "AOPC - comprehensiveness": {
            "mean": 0.4476314010587751,
            "std": 0.24251838347848875
        }
    },
    "ig": {
        "sufficiencies @ 0.01": {
            "mean": 0.06991279474063412,
            "std": 0.24486957840219917
        },
        "comprehensiveness @ 0.01": {
            "mean": 0.1339840120034488,
            "std": 0.2888703190434764
        },
        "sufficiencies @ 0.02": {
            "mean": 0.07487426302360588,
            "std": 0.24529663526628503
        },
        "comprehensiveness @ 0.02": {
            "mean": 0.1690112200585341,
            "std": 0.31092774416061253
        },
        "sufficiencies @ 0.05": {
            "mean": 0.09615381951494811,
            "std": 0.24587095374431361
        },
        "comprehensiveness @ 0.05": {
            "mean": 0.2370671069149166,
            "std": 0.34381202495270885
        },
        "sufficiencies @ 0.1": {
            "mean": 0.12411783873280016,
            "std": 0.24712273852871094
        },
        "comprehensiveness @ 0.1": {
            "mean": 0.3482052906984153,
            "std": 0.3729235603745248
        },
        "sufficiencies @ 0.2": {
            "mean": 0.16365252728082966,
            "std": 0.24305399666151273
        },
        "comprehensiveness @ 0.2": {
            "mean": 0.6246092765957815,
            "std": 0.3515117600713995
        },
        "sufficiencies @ 0.5": {
            "mean": 0.39052390816792343,
            "std": 0.39650565030670243
        },
        "comprehensiveness @ 0.5": {
            "mean": 0.6459634768058183,
            "std": 0.3641451134739829
        },
        "sufficiencies @ 1.0": {
            "mean": 0.4586477674662886,
            "std": 0.44892687759899336
        },
        "comprehensiveness @ 1.0": {
            "mean": 0.8683403254601377,
            "std": 0.2206908029796653
        },
        "AOPC - sufficiency": {
            "mean": 0.1968404169895757,
            "std": 0.18109174940287323
        },