{
    "random": {
        "sufficiencies @ 0.01": {
            "mean": 0.00031853827360953584,
            "std": 0.0004986316717981387
        },
        "comprehensiveness @ 0.01": {
            "mean": 0.09884917306701062,
            "std": 0.16512132400250967
        },
        "sufficiencies @ 0.02": {
            "mean": 0.0008374309220644144,
            "std": 0.0014694665283669474
        },
        "comprehensiveness @ 0.02": {
            "mean": 0.163937672465807,
            "std": 0.21569527148423942
        },
        "sufficiencies @ 0.05": {
            "mean": 0.0050402595096827795,
            "std": 0.007613893996588712
        },
        "comprehensiveness @ 0.05": {
            "mean": 0.4136079035775579,
            "std": 0.3438461591675903
        },
        "sufficiencies @ 0.1": {
            "mean": 0.05032425918513826,
            "std": 0.08060222506423122
        },
        "comprehensiveness @ 0.1": {
            "mean": 0.3119032046806664,
            "std": 0.26864086724117764
        },
        "sufficiencies @ 0.2": {
            "mean": 0.02573664828934334,
            "std": 0.04886143268444054
        },
        "comprehensiveness @ 0.2": {
            "mean": 0.5857693428291284,
            "std": 0.3551375502984343
        },
        "sufficiencies @ 0.5": {
            "mean": 0.42017088005012126,
            "std": 0.38960535427361326
        },
        "comprehensiveness @ 0.5": {
            "mean": 0.5924647280864426,
            "std": 0.3797122806102865
        },
        "sufficiencies @ 1.0": {
            "mean": 0.511825992309186,
            "std": 0.4466692820088868
        },
        "comprehensiveness @ 1.0": {
            "mean": 0.9909888080418074,
            "std": 0.025085723368736247
        },
        "AOPC - sufficiency": {
            "mean": 0.1448934297913065,
            "std": 0.12749480777612554
        },
        "AOPC - comprehensiveness": {
            "mean": 0.45107440467834575,
            "std": 0.14891252895866133
        }
    },
    "attention": {
        "sufficiencies @ 0.01": {
            "mean": 0.0018049628676633674,
            "std": 0.0024000198931876616
        },
        "comprehensiveness @ 0.01": {
            "mean": 0.055414514853175355,
            "std": 0.07632998265423346
        },
        "sufficiencies @ 0.02": {
            "mean": 0.0022766857576439338,
            "std": 0.003068194743603104
        },
        "comprehensiveness @ 0.02": {
            "mean": 0.07910118706462664,
            "std": 0.10050185678959621
        },
        "sufficiencies @ 0.05": {
            "mean": 0.0038776784220751824,
            "std": 0.00462456170376318
        },
        "comprehensiveness @ 0.05": {
            "mean": 0.31541767909990875,
            "std": 0.2953158529857797
        },
        "sufficiencies @ 0.1": {
            "mean": 0.10866330891204001,
            "std": 0.11523924557707196
        },
        "comprehensiveness @ 0.1": {
            "mean": 0.46912304483526884,
            "std": 0.3879752148649022
        },
        "sufficiencies @ 0.2": {
            "mean": 0.04984847485530074,
            "std": 0.0487025702351189
        },
        "comprehensiveness @ 0.2": {
            "mean": 0.7126305996016952,
            "std": 0.2902199914916401
        },
        "sufficiencies @ 0.5": {
            "mean": 0.46810137240096444,
            "std": 0.42088678552783065
        },
        "comprehensiveness @ 0.5": {
            "mean": 0.5322123628481108,
            "std": 0.4165346287014365
        },
        "sufficiencies @ 1.0": {
            "mean": 0.5122410801184161,
            "std": 0.44868534899752466
        },
        "comprehensiveness @ 1.0": {
            "mean": 0.9918117778872703,
            "std": 0.022638751116843298
        },
        "AOPC - sufficiency": {
            "mean": 0.16383050904772914,
            "std": 0.14270227262498683
        },
        "AOPC - comprehensiveness": {
            "mean": 0.45081588088429364,
            "std": 0.1965545160874834
        }
    },
    "scaled attention": {
        "sufficiencies @ 0.01": {
            "mean": 0.001805120652912013,
            "std": 0.0024002303381614083
        },
        "comprehensiveness @ 0.01": {
            "mean": 0.05833176343924222,
            "std": 0.07772602794753392
        },
        "sufficiencies @ 0.02": {
            "mean": 0.002224890172565562,
            "std": 0.0029809363941212556
        },
        "comprehensiveness @ 0.02": {
            "mean": 0.09430576803473137,
            "std": 0.11192363677323797
        },
        "sufficiencies @ 0.05": {
            "mean": 0.0036873635989815292,
            "std": 0.00457395305395452
        },
        "comprehensiveness @ 0.05": {
            "mean": 0.33120121524791213,
            "std": 0.2873390012026553
        },
        "sufficiencies @ 0.1": {
            "mean": 0.12760282401713263,
            "std": 0.1295559274379465
        },
        "comprehensiveness @ 0.1": {
            "mean": 0.5277080781001663,
            "std": 0.38246141288715535
        },
        "sufficiencies @ 0.2": {
            "mean": 0.0457297639293743,
            "std": 0.042608943820874975
        },
        "comprehensiveness @ 0.2": {
            "mean": 0.7061859370819602,
            "std": 0.2979316806188754
        },
        "sufficiencies @ 0.5": {
            "mean": 0.4664668687997855,
            "std": 0.42080414308024844
        },
        "comprehensiveness @ 0.5": {
            "mean": 0.5333960840872564,
            "std": 0.4158255295552473
        },
        "sufficiencies @ 1.0": {
            "mean": 0.5167130453220065,
            "std": 0.4511481213045746
        },
        "comprehensiveness @ 1.0": {
            "mean": 0.9908297098462927,
            "std": 0.025041469476127544
        },
        "AOPC - sufficiency": {
            "mean": 0.1663185537846797,
            "std": 0.1445215813541483
        },
        "AOPC - comprehensiveness": {
            "mean": 0.4631369365482231,
            "std": 0.19430505434029383
        }
    },
    "ig": {
        "sufficiencies @ 0.01": {
            "mean": 0.0012775992161378096,
            "std": 0.004421210677282766
        },
        "comprehensiveness @ 0.01": {
            "mean": 0.10666504148913145,
            "std": 0.25169689347861934
        },
        "sufficiencies @ 0.02": {
            "mean": 0.0077383143221610344,
            "std": 0.013380720297425845
        },
        "comprehensiveness @ 0.02": {
            "mean": 0.16226527086585185,
            "std": 0.2570195659360466
        },
        "sufficiencies @ 0.05": {
            "mean": 0.011550853865127041,
            "std": 0.021111382943759777
        },
        "comprehensiveness @ 0.05": {
            "mean": 0.40096425845970796,
            "std": 0.32028824771558634
        },
        "sufficiencies @ 0.1": {
            "mean": 0.09834391399355687,
            "std": 0.18747206327829155
        },
        "comprehensiveness @ 0.1": {
            "mean": 0.5533991424087976,
            "std": 0.33524004275450664
        },
        "sufficiencies @ 0.2": {
            "mean": 0.11558217663084143,
            "std": 0.11791673670400626
        },
        "comprehensiveness @ 0.2": {
            "mean": 0.7350879515227705,
            "std": 0.2865270116405183
        },
        "sufficiencies @ 0.5": {
            "mean": 0.40177173490670776,
            "std": 0.36950502795626017
        },
        "comprehensiveness @ 0.5": {
            "mean": 0.6081016851035511,
            "std": 0.36861331443277484
        },
        "sufficiencies @ 1.0": {
            "mean": 0.5193949806667846,
            "std": 0.4536126632159827
        },
        "comprehensiveness @ 1.0": {
            "mean": 0.9898144306817579,
            "std": 0.028899000035516993
        },
        "AOPC - sufficiency": {
            "mean": 0.16509422480018807,