{
    "ig": {
        "sufficiencies @ 0.01": {
            "mean": 0.10885269635697876,
            "std": 0.14946584486938239
        },
        "comprehensiveness @ 0.01": {
            "mean": 0.08975208588762291,
            "std": 0.21724154875884466
        },
        "sufficiencies @ 0.02": {
            "mean": 0.12627026762639754,
            "std": 0.1569501743702013
        },
        "comprehensiveness @ 0.02": {
            "mean": 0.13172296566753933,
            "std": 0.2510680816817444
        },
        "sufficiencies @ 0.05": {
            "mean": 0.12716314842430126,
            "std": 0.1824007243085419
        },
        "comprehensiveness @ 0.05": {
            "mean": 0.20157953917048801,
            "std": 0.302681773902059
        },
        "sufficiencies @ 0.1": {
            "mean": 0.15354104765729515,
            "std": 0.21427245772706732
        },
        "comprehensiveness @ 0.1": {
            "mean": 0.3082400291012976,
            "std": 0.33769706308185177
        },
        "sufficiencies @ 0.2": {
            "mean": 0.23420970070427505,
            "std": 0.2922662837358698
        },
        "comprehensiveness @ 0.2": {
            "mean": 0.6593860700701998,
            "std": 0.3191056674706411
        },
        "sufficiencies @ 0.5": {
            "mean": 0.3430067883815744,
            "std": 0.3152533832863714
        },
        "comprehensiveness @ 0.5": {
            "mean": 0.5897379389154542,
            "std": 0.36011130735385743
        },
        "sufficiencies @ 1.0": {
            "mean": 0.9998952992414706,
            "std": 0.0005597059266378638
        },
        "comprehensiveness @ 1.0": {
            "mean": 0.948004889957799,
            "std": 0.2145904860832531
        },
        "AOPC - sufficiency": {
            "mean": 0.2989912783417561,
            "std": 0.15536822684063886
        },
        "AOPC - comprehensiveness": {
            "mean": 0.41834621696720015,
            "std": 0.16413638045820067
        }
    },
    "random": {
        "sufficiencies @ 0.01": {
            "mean": 0.11351879458398478,
            "std": 0.1460114545759539
        },
        "comprehensiveness @ 0.01": {
            "mean": 0.07368784072077013,
            "std": 0.18322256906071213
        },
        "sufficiencies @ 0.02": {
            "mean": 0.1328593346952327,
            "std": 0.16356676716772675
        },
        "comprehensiveness @ 0.02": {
            "mean": 0.09388271230633591,
            "std": 0.19834063547203715
        },
        "sufficiencies @ 0.05": {
            "mean": 0.15113827830759402,
            "std": 0.17776503921894204
        },
        "comprehensiveness @ 0.05": {
            "mean": 0.14648819506962155,
            "std": 0.2385761095482303
        },
        "sufficiencies @ 0.1": {
            "mean": 0.1512228115699361,
            "std": 0.18029282644650596
        },
        "comprehensiveness @ 0.1": {
            "mean": 0.24722055945677449,
            "std": 0.30005475985031443
        },
        "sufficiencies @ 0.2": {
            "mean": 0.16407445943772633,
            "std": 0.2022228075083968
        },
        "comprehensiveness @ 0.2": {
            "mean": 0.5888973450443724,
            "std": 0.34715157466210744
        },
        "sufficiencies @ 0.5": {
            "mean": 0.373950728617773,
            "std": 0.33978052296212036
        },
        "comprehensiveness @ 0.5": {
            "mean": 0.6182699302853207,
            "std": 0.34793068002427546
        },
        "sufficiencies @ 1.0": {
            "mean": 0.999986446468249,
            "std": 6.990704359323687e-05
        },
        "comprehensiveness @ 1.0": {
            "mean": 0.9460921460456582,
            "std": 0.2141834908676359
        },
        "AOPC - sufficiency": {
            "mean": 0.29810726481149935,
            "std": 0.15839776067904188
        },
        "AOPC - comprehensiveness": {
            "mean": 0.38779124698983625,
            "std": 0.15106645799974114
        }
    },
    "scaled attention": {
        "sufficiencies @ 0.01": {
            "mean": 0.10486969308689291,
            "std": 0.14229792129765229
        },
        "comprehensiveness @ 0.01": {
            "mean": 0.1617302073592776,
            "std": 0.3089219749145609
        },
        "sufficiencies @ 0.02": {
            "mean": 0.124967308113521,
            "std": 0.15739975494151562
        },
        "comprehensiveness @ 0.02": {
            "mean": 0.16335106286206655,
            "std": 0.28514991052786925
        },
        "sufficiencies @ 0.05": {
            "mean": 0.15461339571220645,
            "std": 0.17111126162565193
        },
        "comprehensiveness @ 0.05": {
            "mean": 0.2502623030107907,
            "std": 0.3477425260445976
        },
        "sufficiencies @ 0.1": {
            "mean": 0.17042725515009668,
            "std": 0.19965530915270582
        },
        "comprehensiveness @ 0.1": {
            "mean": 0.3483215933849558,
            "std": 0.3920962017996127
        },
        "sufficiencies @ 0.2": {
            "mean": 0.19951152763114852,
            "std": 0.24704760699716496
        },
        "comprehensiveness @ 0.2": {
            "mean": 0.5925004255253269,
            "std": 0.3676586447824413
        },
        "sufficiencies @ 0.5": {
            "mean": 0.36956652120307876,
            "std": 0.347444167860882
        },
        "comprehensiveness @ 0.5": {
            "mean": 0.5380841663710735,
            "std": 0.39406593813135826
        },
        "sufficiencies @ 1.0": {
            "mean": 0.9999925267596127,
            "std": 3.7278532195600866e-05
        },
        "comprehensiveness @ 1.0": {
            "mean": 0.9441323583440319,
            "std": 0.21379607147919266
        },
        "AOPC - sufficiency": {
            "mean": 0.30342117537950813,
            "std": 0.1601781215222328
        },
        "AOPC - comprehensiveness": {
            "mean": 0.4283403024082177,
            "std": 0.22031843411592358
        }
    },
    "deeplift": {
        "sufficiencies @ 0.01": {
            "mean": 0.11360518796810544,
            "std": 0.14895340650100053
        },
        "comprehensiveness @ 0.01": {
            "mean": 0.07697561880496014,
            "std": 0.18516586466868443
        },
        "sufficiencies @ 0.02": {
            "mean": 0.12586898917022915,
            "std": 0.15745618597517336
        },
        "comprehensiveness @ 0.02": {
            "mean": 0.11648132332469535,
            "std": 0.2321360564702583
        },
        "sufficiencies @ 0.05": {
            "mean": 0.14613894473637623,
            "std": 0.17468777057734566
        },
        "comprehensiveness @ 0.05": {
            "mean": 0.18349322761808085,
            "std": 0.27461075530907375
        },
        "sufficiencies @ 0.1": {
            "mean": 0.13442661426534852,
            "std": 0.16370671121864133
        },
        "comprehensiveness @ 0.1": {
            "mean": 0.33028792806013507,
            "std": 0.3598276459462105
        },
        "sufficiencies @ 0.2": {
            "mean": 0.1675855275485598,
            "std": 0.2024152572414934
        },
        "comprehensiveness @ 0.2": {
            "mean": 0.6554907485498165,
            "std": 0.3383772305208503
        },
        "sufficiencies @ 0.5": {
            "mean": 0.3674601848438143,
            "std": 0.3325659628409086
        },
        "comprehensiveness @ 0.5": {
            "mean": 0.6099966434958408,
            "std": 0.3480365037925087
        },
        "sufficiencies @ 1.0": {
            "mean": 0.9999947402703513,
            "std": 2.542939109238603e-05
        },
        "comprehensiveness @ 1.0": {
            "mean": 0.9420905140937451,
            "std": 0.21341538112012665
        },
        "AOPC - sufficiency": {
            "mean": 0.2935828841146835,
            "std": 0.1538148902641074
        },