{
    "ig": {
        "sufficiencies @ 0.01": {
            "mean": 0.06899433758420526,
            "std": 0.24634397987410966
        },
        "comprehensiveness @ 0.01": {
            "mean": NaN,
            "std": NaN
        },
        "sufficiencies @ 0.02": {
            "mean": 0.0714773709921622,
            "std": 0.24678327514028647
        },
        "comprehensiveness @ 0.02": {
            "mean": 0.18660766437216922,
            "std": 0.3128805408955576
        },
        "sufficiencies @ 0.05": {
            "mean": 0.08105096974729928,
            "std": 0.24986309963331432
        },
        "comprehensiveness @ 0.05": {
            "mean": 0.2521149468259685,
            "std": 0.3451008065353964
        },
        "sufficiencies @ 0.1": {
            "mean": 0.09946417710271052,
            "std": 0.25763788302900237
        },
        "comprehensiveness @ 0.1": {
            "mean": 0.3659046238329881,
            "std": 0.37365922084315345
        },
        "sufficiencies @ 0.2": {
            "mean": 0.11244413978001495,
            "std": 0.2410321371049793
        },
        "comprehensiveness @ 0.2": {
            "mean": 0.6424598016022647,
            "std": 0.3429107664859154
        },
        "sufficiencies @ 0.5": {
            "mean": 0.37528899096385426,
            "std": 0.39017444480725544
        },
        "comprehensiveness @ 0.5": {
            "mean": 0.6401187564010191,
            "std": 0.36890598983309103
        },
        "sufficiencies @ 1.0": {
            "mean": 0.4379291744067051,
            "std": 0.4330937675551654
        },
        "comprehensiveness @ 1.0": {
            "mean": 0.9029388228925065,
            "std": 0.23565865910138836
        },
        "AOPC - sufficiency": {
            "mean": 0.17809273722527877,
            "std": 0.17675472272393497
        },
        "AOPC - comprehensiveness": {
            "mean": NaN,
            "std": NaN
        }
    },
    "deeplift": {
        "sufficiencies @ 0.01": {
            "mean": 0.06846708969722617,
            "std": 0.24517348727393964
        },
        "comprehensiveness @ 0.01": {
            "mean": 0.12045021722403687,
            "std": 0.24288719306351209
        },
        "sufficiencies @ 0.02": {
            "mean": 0.06992251148004734,
            "std": 0.24575868828072234
        },
        "comprehensiveness @ 0.02": {
            "mean": 0.15210024763617788,
            "std": 0.2660905387493692
        },
        "sufficiencies @ 0.05": {
            "mean": 0.0744351269162865,
            "std": 0.24703740253450537
        },
        "comprehensiveness @ 0.05": {
            "mean": 0.2276885589097601,
            "std": 0.31471282747407975
        },
        "sufficiencies @ 0.1": {
            "mean": 0.08244709375083178,
            "std": 0.24735639248241054
        },
        "comprehensiveness @ 0.1": {
            "mean": 0.3255952516852888,
            "std": 0.3506984962574094
        },
        "sufficiencies @ 0.2": {
            "mean": 0.11390577387937018,
            "std": 0.25260385065852176
        },
        "comprehensiveness @ 0.2": {
            "mean": 0.6059870913976535,
            "std": 0.3470706580798817
        },
        "sufficiencies @ 0.5": {
            "mean": 0.35380715986329947,
            "std": 0.3815614641905002
        },
        "comprehensiveness @ 0.5": {
            "mean": 0.6480216921147827,
            "std": 0.36139332819331826
        },
        "sufficiencies @ 1.0": {
            "mean": 0.43750236181152535,
            "std": 0.43268107125821453
        },
        "comprehensiveness @ 1.0": {
            "mean": 0.9013915997215319,
            "std": 0.23565196670555677
        },
        "AOPC - sufficiency": {
            "mean": 0.17149815962836953,
            "std": 0.18290167523765097
        },
        "AOPC - comprehensiveness": {
            "mean": 0.42589066552703314,
            "std": 0.18969458787511195
        }
    },
    "gradients": {
        "sufficiencies @ 0.01": {
            "mean": 0.07311641883150627,
            "std": 0.24593009812102057
        },
        "comprehensiveness @ 0.01": {
            "mean": 0.17335144143026093,
            "std": 0.3111370056417964
        },
        "sufficiencies @ 0.02": {
            "mean": 0.07513846913724917,
            "std": 0.24673171134231325
        },
        "comprehensiveness @ 0.02": {
            "mean": 0.2090113463183076,
            "std": 0.33171560212158757
        },
        "sufficiencies @ 0.05": {
            "mean": 0.08287802004176872,
            "std": 0.2501813305531356
        },
        "comprehensiveness @ 0.05": {
            "mean": 0.273034181962515,
            "std": 0.35640312589701123
        },
        "sufficiencies @ 0.1": {
            "mean": 0.09389659572686143,
            "std": 0.25247404567870807
        },
        "comprehensiveness @ 0.1": {
            "mean": 0.36641218038030104,
            "std": 0.3763495956586795
        },
        "sufficiencies @ 0.2": {
            "mean": 0.103359984663895,
            "std": 0.23781130167881853
        },
        "comprehensiveness @ 0.2": {
            "mean": 0.6291831072692267,
            "std": 0.3499162317677376
        },
        "sufficiencies @ 0.5": {
            "mean": 0.35678362071570213,
            "std": 0.3796067270745849
        },
        "comprehensiveness @ 0.5": {
            "mean": 0.6220732491866826,
            "std": 0.3820506813527551
        },
        "sufficiencies @ 1.0": {
            "mean": 0.43818496206192253,
            "std": 0.433206863099982
        },
        "comprehensiveness @ 1.0": {
            "mean": 0.8997682484063811,
            "std": 0.23562457886359825
        },
        "AOPC - sufficiency": {
            "mean": 0.1747654387398436,
            "std": 0.17592943412415538
        },
        "AOPC - comprehensiveness": {
            "mean": 0.4532619649933821,
            "std": 0.2205504569594407
        }
    },
    "random": {
        "sufficiencies @ 0.01": {
            "mean": 0.0777597489055614,
            "std": 0.24484339837917118
        },
        "comprehensiveness @ 0.01": {
            "mean": 0.10841981976390012,
            "std": 0.2274044123439803
        },
        "sufficiencies @ 0.02": {
            "mean": 0.07963085304928685,
            "std": 0.24584067273066976
        },
        "comprehensiveness @ 0.02": {
            "mean": 0.13597853225025433,
            "std": 0.2478057611060208
        },
        "sufficiencies @ 0.05": {
            "mean": 0.08601147831771251,
            "std": 0.2483039176771869
        },
        "comprehensiveness @ 0.05": {
            "mean": 0.20102891733560962,
            "std": 0.28916956353196827
        },
        "sufficiencies @ 0.1": {
            "mean": 0.08559794389746138,
            "std": 0.2461948495276519
        },
        "comprehensiveness @ 0.1": {
            "mean": 0.2822644209837676,
            "std": 0.3253605390501452
        },
        "sufficiencies @ 0.2": {
            "mean": 0.08701075858024009,
            "std": 0.23819929085608804
        },
        "comprehensiveness @ 0.2": {
            "mean": 0.5547805408533908,
            "std": 0.34899992934044327
        },
        "sufficiencies @ 0.5": {
            "mean": 0.37920850416178703,
            "std": 0.3915935502175418
        },
        "comprehensiveness @ 0.5": {
            "mean": 0.6366871370830394,
            "std": 0.37136873621249156
        },
        "sufficiencies @ 1.0": {
            "mean": 0.43812398818680853,
            "std": 0.43312041434169923
        },
        "comprehensiveness @ 1.0": {
            "mean": 0.8963179030832483,
            "std": 0.23558967453071894
        },
        "AOPC - sufficiency": {
            "mean": 0.17619189644269395,
            "std": 0.17740309958612008
        },