{
    "deeplift": {
        "sufficiencies @ 0.01": {
            "mean": 0.11134187490313474,
            "std": 0.14853299848289478
        },
        "comprehensiveness @ 0.01": {
            "mean": 0.07734883562201762,
            "std": 0.18555754491305348
        },
        "sufficiencies @ 0.02": {
            "mean": 0.12359043796143991,
            "std": 0.15704911377759234
        },
        "comprehensiveness @ 0.02": {
            "mean": 0.11699152379650835,
            "std": 0.23257523359421078
        },
        "sufficiencies @ 0.05": {
            "mean": 0.14420406614009668,
            "std": 0.174119991137479
        },
        "comprehensiveness @ 0.05": {
            "mean": 0.18427486103913168,
            "std": 0.27512809021775425
        },
        "sufficiencies @ 0.1": {
            "mean": 0.13257778951705865,
            "std": 0.1628779175362007
        },
        "comprehensiveness @ 0.1": {
            "mean": 0.3311686313631487,
            "std": 0.36004296694857735
        },
        "sufficiencies @ 0.2": {
            "mean": 0.1661242758881731,
            "std": 0.20154657561105885
        },
        "comprehensiveness @ 0.2": {
            "mean": 0.6571358478417338,
            "std": 0.33851354811304685
        },
        "sufficiencies @ 0.5": {
            "mean": 0.3665385805811991,
            "std": 0.33222430144605486
        },
        "comprehensiveness @ 0.5": {
            "mean": 0.6107959212694204,
            "std": 0.347735604755872
        },
        "sufficiencies @ 1.0": {
            "mean": 0.9998952992414706,
            "std": 0.0005597059266378638
        },
        "comprehensiveness @ 1.0": {
            "mean": 0.948004889957799,
            "std": 0.2145904860832531
        },
        "AOPC - sufficiency": {
            "mean": 0.29203890346179606,
            "std": 0.15309414561578508
        },
        "AOPC - comprehensiveness": {
            "mean": 0.41796007298425136,
            "std": 0.16201250456157407
        }
    },
    "gradients": {
        "sufficiencies @ 0.01": {
            "mean": 0.10436479516548447,
            "std": 0.14262762536302076
        },
        "comprehensiveness @ 0.01": {
            "mean": 0.13885189365503237,
            "std": 0.2765457746320594
        },
        "sufficiencies @ 0.02": {
            "mean": 0.12891980015184393,
            "std": 0.17231732551616055
        },
        "comprehensiveness @ 0.02": {
            "mean": 0.17564663532541028,
            "std": 0.2932379097423634
        },
        "sufficiencies @ 0.05": {
            "mean": 0.13367979204528932,
            "std": 0.1803433836763893
        },
        "comprehensiveness @ 0.05": {
            "mean": 0.2005835003033515,
            "std": 0.29422419747911444
        },
        "sufficiencies @ 0.1": {
            "mean": 0.12639056748103042,
            "std": 0.15276691612126306
        },
        "comprehensiveness @ 0.1": {
            "mean": 0.31040969149272823,
            "std": 0.34208916262267086
        },
        "sufficiencies @ 0.2": {
            "mean": 0.2378826185409674,
            "std": 0.2739171127435026
        },
        "comprehensiveness @ 0.2": {
            "mean": 0.6478245981118649,
            "std": 0.34317844986199736
        },
        "sufficiencies @ 0.5": {
            "mean": 0.3677601122528653,
            "std": 0.33973154341880396
        },
        "comprehensiveness @ 0.5": {
            "mean": 0.576598903390942,
            "std": 0.3701487312770208
        },
        "sufficiencies @ 1.0": {
            "mean": 0.999986446468249,
            "std": 6.990704359323687e-05
        },
        "comprehensiveness @ 1.0": {
            "mean": 0.9460921460456582,
            "std": 0.2141834908676359
        },
        "AOPC - sufficiency": {
            "mean": 0.2998548760151042,
            "std": 0.15268352394919682
        },
        "AOPC - comprehensiveness": {
            "mean": 0.42800105261785537,
            "std": 0.17089480058492892
        }
    },
    "random": {
        "sufficiencies @ 0.01": {
            "mean": 0.1142060645496722,
            "std": 0.14623034575269328
        },
        "comprehensiveness @ 0.01": {
            "mean": 0.07357911569232631,
            "std": 0.18311186698361523
        },
        "sufficiencies @ 0.02": {
            "mean": 0.1334605413323564,
            "std": 0.1638313950725121
        },
        "comprehensiveness @ 0.02": {
            "mean": 0.09372750530907767,
            "std": 0.19816397637239175
        },
        "sufficiencies @ 0.05": {
            "mean": 0.15177598949786955,
            "std": 0.17797075359383455
        },
        "comprehensiveness @ 0.05": {
            "mean": 0.14624131689284328,
            "std": 0.23834652816600263
        },
        "sufficiencies @ 0.1": {
            "mean": 0.15177399981275108,
            "std": 0.18057417701727796
        },
        "comprehensiveness @ 0.1": {
            "mean": 0.24680696802644037,
            "std": 0.29974189395718853
        },
        "sufficiencies @ 0.2": {
            "mean": 0.1646097763670026,
            "std": 0.20248468275931988
        },
        "comprehensiveness @ 0.2": {
            "mean": 0.5882635147643338,
            "std": 0.34697405350267824
        },
        "sufficiencies @ 0.5": {
            "mean": 0.3742411700262068,
            "std": 0.33988478010922807
        },
        "comprehensiveness @ 0.5": {
            "mean": 0.6179897698518712,
            "std": 0.34801443364690293
        },
        "sufficiencies @ 1.0": {
            "mean": 0.9999925267596127,
            "std": 3.7278532195600866e-05
        },
        "comprehensiveness @ 1.0": {
            "mean": 0.9441323583440319,
            "std": 0.21379607147919266
        },
        "AOPC - sufficiency": {
            "mean": 0.29858000976363874,
            "std": 0.15866082809988977
        },
        "AOPC - comprehensiveness": {
            "mean": 0.3872486498401321,
            "std": 0.1507920474793187
        }
    },
    "scaled attention": {
        "sufficiencies @ 0.01": {
            "mean": 0.10546062764148614,
            "std": 0.14256446758442606
        },
        "comprehensiveness @ 0.01": {
            "mean": 0.1615283256485502,
            "std": 0.3086796076611629
        },
        "sufficiencies @ 0.02": {
            "mean": 0.12554326876888913,
            "std": 0.1576928179975128
        },
        "comprehensiveness @ 0.02": {
            "mean": 0.16315563438030237,
            "std": 0.28501976582640015
        },
        "sufficiencies @ 0.05": {
            "mean": 0.15519442305944844,
            "std": 0.17143592563738203
        },
        "comprehensiveness @ 0.05": {
            "mean": 0.25003613626048643,
            "std": 0.34768708719115354
        },
        "sufficiencies @ 0.1": {
            "mean": 0.1710182678065721,
            "std": 0.1998596335356092
        },
        "comprehensiveness @ 0.1": {
            "mean": 0.348024090922504,
            "std": 0.39193621617777136
        },
        "sufficiencies @ 0.2": {
            "mean": 0.1999700108299031,
            "std": 0.24721706499356993
        },
        "comprehensiveness @ 0.2": {
            "mean": 0.5920420860842712,
            "std": 0.3675899762184057
        },
        "sufficiencies @ 0.5": {
            "mean": 0.3698373813654563,
            "std": 0.3475552188692719
        },
        "comprehensiveness @ 0.5": {
            "mean": 0.5379216177400193,
            "std": 0.394147843787875
        },
        "sufficiencies @ 1.0": {
            "mean": 0.9999947402703513,
            "std": 2.542939109238603e-05
        },
        "comprehensiveness @ 1.0": {
            "mean": 0.9420905140937451,
            "std": 0.21341538112012665
        },
        "AOPC - sufficiency": {
            "mean": 0.3038598171060152,