{
    "attention": {
        "sufficiencies @ 0.3": {
            "mean": 0.3034614787324013,
            "std": 0.33933808016780614
        },
        "comprehensiveness @ 0.3": {
            "mean": 0.7129421144440093,
            "std": 0.3235364155756903
        },
        "sufficiencies @ 0.4": {
            "mean": 0.3596634527789728,
            "std": 0.3740378455183672
        },
        "comprehensiveness @ 0.4": {
            "mean": 0.6294444395875101,
            "std": 0.3857246507524753
        },
        "sufficiencies @ 0.6": {
            "mean": 0.30306060389765593,
            "std": 0.3247012689835742
        },
        "comprehensiveness @ 0.6": {
            "mean": 0.6412866116347732,
            "std": 0.37206153940160014
        },
        "sufficiencies @ 0.7": {
            "mean": 0.3189323761359402,
            "std": 0.3157195081219593
        },
        "comprehensiveness @ 0.7": {
            "mean": 0.7647714190859984,
            "std": 0.2726208143909415
        },
        "sufficiencies @ 0.8": {
            "mean": 0.528758970674098,
            "std": 0.3536582483200461
        },
        "comprehensiveness @ 0.8": {
            "mean": 0.8266851653788287,
            "std": 0.21306834963800161
        },
        "sufficiencies @ 0.9": {
            "mean": 0.7757221395902455,
            "std": 0.3012208324560898
        },
        "comprehensiveness @ 0.9": {
            "mean": 0.8750586688710557,
            "std": 0.21124913367898662
        },
        "AOPC - sufficiency": {
            "mean": 0.431599836968219,
            "std": 0.25949244715753517
        },
        "AOPC - comprehensiveness": {
            "mean": 0.7416980698336959,
            "std": 0.25876835281465177
        }
    },
    "ig": {
        "sufficiencies @ 0.3": {
            "mean": 0.3086990949644332,
            "std": 0.34443868402211264
        },
        "comprehensiveness @ 0.3": {
            "mean": 0.7484383790323887,
            "std": 0.2850197101196457
        },
        "sufficiencies @ 0.4": {
            "mean": 0.3470118349468443,
            "std": 0.3637059905987341
        },
        "comprehensiveness @ 0.4": {
            "mean": 0.68684747920189,
            "std": 0.33716423366640347
        },
        "sufficiencies @ 0.6": {
            "mean": 0.2790190582928139,
            "std": 0.31205807732799934
        },
        "comprehensiveness @ 0.6": {
            "mean": 0.679420459826264,
            "std": 0.3442464188112598
        },
        "sufficiencies @ 0.7": {
            "mean": 0.28189416829636954,
            "std": 0.30263294615759384
        },
        "comprehensiveness @ 0.7": {
            "mean": 0.7619553172092184,
            "std": 0.29302945889152754
        },
        "sufficiencies @ 0.8": {
            "mean": 0.4698308657904554,
            "std": 0.3643502121227998
        },
        "comprehensiveness @ 0.8": {
            "mean": 0.829768635915338,
            "std": 0.2369355481922317
        },
        "sufficiencies @ 0.9": {
            "mean": 0.7134101292345252,
            "std": 0.3476427814802312
        },
        "comprehensiveness @ 0.9": {
            "mean": 0.8531015041199258,
            "std": 0.2098332644674739
        },
        "AOPC - sufficiency": {
            "mean": 0.3999775252542403,
            "std": 0.24860763931606553
        },
        "AOPC - comprehensiveness": {
            "mean": 0.7599219625508374,
            "std": 0.23578166723918373
        }
    },
    "scaled attention": {
        "sufficiencies @ 0.3": {
            "mean": 0.3032249734570196,
            "std": 0.33918476610664783
        },
        "comprehensiveness @ 0.3": {
            "mean": 0.7119320144916421,
            "std": 0.3227371800383617
        },
        "sufficiencies @ 0.4": {
            "mean": 0.35995307554158107,
            "std": 0.374206852758954
        },
        "comprehensiveness @ 0.4": {
            "mean": 0.627740009896674,
            "std": 0.38697469093316944
        },
        "sufficiencies @ 0.6": {
            "mean": 0.3043810446195711,
            "std": 0.32487492000393153
        },
        "comprehensiveness @ 0.6": {
            "mean": 0.6409069312821954,
            "std": 0.37242484637970735
        },
        "sufficiencies @ 0.7": {
            "mean": 0.3204860526048083,
            "std": 0.31545542192996784
        },
        "comprehensiveness @ 0.7": {
            "mean": 0.7635296464286249,
            "std": 0.27367462990701114
        },
        "sufficiencies @ 0.8": {
            "mean": 0.5297567635429284,
            "std": 0.3535263225607581
        },
        "comprehensiveness @ 0.8": {
            "mean": 0.825626870382573,
            "std": 0.21423827048804342
        },
        "sufficiencies @ 0.9": {
            "mean": 0.7778187162912678,
            "std": 0.3000363073286455
        },
        "comprehensiveness @ 0.9": {
            "mean": 0.8744271464847523,
            "std": 0.21050180600359736
        },
        "AOPC - sufficiency": {
            "mean": 0.432603437676196,
            "std": 0.25962330089779856
        },
        "AOPC - comprehensiveness": {
            "mean": 0.7406937698277436,
            "std": 0.2597027615104883
        }
    },
    "random": {
        "sufficiencies @ 0.3": {
            "mean": 0.28987070688249666,
            "std": 0.31889906033843646
        },
        "comprehensiveness @ 0.3": {
            "mean": 0.7439938883206862,
            "std": 0.28078118842092287
        },
        "sufficiencies @ 0.4": {
            "mean": 0.3541123866375769,
            "std": 0.3668674053870314
        },
        "comprehensiveness @ 0.4": {
            "mean": 0.724677154249479,
            "std": 0.3047421953438577
        },
        "sufficiencies @ 0.6": {
            "mean": 0.256517330201138,
            "std": 0.2917005663498053
        },
        "comprehensiveness @ 0.6": {
            "mean": 0.6463392173453044,
            "std": 0.36669015096587365
        },
        "sufficiencies @ 0.7": {
            "mean": 0.266845446536359,
            "std": 0.2920145548327423
        },
        "comprehensiveness @ 0.7": {
            "mean": 0.7253415230378839,
            "std": 0.31178388468784174
        },
        "sufficiencies @ 0.8": {
            "mean": 0.49041777337928094,
            "std": 0.36029657758455824
        },
        "comprehensiveness @ 0.8": {
            "mean": 0.8537336605557071,
            "std": 0.20723027102685757
        },
        "sufficiencies @ 0.9": {
            "mean": 0.7510486702720655,
            "std": 0.3163164954241855
        },
        "comprehensiveness @ 0.9": {
            "mean": 0.8430982381151145,
            "std": 0.21258121029234175
        },
        "AOPC - sufficiency": {
            "mean": 0.4014687189848195,
            "std": 0.22291662404325394
        },
        "AOPC - comprehensiveness": {
            "mean": 0.756197280270696,
            "std": 0.2311381435604566
        }
    },
    "gradients": {
        "sufficiencies @ 0.3": {
            "mean": 0.2915685057355907,
            "std": 0.33273792081053283
        },
        "comprehensiveness @ 0.3": {
            "mean": 0.7498569630058073,
            "std": 0.2865484159351764
        },
        "sufficiencies @ 0.4": {
            "mean": 0.33062373191378847,
            "std": 0.35236247801600545
        },
        "comprehensiveness @ 0.4": {
            "mean": 0.6752018056202229,
            "std": 0.34738693300169643
        },
        "sufficiencies @ 0.6": {
            "mean": 0.2980041976555152,
            "std": 0.3257952782327733
        },
        "comprehensiveness @ 0.6": {
            "mean": 0.6709598542729965,
            "std": 0.34782351698881536
        },
        "sufficiencies @ 0.7": {
            "mean": 0.3184109305560635,
            "std": 0.322393892006991
        },