{
    "gradients": {
        "sufficiencies @ 0.01": {
            "mean": 0.06723687288979315,
            "std": 0.2458022504225633
        },
        "comprehensiveness @ 0.01": {
            "mean": 0.17382979708287366,
            "std": 0.31156865654761723
        },
        "sufficiencies @ 0.02": {
            "mean": 0.07011829682150736,
            "std": 0.24660675763628556
        },
        "comprehensiveness @ 0.02": {
            "mean": 0.20955513335916728,
            "std": 0.3321336104664624
        },
        "sufficiencies @ 0.05": {
            "mean": 0.07888487273546786,
            "std": 0.25012894731090796
        },
        "comprehensiveness @ 0.05": {
            "mean": 0.27374926275562217,
            "std": 0.3568556252104569
        },
        "sufficiencies @ 0.1": {
            "mean": 0.09092257287533718,
            "std": 0.2524163687626957
        },
        "comprehensiveness @ 0.1": {
            "mean": 0.36722136513483955,
            "std": 0.3766550763698418
        },
        "sufficiencies @ 0.2": {
            "mean": 0.1011037851121035,
            "std": 0.23778783215172597
        },
        "comprehensiveness @ 0.2": {
            "mean": 0.6305116501047245,
            "std": 0.35007806193028673
        },
        "sufficiencies @ 0.5": {
            "mean": 0.35631034323443334,
            "std": 0.3794578386583181
        },
        "comprehensiveness @ 0.5": {
            "mean": 0.6223829671605335,
            "std": 0.3818390944830113
        },
        "AOPC - sufficiency": {
            "mean": 0.12742945727810706,
            "std": 0.1916119354845938
        },
        "AOPC - comprehensiveness": {
            "mean": 0.3795416959329601,
            "std": 0.2610983572387316
        }
    },
    "attention": {
        "sufficiencies @ 0.01": {
            "mean": 0.07636520016597863,
            "std": 0.24701381700249672
        },
        "comprehensiveness @ 0.01": {
            "mean": 0.15088333763703954,
            "std": 0.27599388031858063
        },
        "sufficiencies @ 0.02": {
            "mean": 0.07908629257592029,
            "std": 0.24821130823838888
        },
        "comprehensiveness @ 0.02": {
            "mean": 0.21668467452860407,
            "std": 0.3194999890830093
        },
        "sufficiencies @ 0.05": {
            "mean": 0.08416124606745932,
            "std": 0.2483867668801577
        },
        "comprehensiveness @ 0.05": {
            "mean": 0.32023758711606864,
            "std": 0.36542446888876284
        },
        "sufficiencies @ 0.1": {
            "mean": 0.08363037741964968,
            "std": 0.23227571990954832
        },
        "comprehensiveness @ 0.1": {
            "mean": 0.42404389454690206,
            "std": 0.38686600911145946
        },
        "sufficiencies @ 0.2": {
            "mean": 0.09960343022778559,
            "std": 0.2407976857522999
        },
        "comprehensiveness @ 0.2": {
            "mean": 0.6139007541803222,
            "std": 0.3710881408211202
        },
        "sufficiencies @ 0.5": {
            "mean": 0.3895445052207849,
            "std": 0.3989686469576799
        },
        "comprehensiveness @ 0.5": {
            "mean": 0.5872769420539724,
            "std": 0.41021210569932987
        },
        "AOPC - sufficiency": {
            "mean": 0.13539850861292974,
            "std": 0.18909699665752788
        },
        "AOPC - comprehensiveness": {
            "mean": 0.3855045316771515,
            "std": 0.2727045482005492
        }
    },
    "scaled attention": {
        "sufficiencies @ 0.01": {
            "mean": 0.0744143865489259,
            "std": 0.2469595624882394
        },
        "comprehensiveness @ 0.01": {
            "mean": 0.15007520811558536,
            "std": 0.2746415103588787
        },
        "sufficiencies @ 0.02": {
            "mean": 0.07725304819716725,
            "std": 0.24799615022991786
        },
        "comprehensiveness @ 0.02": {
            "mean": 0.21531147121605057,
            "std": 0.3187802897810608
        },
        "sufficiencies @ 0.05": {
            "mean": 0.08263463791667612,
            "std": 0.24838487068325488
        },
        "comprehensiveness @ 0.05": {
            "mean": 0.31980637655999544,
            "std": 0.3647235036669647
        },
        "sufficiencies @ 0.1": {
            "mean": 0.08294493955166034,
            "std": 0.23254765821220627
        },
        "comprehensiveness @ 0.1": {
            "mean": 0.4257902574542315,
            "std": 0.3879826563182338
        },
        "sufficiencies @ 0.2": {
            "mean": 0.09902221687732253,
            "std": 0.24079130440659827
        },
        "comprehensiveness @ 0.2": {
            "mean": 0.6126610336813535,
            "std": 0.3703102760800613
        },
        "sufficiencies @ 0.5": {
            "mean": 0.3900578173393294,
            "std": 0.39886925905727405
        },
        "comprehensiveness @ 0.5": {
            "mean": 0.5871181680635219,
            "std": 0.4104078836853699
        },
        "AOPC - sufficiency": {
            "mean": 0.13438784107184693,
            "std": 0.1897742866158525
        },
        "AOPC - comprehensiveness": {
            "mean": 0.38512708584845634,
            "std": 0.2732910035434127
        }
    },
    "ig": {
        "sufficiencies @ 0.01": {
            "mean": 0.07588735207087077,
            "std": 0.2459730691594887
        },
        "comprehensiveness @ 0.01": {
            "mean": 0.15561252033535306,
            "std": 0.2937808282601593
        },
        "sufficiencies @ 0.02": {
            "mean": 0.07749933457398252,
            "std": 0.2464377435628053
        },
        "comprehensiveness @ 0.02": {
            "mean": 0.18571587196345643,
            "std": 0.31211995367896644
        },
        "sufficiencies @ 0.05": {
            "mean": 0.08576835768448379,
            "std": 0.24991862210792742
        },
        "comprehensiveness @ 0.05": {
            "mean": 0.25129912481970546,
            "std": 0.3445651956768979
        },
        "sufficiencies @ 0.1": {
            "mean": 0.10342972180151104,
            "std": 0.25776417157479636
        },
        "comprehensiveness @ 0.1": {
            "mean": 0.3644809709781234,
            "std": 0.3729764844506045
        },
        "sufficiencies @ 0.2": {
            "mean": 0.1150684197058,
            "std": 0.2412015337625429
        },
        "comprehensiveness @ 0.2": {
            "mean": 0.6410313954833959,
            "std": 0.3428449729790919
        },
        "sufficiencies @ 0.5": {
            "mean": 0.37570195063539724,
            "std": 0.39038778938695823
        },
        "comprehensiveness @ 0.5": {
            "mean": 0.6396702547050125,
            "std": 0.36919641095146805
        },
        "AOPC - sufficiency": {
            "mean": 0.1388925227453409,
            "std": 0.18827778155374308
        },
        "AOPC - comprehensiveness": {
            "mean": 0.3729683563808411,
            "std": 0.24500709000314003
        }
    },
    "random": {
        "sufficiencies @ 0.01": {
            "mean": 0.07620244684856911,
            "std": 0.244878885896754
        },
        "comprehensiveness @ 0.01": {
            "mean": 0.10853305040431356,
            "std": 0.22750278213182765
        },
        "sufficiencies @ 0.02": {
            "mean": 0.07812929077334986,
            "std": 0.24589973969059592
        },
        "comprehensiveness @ 0.02": {
            "mean": 0.1361216906494937,
            "std": 0.24792841666480792
        },
        "sufficiencies @ 0.05": {
            "mean": 0.0848253604299668,
            "std": 0.2483231352803497
        },
        "comprehensiveness @ 0.05": {
            "mean": 0.2011822311365874,
            "std": 0.2893931871148563
        },
        "sufficiencies @ 0.1": {
            "mean": 0.08472907764201974,