{
    "random": {
        "sufficiencies @ 0.01": {
            "mean": 0.06842193271680305,
            "std": 0.24397829923657702
        },
        "comprehensiveness @ 0.01": {
            "mean": 0.08116418565977082,
            "std": 0.2115108627341155
        },
        "sufficiencies @ 0.02": {
            "mean": 0.07214372397896149,
            "std": 0.2441208967650623
        },
        "comprehensiveness @ 0.02": {
            "mean": 0.11219465224495682,
            "std": 0.23543978943022884
        },
        "sufficiencies @ 0.05": {
            "mean": 0.08486984211447653,
            "std": 0.24415457507473973
        },
        "comprehensiveness @ 0.05": {
            "mean": 0.18536077060362477,
            "std": 0.28447951000334304
        },
        "sufficiencies @ 0.1": {
            "mean": 0.10317359609530556,
            "std": 0.2400873250516759
        },
        "comprehensiveness @ 0.1": {
            "mean": 0.2671723264400752,
            "std": 0.3214622833906898
        },
        "sufficiencies @ 0.2": {
            "mean": 0.14262621623404653,
            "std": 0.22228706717500873
        },
        "comprehensiveness @ 0.2": {
            "mean": 0.5305495495635162,
            "std": 0.35464020610686564
        },
        "sufficiencies @ 0.5": {
            "mean": 0.3981638483206598,
            "std": 0.40086580581399556
        },
        "comprehensiveness @ 0.5": {
            "mean": 0.6450869033744265,
            "std": 0.3653250145747089
        },
        "sufficiencies @ 1.0": {
            "mean": 0.45864925193901923,
            "std": 0.4488547790650729
        },
        "comprehensiveness @ 1.0": {
            "mean": 0.8664021083407362,
            "std": 0.2210351269462375
        },
        "AOPC - sufficiency": {
            "mean": 0.18972120162846745,
            "std": 0.1798734759267276
        },
        "AOPC - comprehensiveness": {
            "mean": 0.38399007088958664,
            "std": 0.1728313056748361
        }
    },
    "ig": {
        "sufficiencies @ 0.01": {
            "mean": 0.07561552904823873,
            "std": 0.2445590283183294
        },
        "comprehensiveness @ 0.01": {
            "mean": 0.1334323903754161,
            "std": 0.2882337078707124
        },
        "sufficiencies @ 0.02": {
            "mean": 0.08033503647651394,
            "std": 0.24488766480011412
        },
        "comprehensiveness @ 0.02": {
            "mean": 0.16825502041660648,
            "std": 0.31002531208555006
        },
        "sufficiencies @ 0.05": {
            "mean": 0.1008288895288126,
            "std": 0.24593631490357376
        },
        "comprehensiveness @ 0.05": {
            "mean": 0.23581936079903468,
            "std": 0.3427486703877051
        },
        "sufficiencies @ 0.1": {
            "mean": 0.12802675496448748,
            "std": 0.2473483046055775
        },
        "comprehensiveness @ 0.1": {
            "mean": 0.3469493996616486,
            "std": 0.37239663075921486
        },
        "sufficiencies @ 0.2": {
            "mean": 0.16582356612692017,
            "std": 0.24328751779547445
        },
        "comprehensiveness @ 0.2": {
            "mean": 0.6225637116128808,
            "std": 0.351382108330013
        },
        "sufficiencies @ 0.5": {
            "mean": 0.39102881486346447,
            "std": 0.3968165586495847
        },
        "comprehensiveness @ 0.5": {
            "mean": 0.6453248505358693,
            "std": 0.3645555310709736
        },
        "sufficiencies @ 1.0": {
            "mean": 0.45889428309306474,
            "std": 0.44910049720461714
        },
        "comprehensiveness @ 1.0": {
            "mean": 0.8643386335788867,
            "std": 0.22101457484111509
        },
        "AOPC - sufficiency": {
            "mean": 0.20007898201450033,
            "std": 0.17975176584364752
        },
        "AOPC - comprehensiveness": {
            "mean": 0.43095476671147753,
            "std": 0.21204454553698077
        }
    },
    "attention": {
        "sufficiencies @ 0.01": {
            "mean": 0.08788509776220779,
            "std": 0.2445288848895035
        },
        "comprehensiveness @ 0.01": {
            "mean": 0.13247236694435702,
            "std": 0.27413374441534283
        },
        "sufficiencies @ 0.02": {
            "mean": 0.09010929717918707,
            "std": 0.24322144172161714
        },
        "comprehensiveness @ 0.02": {
            "mean": 0.20542080755916173,
            "std": 0.32220760156761674
        },
        "sufficiencies @ 0.05": {
            "mean": 0.10283475034404721,
            "std": 0.2425873086177597
        },
        "comprehensiveness @ 0.05": {
            "mean": 0.3075700558194926,
            "std": 0.36499220108540015
        },
        "sufficiencies @ 0.1": {
            "mean": 0.13206318454535923,
            "std": 0.225230450629265
        },
        "comprehensiveness @ 0.1": {
            "mean": 0.4147189024154001,
            "std": 0.38811176594167657
        },
        "sufficiencies @ 0.2": {
            "mean": 0.1378713081591318,
            "std": 0.21769046260947175
        },
        "comprehensiveness @ 0.2": {
            "mean": 0.5955349048863703,
            "std": 0.3781164391947534
        },
        "sufficiencies @ 0.5": {
            "mean": 0.4012844240122707,
            "std": 0.4046598306179578
        },
        "comprehensiveness @ 0.5": {
            "mean": 0.5925537396399927,
            "std": 0.4055929803195292
        },
        "sufficiencies @ 1.0": {
            "mean": 0.4590626376639635,
            "std": 0.44918064333444135
        },
        "comprehensiveness @ 1.0": {
            "mean": 0.8603228674095638,
            "std": 0.22102092330541676
        },
        "AOPC - sufficiency": {
            "mean": 0.20158724280945245,
            "std": 0.17593251212360467
        },
        "AOPC - comprehensiveness": {
            "mean": 0.44408480638204834,
            "std": 0.24111713389797224
        }
    },
    "gradients": {
        "sufficiencies @ 0.01": {
            "mean": 0.08020150257847533,
            "std": 0.24520917030174944
        },
        "comprehensiveness @ 0.01": {
            "mean": 0.15617352371169071,
            "std": 0.31071613327122577
        },
        "sufficiencies @ 0.02": {
            "mean": 0.0833776337792275,
            "std": 0.2448245552212486
        },
        "comprehensiveness @ 0.02": {
            "mean": 0.19374308638328072,
            "std": 0.33199109618645667
        },
        "sufficiencies @ 0.05": {
            "mean": 0.10756449474777424,
            "std": 0.24513818410981256
        },
        "comprehensiveness @ 0.05": {
            "mean": 0.2605591607833227,
            "std": 0.35580431139341595
        },
        "sufficiencies @ 0.1": {
            "mean": 0.14260214485080336,
            "std": 0.2400102897088072
        },
        "comprehensiveness @ 0.1": {
            "mean": 0.3550605415610436,
            "std": 0.3765354564299941
        },
        "sufficiencies @ 0.2": {
            "mean": 0.1577051139848304,
            "std": 0.22733644131575084
        },
        "comprehensiveness @ 0.2": {
            "mean": 0.6091784066867558,
            "std": 0.35740613417680733
        },
        "sufficiencies @ 0.5": {
            "mean": 0.38269744103118475,
            "std": 0.391419835275418
        },
        "comprehensiveness @ 0.5": {
            "mean": 0.627790518912671,
            "std": 0.37710695693457835
        },
        "sufficiencies @ 1.0": {
            "mean": 0.4590582420515184,
            "std": 0.44921014623348154
        },
        "comprehensiveness @ 1.0": {
            "mean": 0.8622974237729841,
            "std": 0.221117353200258
        },
        "AOPC - sufficiency": {
            "mean": 0.20188665328911629,
            "std": 0.17955706378384284
        },