{
    "random": {
        "sufficiencies @ 0.01": {
<<<<<<< HEAD
            "mean": 0.09301917633471696,
            "std": 0.1688966620545226
        },
        "comprehensiveness @ 0.01": {
            "mean": 0.04684603930139026,
            "std": 0.10028532043303094
        },
        "sufficiencies @ 0.02": {
            "mean": 0.08979596493821626,
            "std": 0.14406546027132044
        },
        "comprehensiveness @ 0.02": {
            "mean": 0.07652609335067106,
            "std": 0.1708894725002997
        },
        "sufficiencies @ 0.05": {
            "mean": 0.11792350956253311,
            "std": 0.16699201347375153
        },
        "comprehensiveness @ 0.05": {
            "mean": 0.15624284037926933,
            "std": 0.2503622999820496
        },
        "sufficiencies @ 0.1": {
            "mean": 0.08094253259319148,
            "std": 0.13684086277547114
        },
        "comprehensiveness @ 0.1": {
            "mean": 0.27444485476844116,
            "std": 0.32364059938400813
        },
        "sufficiencies @ 0.2": {
            "mean": 0.2083859513674044,
            "std": 0.27685651810724804
        },
        "comprehensiveness @ 0.2": {
            "mean": 0.6443765098707017,
            "std": 0.3502124221976381
        },
        "sufficiencies @ 0.5": {
            "mean": 0.31474054197657464,
            "std": 0.3599600300301298
        },
        "comprehensiveness @ 0.5": {
            "mean": 0.6752227893357969,
            "std": 0.36269357452694145
=======
            "mean": 0.09478038334777598,
            "std": 0.17390099316799812
        },
        "comprehensiveness @ 0.01": {
            "mean": 0.04164330405948309,
            "std": 0.089446877943021
        },
        "sufficiencies @ 0.02": {
            "mean": 0.08972686234176158,
            "std": 0.145809783295851
        },
        "comprehensiveness @ 0.02": {
            "mean": 0.07639874279504599,
            "std": 0.1604617774239599
        },
        "sufficiencies @ 0.05": {
            "mean": 0.12912029330044708,
            "std": 0.1828716016517295
        },
        "comprehensiveness @ 0.05": {
            "mean": 0.14046334925050985,
            "std": 0.24122167060166533
        },
        "sufficiencies @ 0.1": {
            "mean": 0.15945305988889516,
            "std": 0.2155311911395283
        },
        "comprehensiveness @ 0.1": {
            "mean": 0.21332481674915024,
            "std": 0.2733146431923762
        },
        "sufficiencies @ 0.2": {
            "mean": 0.11850878604186214,
            "std": 0.1715958853128887
        },
        "comprehensiveness @ 0.2": {
            "mean": 0.5710864677027885,
            "std": 0.3409839703741307
        },
        "sufficiencies @ 0.5": {
            "mean": 0.33074311716255533,
            "std": 0.36643432026545364
        },
        "comprehensiveness @ 0.5": {
            "mean": 0.6604285742360949,
            "std": 0.37578198951538433
>>>>>>> 391a5dfb3f1d50c03904a5bd81197d0bb9c14fd2
        },
        "sufficiencies @ 1.0": {
            "mean": 0.9998803034890369,
            "std": 0.0010254212081839149
        },
        "comprehensiveness @ 1.0": {
            "mean": 0.9558635037317795,
            "std": 0.19579289068736852
        },
        "AOPC - sufficiency": {
<<<<<<< HEAD
            "mean": 0.2720982828945248,
            "std": 0.14913593408042097
        },
        "AOPC - comprehensiveness": {
            "mean": 0.40421751867686423,
            "std": 0.15750627476891196
=======
            "mean": 0.272698149510784,
            "std": 0.15072509131953085
        },
        "AOPC - comprehensiveness": {
            "mean": 0.3798141608312935,
            "std": 0.13126585639140764
>>>>>>> 391a5dfb3f1d50c03904a5bd81197d0bb9c14fd2
        }
    },
    "scaled attention": {
        "sufficiencies @ 0.01": {
            "mean": 0.08506497637152734,
            "std": 0.13558607182977497
        },
        "comprehensiveness @ 0.01": {
            "mean": 0.09772310528206922,
            "std": 0.20772472262088387
        },
        "sufficiencies @ 0.02": {
            "mean": 0.12383702290431645,
            "std": 0.17683645853181992
        },
        "comprehensiveness @ 0.02": {
            "mean": 0.16037095768525778,
            "std": 0.24903645822994042
        },
        "sufficiencies @ 0.05": {
            "mean": 0.15092014832142994,
            "std": 0.18654393372214934
        },
        "comprehensiveness @ 0.05": {
            "mean": 0.26753757311568,
            "std": 0.33736938638806857
        },
        "sufficiencies @ 0.1": {
            "mean": 0.13750401076015328,
            "std": 0.1940112048152254
        },
        "comprehensiveness @ 0.1": {
            "mean": 0.3845518909729019,
            "std": 0.39505917294874016
        },
        "sufficiencies @ 0.2": {
            "mean": 0.13428972397852126,
            "std": 0.18860146878059028
        },
        "comprehensiveness @ 0.2": {
            "mean": 0.6497483383308651,
            "std": 0.36433810157615143
        },
        "sufficiencies @ 0.5": {
            "mean": 0.29735637821446803,
            "std": 0.35243178739393816
        },
        "comprehensiveness @ 0.5": {
            "mean": 0.6246586949794941,
            "std": 0.4054207161894466
        },
        "sufficiencies @ 1.0": {
            "mean": 0.9999846146817585,
            "std": 0.0001281343336053008
        },
        "comprehensiveness @ 1.0": {
            "mean": 0.9538194994041296,
            "std": 0.19539553209792748
        },
        "AOPC - sufficiency": {
            "mean": 0.2755652678903106,
            "std": 0.15771703135048792
        },
        "AOPC - comprehensiveness": {
            "mean": 0.44834429425291394,
            "std": 0.20263498808727393
        }
    },
    "ig": {
        "sufficiencies @ 0.01": {
<<<<<<< HEAD
            "mean": 0.08795285049201838,
            "std": 0.14367863816765733
        },
        "comprehensiveness @ 0.01": {
            "mean": 0.06933370632227429,
            "std": 0.15647594041681306
        },
        "sufficiencies @ 0.02": {
            "mean": 0.10111633057303487,
            "std": 0.14902472639760975
        },
        "comprehensiveness @ 0.02": {
            "mean": 0.10953855572033258,
            "std": 0.21672612605901875
        },
        "sufficiencies @ 0.05": {
            "mean": 0.10894292165838979,
            "std": 0.1642699876236816
        },
        "comprehensiveness @ 0.05": {
            "mean": 0.19432809283396035,
            "std": 0.2931707935614798
        },
        "sufficiencies @ 0.1": {
            "mean": 0.13376153010430186,
            "std": 0.21083240420752267
        },
        "comprehensiveness @ 0.1": {
            "mean": 0.31887675496146195,
            "std": 0.3344785609490443
        },
        "sufficiencies @ 0.2": {
            "mean": 0.204142837678159,
            "std": 0.2977445247204093
        },
        "comprehensiveness @ 0.2": {
            "mean": 0.6404286221355834,
            "std": 0.3360903995955863
        },
        "sufficiencies @ 0.5": {
            "mean": 0.295210113731744,
            "std": 0.3311184027408252
        },
        "comprehensiveness @ 0.5": {
            "mean": 0.6635088234114752,
            "std": 0.3734168075869904
=======
            "mean": 0.08260889751300389,
            "std": 0.1361206885581143
        },
        "comprehensiveness @ 0.01": {
            "mean": 0.08753112155010687,
            "std": 0.2020487440694052
        },
        "sufficiencies @ 0.02": {
            "mean": 0.10182965579925693,
            "std": 0.15018164251437072
        },
        "comprehensiveness @ 0.02": {
            "mean": 0.12081988164908516,
            "std": 0.2330675437176714
        },
        "sufficiencies @ 0.05": {
            "mean": 0.11333108150308947,