{
    "attention": {
        "sufficiency": {
            "mean": 0.13388921221592479,
            "std": 0.2168886759034001
        },
        "comprehensiveness": {
            "mean": 0.5985960193993993,
            "std": 0.37843624920294483
        },
        "AOPC - sufficiency": {
            "mean": 0.14745166458297268,
            "std": 0.1423096088820692
        },
        "AOPC - comprehensiveness": {
            "mean": 0.3636348992704885,
            "std": 0.24010113134126873
        }
    },
    "deeplift": {
        "sufficiency": {
            "mean": 0.14551378569842524,
            "std": 0.229915888684809
        },
        "comprehensiveness": {
            "mean": 0.5838239716930479,
            "std": 0.35452384322187613
        },
        "AOPC - sufficiency": {
            "mean": 0.1378947952090134,
            "std": 0.14183093793429932
        },
        "AOPC - comprehensiveness": {
            "mean": 0.3362892994146525,
            "std": 0.18895660992554786
        }
    },
    "random": {
        "sufficiency": {
            "mean": 0.1438051278633575,
            "std": 0.2225754672446449
        },
        "comprehensiveness": {
            "mean": 0.5294209331072498,
            "std": 0.3543580466822971
        },
        "AOPC - sufficiency": {
            "mean": 0.1449003877584369,
            "std": 0.14329864492808211
        },
        "AOPC - comprehensiveness": {
            "mean": 0.3103769594312009,
            "std": 0.17314670182140018
        }
    },
    "scaled attention": {
        "sufficiency": {
            "mean": 0.13631575839772184,
            "std": 0.21742857338777935
        },
        "comprehensiveness": {
            "mean": 0.5954374045738685,
            "std": 0.37770100057954414
        },
        "AOPC - sufficiency": {
            "mean": 0.15018336974004892,
            "std": 0.1415456195865764
        },
        "AOPC - comprehensiveness": {
            "mean": 0.3619627735321183,
            "std": 0.2403056269294472
        }
    },
    "gradients": {
        "sufficiency": {
            "mean": 0.1577051139848304,
            "std": 0.22733644131575084
        },
        "comprehensiveness": {
            "mean": 0.6091784066867558,
            "std": 0.35740613417680733
        },
        "AOPC - sufficiency": {
            "mean": 0.15340510700878643,
            "std": 0.1437917716517243
        },
        "AOPC - comprehensiveness": {
            "mean": 0.35713829530949187,
            "std": 0.21328923502394012
        }
    },
    "ig": {
        "sufficiency": {
            "mean": 0.16816113790458173,
            "std": 0.243666973287967
        },
        "comprehensiveness": {
            "mean": 0.6207158426547373,
            "std": 0.35122698445294775
        },
        "AOPC - sufficiency": {
            "mean": 0.1558705916014501,
            "std": 0.14386096700717613
        },
        "AOPC - comprehensiveness": {
            "mean": 0.3556507102162922,
            "std": 0.19941618508922815
        }
    }
}