{
    "random": {
        "sufficiencies @ 0.01": {
            "mean": 0.09478038334777598,
            "std": 0.17390099316799812
        },
        "comprehensiveness @ 0.01": {
            "mean": 0.04164330405948309,
            "std": 0.089446877943021
        },
        "sufficiencies @ 0.02": {
            "mean": 0.08972686234176158,
            "std": 0.145809783295851
        },
        "comprehensiveness @ 0.02": {
            "mean": 0.07639874279504599,
            "std": 0.1604617774239599
        },
        "sufficiencies @ 0.05": {
            "mean": 0.12912029330044708,
            "std": 0.1828716016517295
        },
        "comprehensiveness @ 0.05": {
            "mean": 0.14046334925050985,
            "std": 0.24122167060166533
        },
        "sufficiencies @ 0.1": {
            "mean": 0.15945305988889516,
            "std": 0.2155311911395283
        },
        "comprehensiveness @ 0.1": {
            "mean": 0.21332481674915024,
            "std": 0.2733146431923762
        },
        "sufficiencies @ 0.2": {
            "mean": 0.11850878604186214,
            "std": 0.1715958853128887
        },
        "comprehensiveness @ 0.2": {
            "mean": 0.5710864677027885,
            "std": 0.3409839703741307
        },
        "sufficiencies @ 0.5": {
            "mean": 0.33074311716255533,
            "std": 0.36643432026545364
        },
        "comprehensiveness @ 0.5": {
            "mean": 0.6604285742360949,
            "std": 0.37578198951538433
        },
        "sufficiencies @ 1.0": {
            "mean": 0.9865545444921913,
            "std": 0.11468515138569091
        },
        "comprehensiveness @ 1.0": {
            "mean": 0.9553538710259816,
            "std": 0.19588696636840422
        },
        "AOPC - sufficiency": {
            "mean": 0.272698149510784,
            "std": 0.15072509131953085
        },
        "AOPC - comprehensiveness": {
            "mean": 0.3798141608312935,
            "std": 0.13126585639140764
        }
    },
    "gradients": {
        "sufficiencies @ 0.01": {
            "mean": 0.09321696248331679,
            "std": 0.1679321185513517
        },
        "comprehensiveness @ 0.01": {
            "mean": 0.09385293868093254,
            "std": 0.20330447461673407
        },
        "sufficiencies @ 0.02": {
            "mean": 0.10735282741176361,
            "std": 0.18027957906821868
        },
        "comprehensiveness @ 0.02": {
            "mean": 0.13199799872344775,
            "std": 0.2236349036587941
        },
        "sufficiencies @ 0.05": {
            "mean": 0.11986691087986306,
            "std": 0.18999582663041992
        },
        "comprehensiveness @ 0.05": {
            "mean": 0.1729395937331324,
            "std": 0.2549087519338325
        },
        "sufficiencies @ 0.1": {
            "mean": 0.14104052107676432,
            "std": 0.21334764403420362
        },
        "comprehensiveness @ 0.1": {
            "mean": 0.31401176955057364,
            "std": 0.3367614440110847
        },
        "sufficiencies @ 0.2": {
            "mean": 0.13380459173007742,
            "std": 0.19962292718661998
        },
        "comprehensiveness @ 0.2": {
            "mean": 0.6409562596893343,
            "std": 0.3148748758519144
        },
        "sufficiencies @ 0.5": {
            "mean": 0.3255425911381461,
            "std": 0.3538745433803998
        },
        "comprehensiveness @ 0.5": {
            "mean": 0.6484717359653918,
            "std": 0.39017638742062605
        },
        "sufficiencies @ 1.0": {
            "mean": 0.9929094397740672,
            "std": 0.06002111482956446
        },
        "comprehensiveness @ 1.0": {
            "mean": 0.9533137392529667,
            "std": 0.19549038137716587
        },
        "AOPC - sufficiency": {
            "mean": 0.27339054921342837,
            "std": 0.1443487079013295
        },
        "AOPC - comprehensiveness": {
            "mean": 0.4222205765136827,
            "std": 0.1621577744587088
        }
    },
    "ig": {
        "sufficiencies @ 0.01": {
            "mean": 0.08260889751300389,
            "std": 0.1361206885581143
        },
        "comprehensiveness @ 0.01": {
            "mean": 0.08753112155010687,
            "std": 0.2020487440694052
        },
        "sufficiencies @ 0.02": {
            "mean": 0.10182965579925693,
            "std": 0.15018164251437072
        },
        "comprehensiveness @ 0.02": {
            "mean": 0.12081988164908516,
            "std": 0.2330675437176714
        },
        "sufficiencies @ 0.05": {
            "mean": 0.11333108150308947,
            "std": 0.17084977597355944
        },
        "comprehensiveness @ 0.05": {
            "mean": 0.1939582845242931,
            "std": 0.3058319550538273
        },
        "sufficiencies @ 0.1": {
            "mean": 0.1342868755047186,
            "std": 0.19691600920182425
        },
        "comprehensiveness @ 0.1": {
            "mean": 0.3131157675756086,
            "std": 0.3383896575876581
        },
        "sufficiencies @ 0.2": {
            "mean": 0.15355340020478273,
            "std": 0.2269881073052724
        },
        "comprehensiveness @ 0.2": {
            "mean": 0.6557538040129012,
            "std": 0.3278477328311981
        },
        "sufficiencies @ 0.5": {
            "mean": 0.3215221297169811,
            "std": 0.35585576149967046
        },
        "comprehensiveness @ 0.5": {
            "mean": 0.6564812236611371,
            "std": 0.38302492485108464
        },
        "sufficiencies @ 1.0": {
            "mean": 0.9961664422584054,
            "std": 0.03200653068471054
        },
        "comprehensiveness @ 1.0": {
            "mean": 0.9512553142192252,
            "std": 0.19511400762314896
        },
        "AOPC - sufficiency": {
            "mean": 0.2718997832143197,
            "std": 0.15073709904243274
        },
        "AOPC - comprehensiveness": {
            "mean": 0.42555934245605104,
            "std": 0.18054840478747136
        }
    },
    "scaled attention": {
        "sufficiencies @ 0.01": {
            "mean": 0.08583638165550103,
            "std": 0.13606475266770446
        },
        "comprehensiveness @ 0.01": {
            "mean": 0.09734518500573765,
            "std": 0.20674781930328676
        },
        "sufficiencies @ 0.02": {
            "mean": 0.1245519182668882,
            "std": 0.1772228350357028
        },
        "comprehensiveness @ 0.02": {
            "mean": 0.15979906608387046,
            "std": 0.2483908357493701
        },
        "sufficiencies @ 0.05": {
            "mean": 0.15168926915669578,
            "std": 0.18693248398104872
        },
        "comprehensiveness @ 0.05": {
            "mean": 0.2667260577654081,
            "std": 0.33684447361720127
        },
        "sufficiencies @ 0.1": {
            "mean": 0.13840276847559294,
            "std": 0.19436515032350443
        },
        "comprehensiveness @ 0.1": {
            "mean": 0.3838307003611165,
            "std": 0.39478485375589617
        },
        "sufficiencies @ 0.2": {
            "mean": 0.13498962119761,
            "std": 0.1889805579201784
        },
        "comprehensiveness @ 0.2": {
            "mean": 0.6486363495540591,
            "std": 0.36417019932752387
        },
        "sufficiencies @ 0.5": {
            "mean": 0.29778950510295826,
            "std": 0.3526929490131997
        },
        "comprehensiveness @ 0.5": {
            "mean": 0.6243733809362756,
            "std": 0.4056278449460816
        },
        "sufficiencies @ 1.0": {
            "mean": 0.9973509776967046,
            "std": 0.021819961195096306
        },
        "comprehensiveness @ 1.0": {
            "mean": 0.9490857464625245,
            "std": 0.19473173293527923
        },
        "AOPC - sufficiency": {
            "mean": 0.2758014916502787,
            "std": 0.15844625301659332
        },