{
    "random": {
        "sufficiencies @ 0.01": {
            "mean": 0.10875495454922751,
            "std": 0.14863945376555962
        },
        "comprehensiveness @ 0.01": {
            "mean": 0.07621235172743931,
            "std": 0.1896229806737828
        },
        "sufficiencies @ 0.02": {
            "mean": 0.12307032671402354,
            "std": 0.15636348270726202
        },
        "comprehensiveness @ 0.02": {
            "mean": 0.11290514038405156,
            "std": 0.23454765048765833
        },
        "sufficiencies @ 0.05": {
            "mean": 0.1485445134598284,
            "std": 0.176715561700012
        },
        "comprehensiveness @ 0.05": {
            "mean": 0.17534554919309112,
            "std": 0.28743171421705427
        },
        "sufficiencies @ 0.1": {
            "mean": 0.16614328327293576,
            "std": 0.20203741207033282
        },
        "comprehensiveness @ 0.1": {
            "mean": 0.2718110439132237,
            "std": 0.33434273019067584
        },
        "sufficiencies @ 0.2": {
            "mean": 0.15775999267905197,
            "std": 0.19423571341805812
        },
        "comprehensiveness @ 0.2": {
            "mean": 0.5787328538698807,
            "std": 0.32365262013905743
        },
        "sufficiencies @ 0.5": {
            "mean": 0.37313635269370843,
            "std": 0.33700391644033195
        },
        "comprehensiveness @ 0.5": {
            "mean": 0.6123383030926026,
            "std": 0.3500307746148191
        },
        "sufficiencies @ 1.0": {
            "mean": 0.9901064024913381,
            "std": 0.09803732287863497
        },
        "comprehensiveness @ 1.0": {
            "mean": 0.9476263441107541,
            "std": 0.21463702894663442
        },
        "AOPC - sufficiency": {
            "mean": 0.29535940369430197,
            "std": 0.1522995135495623
        },
        "AOPC - comprehensiveness": {
            "mean": 0.3964245123272918,
            "std": 0.1551350609374678
        }
    },
    "deeplift": {
        "sufficiencies @ 0.01": {
            "mean": 0.11207276600466917,
            "std": 0.1486231508663618
        },
        "comprehensiveness @ 0.01": {
            "mean": 0.07724328326740035,
            "std": 0.1854363270596564
        },
        "sufficiencies @ 0.02": {
            "mean": 0.12445073757622505,
            "std": 0.15721683043905468
        },
        "comprehensiveness @ 0.02": {
            "mean": 0.11675985121465025,
            "std": 0.2323897936205716
        },
        "sufficiencies @ 0.05": {
            "mean": 0.14485969973098076,
            "std": 0.17411203452153898
        },
        "comprehensiveness @ 0.05": {
            "mean": 0.18396413577402582,
            "std": 0.2748982340642497
        },
        "sufficiencies @ 0.1": {
            "mean": 0.1333446821439605,
            "std": 0.1631004935318406
        },
        "comprehensiveness @ 0.1": {
            "mean": 0.33076000018481866,
            "std": 0.35986437415028005
        },
        "sufficiencies @ 0.2": {
            "mean": 0.1667919276878213,
            "std": 0.201763165081853
        },
        "comprehensiveness @ 0.2": {
            "mean": 0.6564441747289885,
            "std": 0.3384926625220786
        },
        "sufficiencies @ 0.5": {
            "mean": 0.3670908235582226,
            "std": 0.33258420652850884
        },
        "comprehensiveness @ 0.5": {
            "mean": 0.6103929899793179,
            "std": 0.34793436370645975
        },
        "sufficiencies @ 1.0": {
            "mean": 0.9901865616111535,
            "std": 0.0972354371339985
        },
        "comprehensiveness @ 1.0": {
            "mean": 0.945715503041424,
            "std": 0.2142307687756861
        },
        "AOPC - sufficiency": {
            "mean": 0.2912567426161475,
            "std": 0.15522668045850913
        },
        "AOPC - comprehensiveness": {
            "mean": 0.41732570545580355,
            "std": 0.16175363220599365
        }
    },
    "attention": {
        "sufficiencies @ 0.01": {
            "mean": 0.10505987506788583,
            "std": 0.14259258600107372
        },
        "comprehensiveness @ 0.01": {
            "mean": 0.16256918706862036,
            "std": 0.30873770055100247
        },
        "sufficiencies @ 0.02": {
            "mean": 0.12460122340038604,
            "std": 0.15719957323876002
        },
        "comprehensiveness @ 0.02": {
            "mean": 0.1766368183343444,
            "std": 0.3051750735229866
        },
        "sufficiencies @ 0.05": {
            "mean": 0.15597821179474608,
            "std": 0.17350471960716737
        },
        "comprehensiveness @ 0.05": {
            "mean": 0.25707799161202666,
            "std": 0.3504484372663481
        },
        "sufficiencies @ 0.1": {
            "mean": 0.16849301801828107,
            "std": 0.20075003348925854
        },
        "comprehensiveness @ 0.1": {
            "mean": 0.3639073328621652,
            "std": 0.3919282913257459
        },
        "sufficiencies @ 0.2": {
            "mean": 0.19939576689626506,
            "std": 0.24287345989906806
        },
        "comprehensiveness @ 0.2": {
            "mean": 0.5960894655795549,
            "std": 0.368285931099327
        },
        "sufficiencies @ 0.5": {
            "mean": 0.36855183288020843,
            "std": 0.34635788120062105
        },
        "comprehensiveness @ 0.5": {
            "mean": 0.5379700781885428,
            "std": 0.3941181764458313
        },
        "sufficiencies @ 1.0": {
            "mean": 0.9946809954801987,
            "std": 0.05185332943779703
        },
        "comprehensiveness @ 1.0": {
            "mean": 0.9437757448267554,
            "std": 0.21384856659639667
        },
        "AOPC - sufficiency": {
            "mean": 0.30239441764828157,
            "std": 0.1607579412078094
        },
        "AOPC - comprehensiveness": {
            "mean": 0.43400380263885857,
            "std": 0.2245675055150995
        }
    },
    "gradients": {
        "sufficiencies @ 0.01": {
            "mean": 0.10493143545736879,
            "std": 0.14352559701324524
        },
        "comprehensiveness @ 0.01": {
            "mean": 0.14037996895992155,
            "std": 0.26568126399586195
        },
        "sufficiencies @ 0.02": {
            "mean": 0.12976843413672276,
            "std": 0.17284968669840006
        },
        "comprehensiveness @ 0.02": {
            "mean": 0.19475560362693575,
            "std": 0.30496900412785494
        },
        "sufficiencies @ 0.05": {
            "mean": 0.12923545755065588,
            "std": 0.17622778433648922
        },
        "comprehensiveness @ 0.05": {
            "mean": 0.222391792198513,
            "std": 0.3145135991705921
        },
        "sufficiencies @ 0.1": {
            "mean": 0.15206659127436786,
            "std": 0.18834970223203246
        },
        "comprehensiveness @ 0.1": {
            "mean": 0.3098784359558868,
            "std": 0.3427291702807927
        },
        "sufficiencies @ 0.2": {
            "mean": 0.20761825369920983,
            "std": 0.2737850006787414
        },
        "comprehensiveness @ 0.2": {
            "mean": 0.6563202898282066,
            "std": 0.3300724649049283
        },
        "sufficiencies @ 0.5": {
            "mean": 0.39073980190277713,
            "std": 0.34789819352264006
        },
        "comprehensiveness @ 0.5": {
            "mean": 0.5762263078478352,
            "std": 0.37215007227126184
        },
        "sufficiencies @ 1.0": {
            "mean": 0.9963158004906982,
            "std": 0.035351922708678034
        },
        "comprehensiveness @ 1.0": {
            "mean": 0.9417499635981057,
            "std": 0.21347155216648506
        },
        "AOPC - sufficiency": {
            "mean": 0.30152511064454285,
            "std": 0.15196220147581427
        },