{
    "attention": {
        "sufficiency": {
            "mean": 0.2098202847522419,
            "std": 0.27579892405654194
        },
        "comprehensiveness": {
            "mean": 0.6401788753341546,
            "std": 0.38312124501752154
        },
        "AOPC - sufficiency": {
            "mean": 0.1678042456800975,
            "std": 0.1984917572770804
        },
        "AOPC - comprehensiveness": {
            "mean": 0.41076871157599754,
            "std": 0.21147995299400407
        }
    },
    "ig": {
        "sufficiency": {
            "mean": 0.16056136338589277,
            "std": 0.22446041552648663
        },
        "comprehensiveness": {
            "mean": 0.7690937799604001,
            "std": 0.2888501426446326
        },
        "AOPC - sufficiency": {
            "mean": 0.1341144742711445,
            "std": 0.14972954083383397
        },
        "AOPC - comprehensiveness": {
            "mean": 0.5544151280968247,
            "std": 0.20727221741164834
        }
    },
    "scaled attention": {
        "sufficiency": {
            "mean": 0.13953768990842474,
            "std": 0.24863207129448617
        },
        "comprehensiveness": {
            "mean": 0.49789141783559826,
            "std": 0.43235950550049185
        },
        "AOPC - sufficiency": {
            "mean": 0.12202889442779756,
            "std": 0.1690160696211843
        },
        "AOPC - comprehensiveness": {
            "mean": 0.337108329957575,
            "std": 0.22432097650308536
        }
    },
    "deeplift": {
        "sufficiency": {
            "mean": 0.1288428258791874,
            "std": 0.20580069175908466
        },
        "comprehensiveness": {
            "mean": 0.7530361820838699,
            "std": 0.28827946197868254
        },
        "AOPC - sufficiency": {
            "mean": 0.12477036804748018,
            "std": 0.14593864215528624
        },
        "AOPC - comprehensiveness": {
            "mean": 0.5394515040811185,
            "std": 0.20129417089901583
        }
    },
    "random": {
        "sufficiency": {
            "mean": 0.14914425274318077,
            "std": 0.20400260349717833
        },
        "comprehensiveness": {
            "mean": 0.7734894779886266,
            "std": 0.274626080693149
        },
        "AOPC - sufficiency": {
            "mean": 0.12682538808735908,
            "std": 0.14253259862410544
        },
        "AOPC - comprehensiveness": {
            "mean": 0.5616174645833564,
            "std": 0.18675074361722077
        }
    },
    "gradients": {
        "sufficiency": {
            "mean": 0.21132262785288283,
            "std": 0.2484228695673667
        },
        "comprehensiveness": {
            "mean": 0.5528990665464496,
            "std": 0.37006596261855146
        },
        "AOPC - sufficiency": {
            "mean": 0.16149359941758157,
            "std": 0.1729074303810768
        },
        "AOPC - comprehensiveness": {
            "mean": 0.3629331038025075,
            "std": 0.22938926090818162
        }
    }
}