{
    "scaled attention": {
        "sufficiencies @ 1.0": {
            "mean": 0.7321297871403277,
            "std": 0.3761710009215107
        },
        "comprehensiveness @ 1.0": {
            "mean": 0.7321297871403277,
            "std": 0.3761710009215107
        },
        "AOPC - sufficiency": {
            "mean": 0.7321297871403277,
            "std": 0.3761710009215107
        },
        "AOPC - comprehensiveness": {
            "mean": 0.7321297871403277,
            "std": 0.3761710009215107
        }
    },
    "gradients": {
        "sufficiencies @ 1.0": {
            "mean": 0.727588076525599,
            "std": 0.3725731783220245
        },
        "comprehensiveness @ 1.0": {
            "mean": 0.727588076525599,
            "std": 0.3725731783220245
        },
        "AOPC - sufficiency": {
            "mean": 0.7275880765255992,
            "std": 0.3725731783220245
        },
        "AOPC - comprehensiveness": {
            "mean": 0.7275880765255992,
            "std": 0.3725731783220245
        }
    },
    "attention": {
        "sufficiencies @ 1.0": {
            "mean": 0.7421140888986447,
            "std": 0.36809920596974033
        },
        "comprehensiveness @ 1.0": {
            "mean": 0.7421140888986447,
            "std": 0.36809920596974033
        },
        "AOPC - sufficiency": {
            "mean": 0.7421140888986447,
            "std": 0.36809920596974033
        },
        "AOPC - comprehensiveness": {
            "mean": 0.7421140888986447,
            "std": 0.36809920596974033
        }
    },
    "random": {
        "sufficiencies @ 1.0": {
            "mean": 0.6895757137981393,
            "std": 0.3885085346746932
        },
        "comprehensiveness @ 1.0": {
            "mean": 0.6895757137981393,
            "std": 0.3885085346746932
        },
        "AOPC - sufficiency": {
            "mean": 0.6895757137981393,
            "std": 0.3885085346746932
        },
        "AOPC - comprehensiveness": {
            "mean": 0.6895757137981393,
            "std": 0.3885085346746932
        }
    },
    "deeplift": {
        "sufficiencies @ 1.0": {
            "mean": 0.7381511613313215,
            "std": 0.36841021173733546
        },
        "comprehensiveness @ 1.0": {
            "mean": 0.7381511613313215,
            "std": 0.36841021173733546
        },
        "AOPC - sufficiency": {
            "mean": 0.7381511613313215,
            "std": 0.36841021173733546
        },
        "AOPC - comprehensiveness": {
            "mean": 0.7381511613313215,
            "std": 0.36841021173733546
        }
    },
    "ig": {
        "sufficiencies @ 1.0": {
            "mean": 0.7326972400354167,
            "std": 0.37245621879093266
        },
        "comprehensiveness @ 1.0": {
            "mean": 0.7326972400354167,
            "std": 0.37245621879093266
        },
        "AOPC - sufficiency": {
            "mean": 0.7326972400354167,
            "std": 0.37245621879093266
        },
        "AOPC - comprehensiveness": {
            "mean": 0.7326972400354167,
            "std": 0.37245621879093266
        }
    }
}