{
    "deeplift": {
        "sufficiencies @ 1.0": {
            "mean": 0.07664626062252985,
            "std": 0.22691578806107615
        },
        "comprehensiveness @ 1.0": {
            "mean": NaN,
            "std": NaN
        },
        "AOPC - sufficiency": {
            "mean": 0.0735322337245679,
            "std": 0.2007265864464088
        },
        "AOPC - comprehensiveness": {
            "mean": NaN,
            "std": NaN
        }
    },
    "scaled attention": {
        "sufficiencies @ 1.0": {
            "mean": 0.09022788242096585,
            "std": 0.23678672383275995
        },
        "comprehensiveness @ 1.0": {
            "mean": 0.9574912755664416,
            "std": 0.19545984481953407
        },
        "AOPC - sufficiency": {
            "mean": 0.0692727475839004,
            "std": 0.1966234303637654
        },
        "AOPC - comprehensiveness": {
            "mean": 0.9564240730042705,
            "std": 0.19525496316609076
        }
    },
    "gradients": {
        "sufficiencies @ 1.0": {
            "mean": 0.05511747965240209,
            "std": 0.19484422792728226
        },
        "comprehensiveness @ 1.0": {
            "mean": 0.9550054406167315,
            "std": 0.1949894409977282
        },
        "AOPC - sufficiency": {
            "mean": 0.058108981859249294,
            "std": 0.19407600131574756
        },
        "AOPC - comprehensiveness": {
            "mean": 0.9539478480126663,
            "std": 0.19479634337311535
        }
    },
    "attention": {
        "sufficiencies @ 1.0": {
            "mean": 0.0599834603984965,
            "std": 0.19717319148794743
        },
        "comprehensiveness @ 1.0": {
            "mean": 0.952541922547574,
            "std": 0.19454608180977942
        },
        "AOPC - sufficiency": {
            "mean": 0.0664343272654911,
            "std": 0.19605114352640493
        },
        "AOPC - comprehensiveness": {
            "mean": 0.9514937042043414,
            "std": 0.1943640079783165
        }
    },
    "random": {
        "sufficiencies @ 1.0": {
            "mean": 0.14511204380567938,
            "std": 0.25440253051713674
        },
        "comprehensiveness @ 1.0": {
            "mean": 0.9501001764912926,
            "std": 0.19412802630923265
        },
        "AOPC - sufficiency": {
            "mean": 0.14509226013464627,
            "std": 0.24046102919356555
        },
        "AOPC - comprehensiveness": {
            "mean": 0.9490611079204229,
            "std": 0.19395627392622455
        }
    },
    "ig": {
        "sufficiencies @ 1.0": {
            "mean": 0.061062897837645715,
            "std": 0.19839228910603887
        },
        "comprehensiveness @ 1.0": {
            "mean": 0.9476796833825413,
            "std": 0.193733665801549
        },
        "AOPC - sufficiency": {
            "mean": 0.06477203545606869,
            "std": 0.1840211841195232
        },
        "AOPC - comprehensiveness": {
            "mean": 0.9466495505350461,
            "std": 0.1935715853040422
        }
    }
}