{
    "attention": {
        "sufficiencies @ 0.01": {
            "mean": 0.19379676249041683,
            "std": 0.3014086836156335
        },
        "comprehensiveness @ 0.01": {
            "mean": 0.1528680997481173,
            "std": 0.27431457858199637
        },
        "sufficiencies @ 0.02": {
            "mean": 0.19941945752271814,
            "std": 0.3011418634704626
        },
        "comprehensiveness @ 0.02": {
            "mean": 0.21857701072122104,
            "std": 0.3193829746426542
        },
        "sufficiencies @ 0.05": {
            "mean": 0.19963144825609125,
            "std": 0.30374808100361295
        },
        "comprehensiveness @ 0.05": {
            "mean": 0.32011179124877204,
            "std": 0.36192066462577854
        },
        "sufficiencies @ 0.1": {
            "mean": 0.1981647732604811,
            "std": 0.3002541202679009
        },
        "comprehensiveness @ 0.1": {
            "mean": 0.41938781122412466,
            "std": 0.3812319274570811
        },
        "sufficiencies @ 0.2": {
            "mean": 0.18942681977482437,
            "std": 0.2960244404677944
        },
        "comprehensiveness @ 0.2": {
            "mean": 0.6115018171305102,
            "std": 0.36650183547634324
        },
        "sufficiencies @ 0.5": {
            "mean": 0.18104947704678767,
            "std": 0.2922149056589551
        },
        "comprehensiveness @ 0.5": {
            "mean": 0.6256931390126338,
            "std": 0.38251568676233344
        },
        "sufficiencies @ 1.0": {
            "mean": 0.19782054529919815,
            "std": 0.30446581955346197
        },
        "comprehensiveness @ 1.0": {
            "mean": 0.8745631787926867,
            "std": 0.2771111643279136
        },
        "AOPC - sufficiency": {
            "mean": 0.1941870405215025,
            "std": 0.2776952484444404
        },
        "AOPC - comprehensiveness": {
            "mean": 0.46038612112543786,
            "std": 0.21399001634821194
        }
    },
    "scaled attention": {
        "sufficiencies @ 0.01": {
            "mean": 0.19537131914457673,
            "std": 0.2993570772768693
        },
        "comprehensiveness @ 0.01": {
            "mean": 0.15157332536467058,
            "std": 0.2717399122498295
        },
        "sufficiencies @ 0.02": {
            "mean": 0.1971788964068614,
            "std": 0.3007836439798901
        },
        "comprehensiveness @ 0.02": {
            "mean": 0.21630807568009042,
            "std": 0.31822142155425415
        },
        "sufficiencies @ 0.05": {
            "mean": 0.19755177613079897,
            "std": 0.30211914595820255
        },
        "comprehensiveness @ 0.05": {
            "mean": 0.3186731011743171,
            "std": 0.3607929117873231
        },
        "sufficiencies @ 0.1": {
            "mean": 0.19951174199227226,
            "std": 0.301859932456981
        },
        "comprehensiveness @ 0.1": {
            "mean": 0.41862749863215915,
            "std": 0.38153039168794234
        },
        "sufficiencies @ 0.2": {
            "mean": 0.1895184763629436,
            "std": 0.2969785846122027
        },
        "comprehensiveness @ 0.2": {
            "mean": 0.6111013208905351,
            "std": 0.3659936317441035
        },
        "sufficiencies @ 0.5": {
            "mean": 0.17906402630031307,
            "std": 0.29022483935145016
        },
        "comprehensiveness @ 0.5": {
            "mean": 0.6254478649357832,
            "std": 0.382782740874913
        },
        "sufficiencies @ 1.0": {
            "mean": 0.19512100121204765,
            "std": 0.3021157784133637
        },
        "comprehensiveness @ 1.0": {
            "mean": 0.8736486859156362,
            "std": 0.2771090217053868
        },
        "AOPC - sufficiency": {
            "mean": 0.19333103393568768,
            "std": 0.27587598640200334
        },
        "AOPC - comprehensiveness": {
            "mean": 0.45933998179902735,
            "std": 0.21423466078288797
        }
    },
    "deeplift": {
        "sufficiencies @ 0.01": {
            "mean": 0.1973036830700238,
            "std": 0.30229427518016305
        },
        "comprehensiveness @ 0.01": {
            "mean": 0.1466833257041361,
            "std": 0.26485781395080243
        },
        "sufficiencies @ 0.02": {
            "mean": 0.19705273725043368,
            "std": 0.3022303049102809
        },
        "comprehensiveness @ 0.02": {
            "mean": 0.18957298355797522,
            "std": 0.30013472061534574
        },
        "sufficiencies @ 0.05": {
            "mean": 0.19740418315380207,
            "std": 0.3020582973859116
        },
        "comprehensiveness @ 0.05": {
            "mean": 0.2595786037055251,
            "std": 0.33333563584064513
        },
        "sufficiencies @ 0.1": {
            "mean": 0.19516065323884868,
            "std": 0.3001112787799497
        },
        "comprehensiveness @ 0.1": {
            "mean": 0.33691447641394007,
            "std": 0.35237904841378676
        },
        "sufficiencies @ 0.2": {
            "mean": 0.19323173253920733,
            "std": 0.2980627338922584
        },
        "comprehensiveness @ 0.2": {
            "mean": 0.6103987831588112,
            "std": 0.3457018620106794
        },
        "sufficiencies @ 0.5": {
            "mean": 0.1830898281465999,
            "std": 0.29128453135925936
        },
        "comprehensiveness @ 0.5": {
            "mean": 0.6716956841800803,
            "std": 0.34383628055815363
        },
        "sufficiencies @ 1.0": {
            "mean": 0.20005505618264688,
            "std": 0.3046339948620113
        },
        "comprehensiveness @ 1.0": {
            "mean": 0.8726124705940054,
            "std": 0.27702603201827347
        },
        "AOPC - sufficiency": {
            "mean": 0.19475683908308036,
            "std": 0.27731483204643864
        },
        "AOPC - comprehensiveness": {
            "mean": 0.4410651896163533,
            "std": 0.17781960385356826
        }
    },
    "gradients": {
        "sufficiencies @ 0.01": {
            "mean": 0.2011427752723195,
            "std": 0.3027450995971818
        },
        "comprehensiveness @ 0.01": {
            "mean": 0.19476864195141172,
            "std": 0.3221344946456414
        },
        "sufficiencies @ 0.02": {
            "mean": 0.20167687078438065,
            "std": 0.3024759930307045
        },
        "comprehensiveness @ 0.02": {
            "mean": 0.22594338878642942,
            "std": 0.33897218179062905
        },
        "sufficiencies @ 0.05": {
            "mean": 0.19917825808258685,
            "std": 0.30117048934503005
        },
        "comprehensiveness @ 0.05": {
            "mean": 0.28053705275434415,
            "std": 0.35779629775835325
        },
        "sufficiencies @ 0.1": {
            "mean": 0.20026922687340437,
            "std": 0.30272353603955166
        },
        "comprehensiveness @ 0.1": {
            "mean": 0.3677233980124982,
            "std": 0.37544032696848767
        },
        "sufficiencies @ 0.2": {
            "mean": 0.19286492297419752,
            "std": 0.2977001048379259
        },
        "comprehensiveness @ 0.2": {
            "mean": 0.6211367553444742,
            "std": 0.3538637431278821
        },
        "sufficiencies @ 0.5": {
            "mean": 0.1818694351905978,
            "std": 0.29104088542819134
        },
        "comprehensiveness @ 0.5": {
            "mean": 0.6552752922171111,
            "std": 0.35753258464628174
        },
        "sufficiencies @ 1.0": {
            "mean": 0.198059670870794,
            "std": 0.30273441774220533
        },
        "comprehensiveness @ 1.0": {
            "mean": 0.8712110184687267,
            "std": 0.27690075283015664
        },
        "AOPC - sufficiency": {
            "mean": 0.19643730857832584,
            "std": 0.2778696149236189
        },