{
    "random": {
        "sufficiencies @ 0.01": {
            "mean": 0.19636368344046384,
            "std": 0.26527269503193307
        },
        "comprehensiveness @ 0.01": {
            "mean": 0.338600790781985,
            "std": 0.3938861362905081
        },
        "sufficiencies @ 0.02": {
            "mean": 0.21538804093567454,
            "std": 0.29797896106469424
        },
        "comprehensiveness @ 0.02": {
            "mean": 0.3577038007171162,
            "std": 0.4161601836782722
        },
        "sufficiencies @ 0.05": {
            "mean": 0.21770726997959972,
            "std": 0.3147991418252883
        },
        "comprehensiveness @ 0.05": {
            "mean": 0.3494941839440653,
            "std": 0.3781387783522767
        },
        "sufficiencies @ 0.1": {
            "mean": 0.2076509423964061,
            "std": 0.3125931123701462
        },
        "comprehensiveness @ 0.1": {
            "mean": 0.29384771055891157,
            "std": 0.33481900876191417
        },
        "sufficiencies @ 0.2": {
            "mean": 0.21269678706718723,
            "std": 0.300510851978105
        },
        "comprehensiveness @ 0.2": {
            "mean": 0.5348395989548975,
            "std": 0.34318093761825086
        },
        "sufficiencies @ 0.5": {
            "mean": 0.21040412339149797,
            "std": 0.29084667771904155
        },
        "comprehensiveness @ 0.5": {
            "mean": 0.7298380836488473,
            "std": 0.33692569247451026
        },
        "sufficiencies @ 1.0": {
            "mean": 0.21610983739053277,
            "std": 0.3005820499104764
        },
        "comprehensiveness @ 1.0": {
            "mean": 0.9482546119427465,
            "std": 0.20833018863481703
        },
        "AOPC - sufficiency": {
            "mean": 0.2109029549430517,
            "std": 0.2626666673984882
        },
        "AOPC - comprehensiveness": {
            "mean": 0.5075112543640814,
            "std": 0.1866861117522726
        }
    },
    "attention": {
        "sufficiencies @ 0.01": {
            "mean": 0.23017660990659342,
            "std": 0.319853342885541
        },
        "comprehensiveness @ 0.01": {
            "mean": 0.10267771875914639,
            "std": 0.21922977441594288
        },
        "sufficiencies @ 0.02": {
            "mean": 0.2333113169766818,
            "std": 0.31866688473630955
        },
        "comprehensiveness @ 0.02": {
            "mean": 0.14649081276037199,
            "std": 0.2587332808558585
        },
        "sufficiencies @ 0.05": {
            "mean": 0.21524584427356236,
            "std": 0.2983036969957048
        },
        "comprehensiveness @ 0.05": {
            "mean": 0.2852134715593472,
            "std": 0.3684640713218635
        },
        "sufficiencies @ 0.1": {
            "mean": 0.24070276065175208,
            "std": 0.31813392788853345
        },
        "comprehensiveness @ 0.1": {
            "mean": 0.4778272528627584,
            "std": 0.40040953213454816
        },
        "sufficiencies @ 0.2": {
            "mean": 0.17098287129326364,
            "std": 0.2571048256440582
        },
        "comprehensiveness @ 0.2": {
            "mean": 0.6876393103117512,
            "std": 0.34331759775603704
        },
        "sufficiencies @ 0.5": {
            "mean": 0.1875164502921139,
            "std": 0.28053292711995875
        },
        "comprehensiveness @ 0.5": {
            "mean": 0.7087651147228794,
            "std": 0.3626471505282671
        },
        "sufficiencies @ 1.0": {
            "mean": 0.22421581438102808,
            "std": 0.293979549951938
        },
        "comprehensiveness @ 1.0": {
            "mean": 0.9459892252389064,
            "std": 0.20791068101409685
        },
        "AOPC - sufficiency": {
            "mean": 0.21459309539642785,
            "std": 0.25462866205116025
        },
        "AOPC - comprehensiveness": {
            "mean": 0.4792289866021659,
            "std": 0.20770635911391572
        }
    },
    "gradients": {
        "sufficiencies @ 0.01": {
            "mean": 0.25052909821542196,
            "std": 0.32487779919619025
        },
        "comprehensiveness @ 0.01": {
            "mean": 0.4117990558748352,
            "std": 0.40396731362491606
        },
        "sufficiencies @ 0.02": {
            "mean": 0.267684819775493,
            "std": 0.32765064361844504
        },
        "comprehensiveness @ 0.02": {
            "mean": 0.4446032140680595,
            "std": 0.4186423993940962
        },
        "sufficiencies @ 0.05": {
            "mean": 0.21874340404999346,
            "std": 0.2699023530482166
        },
        "comprehensiveness @ 0.05": {
            "mean": 0.3765849851416516,
            "std": 0.4022316588524042
        },
        "sufficiencies @ 0.1": {
            "mean": 0.26459488982707596,
            "std": 0.3475941307613294
        },
        "comprehensiveness @ 0.1": {
            "mean": 0.47116558576091533,
            "std": 0.3904187046669836
        },
        "sufficiencies @ 0.2": {
            "mean": 0.19639428206900975,
            "std": 0.31735239099363655
        },
        "comprehensiveness @ 0.2": {
            "mean": 0.6970606737918474,
            "std": 0.33812072292407563
        },
        "sufficiencies @ 0.5": {
            "mean": 0.20885791325981043,
            "std": 0.3016445714359397
        },
        "comprehensiveness @ 0.5": {
            "mean": 0.745151563580256,
            "std": 0.3188375952912053
        },
        "sufficiencies @ 1.0": {
            "mean": 0.23416858843231875,
            "std": 0.3091066736932482
        },
        "comprehensiveness @ 1.0": {
            "mean": 0.9433864906632208,
            "std": 0.20744409764758887
        },
        "AOPC - sufficiency": {
            "mean": 0.23442471366130335,
            "std": 0.2908711605547764
        },
        "AOPC - comprehensiveness": {
            "mean": 0.5842502241258266,
            "std": 0.21220127814627684
        }
    },
    "deeplift": {
        "sufficiencies @ 0.01": {
            "mean": 0.24349566060114072,
            "std": 0.3226933285672002
        },
        "comprehensiveness @ 0.01": {
            "mean": 0.26964343016068165,
            "std": 0.33610650975675227
        },
        "sufficiencies @ 0.02": {
            "mean": 0.23277827311016078,
            "std": 0.3244262355229632
        },
        "comprehensiveness @ 0.02": {
            "mean": 0.32488754054879476,
            "std": 0.3727613742252646
        },
        "sufficiencies @ 0.05": {
            "mean": 0.2402767401590831,
            "std": 0.3223209557654264
        },
        "comprehensiveness @ 0.05": {
            "mean": 0.26644151952106393,
            "std": 0.24782496897563946
        },
        "sufficiencies @ 0.1": {
            "mean": 0.22724666798727505,
            "std": 0.3119496768185144
        },
        "comprehensiveness @ 0.1": {
            "mean": 0.34336564711477585,
            "std": 0.3171089309718447
        },
        "sufficiencies @ 0.2": {
            "mean": 0.19554835061907386,
            "std": 0.28301729790152963
        },
        "comprehensiveness @ 0.2": {
            "mean": 0.7779195042321987,
            "std": 0.2945212181182158
        },
        "sufficiencies @ 0.5": {
            "mean": 0.204194502045627,
            "std": 0.2764074755324845
        },
        "comprehensiveness @ 0.5": {
            "mean": 0.7381342155902617,
            "std": 0.32768298224760956
        },
        "sufficiencies @ 1.0": {
            "mean": 0.24996778375822565,
            "std": 0.3211360967662099
        },
        "comprehensiveness @ 1.0": {
            "mean": 0.9407448135577299,
            "std": 0.20699565934685735
        },
        "AOPC - sufficiency": {
            "mean": 0.22764399689722659,
            "std": 0.2828507304488878
        },