{
    "deeplift": {
        "sufficiencies @ 0.01": {
            "mean": 0.1247314160647116,
            "std": 0.23466698536735695
        },
        "comprehensiveness @ 0.01": {
            "mean": 0.5151760755123488,
            "std": 0.43062373448484437
        },
        "sufficiencies @ 0.02": {
            "mean": 0.12203006232651395,
            "std": 0.22922899146327133
        },
        "comprehensiveness @ 0.02": {
            "mean": 0.531325846272302,
            "std": 0.4274444462674545
        },
        "sufficiencies @ 0.05": {
            "mean": 0.11559423386067905,
            "std": 0.21949862880980908
        },
        "comprehensiveness @ 0.05": {
            "mean": 0.5839677761522218,
            "std": 0.40873260948491313
        },
        "sufficiencies @ 0.1": {
            "mean": 0.11933862170343755,
            "std": 0.21483377227560638
        },
        "comprehensiveness @ 0.1": {
            "mean": 0.655387405628975,
            "std": 0.36943996061015616
        },
        "sufficiencies @ 0.2": {
            "mean": 0.12966449050509096,
            "std": 0.2074545849341041
        },
        "comprehensiveness @ 0.2": {
            "mean": 0.7563614413773254,
            "std": 0.28385958180766485
        },
        "sufficiencies @ 0.5": {
            "mean": 0.24011638619764034,
            "std": 0.2825857361082716
        },
        "comprehensiveness @ 0.5": {
            "mean": 0.7695381622458188,
            "std": 0.2669875694384679
        },
        "sufficiencies @ 1.0": {
            "mean": 0.27894164128531235,
            "std": 0.3316338701148142
        },
        "comprehensiveness @ 1.0": {
            "mean": 0.8264076315593138,
            "std": 0.22369946639303034
        },
        "AOPC - sufficiency": {
            "mean": 0.16148812170619795,
            "std": 0.17835899003911176
        },
        "AOPC - comprehensiveness": {
            "mean": 0.6625949055354722,
            "std": 0.2523032997197379
        }
    },
    "scaled attention": {
        "sufficiencies @ 0.01": {
            "mean": 0.18070310859383112,
            "std": 0.26688747680138897
        },
        "comprehensiveness @ 0.01": {
            "mean": 0.21134011392596389,
            "std": 0.32258914215862444
        },
        "sufficiencies @ 0.02": {
            "mean": 0.15764445821439427,
            "std": 0.2590701491692671
        },
        "comprehensiveness @ 0.02": {
            "mean": 0.35821363033162745,
            "std": 0.3867773431509726
        },
        "sufficiencies @ 0.05": {
            "mean": 0.14466718056271172,
            "std": 0.2543764390997333
        },
        "comprehensiveness @ 0.05": {
            "mean": 0.27246980965555867,
            "std": 0.37673162531662574
        },
        "sufficiencies @ 0.1": {
            "mean": 0.12973044119088126,
            "std": 0.24414251214307592
        },
        "comprehensiveness @ 0.1": {
            "mean": 0.33066871696824446,
            "std": 0.402433907494277
        },
        "sufficiencies @ 0.2": {
            "mean": 0.1261643713257366,
            "std": 0.2455917379008474
        },
        "comprehensiveness @ 0.2": {
            "mean": 0.499360956467176,
            "std": 0.4329330939514554
        },
        "sufficiencies @ 0.5": {
            "mean": 0.11613624664233345,
            "std": 0.23705609018907103
        },
        "comprehensiveness @ 0.5": {
            "mean": 0.6057576858249343,
            "std": 0.4095466043898229
        },
        "sufficiencies @ 1.0": {
            "mean": 0.11324601504183227,
            "std": 0.23121629113696993
        },
        "comprehensiveness @ 1.0": {
            "mean": 0.5996902704045066,
            "std": 0.4170337035433149
        },
        "AOPC - sufficiency": {
            "mean": 0.1383274030816744,
            "std": 0.19163678309169901
        },
        "AOPC - comprehensiveness": {
            "mean": 0.4110715976540016,
            "std": 0.26108920383127626
        }
    },
    "random": {
        "sufficiencies @ 0.01": {
            "mean": 0.12659872424603955,
            "std": 0.20592187363847073
        },
        "comprehensiveness @ 0.01": {
            "mean": 0.5895276093120324,
            "std": 0.3822088618018279
        },
        "sufficiencies @ 0.02": {
            "mean": 0.12560231094661248,
            "std": 0.20387275147921233
        },
        "comprehensiveness @ 0.02": {
            "mean": 0.6008380687233801,
            "std": 0.37807344674529925
        },
        "sufficiencies @ 0.05": {
            "mean": 0.1266019102464295,
            "std": 0.2085378158164076
        },
        "comprehensiveness @ 0.05": {
            "mean": 0.6222148281283689,
            "std": 0.3702296271317029
        },
        "sufficiencies @ 0.1": {
            "mean": 0.1260499239365802,
            "std": 0.204441702495057
        },
        "comprehensiveness @ 0.1": {
            "mean": 0.6773375742622681,
            "std": 0.34557571833918316
        },
        "sufficiencies @ 0.2": {
            "mean": 0.14566941758106633,
            "std": 0.19732432894869642
        },
        "comprehensiveness @ 0.2": {
            "mean": 0.7752586300454992,
            "std": 0.27503144332885276
        },
        "sufficiencies @ 0.5": {
            "mean": 0.23358653821683167,
            "std": 0.26048160443272
        },
        "comprehensiveness @ 0.5": {
            "mean": 0.7687963878688155,
            "std": 0.2573597559707127
        },
        "sufficiencies @ 1.0": {
            "mean": 0.2366141649522018,
            "std": 0.2710078740880425
        },
        "comprehensiveness @ 1.0": {
            "mean": 0.7964852025089894,
            "std": 0.24341129693574592
        },
        "AOPC - sufficiency": {
            "mean": 0.16010328430368023,
            "std": 0.17430645763332092
        },
        "AOPC - comprehensiveness": {
            "mean": 0.6900654715499077,
            "std": 0.22604184247365147
        }
    },
    "ig": {
        "sufficiencies @ 0.01": {
            "mean": 0.12591916305797465,
            "std": 0.22272176910642388
        },
        "comprehensiveness @ 0.01": {
            "mean": 0.5753932145696187,
            "std": 0.4138465919872102
        },
        "sufficiencies @ 0.02": {
            "mean": 0.13059923066584841,
            "std": 0.22688230485712235
        },
        "comprehensiveness @ 0.02": {
            "mean": 0.5810713186173064,
            "std": 0.4126579135981963
        },
        "sufficiencies @ 0.05": {
            "mean": 0.133647022821082,
            "std": 0.22574538429786253
        },
        "comprehensiveness @ 0.05": {
            "mean": 0.6021537598351631,
            "std": 0.40284392436399913
        },
        "sufficiencies @ 0.1": {
            "mean": 0.14321670265345018,
            "std": 0.2245329067767987
        },
        "comprehensiveness @ 0.1": {
            "mean": 0.660341999892311,
            "std": 0.37282236600242136
        },
        "sufficiencies @ 0.2": {
            "mean": 0.16650845640586898,
            "std": 0.22717504744706613
        },
        "comprehensiveness @ 0.2": {
            "mean": 0.7645662563152132,
            "std": 0.28986646566991553
        },
        "sufficiencies @ 0.5": {
            "mean": 0.24586277139020526,
            "std": 0.28199013992174193
        },
        "comprehensiveness @ 0.5": {
            "mean": 0.7614687224872799,
            "std": 0.27190319837349036
        },
        "sufficiencies @ 1.0": {
            "mean": 0.25220988917379644,
            "std": 0.29568348489618945
        },
        "comprehensiveness @ 1.0": {
            "mean": 0.7985054580739765,
            "std": 0.24921476978499854
        },
        "AOPC - sufficiency": {
            "mean": 0.17113760516688942,
            "std": 0.1826830574647206
        },