{
    "ig": {
        "sufficiencies @ 1.0": {
            "mean": 0.102726166049477,
            "std": 0.23539470728727324
        },
        "comprehensiveness @ 1.0": {
            "mean": NaN,
            "std": NaN
        },
        "AOPC - sufficiency": {
            "mean": 0.08734249965323285,
            "std": 0.2152117263255209
        },
        "AOPC - comprehensiveness": {
            "mean": NaN,
            "std": NaN
        }
    },
    "deeplift": {
        "sufficiencies @ 1.0": {
            "mean": 0.08450152763154316,
            "std": 0.21548460536092023
        },
        "comprehensiveness @ 1.0": {
            "mean": 0.9574912755664416,
            "std": 0.19545984481953407
        },
        "AOPC - sufficiency": {
            "mean": 0.08932419869423244,
            "std": 0.21456282133542556
        },
        "AOPC - comprehensiveness": {
            "mean": 0.9564240730042705,
            "std": 0.19525496316609076
        }
    },
    "random": {
        "sufficiencies @ 1.0": {
            "mean": 0.15826864801530593,
            "std": 0.2592998174754277
        },
        "comprehensiveness @ 1.0": {
            "mean": 0.9550054406167315,
            "std": 0.1949894409977282
        },
        "AOPC - sufficiency": {
            "mean": 0.15620181557831017,
            "std": 0.24369423066132828
        },
        "AOPC - comprehensiveness": {
            "mean": 0.9539478480126663,
            "std": 0.19479634337311535
        }
    },
    "gradients": {
        "sufficiencies @ 1.0": {
            "mean": 0.08243022690859153,
            "std": 0.23110840111661332
        },
        "comprehensiveness @ 1.0": {
            "mean": 0.952541922547574,
            "std": 0.19454608180977942
        },
        "AOPC - sufficiency": {
            "mean": 0.08176582771446761,
            "std": 0.2087448794218303
        },
        "AOPC - comprehensiveness": {
            "mean": 0.9514937042043414,
            "std": 0.1943640079783165
        }
    },
    "scaled attention": {
        "sufficiencies @ 1.0": {
            "mean": 0.0782160281522104,
            "std": 0.21102220245772738
        },
        "comprehensiveness @ 1.0": {
            "mean": 0.9501001764912926,
            "std": 0.19412802630923265
        },
        "AOPC - sufficiency": {
            "mean": 0.09098174040555658,
            "std": 0.22168334255846053
        },
        "AOPC - comprehensiveness": {
            "mean": 0.9490611079204229,
            "std": 0.19395627392622455
        }
    },
    "attention": {
        "sufficiencies @ 1.0": {
            "mean": 0.07985861889149215,
            "std": 0.20687219249220917
        },
        "comprehensiveness @ 1.0": {
            "mean": 0.9476796833825413,
            "std": 0.193733665801549
        },
        "AOPC - sufficiency": {
            "mean": 0.081101910453122,
            "std": 0.2103231190840937
        },
        "AOPC - comprehensiveness": {
            "mean": 0.9466495505350461,
            "std": 0.1935715853040422
        }
    }
}