{
    "scaled attention": {
        "sufficiencies @ 1.0": {
            "mean": 0.7421087250835153,
            "std": 0.36407721459419284
        },
        "comprehensiveness @ 1.0": {
            "mean": 0.7421087250835153,
            "std": 0.36407721459419284
        },
        "AOPC - sufficiency": {
            "mean": 0.7421087250835153,
            "std": 0.36407721459419284
        },
        "AOPC - comprehensiveness": {
            "mean": 0.7421087250835153,
            "std": 0.36407721459419284
        }
    },
    "random": {
        "sufficiencies @ 1.0": {
            "mean": 0.6768776857042716,
            "std": 0.38731099934415225
        },
        "comprehensiveness @ 1.0": {
            "mean": 0.6768776857042716,
            "std": 0.38731099934415225
        },
        "AOPC - sufficiency": {
            "mean": 0.6768776857042715,
            "std": 0.38731099934415225
        },
        "AOPC - comprehensiveness": {
            "mean": 0.6768776857042715,
            "std": 0.38731099934415225
        }
    },
    "ig": {
        "sufficiencies @ 1.0": {
            "mean": 0.741317221991752,
            "std": 0.36456268081388254
        },
        "comprehensiveness @ 1.0": {
            "mean": 0.741317221991752,
            "std": 0.36456268081388254
        },
        "AOPC - sufficiency": {
            "mean": 0.741317221991752,
            "std": 0.3645626808138826
        },
        "AOPC - comprehensiveness": {
            "mean": 0.741317221991752,
            "std": 0.3645626808138826
        }
    },
    "attention": {
        "sufficiencies @ 1.0": {
            "mean": 0.7484486697499299,
            "std": 0.3580724761055879
        },
        "comprehensiveness @ 1.0": {
            "mean": 0.7484486697499299,
            "std": 0.3580724761055879
        },
        "AOPC - sufficiency": {
            "mean": 0.7484486697499299,
            "std": 0.3580724761055879
        },
        "AOPC - comprehensiveness": {
            "mean": 0.7484486697499299,
            "std": 0.3580724761055879
        }
    },
    "gradients": {
        "sufficiencies @ 1.0": {
            "mean": 0.7219890633966214,
            "std": 0.37381658176368177
        },
        "comprehensiveness @ 1.0": {
            "mean": 0.7219890633966214,
            "std": 0.37381658176368177
        },
        "AOPC - sufficiency": {
            "mean": 0.7219890633966213,
            "std": 0.37381658176368177
        },
        "AOPC - comprehensiveness": {
            "mean": 0.7219890633966213,
            "std": 0.37381658176368177
        }
    },
    "deeplift": {
        "sufficiencies @ 1.0": {
            "mean": 0.7516220652075717,
            "std": 0.3572479889940883
        },
        "comprehensiveness @ 1.0": {
            "mean": 0.7516220652075717,
            "std": 0.3572479889940883
        },
        "AOPC - sufficiency": {
            "mean": 0.7516220652075717,
            "std": 0.3572479889940883
        },
        "AOPC - comprehensiveness": {
            "mean": 0.7516220652075717,
            "std": 0.3572479889940883
        }
    }
}