,feature,Soft_sufficiency,Suff_ratio,Soft_comprehensiveness,Comp_ratio
0,random,0.41095500335356105,1.0,0.587153834631941,1.0
1,attention,0.21079307562616903,0.5129346860508115,0.16170714867006902,0.2754084860425643
2,scaled attention,0.17745124082580302,0.43180211793925916,0.164560298874649,0.2802677751015696
3,gradients,0.24063020694209902,0.5855390614019979,0.215834699060814,0.36759480451338716
4,ig,0.346621687390863,0.843454111915631,0.571510719051601,0.9733577221885199
5,deeplift,0.44201553795771703,1.0755813516095176,0.5094633869432771,0.8676829765791031
