{
    "attention": {
        "sufficiencies @ 1.0": {
            "mean": 0.8306491018355082,
            "std": 0.2942524366240415
        },
        "comprehensiveness @ 1.0": {
            "mean": 0.8306491018355082,
            "std": 0.2942524366240415
        },
        "AOPC - sufficiency": {
            "mean": 0.8306491018355082,
            "std": 0.2942524366240415
        },
        "AOPC - comprehensiveness": {
            "mean": 0.8306491018355082,
            "std": 0.2942524366240415
        }
    },
    "random": {
        "sufficiencies @ 1.0": {
            "mean": 0.771825352975693,
            "std": 0.31732741433564615
        },
        "comprehensiveness @ 1.0": {
            "mean": 0.771825352975693,
            "std": 0.31732741433564615
        },
        "AOPC - sufficiency": {
            "mean": 0.771825352975693,
            "std": 0.31732741433564615
        },
        "AOPC - comprehensiveness": {
            "mean": 0.771825352975693,
            "std": 0.31732741433564615
        }
    },
    "deeplift": {
        "sufficiencies @ 1.0": {
            "mean": 0.8287921615259,
            "std": 0.2942816713849033
        },
        "comprehensiveness @ 1.0": {
            "mean": 0.8287921615259,
            "std": 0.2942816713849033
        },
        "AOPC - sufficiency": {
            "mean": 0.8287921615259,
            "std": 0.2942816713849033
        },
        "AOPC - comprehensiveness": {
            "mean": 0.8287921615259,
            "std": 0.2942816713849033
        }
    },
    "ig": {
        "sufficiencies @ 1.0": {
            "mean": 0.8306543558244156,
            "std": 0.2938154927120736
        },
        "comprehensiveness @ 1.0": {
            "mean": 0.8306543558244156,
            "std": 0.2938154927120736
        },
        "AOPC - sufficiency": {
            "mean": 0.8306543558244156,
            "std": 0.29381549271207363
        },
        "AOPC - comprehensiveness": {
            "mean": 0.8306543558244156,
            "std": 0.29381549271207363
        }
    },
    "gradients": {
        "sufficiencies @ 1.0": {
            "mean": 0.8380439038402432,
            "std": 0.2883212335697632
        },
        "comprehensiveness @ 1.0": {
            "mean": 0.8380439038402432,
            "std": 0.2883212335697632
        },
        "AOPC - sufficiency": {
            "mean": 0.8380439038402432,
            "std": 0.2883212335697632
        },
        "AOPC - comprehensiveness": {
            "mean": 0.8380439038402432,
            "std": 0.2883212335697632
        }
    },
    "scaled attention": {
        "sufficiencies @ 1.0": {
            "mean": 0.8249351181432506,
            "std": 0.29633159039191204
        },
        "comprehensiveness @ 1.0": {
            "mean": 0.8249351181432506,
            "std": 0.29633159039191204
        },
        "AOPC - sufficiency": {
            "mean": 0.8249351181432506,
            "std": 0.29633159039191204
        },
        "AOPC - comprehensiveness": {
            "mean": 0.8249351181432506,
            "std": 0.29633159039191204
        }
    }
}