{
    "fixed-deeplift": {
        "comprehensiveness": {
            "mean": 0.547429267030691,
            "std": 0.40055217557228934
        },
        "sufficiency": {
            "mean": 0.1369605881218733,
            "std": 0.21251704772573035
        }
    },
    "fixed-lime": {
        "comprehensiveness": {
            "mean": 0.551656324608046,
            "std": 0.4178453418171573
        },
        "sufficiency": {
            "mean": 0.14114965576367966,
            "std": 0.22318406033743934
        }
    },
    "fixed-attention": {
        "comprehensiveness": {
            "mean": 0.49820449674132666,
            "std": 0.4091169985706105
        },
        "sufficiency": {
            "mean": 0.1481022969704693,
            "std": 0.2236804511059709
        }
    },
    "fixed-ig": {
        "comprehensiveness": {
            "mean": 0.5582087052660831,
            "std": 0.40793589073837444
        },
        "sufficiency": {
            "mean": 0.12170654744210002,
            "std": 0.2108984946534634
        }
    },
    "fixed-gradients": {
        "comprehensiveness": {
            "mean": 0.5493661757302789,
            "std": 0.4134712299554948
        },
        "sufficiency": {
            "mean": 0.15861382329302115,
            "std": 0.24004420426721756
        }
    },
    "fixed-scaled attention": {
        "comprehensiveness": {
            "mean": 0.5614769581361696,
            "std": 0.4161400954697224
        },
        "sufficiency": {
            "mean": 0.12374057761412975,
            "std": 0.19434972487925561
        }
    },
    "fixed-random": {
        "comprehensiveness": {
            "mean": 0.5009471552792978,
            "std": 0.40350738417466725
        },
        "sufficiency": {
            "mean": 0.1299387170693601,
            "std": 0.20387105643767833
        }
    },
    "fixed-fixed-len_var-feat": {
        "comprehensiveness": {
            "mean": 0.7078705136499043,
            "std": 0.3667914977522217
        },
        "sufficiency": {
            "mean": 0.1791886055194441,
            "std": 0.2399231429098436
        }
    },
    "fixed-fixed-len_var-feat_var-type": {
        "comprehensiveness": {
            "mean": 0.7384569092781771,
            "std": 0.3533037563683677
        },
        "sufficiency": {
            "mean": 0.17647252350211667,
            "std": 0.23706898396815992
        }
    },
    "var-deeplift": {
        "comprehensiveness": {
            "mean": 0.6094615322606686,
            "std": 0.39284985662316096
        },
        "sufficiency": {
            "mean": 0.10479098454777691,
            "std": 0.17941151272808234
        }
    },
    "var-lime": {
        "comprehensiveness": {
            "mean": 0.5878429730250672,
            "std": 0.4164153069294468
        },
        "sufficiency": {
            "mean": 0.09490808801653207,
            "std": 0.1841438666458814
        }
    },
    "var-attention": {
        "comprehensiveness": {
            "mean": 0.5583604967885771,
            "std": 0.40240470288164715
        },
        "sufficiency": {
            "mean": 0.10246193166726028,
            "std": 0.1855169429557145
        }
    },
    "var-ig": {
        "comprehensiveness": {
            "mean": 0.6170673125722534,
            "std": 0.40111527251068474
        },
        "sufficiency": {
            "mean": 0.08550299567968836,
            "std": 0.17763471226771463
        }
    },
    "var-gradients": {
        "comprehensiveness": {
            "mean": 0.6052924112399997,
            "std": 0.4078258944448535
        },
        "sufficiency": {
            "mean": 0.11049451600353022,
            "std": 0.20033815377350997
        }
    },
    "var-scaled attention": {
        "comprehensiveness": {
            "mean": 0.6095799344627149,
            "std": 0.40558962478002486
        },
        "sufficiency": {
            "mean": 0.10311342504330726,
            "std": 0.183457858767057
        }
    },
    "var-random": {
        "comprehensiveness": {
            "mean": 0.5731114333874517,
            "std": 0.39755821538547786
        },
        "sufficiency": {
            "mean": 0.08899940594137892,
            "std": 0.1725692033687529
        }
    },
    "var-var-len_var-feat": {
        "comprehensiveness": {
            "mean": 0.7565492066394193,
            "std": 0.34621058747710115
        },
        "sufficiency": {
            "mean": 0.11881114897328254,
            "std": 0.1974551199684631
        }
    },
    "var-var-len_var-feat_var-type": {
        "comprehensiveness": {
            "mean": 0.8022498643418685,
            "std": 0.3185238131956753
        },
        "sufficiency": {
            "mean": 0.10941112362793849,
            "std": 0.19222474951771257
        }
    }
}