{
    "fixed-deeplift": {
        "comprehensiveness": {
            "mean": 0.16848685148274292,
            "std": 0.3416630566766433
        },
        "sufficiency": {
            "mean": 0.3572128103363664,
            "std": 0.41728536505821556
        }
    },
    "fixed-lime": {
        "comprehensiveness": {
            "mean": 0.2289923857942982,
            "std": 0.3970255534744014
        },
        "sufficiency": {
            "mean": 0.32720466002744314,
            "std": 0.39168998088792073
        }
    },
    "fixed-attention": {
        "comprehensiveness": {
            "mean": 0.49490373876794064,
            "std": 0.4589444838416588
        },
        "sufficiency": {
            "mean": 0.7457142945637719,
            "std": 0.367992311445837
        }
    },
    "fixed-ig": {
        "comprehensiveness": {
            "mean": 0.3671085255955808,
            "std": 0.4437812064950156
        },
        "sufficiency": {
            "mean": 0.5591666136169806,
            "std": 0.43511631418922936
        }
    },
    "fixed-gradients": {
        "comprehensiveness": {
            "mean": 0.3889130340940836,
            "std": 0.45305242026471104
        },
        "sufficiency": {
            "mean": 0.6161054407524514,
            "std": 0.4320801608731837
        }
    },
    "fixed-scaled attention": {
        "comprehensiveness": {
            "mean": 0.6208043247614923,
            "std": 0.4407540262936181
        },
        "sufficiency": {
            "mean": 0.829269451426161,
            "std": 0.3076111180280643
        }
    },
    "fixed-random": {
        "comprehensiveness": {
            "mean": 0.16716324051357484,
            "std": 0.3387312501097131
        },
        "sufficiency": {
            "mean": 0.35251640378200033,
            "std": 0.4080027348036158
        }
    },
    "fixed-fixed-len_var-feat": {
        "comprehensiveness": {
            "mean": 0.6738789808693076,
            "std": 0.4262239625510224
        },
        "sufficiency": {
            "mean": 0.8061168963406493,
            "std": 0.32605943425748796
        }
    },
    "fixed-fixed-len_var-feat_var-type": {
        "comprehensiveness": {
            "mean": 0.9343068189323983,
            "std": 0.1972985456605044
        },
        "sufficiency": {
            "mean": 0.475747896691933,
            "std": 0.4235776294089937
        }
    },
    "var-deeplift": {
        "comprehensiveness": {
            "mean": 0.2640146565040494,
            "std": 0.40808412853690573
        },
        "sufficiency": {
            "mean": 0.4156817401423015,
            "std": 0.44236947135704274
        }
    },
    "var-lime": {
        "comprehensiveness": {
            "mean": 0.3208050722347328,
            "std": 0.4406469532061808
        },
        "sufficiency": {
            "mean": 0.3518993515974393,
            "std": 0.40499369810951286
        }
    },
    "var-attention": {
        "comprehensiveness": {
            "mean": 0.6589035934516384,
            "std": 0.4358165294195139
        },
        "sufficiency": {
            "mean": 0.755178038862909,
            "std": 0.3721098631380814
        }
    },
    "var-ig": {
        "comprehensiveness": {
            "mean": 0.5026109071542931,
            "std": 0.457458864598922
        },
        "sufficiency": {
            "mean": 0.615647095956956,
            "std": 0.4288219821656405
        }
    },
    "var-gradients": {
        "comprehensiveness": {
            "mean": 0.5599723784203181,
            "std": 0.4579846784109208
        },
        "sufficiency": {
            "mean": 0.6479857260678222,
            "std": 0.4218056204554894
        }
    },
    "var-scaled attention": {
        "comprehensiveness": {
            "mean": 0.757732891902237,
            "std": 0.3836783034715238
        },
        "sufficiency": {
            "mean": 0.8102393269944717,
            "std": 0.3286431202753448
        }
    },
    "var-random": {
        "comprehensiveness": {
            "mean": 0.2680679648864245,
            "std": 0.4052230155363473
        },
        "sufficiency": {
            "mean": 0.4279608857020018,
            "std": 0.4314140285232805
        }
    },
    "var-var-len_var-feat": {
        "comprehensiveness": {
            "mean": 0.8017418062662021,
            "std": 0.3600773954655432
        },
        "sufficiency": {
            "mean": 0.8016361183374303,
            "std": 0.33262054219462256
        }
    },
    "var-var-len_var-feat_var-type": {
        "comprehensiveness": {
            "mean": 0.9522268004456742,
            "std": 0.16864919405486783
        },
        "sufficiency": {
            "mean": 0.5133773718420142,
            "std": 0.42449903309144443
        }
    }
}