{
    "fixed": {
        "gradients": {
            "f1 score - model labels": 94.749,
            "f1 score - actual labels": 90.479,
            "sufficiency": {
                "mean": 0.27175921623617716,
                "std": 0.35816777633540064
            },
            "comprehensiveness": {
                "mean": 0.11244873174369507,
                "std": 0.2857821343250623
            }
        },
        "lime": {
            "f1 score - model labels": 93.966,
            "f1 score - actual labels": 90.189,
            "sufficiency": {
                "mean": 0.2448272574950209,
                "std": 0.3597099713394544
            },
            "comprehensiveness": {
                "mean": 0.15215267031322477,
                "std": 0.3343944067573939
            }
        },
        "attention": {
            "f1 score - model labels": 92.642,
            "f1 score - actual labels": 89.035,
            "sufficiency": {
                "mean": 0.33267872276155636,
                "std": 0.38278395784556946
            },
            "comprehensiveness": {
                "mean": 0.13528594924015702,
                "std": 0.31112251483893516
            }
        },
        "gradients-ig": {
            "f1 score - model labels": 90.249,
            "f1 score - actual labels": 87.674,
            "sufficiency": {
                "mean": 0.3443562205126859,
                "std": 0.3848346916885067
            },
            "comprehensiveness": {
                "mean": 0.16879131600394842,
                "std": 0.3400793388069053
            }
        },
        "attention-scaled attention": {
            "f1 score - model labels": 88.066,
            "f1 score - actual labels": 86.115,
            "sufficiency": {
                "mean": 0.40027006109077007,
                "std": 0.4019390356123396
            },
            "comprehensiveness": {
                "mean": 0.18754521339967326,
                "std": 0.3551686392713441
            }
        },
        "lime-scaled attention": {
            "f1 score - model labels": 87.864,
            "f1 score - actual labels": 86.195,
            "sufficiency": {
                "mean": 0.4246198796668856,
                "std": 0.40852834490711853
            },
            "comprehensiveness": {
                "mean": 0.21445455414841688,
                "std": 0.3752463143174188
            }
        },
        "deeplift-attention": {
            "f1 score - model labels": 91.298,
            "f1 score - actual labels": 87.969,
            "sufficiency": {
                "mean": 0.3404185574324143,
                "std": 0.38493972232599627
            },
            "comprehensiveness": {
                "mean": 0.16111549207362796,
                "std": 0.33549052333761264
            }
        },
        "deeplift-gradients-ig": {
            "f1 score - model labels": 89.452,
            "f1 score - actual labels": 86.951,
            "sufficiency": {
                "mean": 0.3567455992314837,
                "std": 0.38885217979580156
            },
            "comprehensiveness": {
                "mean": 0.18714788505424532,
                "std": 0.3554605007713107
            }
        },
        "lime-attention-scaled attention": {
            "f1 score - model labels": 87.352,
            "f1 score - actual labels": 85.613,
            "sufficiency": {
                "mean": 0.4148529593108182,
                "std": 0.40473400812835114
            },
            "comprehensiveness": {
                "mean": 0.2158015442233111,
                "std": 0.37616892539627445
            }
        },
        "lime-deeplift-scaled attention": {
            "f1 score - model labels": 87.704,
            "f1 score - actual labels": 86.049,
            "sufficiency": {
                "mean": 0.4144217083364818,
                "std": 0.404719756500705
            },
            "comprehensiveness": {
                "mean": 0.21772345576049015,
                "std": 0.37686574452457955
            }
        },
        "attention-deeplift-gradients-ig": {
            "f1 score - model labels": 88.682,
            "f1 score - actual labels": 86.299,
            "sufficiency": {
                "mean": 0.37535512554871464,
                "std": 0.39496544956228086
            },
            "comprehensiveness": {
                "mean": 0.19676610168062011,
                "std": 0.36312109130041476
            }
        },
        "lime-deeplift-gradients-scaled attention": {
            "f1 score - model labels": 87.721,
            "f1 score - actual labels": 85.868,
            "sufficiency": {
                "mean": 0.39513509648857026,
                "std": 0.40108638172087424
            },
            "comprehensiveness": {
                "mean": 0.21386062379798623,
                "std": 0.37499092422453245
            }
        },
        "attention-ig-gradients-deeplift-scaled attention": {
            "f1 score - model labels": 87.156,
            "f1 score - actual labels": 85.354,
            "sufficiency": {
                "mean": 0.4054694860586029,
                "std": 0.4021969357680349
            },
            "comprehensiveness": {
                "mean": 0.2138431952818205,
                "std": 0.37438645288268674
            }
        },
        "lime-attention-ig-deeplift-gradients": {
            "f1 score - model labels": 87.86,
            "f1 score - actual labels": 85.785,
            "sufficiency": {
                "mean": 0.3860213540108352,
                "std": 0.3975423282201659
            },
            "comprehensiveness": {
                "mean": 0.21231345888861602,
                "std": 0.3746204384583103
            }
        },
        "lime-attention-ig-gradients-deeplift-scaled attention": {
            "f1 score - model labels": 86.784,
            "f1 score - actual labels": 85.054,
            "sufficiency": {
                "mean": 0.41339762779240596,
                "std": 0.40388995514269743
            },
            "comprehensiveness": {
                "mean": 0.22470549115129176,
                "std": 0.3817656416635562
            }
        }
    },
    "variable": {
        "gradients": {
            "f1 score - model labels": 93.9,
            "f1 score - actual labels": 90.301,
            "sufficiency": {
                "mean": 0.17859440963842166,
                "std": 0.30145059661253115
            },
            "comprehensiveness": {
                "mean": 0.1161493212819403,
                "std": 0.2915193289878088
            }
        },
        "lime": {
            "f1 score - model labels": 91.87,
            "f1 score - actual labels": 89.04,
            "sufficiency": {
                "mean": 0.20118139107820107,
                "std": 0.3339512298166812
            },
            "comprehensiveness": {
                "mean": 0.18615094210851207,
                "std": 0.3640976385969625
            }
        },
        "attention": {
            "f1 score - model labels": 92.127,
            "f1 score - actual labels": 88.76,
            "sufficiency": {
                "mean": 0.21734556583668038,
                "std": 0.33315861700531907
            },
            "comprehensiveness": {
                "mean": 0.1359987297399009,
                "std": 0.3139131671748345
            }
        },
        "gradients-ig": {
            "f1 score - model labels": 88.774,
            "f1 score - actual labels": 87.131,
            "sufficiency": {
                "mean": 0.2526396387131888,
                "std": 0.3503739020688875
            },
            "comprehensiveness": {
                "mean": 0.1842609104432371,
                "std": 0.35421991568480404
            }
        },
        "attention-scaled attention": {
            "f1 score - model labels": 87.023,
            "f1 score - actual labels": 85.676,