{
    "fixed-deeplift": {
        "sufficiency": {
            "mean": 0.629022245962207,
            "std": 0.40393264665376205
        },
        "comprehensiveness": {
            "mean": 0.18782505961708434,
            "std": 0.3445388384408546
        }
    },
    "fixed-lime": {
        "sufficiency": {
            "mean": 0.5257975424393123,
            "std": 0.4211294243792812
        },
        "comprehensiveness": {
            "mean": 0.1766856035497435,
            "std": 0.3448934825561432
        }
    },
    "fixed-attention": {
        "sufficiency": {
            "mean": 0.6884252633228786,
            "std": 0.38469386143140955
        },
        "comprehensiveness": {
            "mean": 0.21072120294506858,
            "std": 0.3608933502974825
        }
    },
    "fixed-ig": {
        "sufficiency": {
            "mean": 0.7071405400493309,
            "std": 0.3722865990725928
        },
        "comprehensiveness": {
            "mean": 0.24470696202585188,
            "std": 0.3812462258178099
        }
    },
    "fixed-gradients": {
        "sufficiency": {
            "mean": 0.6252560670847443,
            "std": 0.4047567526527378
        },
        "comprehensiveness": {
            "mean": 0.1683110498662155,
            "std": 0.3295896350131446
        }
    },
    "fixed-scaled attention": {
        "sufficiency": {
            "mean": 0.717201884349895,
            "std": 0.37156395856727686
        },
        "comprehensiveness": {
            "mean": 0.2555325048543113,
            "std": 0.3873784065451631
        }
    },
    "fixed-random": {
        "sufficiency": {
            "mean": 0.6109224129181776,
            "std": 0.41146263454803134
        },
        "comprehensiveness": {
            "mean": 0.16006318458342877,
            "std": 0.3190711139977896
        }
    },
    "fixed-fixed-len_var-feat": {
        "sufficiency": {
            "mean": 0.7667281862005435,
            "std": 0.3375289339172482
        },
        "comprehensiveness": {
            "mean": 0.30882255559042726,
            "std": 0.41280445637444846
        }
    },
    "fixed-fixed-len_var-feat_var-type": {
        "sufficiency": {
            "mean": 0.8319384434170248,
            "std": 0.3066147069892663
        },
        "comprehensiveness": {
            "mean": 0.714503720997817,
            "std": 0.4005860363938825
        }
    },
    "var-deeplift": {
        "sufficiency": {
            "mean": 0.5548639019121792,
            "std": 0.4148930242950225
        },
        "comprehensiveness": {
            "mean": 0.24573084348269902,
            "std": 0.38561487652756776
        }
    },
    "var-lime": {
        "sufficiency": {
            "mean": 0.42035435298538976,
            "std": 0.4145061506788717
        },
        "comprehensiveness": {
            "mean": 0.22087906250495043,
            "std": 0.38123578916625916
        }
    },
    "var-attention": {
        "sufficiency": {
            "mean": 0.5665725843379797,
            "std": 0.41869973196250554
        },
        "comprehensiveness": {
            "mean": 0.21805978875586465,
            "std": 0.37157218057374025
        }
    },
    "var-ig": {
        "sufficiency": {
            "mean": 0.6292912859380662,
            "std": 0.39921558957465775
        },
        "comprehensiveness": {
            "mean": 0.2857363029098707,
            "std": 0.4041715810416819
        }
    },
    "var-gradients": {
        "sufficiency": {
            "mean": 0.5178077943366559,
            "std": 0.4206257535072318
        },
        "comprehensiveness": {
            "mean": 0.18050668988106255,
            "std": 0.3437988415647928
        }
    },
    "var-scaled attention": {
        "sufficiency": {
            "mean": 0.6232606310502106,
            "std": 0.4080316704713507
        },
        "comprehensiveness": {
            "mean": 0.279153362169902,
            "std": 0.4026364773930872
        }
    },
    "var-random": {
        "sufficiency": {
            "mean": 0.5355305908495315,
            "std": 0.4197141873409139
        },
        "comprehensiveness": {
            "mean": 0.19971794577601373,
            "std": 0.3530147506244288
        }
    },
    "var-var-len_var-feat": {
        "sufficiency": {
            "mean": 0.6766798219545901,
            "std": 0.382870334997008
        },
        "comprehensiveness": {
            "mean": 0.34125323093403,
            "std": 0.4298817545745814
        }
    },
    "var-var-len_var-feat_var-type": {
        "sufficiency": {
            "mean": 0.7514209248788171,
            "std": 0.35845539234219365
        },
        "comprehensiveness": {
            "mean": 0.6846414690430227,
            "std": 0.4169805156711139
        }
    }
}