{
    "fixed": {
        "gradients": {
            "f1 score - model labels": 82.904,
            "f1 score - actual labels": 80.338,
            "sufficiency": {
                "mean": 0.4777657275268882,
                "std": 0.43158484087993565
            },
            "comprehensiveness": {
                "mean": 0.25288535318798816,
                "std": 0.3902308920540592
            }
        },
        "ig-gradients": {
            "f1 score - model labels": 65.92,
            "f1 score - actual labels": 65.715,
            "sufficiency": {
                "mean": 0.6193622794077316,
                "std": 0.41571585484053764
            },
            "comprehensiveness": {
                "mean": 0.43370374057298045,
                "std": 0.45456713565291645
            }
        },
        "ig-deeplift-gradients": {
            "f1 score - model labels": 63.776,
            "f1 score - actual labels": 64.087,
            "sufficiency": {
                "mean": 0.628064038455637,
                "std": 0.4175330729129
            },
            "comprehensiveness": {
                "mean": 0.49166211002804344,
                "std": 0.4592820096695067
            }
        },
        "ig-attention-deeplift-gradients": {
            "f1 score - model labels": 45.611,
            "f1 score - actual labels": 46.274,
            "sufficiency": {
                "mean": 0.797974974605332,
                "std": 0.336054196475142
            },
            "comprehensiveness": {
                "mean": 0.6528087196436512,
                "std": 0.4246039616735492
            }
        },
        "ig-deeplift-attention-gradients-scaled attention": {
            "f1 score - model labels": 40.339,
            "f1 score - actual labels": 41.749,
            "sufficiency": {
                "mean": 0.8186268240819814,
                "std": 0.320173963190168
            },
            "comprehensiveness": {
                "mean": 0.6989234088963966,
                "std": 0.4061775545256498
            }
        },
        "ig-deeplift-attention-gradients-lime-scaled attention": {
            "f1 score - model labels": 38.29,
            "f1 score - actual labels": 40.278,
            "sufficiency": {
                "mean": 0.8256576255311501,
                "std": 0.31473679381118397
            },
            "comprehensiveness": {
                "mean": 0.721362954935687,
                "std": 0.39690038501579655
            }
        }
    },
    "variable": {
        "gradients": {
            "f1 score - model labels": 83.826,
            "f1 score - actual labels": 82.006,
            "sufficiency": {
                "mean": 0.3219071156317148,
                "std": 0.4013118800031976
            },
            "comprehensiveness": {
                "mean": 0.24241310368716565,
                "std": 0.38903780808390964
            }
        },
        "ig-gradients": {
            "f1 score - model labels": 66.951,
            "f1 score - actual labels": 67.745,
            "sufficiency": {
                "mean": 0.46771418794701597,
                "std": 0.43043731667358864
            },
            "comprehensiveness": {
                "mean": 0.41793419866919296,
                "std": 0.4541365380816028
            }
        },
        "ig-deeplift-gradients": {
            "f1 score - model labels": 61.389,
            "f1 score - actual labels": 62.904,
            "sufficiency": {
                "mean": 0.514903970647685,
                "std": 0.43053033801545526
            },
            "comprehensiveness": {
                "mean": 0.48970343559916385,
                "std": 0.46365686528871336
            }
        },
        "ig-attention-deeplift-gradients": {
            "f1 score - model labels": 46.725,
            "f1 score - actual labels": 48.752,
            "sufficiency": {
                "mean": 0.7047262888900836,
                "std": 0.3857838834528156
            },
            "comprehensiveness": {
                "mean": 0.6249753489079517,
                "std": 0.4363752031924521
            }
        },
        "ig-deeplift-attention-gradients-scaled attention": {
            "f1 score - model labels": 41.352,
            "f1 score - actual labels": 43.7,
            "sufficiency": {
                "mean": 0.7346682475708938,
                "std": 0.3714726872062544
            },
            "comprehensiveness": {
                "mean": 0.6747567117828179,
                "std": 0.4192205562423023
            }
        },
        "ig-deeplift-attention-gradients-lime-scaled attention": {
            "f1 score - model labels": 38.877,
            "f1 score - actual labels": 41.434,
            "sufficiency": {
                "mean": 0.7410690339926518,
                "std": 0.3671564348490877
            },
            "comprehensiveness": {
                "mean": 0.6911660874264717,
                "std": 0.41542163713736374
            }
        }
    }
}