{
    "ig": {
        "sufficiencies @ 0.01": {
            "mean": 0.6101382893016062,
            "std": 0.4746404523046212
        },
        "comprehensiveness @ 0.01": {
            "mean": 0.4210277937883525,
            "std": 0.47988760272379766
        },
        "sufficiencies @ 0.02": {
            "mean": 0.610630497599119,
            "std": 0.47437564136161237
        },
        "comprehensiveness @ 0.02": {
            "mean": 0.4207256839471481,
            "std": 0.47969383134493754
        },
        "sufficiencies @ 0.05": {
            "mean": 0.6098351054457515,
            "std": 0.4744472103206165
        },
        "comprehensiveness @ 0.05": {
            "mean": 0.4209843002169781,
            "std": 0.4794000678690497
        },
        "sufficiencies @ 0.1": {
            "mean": 0.5818857155166232,
            "std": 0.47441494779454596
        },
        "comprehensiveness @ 0.1": {
            "mean": 0.43363073767857796,
            "std": 0.48002060765200355
        },
        "sufficiencies @ 0.2": {
            "mean": 0.5192218232023208,
            "std": 0.46602449619355596
        },
        "comprehensiveness @ 0.2": {
            "mean": 0.46285718563428435,
            "std": 0.4798065191715588
        },
        "sufficiencies @ 0.5": {
            "mean": 0.4693166619209895,
            "std": 0.46506295313814117
        },
        "comprehensiveness @ 0.5": {
            "mean": 0.6368810177929626,
            "std": 0.4139181944341407
        },
        "sufficiencies @ 1.0": {
            "mean": 0.9999782940524888,
            "std": 5.761806962196509e-05
        },
        "comprehensiveness @ 1.0": {
            "mean": 0.6941883188080462,
            "std": 0.4505411632094231
        },
        "AOPC - sufficiency": {
            "mean": 0.628715198148414,
            "std": 0.3027158629784734
        },
        "AOPC - comprehensiveness": {
            "mean": 0.49861357683805,
            "std": 0.31310407472842117
        }
    },
    "random": {
        "sufficiencies @ 0.01": {
            "mean": 0.6110693968971571,
            "std": 0.4707370118014036
        },
        "comprehensiveness @ 0.01": {
            "mean": 0.4122677644864855,
            "std": 0.4769891011333216
        },
        "sufficiencies @ 0.02": {
            "mean": 0.6112833237555522,
            "std": 0.4706015734088934
        },
        "comprehensiveness @ 0.02": {
            "mean": 0.41199018985620856,
            "std": 0.47681738235775417
        },
        "sufficiencies @ 0.05": {
            "mean": 0.6111534281164611,
            "std": 0.4702595579134996
        },
        "comprehensiveness @ 0.05": {
            "mean": 0.4122722115418849,
            "std": 0.47663131340002757
        },
        "sufficiencies @ 0.1": {
            "mean": 0.5860988686682155,
            "std": 0.4657975166843631
        },
        "comprehensiveness @ 0.1": {
            "mean": 0.42076365843381236,
            "std": 0.47721016565203445
        },
        "sufficiencies @ 0.2": {
            "mean": 0.5406835952569686,
            "std": 0.46032964749218697
        },
        "comprehensiveness @ 0.2": {
            "mean": 0.44064954820457986,
            "std": 0.4773376630647261
        },
        "sufficiencies @ 0.5": {
            "mean": 0.49744178585101595,
            "std": 0.46679980520580017
        },
        "comprehensiveness @ 0.5": {
            "mean": 0.6288410786797601,
            "std": 0.41644877819084003
        },
        "sufficiencies @ 1.0": {
            "mean": 0.9999869508309132,
            "std": 3.456400628299499e-05
        },
        "comprehensiveness @ 1.0": {
            "mean": 0.6941644439872258,
            "std": 0.4505723709383156
        },
        "AOPC - sufficiency": {
            "mean": 0.6368167641966119,
            "std": 0.2923469519127072
        },
        "AOPC - comprehensiveness": {
            "mean": 0.4887069850271367,
            "std": 0.3095752832583029
        }
    },
    "scaled attention": {
        "sufficiencies @ 0.01": {
            "mean": 0.6512573964000457,
            "std": 0.4546502562229862
        },
        "comprehensiveness @ 0.01": {
            "mean": 0.4140557974281602,
            "std": 0.4754941238376227
        },
        "sufficiencies @ 0.02": {
            "mean": 0.6514037954209421,
            "std": 0.4544877242669065
        },
        "comprehensiveness @ 0.02": {
            "mean": 0.41376616283533024,
            "std": 0.4752944293239262
        },
        "sufficiencies @ 0.05": {
            "mean": 0.6535955322927745,
            "std": 0.4530962701266621
        },
        "comprehensiveness @ 0.05": {
            "mean": 0.4138574292352916,
            "std": 0.4750991885581436
        },
        "sufficiencies @ 0.1": {
            "mean": 0.6624817520438656,
            "std": 0.43378498988141984
        },
        "comprehensiveness @ 0.1": {
            "mean": 0.4221816386513288,
            "std": 0.4761527150448502
        },
        "sufficiencies @ 0.2": {
            "mean": 0.6711437587667923,
            "std": 0.4183890689651486
        },
        "comprehensiveness @ 0.2": {
            "mean": 0.44350011133229694,
            "std": 0.47561072229743495
        },
        "sufficiencies @ 0.5": {
            "mean": 0.6183652646046647,
            "std": 0.4508067106166778
        },
        "comprehensiveness @ 0.5": {
            "mean": 0.6536125751025988,
            "std": 0.40262476883012827
        },
        "sufficiencies @ 1.0": {
            "mean": 0.9999891157517077,
            "std": 2.880069817064642e-05
        },
        "comprehensiveness @ 1.0": {
            "mean": 0.6941525476609831,
            "std": 0.45058792427601607
        },
        "AOPC - sufficiency": {
            "mean": 0.7011766593258275,
            "std": 0.27184310246176513
        },
        "AOPC - comprehensiveness": {
            "mean": 0.4935894660351414,
            "std": 0.294492611206536
        }
    },
    "attention": {
        "sufficiencies @ 0.01": {
            "mean": 0.6450970814031689,
            "std": 0.45919826182601875
        },
        "comprehensiveness @ 0.01": {
            "mean": 0.4219474256733707,
            "std": 0.48062650056315526
        },
        "sufficiencies @ 0.02": {
            "mean": 0.6451667611632571,
            "std": 0.4591624175258557
        },
        "comprehensiveness @ 0.02": {
            "mean": 0.42165310393053895,
            "std": 0.4804133410943691
        },
        "sufficiencies @ 0.05": {
            "mean": 0.6475012744625802,
            "std": 0.45756076541001073
        },
        "comprehensiveness @ 0.05": {
            "mean": 0.42159600993524915,
            "std": 0.48029423119512243
        },
        "sufficiencies @ 0.1": {
            "mean": 0.6561974766486551,
            "std": 0.4386062478532638
        },
        "comprehensiveness @ 0.1": {
            "mean": 0.42854209900924123,
            "std": 0.48072213678267306
        },
        "sufficiencies @ 0.2": {
            "mean": 0.664946432609962,
            "std": 0.4229956168174229
        },
        "comprehensiveness @ 0.2": {
            "mean": 0.4512439913750008,
            "std": 0.4803547764572599
        },
        "sufficiencies @ 0.5": {
            "mean": 0.6055088097176063,
            "std": 0.4577168078249833
        },
        "comprehensiveness @ 0.5": {
            "mean": 0.6546153764563784,
            "std": 0.40336715678695045
        },
        "sufficiencies @ 1.0": {
            "mean": 0.9999674763113925,
            "std": 8.643685986557146e-05
        },
        "comprehensiveness @ 1.0": {
            "mean": 0.6942002974926446,
            "std": 0.45052550859876095
        },
        "AOPC - sufficiency": {
            "mean": 0.6949121874738031,
            "std": 0.27431374638235384
        },