{
    "random": {
        "sufficiencies @ 0.01": {
            "mean": 0.1063548473292249,
            "std": 0.2932890337276273
        },
        "comprehensiveness @ 0.01": {
            "mean": 0.00011578713422150997,
            "std": 0.000604987148104253
        },
        "sufficiencies @ 0.02": {
            "mean": 0.10638049460508411,
            "std": 0.29328287251421764
        },
        "comprehensiveness @ 0.02": {
            "mean": 0.8936451526707753,
            "std": 0.2932890337276273
        },
        "sufficiencies @ 0.05": {
            "mean": 0.1068197290648076,
            "std": 0.293126457991746
        },
        "comprehensiveness @ 0.05": {
            "mean": 0.8936195053949159,
            "std": 0.2932828725142177
        },
        "sufficiencies @ 0.1": {
            "mean": 0.12062966082046524,
            "std": 0.3040372464637162
        },
        "comprehensiveness @ 0.1": {
            "mean": 0.8931802709351923,
            "std": 0.293126457991746
        },
        "sufficiencies @ 0.2": {
            "mean": 0.19097199142722526,
            "std": 0.3562908730463558
        },
        "comprehensiveness @ 0.2": {
            "mean": 0.8793703391795348,
            "std": 0.3040372464637162
        },
        "sufficiencies @ 0.5": {
            "mean": 0.59997449138384,
            "std": 0.4332664937928007
        },
        "comprehensiveness @ 0.5": {
            "mean": 0.8090280085727748,
            "std": 0.35629087304635576
        },
        "sufficiencies @ 1.0": {
            "mean": 0.9998842128657786,
            "std": 0.0006049871481042476
        },
        "comprehensiveness @ 1.0": {
            "mean": 0.8640776699029126,
            "std": 0.34270606980044255
        },
        "AOPC - sufficiency": {
            "mean": 0.31871648964234645,
            "std": 0.2230271617553679
        },
        "AOPC - comprehensiveness": {
            "mean": 0.7475766762557607,
            "std": 0.2439038861749927
        }
    },
    "attention": {
        "sufficiencies @ 0.01": {
            "mean": 0.09809095085105736,
            "std": 0.2794355150130088
        },
        "comprehensiveness @ 0.01": {
            "mean": 1.451705221836141e-05,
            "std": 7.56155819893488e-05
        },
        "sufficiencies @ 0.02": {
            "mean": 0.09860839610542861,
            "std": 0.27929509083461984
        },
        "comprehensiveness @ 0.02": {
            "mean": 0.9019090491489427,
            "std": 0.2794355150130088
        },
        "sufficiencies @ 0.05": {
            "mean": 0.09976448855005428,
            "std": 0.2789780594069237
        },
        "comprehensiveness @ 0.05": {
            "mean": 0.9013916038945714,
            "std": 0.27929509083461984
        },
        "sufficiencies @ 0.1": {
            "mean": 0.14069011803348747,
            "std": 0.32118262781238105
        },
        "comprehensiveness @ 0.1": {
            "mean": 0.9002355114499456,
            "std": 0.27897805940692366
        },
        "sufficiencies @ 0.2": {
            "mean": 0.24615468633144016,
            "std": 0.3787031260823422
        },
        "comprehensiveness @ 0.2": {
            "mean": 0.8593098819665125,
            "std": 0.32118262781238105
        },
        "sufficiencies @ 0.5": {
            "mean": 0.8044074336726976,
            "std": 0.3348782063052597
        },
        "comprehensiveness @ 0.5": {
            "mean": 0.7538453136685599,
            "std": 0.3787031260823422
        },
        "sufficiencies @ 1.0": {
            "mean": 0.9999854829477817,
            "std": 7.561558198934951e-05
        },
        "comprehensiveness @ 1.0": {
            "mean": 0.4000255086161601,
            "std": 0.43326649379280074
        },
        "AOPC - sufficiency": {
            "mean": 0.35538593664170665,
            "std": 0.21014744155312823
        },
        "AOPC - comprehensiveness": {
            "mean": 0.6738187693995585,
            "std": 0.22077768321050611
        }
    },
    "deeplift": {
        "sufficiencies @ 0.01": {
            "mean": 0.0964393443891126,
            "std": 0.27980918780946074
        },
        "comprehensiveness @ 0.01": {
            "mean": 7.765662701157735e-06,
            "std": 4.032460032528541e-05
        },
        "sufficiencies @ 0.02": {
            "mean": 0.09648483098591698,
            "std": 0.2797966298821848
        },
        "comprehensiveness @ 0.02": {
            "mean": 0.9035606556108873,
            "std": 0.27980918780946074
        },
        "sufficiencies @ 0.05": {
            "mean": 0.08991641089302424,
            "std": 0.2662208441222017
        },
        "comprehensiveness @ 0.05": {
            "mean": 0.9035151690140832,
            "std": 0.2797966298821848
        },
        "sufficiencies @ 0.1": {
            "mean": 0.10135448022162173,
            "std": 0.28293952334206796
        },
        "comprehensiveness @ 0.1": {
            "mean": 0.9100835891069756,
            "std": 0.2662208441222017
        },
        "sufficiencies @ 0.2": {
            "mean": 0.1590822490119365,
            "std": 0.3417095332023992
        },
        "comprehensiveness @ 0.2": {
            "mean": 0.8986455197783783,
            "std": 0.28293952334206796
        },
        "sufficiencies @ 0.5": {
            "mean": 0.5182366162049259,
            "std": 0.44530175342326705
        },
        "comprehensiveness @ 0.5": {
            "mean": 0.8409177509880637,
            "std": 0.3417095332023992
        },
        "sufficiencies @ 1.0": {
            "mean": 0.9999922343372988,
            "std": 4.0324600325281384e-05
        },
        "comprehensiveness @ 1.0": {
            "mean": 0.1955925663273024,
            "std": 0.3348782063052597
        },
        "AOPC - sufficiency": {
            "mean": 0.29450088086340526,
            "std": 0.22449743376621836
        },
        "AOPC - comprehensiveness": {
            "mean": 0.664617573784056,
            "std": 0.20384165238359997
        }
    },
    "gradients": {
        "sufficiencies @ 0.01": {
            "mean": 0.09662770321123795,
            "std": 0.2749506402729599
        },
        "comprehensiveness @ 0.01": {
            "mean": 5.3105775054686875e-06,
            "std": 2.7491824953373352e-05
        },
        "sufficiencies @ 0.02": {
            "mean": 0.08948197580770595,
            "std": 0.2646304129895945
        },
        "comprehensiveness @ 0.02": {
            "mean": 0.903372296788762,
            "std": 0.2749506402729599
        },
        "sufficiencies @ 0.05": {
            "mean": 0.10011181195169105,
            "std": 0.27888059865749454
        },
        "comprehensiveness @ 0.05": {
            "mean": 0.9105180241922941,
            "std": 0.2646304129895945
        },
        "sufficiencies @ 0.1": {
            "mean": 0.09153796600968447,
            "std": 0.2641813960997852
        },
        "comprehensiveness @ 0.1": {
            "mean": 0.899888188048309,
            "std": 0.27888059865749454
        },
        "sufficiencies @ 0.2": {
            "mean": 0.11266427829116085,
            "std": 0.2840999403602856
        },
        "comprehensiveness @ 0.2": {
            "mean": 0.9084620339903154,
            "std": 0.26418139609978514
        },
        "sufficiencies @ 0.5": {
            "mean": 0.587675018593874,
            "std": 0.4290053967383057
        },
        "comprehensiveness @ 0.5": {
            "mean": 0.8873357217088391,
            "std": 0.2840999403602856
        },
        "sufficiencies @ 1.0": {
            "mean": 0.9999946894224945,
            "std": 2.7491824953377404e-05
        },
        "comprehensiveness @ 1.0": {
            "mean": 0.48176338379507416,
            "std": 0.44530175342326705
        },
        "AOPC - sufficiency": {
            "mean": 0.2968704918982641,
            "std": 0.19898342859748566
        },