{
    "random": {
        "sufficiency": {
            "mean": 0.12577180251239822,
            "std": 0.2975809765692399
        },
        "comprehensiveness": {
            "mean": 0.13498894059698952,
            "std": 0.3118579321663315
        },
        "AOPC - sufficiency": {
            "mean": 0.17249021250175492,
            "std": 0.17761821378283688
        },
        "AOPC - comprehensiveness": {
            "mean": 0.14922718085197936,
            "std": 0.17348230871796536
        }
    },
    "deeplift": {
        "sufficiency": {
            "mean": 0.11224865794453093,
            "std": 0.2828860104986371
        },
        "comprehensiveness": {
            "mean": 0.16026713642363014,
            "std": 0.3338259252996127
        },
        "AOPC - sufficiency": {
            "mean": 0.15328201094485805,
            "std": 0.17390590690560265
        },
        "AOPC - comprehensiveness": {
            "mean": 0.1475951935911116,
            "std": 0.16440845650935773
        }
    },
    "scaled attention": {
        "sufficiency": {
            "mean": 0.2924392917872914,
            "std": 0.3853281808128492
        },
        "comprehensiveness": {
            "mean": 0.28591516059483757,
            "std": 0.4123900070579889
        },
        "AOPC - sufficiency": {
            "mean": 0.2641350564528144,
            "std": 0.16144529148135423
        },
        "AOPC - comprehensiveness": {
            "mean": 0.2667498256095644,
            "std": 0.163009115741965
        }
    },
    "gradients": {
        "sufficiency": {
            "mean": 0.10011466861615981,
            "std": 0.2609777161549954
        },
        "comprehensiveness": {
            "mean": 0.1600210404184207,
            "std": 0.33423521767936804
        },
        "AOPC - sufficiency": {
            "mean": 0.17189997581406807,
            "std": 0.1638089112218724
        },
        "AOPC - comprehensiveness": {
            "mean": 0.14480132503380402,
            "std": 0.17779474522130395
        }
    },
    "attention": {
        "sufficiency": {
            "mean": 0.2990509045093283,
            "std": 0.3861288530564036
        },
        "comprehensiveness": {
            "mean": 0.2806397536690852,
            "std": 0.4083609143496459
        },
        "AOPC - sufficiency": {
            "mean": 0.2670283615656053,
            "std": 0.16176657146334494
        },
        "AOPC - comprehensiveness": {
            "mean": 0.2612816646567263,
            "std": 0.1596264811770871
        }
    },
    "ig": {
        "sufficiency": {
            "mean": 0.16040450818735263,
            "std": 0.3180043621346657
        },
        "comprehensiveness": {
            "mean": 0.22360626622129642,
            "std": 0.37830183414561863
        },
        "AOPC - sufficiency": {
            "mean": 0.21304113247689646,
            "std": 0.17382873660634354
        },
        "AOPC - comprehensiveness": {
            "mean": 0.20512917690381258,
            "std": 0.2043222040070879
        }
    }
}