{
    "deeplift": {
        "sufficiencies @ 0.01": {
            "mean": 0.02812761106806096,
            "std": 0.1391242272245248
        },
        "comprehensiveness @ 0.01": {
            "mean": 0.04916817150192636,
            "std": 0.19924030703394355
        },
        "sufficiencies @ 0.02": {
            "mean": 0.06802932377090759,
            "std": 0.23523754789325046
        },
        "comprehensiveness @ 0.02": {
            "mean": 0.0706089496694229,
            "std": 0.23920643617218046
        },
        "sufficiencies @ 0.05": {
            "mean": 0.04765047723870162,
            "std": 0.19458453241717558
        },
        "comprehensiveness @ 0.05": {
            "mean": 0.11452985053898089,
            "std": 0.30119158548128727
        },
        "sufficiencies @ 0.1": {
            "mean": 0.050595018756968806,
            "std": 0.19522866847461703
        },
        "comprehensiveness @ 0.1": {
            "mean": 0.15404984663729818,
            "std": 0.3484065058219942
        },
        "sufficiencies @ 0.2": {
            "mean": 0.02954440937011926,
            "std": 0.13962935681088887
        },
        "comprehensiveness @ 0.2": {
            "mean": 0.13781044788846122,
            "std": 0.32233431831888687
        },
        "sufficiencies @ 0.5": {
            "mean": 0.5837795435745221,
            "std": 0.4516691436008474
        },
        "comprehensiveness @ 0.5": {
            "mean": 0.3805546452722154,
            "std": 0.4265557727071097
        },
        "sufficiencies @ 1.0": {
            "mean": 0.9797752979056814,
            "std": 0.1399732727627613
        },
        "comprehensiveness @ 1.0": {
            "mean": 0.9512080181108462,
            "std": 0.19445709079276982
        },
        "AOPC - sufficiency": {
            "mean": 0.2553573830978517,
            "std": 0.1299277327264358
        },
        "AOPC - comprehensiveness": {
            "mean": 0.2654185613741645,
            "std": 0.16231797895898203
        }
    },
    "gradients": {
        "sufficiencies @ 0.01": {
            "mean": 0.03033403823093352,
            "std": 0.13915458634298805
        },
        "comprehensiveness @ 0.01": {
            "mean": 0.07638743466413936,
            "std": 0.2523812606089717
        },
        "sufficiencies @ 0.02": {
            "mean": 0.031128192056608675,
            "std": 0.1391005498855398
        },
        "comprehensiveness @ 0.02": {
            "mean": 0.0950304913976066,
            "std": 0.28338378072884435
        },
        "sufficiencies @ 0.05": {
            "mean": 0.032293960647941794,
            "std": 0.1390748354723172
        },
        "comprehensiveness @ 0.05": {
            "mean": 0.11243526836844912,
            "std": 0.2867807472573756
        },
        "sufficiencies @ 0.1": {
            "mean": 0.035658239281613255,
            "std": 0.13912455310358576
        },
        "comprehensiveness @ 0.1": {
            "mean": 0.16675815921529577,
            "std": 0.3558441311641104
        },
        "sufficiencies @ 0.2": {
            "mean": 0.07636958389739085,
            "std": 0.2063525521715742
        },
        "comprehensiveness @ 0.2": {
            "mean": 0.16734415188318363,
            "std": 0.35126331324571164
        },
        "sufficiencies @ 0.5": {
            "mean": 0.7039213555742094,
            "std": 0.41583574313321414
        },
        "comprehensiveness @ 0.5": {
            "mean": 0.3831500178200222,
            "std": 0.4192192053506483
        },
        "sufficiencies @ 1.0": {
            "mean": 0.9931430556440359,
            "std": 0.047482676800990616
        },
        "comprehensiveness @ 1.0": {
            "mean": 0.9507971358642391,
            "std": 0.1943877878846571
        },
        "AOPC - sufficiency": {
            "mean": 0.2718354893332477,
            "std": 0.09976957684304853
        },
        "AOPC - comprehensiveness": {
            "mean": 0.2788432370304194,
            "std": 0.21755887854234976
        }
    },
    "ig": {
        "sufficiencies @ 0.01": {
            "mean": 0.030570903182021256,
            "std": 0.13917093056203053
        },
        "comprehensiveness @ 0.01": {
            "mean": 0.06208582529678378,
            "std": 0.21317479460006156
        },
        "sufficiencies @ 0.02": {
            "mean": 0.030834319929123034,
            "std": 0.13914404705593486
        },
        "comprehensiveness @ 0.02": {
            "mean": 0.08286491884643235,
            "std": 0.25255278652506535
        },
        "sufficiencies @ 0.05": {
            "mean": 0.034879329250087424,
            "std": 0.13909092186501554
        },
        "comprehensiveness @ 0.05": {
            "mean": 0.11367694002101736,
            "std": 0.269733330848088
        },
        "sufficiencies @ 0.1": {
            "mean": 0.04385496345209425,
            "std": 0.15090790236108154
        },
        "comprehensiveness @ 0.1": {
            "mean": 0.1669639006077763,
            "std": 0.33752524142117674
        },
        "sufficiencies @ 0.2": {
            "mean": 0.0801734929357567,
            "std": 0.21838555739210996
        },
        "comprehensiveness @ 0.2": {
            "mean": 0.20825175976576962,
            "std": 0.352364397629292
        },
        "sufficiencies @ 0.5": {
            "mean": 0.7560068022105743,
            "std": 0.3761717617325408
        },
        "comprehensiveness @ 0.5": {
            "mean": 0.5838691070684283,
            "std": 0.4448150626910067
        },
        "sufficiencies @ 1.0": {
            "mean": 0.9963238917251935,
            "std": 0.02532268352831386
        },
        "comprehensiveness @ 1.0": {
            "mean": 0.9503702471060752,
            "std": 0.1943149767060435
        },
        "AOPC - sufficiency": {
            "mean": 0.2818062432406929,
            "std": 0.11838311154076313
        },
        "AOPC - comprehensiveness": {
            "mean": 0.30972609981604043,
            "std": 0.17218154956789497
        }
    },
    "scaled attention": {
        "sufficiencies @ 0.01": {
            "mean": 0.03186592586456864,
            "std": 0.13905350696253557
        },
        "comprehensiveness @ 0.01": {
            "mean": 0.07055999272613139,
            "std": 0.2260126221383195
        },
        "sufficiencies @ 0.02": {
            "mean": 0.03288525704055531,
            "std": 0.13899159213280335
        },
        "comprehensiveness @ 0.02": {
            "mean": 0.0760529327795655,
            "std": 0.24488439947624988
        },
        "sufficiencies @ 0.05": {
            "mean": 0.05375280740946874,
            "std": 0.19307726457968002
        },
        "comprehensiveness @ 0.05": {
            "mean": 0.11363447669726957,
            "std": 0.2879722608264856
        },
        "sufficiencies @ 0.1": {
            "mean": 0.06823101265334718,
            "std": 0.20435409725296946
        },
        "comprehensiveness @ 0.1": {
            "mean": 0.16459083373497874,
            "std": 0.32801403689337144
        },
        "sufficiencies @ 0.2": {
            "mean": 0.27207939883949006,
            "std": 0.3773653907765277
        },
        "comprehensiveness @ 0.2": {
            "mean": 0.2779571558890902,
            "std": 0.3989588207360107
        },
        "sufficiencies @ 0.5": {
            "mean": 0.8953750597766782,
            "std": 0.2538168462253329
        },
        "comprehensiveness @ 0.5": {
            "mean": 0.7600392253641068,
            "std": 0.37110639919044464
        },
        "sufficiencies @ 1.0": {
            "mean": 0.99748284683362,
            "std": 0.01726501653950902
        },
        "comprehensiveness @ 1.0": {
            "mean": 0.9499323235589258,
            "std": 0.19423989898111937
        },
        "AOPC - sufficiency": {
            "mean": 0.33595318691681825,