g,feature,Soft_sufficiency,Suff_ratio,Soft_comprehensiveness,Comp_ratio
0,random,0.995338248170016,1.0,0.005436832173783,1.0
1,attention,0.997032414192309,1.0017021007937832,0.003275303592938,0.6024286732137646
2,scaled attention,0.9884665434348351,0.9930961110478624,0.018378793271742,3.380423136908024
3,gradients,0.9934311767160161,0.9980839966137077,0.008365374106651,1.5386485805079197
4,ig,0.9963421504668921,1.0010086041591608,0.004099521242218,0.7540275497166052
5,deeplift,0.99750877888594,1.0021806965822067,0.0027120686841820003,0.4988325181821673
