,feature,Soft_sufficiency,Suff_ratio,Soft_comprehensiveness,Comp_ratio
0,random,0.140783404615534,1.0,0.119283110417914,1.0
1,attention,0.28626287052514304,2.0333566396330554,0.290589490274181,2.436132737116655
2,scaled attention,0.292439291787291,2.077228438862625,0.285915160594837,2.39694588440157
3,gradients,0.100114668616159,0.7111254972811786,0.16002104041842002,1.3415230358914918
4,ig,0.152816407876428,1.0854717450096834,0.23516455933007402,1.9714824546925704
5,deeplift,0.12019224587249701,0.8537387357603016,0.151606681819859,1.2709819629006809
