{
    "deeplift": {
        "sufficiencies @ 0.01": {
            "mean": 0.9999121331978938,
            "std": 0.0003783907713199862
        },
        "comprehensiveness @ 0.01": {
            "mean": 0.00018546505437696444,
            "std": 0.0007988322142004339
        },
        "sufficiencies @ 0.02": {
            "mean": 0.9999424223130912,
            "std": 0.00024790895942679243
        },
        "comprehensiveness @ 0.02": {
            "mean": 8.786680210614859e-05,
            "std": 0.00037839077131998644
        },
        "sufficiencies @ 0.05": {
            "mean": 0.9999571785505018,
            "std": 0.00018434090852235735
        },
        "comprehensiveness @ 0.05": {
            "mean": 5.757768690873608e-05,
            "std": 0.000247908959426787
        },
        "sufficiencies @ 0.1": {
            "mean": 0.9999659118353008,
            "std": 0.00014671900983149008
        },
        "comprehensiveness @ 0.1": {
            "mean": 4.2821449498157936e-05,
            "std": 0.00018434090852235716
        },
        "sufficiencies @ 0.2": {
            "mean": 0.9999716846857644,
            "std": 0.00012185030459609393
        },
        "comprehensiveness @ 0.2": {
            "mean": 3.408816469933553e-05,
            "std": 0.0001467190098314943
        },
        "sufficiencies @ 0.5": {
            "mean": 0.9999757842472559,
            "std": 0.00010418992609172399
        },
        "comprehensiveness @ 0.5": {
            "mean": 2.831531423554914e-05,
            "std": 0.00012185030459608835
        },
        "sufficiencies @ 1.0": {
            "mean": 0.9998145349456229,
            "std": 0.0007988322142004395
        },
        "comprehensiveness @ 1.0": {
            "mean": 2.8385258807116617e-08,
            "std": 1.7499025609534214e-07
        },
        "AOPC - sufficiency": {
            "mean": 0.9999342356822044,
            "std": 0.0002831759845300167
        },
        "AOPC - comprehensiveness": {
            "mean": 6.230897958338555e-05,
            "std": 0.00026829079199966753
        }
    },
    "attention": {
        "sufficiencies @ 0.01": {
            "mean": 0.9999812196232831,
            "std": 8.077505704003899e-05
        },
        "comprehensiveness @ 0.01": {
            "mean": 2.1154054033343864e-05,
            "std": 9.10005350493718e-05
        },
        "sufficiencies @ 0.02": {
            "mean": 0.9999831137705367,
            "std": 7.26153365959281e-05
        },
        "comprehensiveness @ 0.02": {
            "mean": 1.8780376716779312e-05,
            "std": 8.077505704003956e-05
        },
        "sufficiencies @ 0.05": {
            "mean": 0.9999846603684787,
            "std": 6.595281658606555e-05
        },
        "comprehensiveness @ 0.05": {
            "mean": 1.688622946311107e-05,
            "std": 7.261533659593252e-05
        },
        "sufficiencies @ 0.1": {
            "mean": 0.9999859470345821,
            "std": 6.041005152011662e-05
        },
        "comprehensiveness @ 0.1": {
            "mean": 1.5339631521323303e-05,
            "std": 6.595281658606584e-05
        },
        "sufficiencies @ 0.2": {
            "mean": 0.9999870342181112,
            "std": 5.572663326912666e-05
        },
        "comprehensiveness @ 0.2": {
            "mean": 1.4052965418052437e-05,
            "std": 6.041005152012325e-05
        },
        "sufficiencies @ 0.5": {
            "mean": 0.9999879649728595,
            "std": 5.171709129517338e-05
        },
        "comprehensiveness @ 0.5": {
            "mean": 1.296578188872971e-05,
            "std": 5.5726633269128096e-05
        },
        "sufficiencies @ 1.0": {
            "mean": 0.9999788459459665,
            "std": 9.100053504937575e-05
        },
        "comprehensiveness @ 1.0": {
            "mean": 2.421575274411944e-05,
            "std": 0.00010418992609171925
        },
        "AOPC - sufficiency": {
            "mean": 0.9999841122762598,
            "std": 6.831392365356693e-05
        },
        "AOPC - comprehensiveness": {
            "mean": 1.7627827397922734e-05,
            "std": 7.581004204990535e-05
        }
    },
    "random": {
        "sufficiencies @ 0.01": {
            "mean": 0.999989475255469,
            "std": 4.5211050300890926e-05
        },
        "comprehensiveness @ 0.01": {
            "mean": 1.1229205446094487e-05,
            "std": 4.824574580879938e-05
        },
        "sufficiencies @ 0.02": {
            "mean": 0.9999900963486419,
            "std": 4.2535492939067174e-05
        },
        "comprehensiveness @ 0.02": {
            "mean": 1.052474453109648e-05,
            "std": 4.5211050300893873e-05
        },
        "sufficiencies @ 0.05": {
            "mean": 0.9999906480463204,
            "std": 4.0158882970806365e-05
        },
        "comprehensiveness @ 0.05": {
            "mean": 9.903651357981725e-06,
            "std": 4.253549293907153e-05
        },
        "sufficiencies @ 0.1": {
            "mean": 0.9999911413636615,
            "std": 3.8033768427180434e-05
        },
        "comprehensiveness @ 0.1": {
            "mean": 9.351953679652873e-06,
            "std": 4.015888297080756e-05
        },
        "sufficiencies @ 0.2": {
            "mean": 0.9999915851017215,
            "std": 3.612223542347166e-05
        },
        "comprehensiveness @ 0.2": {
            "mean": 8.858636338345277e-06,
            "std": 3.8033768427181125e-05
        },
        "sufficiencies @ 0.5": {
            "mean": 0.9999919863771436,
            "std": 3.439362632085819e-05
        },
        "comprehensiveness @ 0.5": {
            "mean": 8.41489827835747e-06,
            "std": 3.612223542347741e-05
        },
        "sufficiencies @ 1.0": {
            "mean": 0.9999887707945538,
            "std": 4.824574580880158e-05
        },
        "comprehensiveness @ 1.0": {
            "mean": 1.203502714060462e-05,
            "std": 5.171709129517733e-05
        },
        "AOPC - sufficiency": {
            "mean": 0.9999905290410731,
            "std": 4.067153841435203e-05
        },
        "AOPC - comprehensiveness": {
            "mean": 1.004544525316185e-05,
            "std": 4.314631883517144e-05
        }
    },
    "gradients": {
        "sufficiencies @ 0.01": {
            "mean": 0.9999926837912362,
            "std": 3.1389324493970906e-05
        },
        "comprehensiveness @ 0.01": {
            "mean": 7.648993273326353e-06,
            "std": 3.282288304923358e-05
        },
        "sufficiencies @ 0.02": {
            "mean": 0.9999929887279613,
            "std": 3.0075730814882168e-05
        },
        "comprehensiveness @ 0.02": {
            "mean": 7.3162087638862566e-06,
            "std": 3.138932449397423e-05
        },
        "sufficiencies @ 0.05": {
            "mean": 0.9999932691720566,
            "std": 2.886764841111599e-05
        },
        "comprehensiveness @ 0.05": {
            "mean": 7.011272038753028e-06,
            "std": 3.007573081487565e-05
        },
        "sufficiencies @ 0.1": {
            "mean": 0.9999935279605064,
            "std": 2.775285589824548e-05
        },
        "comprehensiveness @ 0.1": {
            "mean": 6.7308279432952395e-06,
            "std": 2.8867648411122026e-05
        },
        "sufficiencies @ 0.2": {
            "mean": 0.9999937675084383,
            "std": 2.672094919799434e-05
        },
        "comprehensiveness @ 0.2": {
            "mean": 6.4720394934808615e-06,
            "std": 2.775285589824041e-05
        },
        "sufficiencies @ 0.5": {
            "mean": 0.999993989884725,
            "std": 2.5763015856286452e-05
        },
        "comprehensiveness @ 0.5": {
            "mean": 6.232491561639459e-06,
            "std": 2.6720949197999794e-05
        },
        "sufficiencies @ 1.0": {
            "mean": 0.9999923510067267,
            "std": 3.282288304923845e-05
        },