,feature, AOPC_sufficiency,Suff_ratio,AOPC_comprehensiveness,Comp_ratio
0,random,0.1741372522048,1.0,0.145470937507045,1.0
1,attention,0.267028361565605,1.5334361728158963,0.26128166465672603,1.7961090313594248
2,scaled attention,0.265637450347846,1.5254487307255435,0.26408741924302204,1.8153964205409245
3,gradients,0.168189811611096,0.965846247609849,0.15356416056499902,1.0556346387577387
4,ig,0.21304113247689602,1.2234092922652862,0.20512917690381202,1.4101041790142985
5,deeplift,0.15487977811253,0.8894120939176093,0.14482104371676602,0.9955324836601983
