{
    "gradients": {
        "sufficiencies @ 0.01": {
            "mean": 0.1281965937941614,
            "std": 0.2500176244131614
        },
        "comprehensiveness @ 0.01": {
            "mean": 0.38800107636095255,
            "std": 0.4300274190665229
        },
        "sufficiencies @ 0.02": {
            "mean": 0.1256634440290095,
            "std": 0.2576384213800923
        },
        "comprehensiveness @ 0.02": {
            "mean": 0.35120438441436447,
            "std": 0.4088162218418513
        },
        "sufficiencies @ 0.05": {
            "mean": 0.11720892741696273,
            "std": 0.22799551730757145
        },
        "comprehensiveness @ 0.05": {
            "mean": 0.33701436799111273,
            "std": 0.4085510291346295
        },
        "sufficiencies @ 0.1": {
            "mean": 0.10627456209911026,
            "std": 0.23492759525364426
        },
        "comprehensiveness @ 0.1": {
            "mean": 0.4096702208728513,
            "std": 0.4180999360661831
        },
        "sufficiencies @ 0.2": {
            "mean": 0.11635168220425468,
            "std": 0.2230553181363811
        },
        "comprehensiveness @ 0.2": {
            "mean": 0.34747728087809965,
            "std": 0.4245278003855109
        },
        "sufficiencies @ 0.5": {
            "mean": 0.1418627591405022,
            "std": 0.273179773960012
        },
        "comprehensiveness @ 0.5": {
            "mean": 0.5683305525342477,
            "std": 0.4068747237873493
        },
        "sufficiencies @ 1.0": {
            "mean": 0.14005981971674603,
            "std": 0.27561790340331316
        },
        "comprehensiveness @ 1.0": {
            "mean": 0.9134172753704021,
            "std": 0.17461421284430967
        },
        "AOPC - sufficiency": {
            "mean": 0.12508825548582092,
            "std": 0.16167786383384414
        },
        "AOPC - comprehensiveness": {
            "mean": 0.4735878797745757,
            "std": 0.24159357553232974
        }
    },
    "random": {
        "sufficiencies @ 0.01": {
            "mean": 0.1042384245668998,
            "std": 0.22539507557496097
        },
        "comprehensiveness @ 0.01": {
            "mean": 0.3088973544376832,
            "std": 0.40674172506036294
        },
        "sufficiencies @ 0.02": {
            "mean": 0.16056070155205246,
            "std": 0.28235237004408237
        },
        "comprehensiveness @ 0.02": {
            "mean": 0.3172257058587136,
            "std": 0.41533059453377386
        },
        "sufficiencies @ 0.05": {
            "mean": 0.13278169196057787,
            "std": 0.27524459515317723
        },
        "comprehensiveness @ 0.05": {
            "mean": 0.3179101576420222,
            "std": 0.3972439679066279
        },
        "sufficiencies @ 0.1": {
            "mean": 0.08625358608780824,
            "std": 0.20485417610280904
        },
        "comprehensiveness @ 0.1": {
            "mean": 0.4324653177330476,
            "std": 0.42957070485117516
        },
        "sufficiencies @ 0.2": {
            "mean": 0.15813769557609375,
            "std": 0.2910578329962806
        },
        "comprehensiveness @ 0.2": {
            "mean": 0.38327587059810025,
            "std": 0.41571412692360743
        },
        "sufficiencies @ 0.5": {
            "mean": 0.108079841493474,
            "std": 0.23303014410486853
        },
        "comprehensiveness @ 0.5": {
            "mean": 0.5488658768500504,
            "std": 0.4092775367048662
        },
        "sufficiencies @ 1.0": {
            "mean": 0.12771973699410952,
            "std": 0.25946074324729346
        },
        "comprehensiveness @ 1.0": {
            "mean": 0.9069917182564126,
            "std": 0.18597211507018832
        },
        "AOPC - sufficiency": {
            "mean": 0.12539595403300224,
            "std": 0.16190488914283274
        },
        "AOPC - comprehensiveness": {
            "mean": 0.45937600019657565,
            "std": 0.2511893695776543
        }
    },
    "deeplift": {
        "sufficiencies @ 0.01": {
            "mean": 0.13415613344692193,
            "std": 0.270284067564089
        },
        "comprehensiveness @ 0.01": {
            "mean": 0.3394457521709449,
            "std": 0.4150111382319099
        },
        "sufficiencies @ 0.02": {
            "mean": 0.12994844865196362,
            "std": 0.25929653663339874
        },
        "comprehensiveness @ 0.02": {
            "mean": 0.3573367253308707,
            "std": 0.39990726078291094
        },
        "sufficiencies @ 0.05": {
            "mean": 0.10581304947381788,
            "std": 0.22922026067444073
        },
        "comprehensiveness @ 0.05": {
            "mean": 0.35257384175337336,
            "std": 0.4262186789594061
        },
        "sufficiencies @ 0.1": {
            "mean": 0.09861813947559227,
            "std": 0.22687265877666618
        },
        "comprehensiveness @ 0.1": {
            "mean": 0.3040172167423032,
            "std": 0.40678011503877326
        },
        "sufficiencies @ 0.2": {
            "mean": 0.15730851024134376,
            "std": 0.2902791910706316
        },
        "comprehensiveness @ 0.2": {
            "mean": 0.4258587731907989,
            "std": 0.41794946133748995
        },
        "sufficiencies @ 0.5": {
            "mean": 0.16512725827255978,
            "std": 0.293523484568702
        },
        "comprehensiveness @ 0.5": {
            "mean": 0.6056048864329757,
            "std": 0.4159978001891774
        },
        "sufficiencies @ 1.0": {
            "mean": 0.1751247421346706,
            "std": 0.31715286032812484
        },
        "comprehensiveness @ 1.0": {
            "mean": 0.8727205626692476,
            "std": 0.22928795189495388
        },
        "AOPC - sufficiency": {
            "mean": 0.13801375452812426,
            "std": 0.16526587850271932
        },
        "AOPC - comprehensiveness": {
            "mean": 0.46536539404150196,
            "std": 0.2427039987393514
        }
    },
    "scaled attention": {
        "sufficiencies @ 0.01": {
            "mean": 0.08173829849162248,
            "std": 0.21083859862145737
        },
        "comprehensiveness @ 0.01": {
            "mean": 0.32370097586299784,
            "std": 0.4155741016506297
        },
        "sufficiencies @ 0.02": {
            "mean": 0.13666869217646907,
            "std": 0.24651165742820672
        },
        "comprehensiveness @ 0.02": {
            "mean": 0.3733773296159416,
            "std": 0.4166118426730102
        },
        "sufficiencies @ 0.05": {
            "mean": 0.12040176244114205,
            "std": 0.24266102395276334
        },
        "comprehensiveness @ 0.05": {
            "mean": 0.40182194229996576,
            "std": 0.42774177893536847
        },
        "sufficiencies @ 0.1": {
            "mean": 0.13115139802107845,
            "std": 0.2748719328518968
        },
        "comprehensiveness @ 0.1": {
            "mean": 0.31371387258785793,
            "std": 0.41951560278881295
        },
        "sufficiencies @ 0.2": {
            "mean": 0.11956137351274303,
            "std": 0.2627352889740761
        },
        "comprehensiveness @ 0.2": {
            "mean": 0.44090795033636176,
            "std": 0.41681367843269035
        },
        "sufficiencies @ 0.5": {
            "mean": 0.11558028368136741,
            "std": 0.2503356483582326
        },
        "comprehensiveness @ 0.5": {
            "mean": 0.7872943995227764,
            "std": 0.32120206342667956
        },
        "sufficiencies @ 1.0": {
            "mean": 0.1381522293903831,
            "std": 0.257233542496626
        },
        "comprehensiveness @ 1.0": {
            "mean": 0.9078110631968188,
            "std": 0.18084125276644838
        },
        "AOPC - sufficiency": {
            "mean": 0.1204648625306865,
            "std": 0.14637261928757297
        },