{
    "attention": {
        "sufficiencies @ 0.01": {
            "mean": 0.1150517392412669,
            "std": 0.3061988406832245
        },
        "comprehensiveness @ 0.01": {
            "mean": 0.09002793728943614,
            "std": 0.27198139926902026
        },
        "sufficiencies @ 0.02": {
            "mean": 0.1157933441559401,
            "std": 0.3060080465898352
        },
        "comprehensiveness @ 0.02": {
            "mean": 0.07660860579429625,
            "std": 0.24683175789983136
        },
        "sufficiencies @ 0.05": {
            "mean": 0.11616191493926883,
            "std": 0.3058351528635278
        },
        "comprehensiveness @ 0.05": {
            "mean": 0.0919373716350819,
            "std": 0.2629901597653675
        },
        "sufficiencies @ 0.1": {
            "mean": 0.13369217389211524,
            "std": 0.31703124063192234
        },
        "comprehensiveness @ 0.1": {
            "mean": 0.16823385409238167,
            "std": 0.3461216474530193
        },
        "sufficiencies @ 0.2": {
            "mean": 0.2444132039288849,
            "std": 0.3810008793762005
        },
        "comprehensiveness @ 0.2": {
            "mean": 0.27001486631966914,
            "std": 0.4094324715060783
        },
        "sufficiencies @ 0.5": {
            "mean": 0.7623231140636453,
            "std": 0.3758488040173959
        },
        "comprehensiveness @ 0.5": {
            "mean": 0.561634447579318,
            "std": 0.45436076080083204
        },
        "sufficiencies @ 1.0": {
            "mean": 0.8686546839032382,
            "std": 0.31971812625757257
        },
        "comprehensiveness @ 1.0": {
            "mean": NaN,
            "std": NaN
        },
        "AOPC - sufficiency": {
            "mean": 0.33658431058919414,
            "std": 0.19664207111839233
        },
        "AOPC - comprehensiveness": {
            "mean": NaN,
            "std": NaN
        }
    },
    "random": {
        "sufficiencies @ 0.01": {
            "mean": 0.09680010510569377,
            "std": 0.27973816362861365
        },
        "comprehensiveness @ 0.01": {
            "mean": 0.03659153449804357,
            "std": 0.16734617994839654
        },
        "sufficiencies @ 0.02": {
            "mean": 0.10574115222854405,
            "std": 0.29346776640866223
        },
        "comprehensiveness @ 0.02": {
            "mean": 0.03332367040476857,
            "std": 0.16813840423667398
        },
        "sufficiencies @ 0.05": {
            "mean": 0.10967255221156705,
            "std": 0.293762988898801
        },
        "comprehensiveness @ 0.05": {
            "mean": 0.05306469886468911,
            "std": 0.20196047055154553
        },
        "sufficiencies @ 0.1": {
            "mean": 0.14431051295657096,
            "std": 0.32706999591832403
        },
        "comprehensiveness @ 0.1": {
            "mean": 0.06782077174573344,
            "std": 0.21600768358676267
        },
        "sufficiencies @ 0.2": {
            "mean": 0.17966032817731925,
            "std": 0.3426328414286517
        },
        "comprehensiveness @ 0.2": {
            "mean": 0.094156795332522,
            "std": 0.2530147409813519
        },
        "sufficiencies @ 0.5": {
            "mean": 0.49787402716469925,
            "std": 0.4511667997363128
        },
        "comprehensiveness @ 0.5": {
            "mean": 0.24555660388668732,
            "std": 0.3945283372575546
        },
        "sufficiencies @ 1.0": {
            "mean": 0.9251553418466542,
            "std": 0.2517350796803557
        },
        "comprehensiveness @ 1.0": {
            "mean": 0.7605849470694112,
            "std": 0.31266123415071084
        },
        "AOPC - sufficiency": {
            "mean": 0.29417343138443547,
            "std": 0.2048009434932035
        },
        "AOPC - comprehensiveness": {
            "mean": 0.184442717400265,
            "std": 0.1662810479264051
        }
    },
    "gradients": {
        "sufficiencies @ 0.01": {
            "mean": 0.10779533035119925,
            "std": 0.29328188424881463
        },
        "comprehensiveness @ 0.01": {
            "mean": 0.050253478758503965,
            "std": 0.20004144840160118
        },
        "sufficiencies @ 0.02": {
            "mean": 0.10021178308003778,
            "std": 0.2791151579020101
        },
        "comprehensiveness @ 0.02": {
            "mean": 0.055331088369801926,
            "std": 0.20841742241308528
        },
        "sufficiencies @ 0.05": {
            "mean": 0.09660215048801446,
            "std": 0.2797798428740234
        },
        "comprehensiveness @ 0.05": {
            "mean": 0.06505595157717405,
            "std": 0.23061819791804491
        },
        "sufficiencies @ 0.1": {
            "mean": 0.0985326640762677,
            "std": 0.2793445570793914
        },
        "comprehensiveness @ 0.1": {
            "mean": 0.08854741773038745,
            "std": 0.2628211013834791
        },
        "sufficiencies @ 0.2": {
            "mean": 0.12360132151191981,
            "std": 0.2987853167404538
        },
        "comprehensiveness @ 0.2": {
            "mean": 0.10842963482164374,
            "std": 0.2859696936148904
        },
        "sufficiencies @ 0.5": {
            "mean": 0.5728649685235071,
            "std": 0.43693299591363144
        },
        "comprehensiveness @ 0.5": {
            "mean": 0.297144447622888,
            "std": 0.4281143444769358
        },
        "sufficiencies @ 1.0": {
            "mean": 0.9084067020437097,
            "std": 0.26405234488206697
        },
        "comprehensiveness @ 1.0": {
            "mean": 0.7691597547747709,
            "std": 0.25284135731209795
        },
        "AOPC - sufficiency": {
            "mean": 0.28685927429637936,
            "std": 0.18675715998069545
        },
        "AOPC - comprehensiveness": {
            "mean": 0.20484596766502433,
            "std": 0.19280140034974902
        }
    },
    "deeplift": {
        "sufficiencies @ 0.01": {
            "mean": 0.11605858551298885,
            "std": 0.30584827564557315
        },
        "comprehensiveness @ 0.01": {
            "mean": 0.04641995662764379,
            "std": 0.19712248039527644
        },
        "sufficiencies @ 0.02": {
            "mean": 0.08666484140556774,
            "std": 0.26526432976696185
        },
        "comprehensiveness @ 0.02": {
            "mean": 0.04816650701610397,
            "std": 0.18770433528718927
        },
        "sufficiencies @ 0.05": {
            "mean": 0.10663797851460524,
            "std": 0.2932030990823777
        },
        "comprehensiveness @ 0.05": {
            "mean": 0.06586641945876415,
            "std": 0.2178232865550734
        },
        "sufficiencies @ 0.1": {
            "mean": 0.10044019092798136,
            "std": 0.2813578989866171
        },
        "comprehensiveness @ 0.1": {
            "mean": 0.06678146853858814,
            "std": 0.21835887277727492
        },
        "sufficiencies @ 0.2": {
            "mean": 0.18758927776657727,
            "std": 0.3579040274833127
        },
        "comprehensiveness @ 0.2": {
            "mean": 0.13930776758437252,
            "std": 0.32724854766482897
        },
        "sufficiencies @ 0.5": {
            "mean": 0.3562100663477767,
            "std": 0.4286953505759157
        },
        "comprehensiveness @ 0.5": {
            "mean": 0.30433464293618945,
            "std": 0.4214675653684966
        },
        "sufficiencies @ 1.0": {
            "mean": 0.9320404365161015,
            "std": 0.22540625184496688
        },
        "comprehensiveness @ 1.0": {
            "mean": 0.83416647986781,
            "std": 0.22627810344291044
        },
        "AOPC - sufficiency": {
            "mean": 0.2693773395702284,
            "std": 0.21819640776499089
        },