{
    "attention": {
        "sufficiencies @ 0.01": {
            "mean": 0.11120041563853808,
            "std": 0.2240643401770455
        },
        "comprehensiveness @ 0.01": {
            "mean": 0.3855199323130677,
            "std": 0.43462495597254375
        },
        "sufficiencies @ 0.02": {
            "mean": 0.13051952091899052,
            "std": 0.26547757607551475
        },
        "comprehensiveness @ 0.02": {
            "mean": 0.34477826718085386,
            "std": 0.41802945961133825
        },
        "sufficiencies @ 0.05": {
            "mean": 0.1302696820565321,
            "std": 0.24100863996010155
        },
        "comprehensiveness @ 0.05": {
            "mean": 0.3284974244944049,
            "std": 0.41307541747042337
        },
        "sufficiencies @ 0.1": {
            "mean": 0.14557202400929736,
            "std": 0.2752646299667274
        },
        "comprehensiveness @ 0.1": {
            "mean": 0.4348373165994184,
            "std": 0.43342604170159205
        },
        "sufficiencies @ 0.2": {
            "mean": 0.1277176757584493,
            "std": 0.2628436438257511
        },
        "comprehensiveness @ 0.2": {
            "mean": 0.3927976167880288,
            "std": 0.4377640275197516
        },
        "sufficiencies @ 0.5": {
            "mean": 0.1254835215853927,
            "std": 0.271292880117269
        },
        "comprehensiveness @ 0.5": {
            "mean": 0.7452324796426563,
            "std": 0.3360190685191047
        },
        "sufficiencies @ 1.0": {
            "mean": 0.13422672062509997,
            "std": 0.27090276890159287
        },
        "comprehensiveness @ 1.0": {
            "mean": 0.9145849718197343,
            "std": 0.1724236291543304
        },
        "AOPC - sufficiency": {
            "mean": 0.12928422294175715,
            "std": 0.16939406070557078
        },
        "AOPC - comprehensiveness": {
            "mean": 0.5066068584054522,
            "std": 0.249658187359001
        }
    },
    "deeplift": {
        "sufficiencies @ 0.01": {
            "mean": 0.1305481857096005,
            "std": 0.26201505941449077
        },
        "comprehensiveness @ 0.01": {
            "mean": 0.30000464382720615,
            "std": 0.4009994914835485
        },
        "sufficiencies @ 0.02": {
            "mean": 0.1447505860090939,
            "std": 0.2645669962987491
        },
        "comprehensiveness @ 0.02": {
            "mean": 0.3260894954948219,
            "std": 0.42321926150143957
        },
        "sufficiencies @ 0.05": {
            "mean": 0.11406113161665722,
            "std": 0.23920639041236585
        },
        "comprehensiveness @ 0.05": {
            "mean": 0.3054583982895548,
            "std": 0.3977957182718064
        },
        "sufficiencies @ 0.1": {
            "mean": 0.11649189426465854,
            "std": 0.2628749339004625
        },
        "comprehensiveness @ 0.1": {
            "mean": 0.394289061013323,
            "std": 0.43350724326224865
        },
        "sufficiencies @ 0.2": {
            "mean": 0.12239907541227135,
            "std": 0.264770312636123
        },
        "comprehensiveness @ 0.2": {
            "mean": 0.3914973626267269,
            "std": 0.43008985434590546
        },
        "sufficiencies @ 0.5": {
            "mean": 0.1257895806078787,
            "std": 0.26096606976588654
        },
        "comprehensiveness @ 0.5": {
            "mean": 0.6107460503832741,
            "std": 0.39872965263934274
        },
        "sufficiencies @ 1.0": {
            "mean": 0.14041034996028676,
            "std": 0.28192428125758856
        },
        "comprehensiveness @ 1.0": {
            "mean": 0.9056857168537978,
            "std": 0.1933067300005902
        },
        "AOPC - sufficiency": {
            "mean": 0.12777868622577815,
            "std": 0.16478145396229868
        },
        "AOPC - comprehensiveness": {
            "mean": 0.46196724692695784,
            "std": 0.2488997763368656
        }
    },
    "ig": {
        "sufficiencies @ 0.01": {
            "mean": 0.14766709827207652,
            "std": 0.285620135264422
        },
        "comprehensiveness @ 0.01": {
            "mean": 0.34777329943817226,
            "std": 0.42015227056731064
        },
        "sufficiencies @ 0.02": {
            "mean": 0.1315478885538249,
            "std": 0.25947486384073337
        },
        "comprehensiveness @ 0.02": {
            "mean": 0.3742970346768322,
            "std": 0.4112441046642842
        },
        "sufficiencies @ 0.05": {
            "mean": 0.15378832950647117,
            "std": 0.2801128534696124
        },
        "comprehensiveness @ 0.05": {
            "mean": 0.38854490907599676,
            "std": 0.4411713843853233
        },
        "sufficiencies @ 0.1": {
            "mean": 0.1252127425107197,
            "std": 0.2678144031724239
        },
        "comprehensiveness @ 0.1": {
            "mean": 0.38393723555477305,
            "std": 0.44014211782667706
        },
        "sufficiencies @ 0.2": {
            "mean": 0.15912125827327595,
            "std": 0.3034136235823916
        },
        "comprehensiveness @ 0.2": {
            "mean": 0.5031765040194106,
            "std": 0.41800900895914034
        },
        "sufficiencies @ 0.5": {
            "mean": 0.20110102008661054,
            "std": 0.3256171473470147
        },
        "comprehensiveness @ 0.5": {
            "mean": 0.664573265096733,
            "std": 0.3899208974186607
        },
        "sufficiencies @ 1.0": {
            "mean": 0.16932031744693532,
            "std": 0.31465225174974243
        },
        "comprehensiveness @ 1.0": {
            "mean": 0.8722031251504294,
            "std": 0.23157462145584426
        },
        "AOPC - sufficiency": {
            "mean": 0.15539409352141628,
            "std": 0.18710091435212545
        },
        "AOPC - comprehensiveness": {
            "mean": 0.5049293390017638,
            "std": 0.26004646975829837
        }
    },
    "random": {
        "sufficiencies @ 0.01": {
            "mean": 0.10584398159327704,
            "std": 0.24783332027675853
        },
        "comprehensiveness @ 0.01": {
            "mean": 0.2984863640483598,
            "std": 0.40758380685415346
        },
        "sufficiencies @ 0.02": {
            "mean": 0.1534360699310466,
            "std": 0.2787262570252448
        },
        "comprehensiveness @ 0.02": {
            "mean": 0.3793700806147674,
            "std": 0.4134744141424883
        },
        "sufficiencies @ 0.05": {
            "mean": 0.11945723831211438,
            "std": 0.24721258931149498
        },
        "comprehensiveness @ 0.05": {
            "mean": 0.4027493019056912,
            "std": 0.4342226586468001
        },
        "sufficiencies @ 0.1": {
            "mean": 0.06358765974121793,
            "std": 0.169255817585214
        },
        "comprehensiveness @ 0.1": {
            "mean": 0.33304712074397996,
            "std": 0.4215736966775469
        },
        "sufficiencies @ 0.2": {
            "mean": 0.1390597159379711,
            "std": 0.27960290963381385
        },
        "comprehensiveness @ 0.2": {
            "mean": 0.34353220272415164,
            "std": 0.3997985737115119
        },
        "sufficiencies @ 0.5": {
            "mean": 0.12567694696478993,
            "std": 0.26535585867876493
        },
        "comprehensiveness @ 0.5": {
            "mean": 0.5684718672579556,
            "std": 0.41435472261318645
        },
        "sufficiencies @ 1.0": {
            "mean": 0.12595479472379367,
            "std": 0.2487846541028061
        },
        "comprehensiveness @ 1.0": {
            "mean": 0.9040645595572062,
            "std": 0.18285100422879724
        },
        "AOPC - sufficiency": {
            "mean": 0.11900234388631582,
            "std": 0.17071146982131508
        },