{
    "scaled attention": {
        "sufficiencies @ 0.01": {
            "mean": 0.14824726325562987,
            "std": 0.3308975082878175
        },
        "comprehensiveness @ 0.01": {
            "mean": 0.07444216575379065,
            "std": 0.24592435256083037
        },
        "sufficiencies @ 0.02": {
            "mean": 0.09528734472950479,
            "std": 0.26593313306296973
        },
        "comprehensiveness @ 0.02": {
            "mean": 0.0773068364645156,
            "std": 0.25443972930985764
        },
        "sufficiencies @ 0.05": {
            "mean": 0.0989042408231936,
            "std": 0.2732417532928587
        },
        "comprehensiveness @ 0.05": {
            "mean": 0.13431679774330452,
            "std": 0.31551371234545883
        },
        "sufficiencies @ 0.1": {
            "mean": 0.18017738202468764,
            "std": 0.3554198361449873
        },
        "comprehensiveness @ 0.1": {
            "mean": 0.18257699016728524,
            "std": 0.3445320107024531
        },
        "sufficiencies @ 0.2": {
            "mean": 0.22779135351065055,
            "std": 0.39790808548469264
        },
        "comprehensiveness @ 0.2": {
            "mean": 0.28954295034532074,
            "std": 0.39491923382652755
        },
        "sufficiencies @ 0.5": {
            "mean": 0.7362018434256978,
            "std": 0.3865413324423366
        },
        "comprehensiveness @ 0.5": {
            "mean": 0.6960635428272184,
            "std": 0.40371660916859464
        },
        "sufficiencies @ 1.0": {
            "mean": 0.8300618944030448,
            "std": 0.349990874874807
        },
        "comprehensiveness @ 1.0": {
            "mean": 0.9604666914950145,
            "std": 0.14027699119850384
        },
        "AOPC - sufficiency": {
            "mean": 0.3309530460246299,
            "std": 0.18887521264940477
        },
        "AOPC - comprehensiveness": {
            "mean": 0.34495942497092136,
            "std": 0.15703399953833444
        }
    },
    "ig": {
        "sufficiencies @ 0.01": {
            "mean": 0.13579927344670448,
            "std": 0.3135175623190556
        },
        "comprehensiveness @ 0.01": {
            "mean": 0.09100943712299409,
            "std": 0.26275657555099446
        },
        "sufficiencies @ 0.02": {
            "mean": 0.12226740657204999,
            "std": 0.2956769768320261
        },
        "comprehensiveness @ 0.02": {
            "mean": 0.07800011085041599,
            "std": 0.25109482340876654
        },
        "sufficiencies @ 0.05": {
            "mean": 0.16234759686124267,
            "std": 0.3467836113309952
        },
        "comprehensiveness @ 0.05": {
            "mean": 0.12401259839590156,
            "std": 0.2933946801989425
        },
        "sufficiencies @ 0.1": {
            "mean": 0.15238282111933443,
            "std": 0.32960639991580537
        },
        "comprehensiveness @ 0.1": {
            "mean": 0.16330008626196985,
            "std": 0.34264401939397876
        },
        "sufficiencies @ 0.2": {
            "mean": 0.1994343740834209,
            "std": 0.36041126621979386
        },
        "comprehensiveness @ 0.2": {
            "mean": 0.23428369012830502,
            "std": 0.37010353752137304
        },
        "sufficiencies @ 0.5": {
            "mean": 0.5963714605666667,
            "std": 0.43937310829858517
        },
        "comprehensiveness @ 0.5": {
            "mean": 0.6087967661855088,
            "std": 0.4365580665115929
        },
        "sufficiencies @ 1.0": {
            "mean": 0.8997817148278471,
            "std": 0.2806483291734281
        },
        "comprehensiveness @ 1.0": {
            "mean": 0.9333511295562202,
            "std": 0.1981674294942325
        },
        "AOPC - sufficiency": {
            "mean": 0.32405494963960946,
            "std": 0.2192440853738408
        },
        "AOPC - comprehensiveness": {
            "mean": 0.31896483121447355,
            "std": 0.20014990316945272
        }
    },
    "attention": {
        "sufficiencies @ 0.01": {
            "mean": 0.12450743722210875,
            "std": 0.2894342992944084
        },
        "comprehensiveness @ 0.01": {
            "mean": 0.12380393284910679,
            "std": 0.3115199440618324
        },
        "sufficiencies @ 0.02": {
            "mean": 0.11146198745350425,
            "std": 0.2843649412834274
        },
        "comprehensiveness @ 0.02": {
            "mean": 0.06494585631642938,
            "std": 0.2243694091408622
        },
        "sufficiencies @ 0.05": {
            "mean": 0.13987882010894584,
            "std": 0.3247836001016284
        },
        "comprehensiveness @ 0.05": {
            "mean": 0.14094934225902622,
            "std": 0.3187757262285861
        },
        "sufficiencies @ 0.1": {
            "mean": 0.1364968173936278,
            "std": 0.3188751181492267
        },
        "comprehensiveness @ 0.1": {
            "mean": 0.15991117500423496,
            "std": 0.3253114595377399
        },
        "sufficiencies @ 0.2": {
            "mean": 0.3240154627690295,
            "std": 0.42996849988788494
        },
        "comprehensiveness @ 0.2": {
            "mean": 0.29354270322199044,
            "std": 0.4141454704012688
        },
        "sufficiencies @ 0.5": {
            "mean": 0.7626076269894413,
            "std": 0.39293087225595824
        },
        "comprehensiveness @ 0.5": {
            "mean": 0.7244233641838875,
            "std": 0.4028283027453991
        },
        "sufficiencies @ 1.0": {
            "mean": 0.8488167963010217,
            "std": 0.34680689789617786
        },
        "comprehensiveness @ 1.0": {
            "mean": 0.9779934265241954,
            "std": 0.03365415119792657
        },
        "AOPC - sufficiency": {
            "mean": 0.34968356403395423,
            "std": 0.18460334475902399
        },
        "AOPC - comprehensiveness": {
            "mean": 0.35508140005126726,
            "std": 0.18941818480358275
        }
    },
    "random": {
        "sufficiencies @ 0.01": {
            "mean": 0.1645006980797741,
            "std": 0.34220432308393917
        },
        "comprehensiveness @ 0.01": {
            "mean": 0.05796972986805581,
            "std": 0.20627655532330189
        },
        "sufficiencies @ 0.02": {
            "mean": 0.16504774379311685,
            "std": 0.34801882938757667
        },
        "comprehensiveness @ 0.02": {
            "mean": 0.047640801546776225,
            "std": 0.18817168385061733
        },
        "sufficiencies @ 0.05": {
            "mean": 0.15998971985762894,
            "std": 0.3476870122026654
        },
        "comprehensiveness @ 0.05": {
            "mean": 0.08118294363385244,
            "std": 0.23047476663171643
        },
        "sufficiencies @ 0.1": {
            "mean": 0.202935263185813,
            "std": 0.37884105547953456
        },
        "comprehensiveness @ 0.1": {
            "mean": 0.08390801694267071,
            "std": 0.2360596363914621
        },
        "sufficiencies @ 0.2": {
            "mean": 0.2026403694984633,
            "std": 0.37741838338428585
        },
        "comprehensiveness @ 0.2": {
            "mean": 0.12133826303159528,
            "std": 0.29467919039491347
        },
        "sufficiencies @ 0.5": {
            "mean": 0.4568013967579823,
            "std": 0.4513291589256288
        },
        "comprehensiveness @ 0.5": {
            "mean": 0.33498340596941517,
            "std": 0.4149898742802273
        },
        "sufficiencies @ 1.0": {
            "mean": 0.9270742505692757,
            "std": 0.23069124517840942
        },
        "comprehensiveness @ 1.0": {
            "mean": 0.9574590592728789,
            "std": 0.14075696975080762
        },
        "AOPC - sufficiency": {
            "mean": 0.325569920248865,
            "std": 0.26506818799058895
        },