,feature,Soft_sufficiency,Suff_ratio,Soft_comprehensiveness,Comp_ratio
0,random,0.9402704017177451,1.0,0.062507645855818,1.0
1,attention,0.93659068716098,0.9960865357985929,0.045947221186993,0.7350656157004574
2,scaled attention,0.932360293474438,0.9915874112076096,0.034536339013166,0.5525138331529642
3,gradients,0.933032806056282,0.9923026443794881,0.046033031261668,0.7364384089563886
4,ig,0.9433852590068671,1.0033127250240266,0.06920161523976201,1.1070904093778307
5,deeplift,0.933328622077018,0.9926172517734841,0.06291869944726601,1.0065760529903198
