{
    "attention": {
        "sufficiencies @ 0.01": {
            "mean": 0.11456279076434805,
            "std": 0.30635949314248373
        },
        "comprehensiveness @ 0.01": {
            "mean": 0.07115574580706033,
            "std": 0.23945840016539477
        },
        "sufficiencies @ 0.02": {
            "mean": 0.09610181868576757,
            "std": 0.2799549661973673
        },
        "comprehensiveness @ 0.02": {
            "mean": 0.06963500843756083,
            "std": 0.23899925864840393
        },
        "sufficiencies @ 0.05": {
            "mean": 0.11690735239226724,
            "std": 0.30565242690290667
        },
        "comprehensiveness @ 0.05": {
            "mean": 0.09213139303840231,
            "std": 0.26285180574913714
        },
        "sufficiencies @ 0.1": {
            "mean": 0.13585136913956294,
            "std": 0.3190347240650246
        },
        "comprehensiveness @ 0.1": {
            "mean": 0.17226047455267476,
            "std": 0.35253367678600217
        },
        "sufficiencies @ 0.2": {
            "mean": 0.23616533783667928,
            "std": 0.3825469213818799
        },
        "comprehensiveness @ 0.2": {
            "mean": 0.2696768687005648,
            "std": 0.40942628029659706
        },
        "sufficiencies @ 0.5": {
            "mean": 0.7855818894253663,
            "std": 0.3512982358225193
        },
        "comprehensiveness @ 0.5": {
            "mean": 0.5536297330081301,
            "std": 0.4566937040728494
        },
        "sufficiencies @ 1.0": {
            "mean": 0.9281423716863644,
            "std": 0.2511300235932232
        },
        "comprehensiveness @ 1.0": {
            "mean": NaN,
            "std": NaN
        },
        "AOPC - sufficiency": {
            "mean": 0.3447589899900508,
            "std": 0.2038681043801981
        },
        "AOPC - comprehensiveness": {
            "mean": NaN,
            "std": NaN
        }
    },
    "gradients": {
        "sufficiencies @ 0.01": {
            "mean": 0.08576888568089593,
            "std": 0.2655276888689822
        },
        "comprehensiveness @ 0.01": {
            "mean": 0.057474626204203384,
            "std": 0.2242306281759739
        },
        "sufficiencies @ 0.02": {
            "mean": 0.09982488281851164,
            "std": 0.28150286267690144
        },
        "comprehensiveness @ 0.02": {
            "mean": 0.08568961908542064,
            "std": 0.2632662617445538
        },
        "sufficiencies @ 0.05": {
            "mean": 0.10719356506811198,
            "std": 0.2931976109180628
        },
        "comprehensiveness @ 0.05": {
            "mean": 0.08643335224717798,
            "std": 0.2514664796986772
        },
        "sufficiencies @ 0.1": {
            "mean": 0.11292002678596086,
            "std": 0.29627631826865075
        },
        "comprehensiveness @ 0.1": {
            "mean": 0.11297951509620748,
            "std": 0.3019786198758904
        },
        "sufficiencies @ 0.2": {
            "mean": 0.1287074847248751,
            "std": 0.30948119601833923
        },
        "comprehensiveness @ 0.2": {
            "mean": 0.11339488268595013,
            "std": 0.2843708234713267
        },
        "sufficiencies @ 0.5": {
            "mean": 0.5273488420336666,
            "std": 0.43860456528474745
        },
        "comprehensiveness @ 0.5": {
            "mean": 0.3062379383681485,
            "std": 0.4305922465029477
        },
        "sufficiencies @ 1.0": {
            "mean": 0.905152388448546,
            "std": 0.27316467655254567
        },
        "comprehensiveness @ 1.0": {
            "mean": 0.7823649009412158,
            "std": 0.23942687078274089
        },
        "AOPC - sufficiency": {
            "mean": 0.28098801079436686,
            "std": 0.20506934997237844
        },
        "AOPC - comprehensiveness": {
            "mean": 0.2206535478040463,
            "std": 0.1937852287956868
        }
    },
    "scaled attention": {
        "sufficiencies @ 0.01": {
            "mean": 0.09581452771845507,
            "std": 0.2799862768571834
        },
        "comprehensiveness @ 0.01": {
            "mean": 0.06067790505907422,
            "std": 0.22076347600113155
        },
        "sufficiencies @ 0.02": {
            "mean": 0.0903738434066779,
            "std": 0.2671996513168641
        },
        "comprehensiveness @ 0.02": {
            "mean": 0.06130631635729934,
            "std": 0.22034890085864947
        },
        "sufficiencies @ 0.05": {
            "mean": 0.11774740259728199,
            "std": 0.3054411185389369
        },
        "comprehensiveness @ 0.05": {
            "mean": 0.0896177038519748,
            "std": 0.26228798083047805
        },
        "sufficiencies @ 0.1": {
            "mean": 0.13377105147027127,
            "std": 0.3093476189198583
        },
        "comprehensiveness @ 0.1": {
            "mean": 0.1602470128997464,
            "std": 0.34126960312338456
        },
        "sufficiencies @ 0.2": {
            "mean": 0.23664049562107933,
            "std": 0.3762405241322219
        },
        "comprehensiveness @ 0.2": {
            "mean": 0.2577891031862858,
            "std": 0.40081051774077436
        },
        "sufficiencies @ 0.5": {
            "mean": 0.7363667386944797,
            "std": 0.38495764078876205
        },
        "comprehensiveness @ 0.5": {
            "mean": 0.5247088470188479,
            "std": 0.45692532709248274
        },
        "sufficiencies @ 1.0": {
            "mean": 0.8879218295073292,
            "std": 0.29589591238849267
        },
        "comprehensiveness @ 1.0": {
            "mean": 0.7690322886677992,
            "std": 0.2216889651012979
        },
        "AOPC - sufficiency": {
            "mean": 0.3283765555736536,
            "std": 0.1904155002791497
        },
        "AOPC - comprehensiveness": {
            "mean": 0.27476845386300397,
            "std": 0.20154931588907748
        }
    },
    "deeplift": {
        "sufficiencies @ 0.01": {
            "mean": 0.10657047456558294,
            "std": 0.29318614513867347
        },
        "comprehensiveness @ 0.01": {
            "mean": 0.07412317933497688,
            "std": 0.23635129032830693
        },
        "sufficiencies @ 0.02": {
            "mean": 0.08783209428538126,
            "std": 0.26497327616897215
        },
        "comprehensiveness @ 0.02": {
            "mean": 0.0574898448098375,
            "std": 0.20073525642009743
        },
        "sufficiencies @ 0.05": {
            "mean": 0.10978510167660739,
            "std": 0.29422056241787686
        },
        "comprehensiveness @ 0.05": {
            "mean": 0.0644372395951031,
            "std": 0.21224190940134946
        },
        "sufficiencies @ 0.1": {
            "mean": 0.12475915433399472,
            "std": 0.3143538214624227
        },
        "comprehensiveness @ 0.1": {
            "mean": 0.0726754917082179,
            "std": 0.23243593131257165
        },
        "sufficiencies @ 0.2": {
            "mean": 0.16368803248667765,
            "std": 0.3461848445181868
        },
        "comprehensiveness @ 0.2": {
            "mean": 0.133527793707821,
            "std": 0.3198117906308845
        },
        "sufficiencies @ 0.5": {
            "mean": 0.33881622508196724,
            "std": 0.42486118415763857
        },
        "comprehensiveness @ 0.5": {
            "mean": 0.29011309000651186,
            "std": 0.4119694759608901
        },
        "sufficiencies @ 1.0": {
            "mean": 0.9572400014611627,
            "std": 0.18054326914416208
        },
        "comprehensiveness @ 1.0": {
            "mean": 0.8382621620269856,
            "std": 0.2179460216598147
        },
        "AOPC - sufficiency": {
            "mean": 0.269813011984482,
            "std": 0.23510418765777977
        },