{
    "deeplift": {
        "sufficiency": {
            "mean": 0.9333286220770182,
            "std": 0.23407943078755686
        },
        "comprehensiveness": {
            "mean": 0.06291869944726697,
            "std": 0.23110626499975925
        },
        "AOPC - sufficiency": {
            "mean": 0.0,
            "std": 0.0
        },
        "AOPC - comprehensiveness": {
            "mean": 0.0,
            "std": 0.0
        }
    },
    "ig": {
        "sufficiency": {
            "mean": 0.943385259006867,
            "std": 0.2155845880594283
        },
        "comprehensiveness": {
            "mean": 0.06920161523976204,
            "std": 0.2384082459425704
        },
        "AOPC - sufficiency": {
            "mean": 0.0,
            "std": 0.0
        },
        "AOPC - comprehensiveness": {
            "mean": 0.0,
            "std": 0.0
        }
    },
    "random": {
        "sufficiency": {
            "mean": 0.9402704017177451,
            "std": 0.221581237716132
        },
        "comprehensiveness": {
            "mean": 0.0625076458558184,
            "std": 0.22555418446112857
        },
        "AOPC - sufficiency": {
            "mean": 0.0,
            "std": 0.0
        },
        "AOPC - comprehensiveness": {
            "mean": 0.0,
            "std": 0.0
        }
    },
    "gradients": {
        "sufficiency": {
            "mean": 0.9330328060562824,
            "std": 0.23091306487431354
        },
        "comprehensiveness": {
            "mean": 0.04603303126166809,
            "std": 0.18821136960891283
        },
        "AOPC - sufficiency": {
            "mean": 0.0,
            "std": 0.0
        },
        "AOPC - comprehensiveness": {
            "mean": 0.0,
            "std": 0.0
        }
    },
    "attention": {
        "sufficiency": {
            "mean": 0.9365906871609809,
            "std": 0.2223897243340668
        },
        "comprehensiveness": {
            "mean": 0.04594722118699383,
            "std": 0.18998981793605046
        },
        "AOPC - sufficiency": {
            "mean": 0.0,
            "std": 0.0
        },
        "AOPC - comprehensiveness": {
            "mean": 0.0,
            "std": 0.0
        }
    },
    "scaled attention": {
        "sufficiency": {
            "mean": 0.9323602934744384,
            "std": 0.23037806665452484
        },
        "comprehensiveness": {
            "mean": 0.03453633901316627,
            "std": 0.1611550592917415
        },
        "AOPC - sufficiency": {
            "mean": 0.0,
            "std": 0.0
        },
        "AOPC - comprehensiveness": {
            "mean": 0.0,
            "std": 0.0
        }
    }
}