{
    "gradients": {
        "sufficiencies @ 0.01": {
            "mean": 0.09510762481469043,
            "std": 0.280212552140526
        },
        "comprehensiveness @ 0.01": {
            "mean": 0.06638623747430701,
            "std": 0.24205989654686116
        },
        "sufficiencies @ 0.02": {
            "mean": 0.08724370143406657,
            "std": 0.2653984161738629
        },
        "comprehensiveness @ 0.02": {
            "mean": 0.06238013108509839,
            "std": 0.2266270540105386
        },
        "sufficiencies @ 0.05": {
            "mean": 0.08602593140627249,
            "std": 0.26543194556259786
        },
        "comprehensiveness @ 0.05": {
            "mean": 0.06920102038510992,
            "std": 0.22482944414685968
        },
        "sufficiencies @ 0.1": {
            "mean": 0.1140331043743307,
            "std": 0.29804198960136064
        },
        "comprehensiveness @ 0.1": {
            "mean": 0.11028335821200931,
            "std": 0.2957982590240791
        },
        "sufficiencies @ 0.2": {
            "mean": 0.11211376416855055,
            "std": 0.28976144109150437
        },
        "comprehensiveness @ 0.2": {
            "mean": 0.11163053864786784,
            "std": 0.28529402137731985
        },
        "sufficiencies @ 0.5": {
            "mean": 0.5134184091605996,
            "std": 0.44503545377509796
        },
        "comprehensiveness @ 0.5": {
            "mean": 0.30781346853343805,
            "std": 0.4325157099554877
        },
        "sufficiencies @ 1.0": {
            "mean": 0.9118332353354907,
            "std": 0.2467878857007674
        },
        "comprehensiveness @ 1.0": {
            "mean": NaN,
            "std": NaN
        },
        "AOPC - sufficiency": {
            "mean": 0.27425368152771445,
            "std": 0.20200871470258133
        },
        "AOPC - comprehensiveness": {
            "mean": NaN,
            "std": NaN
        }
    },
    "deeplift": {
        "sufficiencies @ 0.01": {
            "mean": 0.10701807728026196,
            "std": 0.2931869245908595
        },
        "comprehensiveness @ 0.01": {
            "mean": 0.03974715864870421,
            "std": 0.18141831551537338
        },
        "sufficiencies @ 0.02": {
            "mean": 0.09723323929904969,
            "std": 0.2801458691778931
        },
        "comprehensiveness @ 0.02": {
            "mean": 0.03151756237326233,
            "std": 0.15296970143899305
        },
        "sufficiencies @ 0.05": {
            "mean": 0.11435725931895166,
            "std": 0.30648768027286377
        },
        "comprehensiveness @ 0.05": {
            "mean": 0.06410334495137607,
            "std": 0.21439192500531223
        },
        "sufficiencies @ 0.1": {
            "mean": 0.1371751221914141,
            "std": 0.3212459356394423
        },
        "comprehensiveness @ 0.1": {
            "mean": 0.07119378963738926,
            "std": 0.2243715016413827
        },
        "sufficiencies @ 0.2": {
            "mean": 0.18856359881831936,
            "std": 0.3688351931942603
        },
        "comprehensiveness @ 0.2": {
            "mean": 0.13605563050590988,
            "std": 0.32527938892060293
        },
        "sufficiencies @ 0.5": {
            "mean": 0.47430679200599446,
            "std": 0.44685851206573574
        },
        "comprehensiveness @ 0.5": {
            "mean": 0.4012255384353441,
            "std": 0.4575955063533834
        },
        "sufficiencies @ 1.0": {
            "mean": 0.9121885612037316,
            "std": 0.2713867112810422
        },
        "comprehensiveness @ 1.0": {
            "mean": 0.7675053509387716,
            "std": 0.2178007779520619
        },
        "AOPC - sufficiency": {
            "mean": 0.2901203785882462,
            "std": 0.21887177573302083
        },
        "AOPC - comprehensiveness": {
            "mean": 0.21590691078439392,
            "std": 0.1621416518301771
        }
    },
    "ig": {
        "sufficiencies @ 0.01": {
            "mean": 0.09988667642599437,
            "std": 0.27976151596609966
        },
        "comprehensiveness @ 0.01": {
            "mean": 0.07506429814344728,
            "std": 0.237086260379111
        },
        "sufficiencies @ 0.02": {
            "mean": 0.08924820521762945,
            "std": 0.26719228481729984
        },
        "comprehensiveness @ 0.02": {
            "mean": 0.07720380553667776,
            "std": 0.24499525569093453
        },
        "sufficiencies @ 0.05": {
            "mean": 0.10801309726973092,
            "std": 0.2843106476096242
        },
        "comprehensiveness @ 0.05": {
            "mean": 0.13358398640375832,
            "std": 0.3209554555032972
        },
        "sufficiencies @ 0.1": {
            "mean": 0.1537812253522801,
            "std": 0.3402017032596755
        },
        "comprehensiveness @ 0.1": {
            "mean": 0.1584868959835553,
            "std": 0.34204100865907744
        },
        "sufficiencies @ 0.2": {
            "mean": 0.21123153865545707,
            "std": 0.3809686030815927
        },
        "comprehensiveness @ 0.2": {
            "mean": 0.23502399977008123,
            "std": 0.4002805815059927
        },
        "sufficiencies @ 0.5": {
            "mean": 0.6266379512198523,
            "std": 0.42407988475351266
        },
        "comprehensiveness @ 0.5": {
            "mean": 0.4429521846323211,
            "std": 0.4598058562786318
        },
        "sufficiencies @ 1.0": {
            "mean": 0.9201331284457045,
            "std": 0.24739918279636366
        },
        "comprehensiveness @ 1.0": {
            "mean": 0.7672177560753862,
            "std": 0.21815750380263554
        },
        "AOPC - sufficiency": {
            "mean": 0.3155616889409498,
            "std": 0.20978795172851963
        },
        "AOPC - comprehensiveness": {
            "mean": 0.2699332752207467,
            "std": 0.2316466580793309
        }
    },
    "scaled attention": {
        "sufficiencies @ 0.01": {
            "mean": 0.10566705019536206,
            "std": 0.29348748221817966
        },
        "comprehensiveness @ 0.01": {
            "mean": 0.05992450287180272,
            "std": 0.22051864663452703
        },
        "sufficiencies @ 0.02": {
            "mean": 0.10742270616535422,
            "std": 0.29323667958698424
        },
        "comprehensiveness @ 0.02": {
            "mean": 0.05922624885755802,
            "std": 0.22025090445101636
        },
        "sufficiencies @ 0.05": {
            "mean": 0.11814496130930627,
            "std": 0.3060019258666759
        },
        "comprehensiveness @ 0.05": {
            "mean": 0.09137470390597274,
            "std": 0.26199540430301094
        },
        "sufficiencies @ 0.1": {
            "mean": 0.14534726945348145,
            "std": 0.3242335058547987
        },
        "comprehensiveness @ 0.1": {
            "mean": 0.16645400148370484,
            "std": 0.3483620518289929
        },
        "sufficiencies @ 0.2": {
            "mean": 0.29538853799870957,
            "std": 0.40988403777799776
        },
        "comprehensiveness @ 0.2": {
            "mean": 0.2567561479627554,
            "std": 0.3996060373853419
        },
        "sufficiencies @ 0.5": {
            "mean": 0.8039954758495956,
            "std": 0.3431190115975143
        },
        "comprehensiveness @ 0.5": {
            "mean": 0.5349425576328188,
            "std": 0.45726889881583305
        },
        "sufficiencies @ 1.0": {
            "mean": 0.9217245880920323,
            "std": 0.24181236927631153
        },
        "comprehensiveness @ 1.0": {
            "mean": 0.7660436841742702,
            "std": 0.2184741991989502
        },
        "AOPC - sufficiency": {
            "mean": 0.35681294129483443,
            "std": 0.20391452402436167
        },