,feature,Soft_sufficiency,Suff_ratio,Soft_comprehensiveness,Comp_ratio
0,random,0.9739931266180131,1.0,0.029039556140162,1.0
1,attention,0.9752292888530211,1.0012691693619034,0.017182001667643002,0.5916757675190537
2,scaled attention,0.9509220651965611,0.9763129114662632,0.034866966284646,1.2006714605539246
3,gradients,0.9722922410213221,0.9982536985629488,0.020803210537186003,0.7163749485969226
4,ig,0.9742070500705291,1.0002196354847583,0.032391551455606,1.1154286001915903
5,deeplift,0.9631110861309391,0.9888273949890596,0.033249887929704,1.144986093080089
