{
    "random": {
        "sufficiencies @ 0.01": {
            "mean": 0.060169211345777976,
            "std": 0.21960690954243514
        },
        "comprehensiveness @ 0.01": {
            "mean": 0.0847127275488846,
            "std": 0.2602261901594604
        },
        "sufficiencies @ 0.02": {
            "mean": 0.060435586920426144,
            "std": 0.22013005618535628
        },
        "comprehensiveness @ 0.02": {
            "mean": 0.08688868066877999,
            "std": 0.2615632385785956
        },
        "sufficiencies @ 0.05": {
            "mean": 0.06866837888636194,
            "std": 0.23482576518601272
        },
        "comprehensiveness @ 0.05": {
            "mean": 0.0985587949109368,
            "std": 0.27506724385404285
        },
        "sufficiencies @ 0.1": {
            "mean": 0.08391276989999255,
            "std": 0.25550060468542496
        },
        "comprehensiveness @ 0.1": {
            "mean": 0.11293344828193927,
            "std": 0.29008994182206704
        },
        "sufficiencies @ 0.2": {
            "mean": 0.13162790948600953,
            "std": 0.30519985996303045
        },
        "comprehensiveness @ 0.2": {
            "mean": 0.1404971073798566,
            "std": 0.3171828287043779
        },
        "sufficiencies @ 0.5": {
            "mean": 0.5681936368160996,
            "std": 0.4387518240441707
        },
        "comprehensiveness @ 0.5": {
            "mean": 0.4260705043601074,
            "std": 0.4370476678185305
        },
        "sufficiencies @ 1.0": {
            "mean": 0.9386115143816537,
            "std": 0.22451544130909312
        },
        "comprehensiveness @ 1.0": {
            "mean": 0.9420602685620768,
            "std": 0.20618554995403554
        },
        "AOPC - sufficiency": {
            "mean": 0.27308842967661734,
            "std": 0.17041588237287073
        },
        "AOPC - comprehensiveness": {
            "mean": 0.27024593310179734,
            "std": 0.17300134235618733
        }
    },
    "gradients": {
        "sufficiencies @ 0.01": {
            "mean": 0.06252288135889186,
            "std": 0.22360216595583376
        },
        "comprehensiveness @ 0.01": {
            "mean": 0.0742155916506629,
            "std": 0.24085272593044854
        },
        "sufficiencies @ 0.02": {
            "mean": 0.06380866252314704,
            "std": 0.2259445584159166
        },
        "comprehensiveness @ 0.02": {
            "mean": 0.07577602078300838,
            "std": 0.24298413205248642
        },
        "sufficiencies @ 0.05": {
            "mean": 0.06463669109532076,
            "std": 0.2255806697550593
        },
        "comprehensiveness @ 0.05": {
            "mean": 0.09972703933730809,
            "std": 0.27488731066082633
        },
        "sufficiencies @ 0.1": {
            "mean": 0.07044843399526643,
            "std": 0.23436436314419173
        },
        "comprehensiveness @ 0.1": {
            "mean": 0.12995189638560778,
            "std": 0.30939511470834585
        },
        "sufficiencies @ 0.2": {
            "mean": 0.10579256434192401,
            "std": 0.2761708277313471
        },
        "comprehensiveness @ 0.2": {
            "mean": 0.1693491926233601,
            "std": 0.3449185130937313
        },
        "sufficiencies @ 0.5": {
            "mean": 0.5814120005555661,
            "std": 0.43097838490541274
        },
        "comprehensiveness @ 0.5": {
            "mean": 0.3979102416670472,
            "std": 0.4382117193774685
        },
        "sufficiencies @ 1.0": {
            "mean": 0.9367520027944275,
            "std": 0.22194129776030416
        },
        "comprehensiveness @ 1.0": {
            "mean": 0.9415020039181375,
            "std": 0.20551103953746325
        },
        "AOPC - sufficiency": {
            "mean": 0.26933903380922053,
            "std": 0.16607184864496027
        },
        "AOPC - comprehensiveness": {
            "mean": 0.26977599805216174,
            "std": 0.17916673234162522
        }
    },
    "attention": {
        "sufficiencies @ 0.01": {
            "mean": 0.06489707343840351,
            "std": 0.2272660801492637
        },
        "comprehensiveness @ 0.01": {
            "mean": 0.07282003502831697,
            "std": 0.2385877331745126
        },
        "sufficiencies @ 0.02": {
            "mean": 0.06381449227878255,
            "std": 0.22477018474824417
        },
        "comprehensiveness @ 0.02": {
            "mean": 0.07849669264232136,
            "std": 0.2459929989453538
        },
        "sufficiencies @ 0.05": {
            "mean": 0.06944290559010673,
            "std": 0.23120032989270223
        },
        "comprehensiveness @ 0.05": {
            "mean": 0.12511698630943185,
            "std": 0.30206007937118345
        },
        "sufficiencies @ 0.1": {
            "mean": 0.10932744581612935,
            "std": 0.27365041434206855
        },
        "comprehensiveness @ 0.1": {
            "mean": 0.19069618257221782,
            "std": 0.360225787215672
        },
        "sufficiencies @ 0.2": {
            "mean": 0.28108082983722504,
            "std": 0.3876914801901561
        },
        "comprehensiveness @ 0.2": {
            "mean": 0.2878304661999886,
            "std": 0.4130242549775133
        },
        "sufficiencies @ 0.5": {
            "mean": 0.841836558374892,
            "std": 0.30862549723139826
        },
        "comprehensiveness @ 0.5": {
            "mean": 0.7784378362599297,
            "std": 0.36373141242118867
        },
        "sufficiencies @ 1.0": {
            "mean": 0.9413726745246771,
            "std": 0.21072341263116828
        },
        "comprehensiveness @ 1.0": {
            "mean": 0.9402833945779561,
            "std": 0.20623411630943547
        },
        "AOPC - sufficiency": {
            "mean": 0.3388245685514594,
            "std": 0.16133289800255227
        },
        "AOPC - comprehensiveness": {
            "mean": 0.3533830847985946,
            "std": 0.16513168812440532
        }
    },
    "ig": {
        "sufficiencies @ 0.01": {
            "mean": 0.06402842079640318,
            "std": 0.22002971896394954
        },
        "comprehensiveness @ 0.01": {
            "mean": 0.09956818510082124,
            "std": 0.27015083913407434
        },
        "sufficiencies @ 0.02": {
            "mean": 0.06417919164264066,
            "std": 0.2202775369347
        },
        "comprehensiveness @ 0.02": {
            "mean": 0.10198292833803832,
            "std": 0.2739082790790554
        },
        "sufficiencies @ 0.05": {
            "mean": 0.07318476883662954,
            "std": 0.23119740171018902
        },
        "comprehensiveness @ 0.05": {
            "mean": 0.1338676733267334,
            "std": 0.3089424619707141
        },
        "sufficiencies @ 0.1": {
            "mean": 0.09422851027480839,
            "std": 0.2583449414797143
        },
        "comprehensiveness @ 0.1": {
            "mean": 0.1663968506348186,
            "std": 0.3390300405713023
        },
        "sufficiencies @ 0.2": {
            "mean": 0.15730237469885555,
            "std": 0.31916119049496516
        },
        "comprehensiveness @ 0.2": {
            "mean": 0.23497581180166593,
            "std": 0.3870674146021038
        },
        "sufficiencies @ 0.5": {
            "mean": 0.7187243584751514,
            "std": 0.3877492502874643
        },
        "comprehensiveness @ 0.5": {
            "mean": 0.5677324488687128,
            "std": 0.448259167664705
        },
        "sufficiencies @ 1.0": {
            "mean": 0.9588768208574955,
            "std": 0.17286725353164312
        },
        "comprehensiveness @ 1.0": {
            "mean": 0.9362862516149332,
            "std": 0.21535809794086652
        },
        "AOPC - sufficiency": {
            "mean": 0.3043606350831406,
            "std": 0.168668401176393
        },