{
    "scaled attention": {
        "sufficiencies @ 0.01": {
            "mean": 0.14736677718071467,
            "std": 0.32986499220702536
        },
        "comprehensiveness @ 0.01": {
            "mean": 0.6470272998192831,
            "std": 0.41216669017583346
        },
        "sufficiencies @ 0.02": {
            "mean": 0.11991503522009134,
            "std": 0.28115704152194015
        },
        "comprehensiveness @ 0.02": {
            "mean": 0.5399162355795273,
            "std": 0.4487857611829397
        },
        "sufficiencies @ 0.05": {
            "mean": 0.11066425570073418,
            "std": 0.2832468193135617
        },
        "comprehensiveness @ 0.05": {
            "mean": 0.6375038027123519,
            "std": 0.4272451474551662
        },
        "sufficiencies @ 0.1": {
            "mean": 0.14743185200284312,
            "std": 0.3189476960889943
        },
        "comprehensiveness @ 0.1": {
            "mean": 0.6415525198670171,
            "std": 0.4074300529281249
        },
        "sufficiencies @ 0.2": {
            "mean": 0.13406180081279517,
            "std": 0.3093477495524219
        },
        "comprehensiveness @ 0.2": {
            "mean": 0.6562291009328934,
            "std": 0.420268619082086
        },
        "sufficiencies @ 0.5": {
            "mean": 0.1313062261366747,
            "std": 0.3111038608759036
        },
        "comprehensiveness @ 0.5": {
            "mean": 0.8312128278742557,
            "std": 0.28486850394209884
        },
        "sufficiencies @ 1.0": {
            "mean": 0.11782910258720022,
            "std": 0.27523187702565505
        },
        "comprehensiveness @ 1.0": {
            "mean": 0.868900918858235,
            "std": 0.24287906732866757
        },
        "AOPC - sufficiency": {
            "mean": 0.12979643566300764,
            "std": 0.2282961684073089
        },
        "AOPC - comprehensiveness": {
            "mean": 0.6889061008062232,
            "std": 0.17842710221918273
        }
    },
    "attention": {
        "sufficiencies @ 0.01": {
            "mean": 0.12783672809869995,
            "std": 0.30500475340335303
        },
        "comprehensiveness @ 0.01": {
            "mean": 0.6028436102723476,
            "std": 0.4308161284411442
        },
        "sufficiencies @ 0.02": {
            "mean": 0.1403243850537339,
            "std": 0.31328018306317185
        },
        "comprehensiveness @ 0.02": {
            "mean": 0.5639471860020476,
            "std": 0.44270488022203364
        },
        "sufficiencies @ 0.05": {
            "mean": 0.17309825911980328,
            "std": 0.3416345624475306
        },
        "comprehensiveness @ 0.05": {
            "mean": 0.617184674284444,
            "std": 0.4239539367421266
        },
        "sufficiencies @ 0.1": {
            "mean": 0.1138500697008625,
            "std": 0.27282086283546214
        },
        "comprehensiveness @ 0.1": {
            "mean": 0.6556342649043633,
            "std": 0.4205993998996974
        },
        "sufficiencies @ 0.2": {
            "mean": 0.1208090315854256,
            "std": 0.29822899401838326
        },
        "comprehensiveness @ 0.2": {
            "mean": 0.69458191553455,
            "std": 0.40625941248688247
        },
        "sufficiencies @ 0.5": {
            "mean": 0.15263162197555719,
            "std": 0.31862038733930026
        },
        "comprehensiveness @ 0.5": {
            "mean": 0.7886442706676235,
            "std": 0.3256785979294507
        },
        "sufficiencies @ 1.0": {
            "mean": 0.17771604187933224,
            "std": 0.34795718622091026
        },
        "comprehensiveness @ 1.0": {
            "mean": 0.8607021917843178,
            "std": 0.27102593351992355
        },
        "AOPC - sufficiency": {
            "mean": 0.1437523053447735,
            "std": 0.24166988174271414
        },
        "AOPC - comprehensiveness": {
            "mean": 0.6833625876356705,
            "std": 0.1916713278880054
        }
    },
    "deeplift": {
        "sufficiencies @ 0.01": {
            "mean": 0.12414255825557206,
            "std": 0.29912014872695764
        },
        "comprehensiveness @ 0.01": {
            "mean": 0.6544327925593532,
            "std": 0.4172115749452367
        },
        "sufficiencies @ 0.02": {
            "mean": 0.1049912953648108,
            "std": 0.2823184126582594
        },
        "comprehensiveness @ 0.02": {
            "mean": 0.5913441979643298,
            "std": 0.42228935299739967
        },
        "sufficiencies @ 0.05": {
            "mean": 0.12473131510940094,
            "std": 0.2981347062755505
        },
        "comprehensiveness @ 0.05": {
            "mean": 0.6132975245442657,
            "std": 0.4230958469276222
        },
        "sufficiencies @ 0.1": {
            "mean": 0.12969398869839122,
            "std": 0.31530085248895257
        },
        "comprehensiveness @ 0.1": {
            "mean": 0.5662042729830586,
            "std": 0.43354883436342256
        },
        "sufficiencies @ 0.2": {
            "mean": 0.15020413740612315,
            "std": 0.3233315222662146
        },
        "comprehensiveness @ 0.2": {
            "mean": 0.631954502006068,
            "std": 0.4184942842094118
        },
        "sufficiencies @ 0.5": {
            "mean": 0.17377367070066813,
            "std": 0.3311303363581755
        },
        "comprehensiveness @ 0.5": {
            "mean": 0.7117375825274685,
            "std": 0.3702832153381576
        },
        "sufficiencies @ 1.0": {
            "mean": 0.17902765321787525,
            "std": 0.35490092738096596
        },
        "comprehensiveness @ 1.0": {
            "mean": 0.8570448109600157,
            "std": 0.26810368379775457
        },
        "AOPC - sufficiency": {
            "mean": 0.14093780267897738,
            "std": 0.24436833286399792
        },
        "AOPC - comprehensiveness": {
            "mean": 0.6608593833635086,
            "std": 0.18969950662118482
        }
    },
    "gradients": {
        "sufficiencies @ 0.01": {
            "mean": 0.11814102182923844,
            "std": 0.2887057582438438
        },
        "comprehensiveness @ 0.01": {
            "mean": 0.5892100570671739,
            "std": 0.43983304349817665
        },
        "sufficiencies @ 0.02": {
            "mean": 0.14787847964960604,
            "std": 0.313638444151746
        },
        "comprehensiveness @ 0.02": {
            "mean": 0.6142537498602036,
            "std": 0.42148376084809486
        },
        "sufficiencies @ 0.05": {
            "mean": 0.13060565720380338,
            "std": 0.3133004849514881
        },
        "comprehensiveness @ 0.05": {
            "mean": 0.654405144340073,
            "std": 0.4166855195989588
        },
        "sufficiencies @ 0.1": {
            "mean": 0.15334562752541286,
            "std": 0.3280680934675022
        },
        "comprehensiveness @ 0.1": {
            "mean": 0.6291680844823354,
            "std": 0.42013526133375545
        },
        "sufficiencies @ 0.2": {
            "mean": 0.16794463554650046,
            "std": 0.3362211603272045
        },
        "comprehensiveness @ 0.2": {
            "mean": 0.5733471220432272,
            "std": 0.4316967188095286
        },
        "sufficiencies @ 0.5": {
            "mean": 0.18000296669985047,
            "std": 0.3423632911228951
        },
        "comprehensiveness @ 0.5": {
            "mean": 0.7310325247828372,
            "std": 0.3596131236002306
        },
        "sufficiencies @ 1.0": {
            "mean": 0.13979236722696844,
            "std": 0.31449720731128883
        },
        "comprehensiveness @ 1.0": {
            "mean": 0.8844734452888338,
            "std": 0.24884771873238784
        },
        "AOPC - sufficiency": {
            "mean": 0.1482443936687686,
            "std": 0.24392995963788117
        },