{
    "ig": {
        "sufficiencies @ 0.01": {
            "mean": 0.06407405395188277,
            "std": 0.2235154258234449
        },
        "comprehensiveness @ 0.01": {
            "mean": 0.11135602324836288,
            "std": 0.29136235183735576
        },
        "sufficiencies @ 0.02": {
            "mean": 0.06430665464668754,
            "std": 0.2235310806962631
        },
        "comprehensiveness @ 0.02": {
            "mean": 0.11266087021413364,
            "std": 0.29229531934704595
        },
        "sufficiencies @ 0.05": {
            "mean": 0.07170737240393894,
            "std": 0.2311186056707669
        },
        "comprehensiveness @ 0.05": {
            "mean": 0.14128294407275035,
            "std": 0.32096745934219384
        },
        "sufficiencies @ 0.1": {
            "mean": 0.09375291792606473,
            "std": 0.26038455091460255
        },
        "comprehensiveness @ 0.1": {
            "mean": 0.17322951126764893,
            "std": 0.3481797531564031
        },
        "sufficiencies @ 0.2": {
            "mean": 0.15346616716306116,
            "std": 0.31842172613958303
        },
        "comprehensiveness @ 0.2": {
            "mean": 0.24052786902157072,
            "std": 0.39245206380777753
        },
        "sufficiencies @ 0.5": {
            "mean": 0.6717788756412203,
            "std": 0.412685754768973
        },
        "comprehensiveness @ 0.5": {
            "mean": 0.5637687762736953,
            "std": 0.4527625715182134
        },
        "sufficiencies @ 1.0": {
            "mean": 0.8072263895020443,
            "std": 0.3625500738483681
        },
        "comprehensiveness @ 1.0": {
            "mean": 0.7061062972006426,
            "std": 0.42331271769878437
        },
        "AOPC - sufficiency": {
            "mean": 0.2751874901764142,
            "std": 0.20442266916232668
        },
        "AOPC - comprehensiveness": {
            "mean": 0.2927046130426863,
            "std": 0.23836711696755492
        }
    },
    "scaled attention": {
        "sufficiencies @ 0.01": {
            "mean": 0.0669676552422877,
            "std": 0.22989072992623796
        },
        "comprehensiveness @ 0.01": {
            "mean": 0.06941760686219006,
            "std": 0.23239876251050778
        },
        "sufficiencies @ 0.02": {
            "mean": 0.06840340160397489,
            "std": 0.23215800989197666
        },
        "comprehensiveness @ 0.02": {
            "mean": 0.07432617146978421,
            "std": 0.23986722843839994
        },
        "sufficiencies @ 0.05": {
            "mean": 0.07487034299878506,
            "std": 0.23992689617804072
        },
        "comprehensiveness @ 0.05": {
            "mean": 0.12248373362048938,
            "std": 0.2993224536252726
        },
        "sufficiencies @ 0.1": {
            "mean": 0.12179585897581645,
            "std": 0.29000589901669027
        },
        "comprehensiveness @ 0.1": {
            "mean": 0.18778170675093014,
            "std": 0.35827596564963365
        },
        "sufficiencies @ 0.2": {
            "mean": 0.28252316318976783,
            "std": 0.3915299441071749
        },
        "comprehensiveness @ 0.2": {
            "mean": 0.27602454002657206,
            "std": 0.40842038112597145
        },
        "sufficiencies @ 0.5": {
            "mean": 0.7995775101297043,
            "std": 0.34526029214971693
        },
        "comprehensiveness @ 0.5": {
            "mean": 0.73795749677934,
            "std": 0.3864013238079032
        },
        "sufficiencies @ 1.0": {
            "mean": 0.8672070540347598,
            "std": 0.29686071045897183
        },
        "comprehensiveness @ 1.0": {
            "mean": 0.8570976928151735,
            "std": 0.31431623339322684
        },
        "AOPC - sufficiency": {
            "mean": 0.32590642659644237,
            "std": 0.1878852470442197
        },
        "AOPC - comprehensiveness": {
            "mean": 0.3321555640463541,
            "std": 0.17211632981863434
        }
    },
    "deeplift": {
        "sufficiencies @ 0.01": {
            "mean": 0.06152036380253743,
            "std": 0.2145183145511504
        },
        "comprehensiveness @ 0.01": {
            "mean": 0.04440252831479364,
            "std": 0.17964872910719762
        },
        "sufficiencies @ 0.02": {
            "mean": 0.06312203031051762,
            "std": 0.2178599124503222
        },
        "comprehensiveness @ 0.02": {
            "mean": 0.049102858221358445,
            "std": 0.18801473017333625
        },
        "sufficiencies @ 0.05": {
            "mean": 0.0669163998558445,
            "std": 0.22513172435945575
        },
        "comprehensiveness @ 0.05": {
            "mean": 0.07068715075791661,
            "std": 0.2237978017136785
        },
        "sufficiencies @ 0.1": {
            "mean": 0.07753022690339428,
            "std": 0.24006736939857698
        },
        "comprehensiveness @ 0.1": {
            "mean": 0.10617117969494012,
            "std": 0.2738439368484956
        },
        "sufficiencies @ 0.2": {
            "mean": 0.13641184174831678,
            "std": 0.3063279572073099
        },
        "comprehensiveness @ 0.2": {
            "mean": 0.1560489467259083,
            "std": 0.32598044905556495
        },
        "sufficiencies @ 0.5": {
            "mean": 0.36703150613587704,
            "std": 0.43517375929701596
        },
        "comprehensiveness @ 0.5": {
            "mean": 0.2783051073418051,
            "std": 0.3944929984662871
        },
        "sufficiencies @ 1.0": {
            "mean": 0.40587456988618215,
            "std": 0.44820591235029683
        },
        "comprehensiveness @ 1.0": {
            "mean": 0.3315086569868204,
            "std": 0.41673489619670323
        },
        "AOPC - sufficiency": {
            "mean": 0.16834384837752425,
            "std": 0.22583532122110858
        },
        "AOPC - comprehensiveness": {
            "mean": 0.14803234686336322,
            "std": 0.18519241987078752
        }
    },
    "random": {
        "sufficiencies @ 0.01": {
            "mean": 0.0682950469974284,
            "std": 0.22497913329661276
        },
        "comprehensiveness @ 0.01": {
            "mean": 0.05965031002743777,
            "std": 0.20471560289035715
        },
        "sufficiencies @ 0.02": {
            "mean": 0.06786030969648013,
            "std": 0.2242392180067398
        },
        "comprehensiveness @ 0.02": {
            "mean": 0.06220937984532617,
            "std": 0.20899778338236827
        },
        "sufficiencies @ 0.05": {
            "mean": 0.07642626970757162,
            "std": 0.23774644604355677
        },
        "comprehensiveness @ 0.05": {
            "mean": 0.07466764532103731,
            "std": 0.22883451675915714
        },
        "sufficiencies @ 0.1": {
            "mean": 0.09841769595136288,
            "std": 0.26497104420218864
        },
        "comprehensiveness @ 0.1": {
            "mean": 0.09055985068753018,
            "std": 0.2512007374320087
        },
        "sufficiencies @ 0.2": {
            "mean": 0.15229069671538709,
            "std": 0.31559758429038925
        },
        "comprehensiveness @ 0.2": {
            "mean": 0.12031225098756276,
            "std": 0.28499055997978906
        },
        "sufficiencies @ 0.5": {
            "mean": 0.5207315381025278,
            "std": 0.4401999812932787
        },
        "comprehensiveness @ 0.5": {
            "mean": 0.37301607572512496,
            "std": 0.425987891626292
        },
        "sufficiencies @ 1.0": {
            "mean": 0.5738775497884973,
            "std": 0.43882476709183504
        },
        "comprehensiveness @ 1.0": {
            "mean": 0.43205810924945903,
            "std": 0.44001382496681735
        },
        "AOPC - sufficiency": {
            "mean": 0.22255701527989363,