{
    "deeplift": {
        "sufficiencies @ 0.01": {
            "mean": 0.09571500062333102,
            "std": 0.280008385388564
        },
        "comprehensiveness @ 0.01": {
            "mean": 0.02465021352817462,
            "std": 0.1393633441857948
        },
        "sufficiencies @ 0.02": {
            "mean": 0.0957606415439255,
            "std": 0.2799956550210759
        },
        "comprehensiveness @ 0.02": {
            "mean": 0.028241432808830586,
            "std": 0.14256813823653403
        },
        "sufficiencies @ 0.05": {
            "mean": 0.08598095471617631,
            "std": 0.2654592420790389
        },
        "comprehensiveness @ 0.05": {
            "mean": 0.0691474171331286,
            "std": 0.23542741652348956
        },
        "sufficiencies @ 0.1": {
            "mean": 0.09930641333883627,
            "std": 0.28142960284809504
        },
        "comprehensiveness @ 0.1": {
            "mean": 0.1059794889515171,
            "std": 0.2852407333789159
        },
        "sufficiencies @ 0.2": {
            "mean": 0.15423496557642397,
            "std": 0.3364446540096885
        },
        "comprehensiveness @ 0.2": {
            "mean": 0.19467184945950114,
            "std": 0.3682027383876609
        },
        "sufficiencies @ 0.5": {
            "mean": 0.5138719116862356,
            "std": 0.4469035348626541
        },
        "comprehensiveness @ 0.5": {
            "mean": 0.4545168188714373,
            "std": 0.4460249745538854
        },
        "sufficiencies @ 1.0": {
            "mean": 0.9999826288815761,
            "std": 0.00010022951292280905
        },
        "comprehensiveness @ 1.0": {
            "mean": 0.9035670758317157,
            "std": 0.2798531065649355
        },
        "AOPC - sufficiency": {
            "mean": 0.2921217880523578,
            "std": 0.2240887752190854
        },
        "AOPC - comprehensiveness": {
            "mean": 0.2543963280834722,
            "std": 0.11523698863286636
        }
    },
    "scaled attention": {
        "sufficiencies @ 0.01": {
            "mean": 0.09809095143112025,
            "std": 0.27943551529035515
        },
        "comprehensiveness @ 0.01": {
            "mean": 0.058933715841059164,
            "std": 0.21778567179586264
        },
        "sufficiencies @ 0.02": {
            "mean": 0.0986083954530982,
            "std": 0.27929509144522013
        },
        "comprehensiveness @ 0.02": {
            "mean": 0.06673701326214827,
            "std": 0.2356774293758101
        },
        "sufficiencies @ 0.05": {
            "mean": 0.09972153241744985,
            "std": 0.27899009209090736
        },
        "comprehensiveness @ 0.05": {
            "mean": 0.12647382889699377,
            "std": 0.30681097971378757
        },
        "sufficiencies @ 0.1": {
            "mean": 0.1405944314564216,
            "std": 0.32121814215323
        },
        "comprehensiveness @ 0.1": {
            "mean": 0.2057089298497978,
            "std": 0.3891773508826682
        },
        "sufficiencies @ 0.2": {
            "mean": 0.2457449223430275,
            "std": 0.37952635620865394
        },
        "comprehensiveness @ 0.2": {
            "mean": 0.29771942877801155,
            "std": 0.41922421577473057
        },
        "sufficiencies @ 0.5": {
            "mean": 0.8041502443184465,
            "std": 0.33534099835596587
        },
        "comprehensiveness @ 0.5": {
            "mean": 0.7483465856638041,
            "std": 0.39783463760675747
        },
        "sufficiencies @ 1.0": {
            "mean": 0.9999978193931692,
            "std": 1.2527138091379979e-05
        },
        "comprehensiveness @ 1.0": {
            "mean": 0.9032053154389361,
            "std": 0.2797548638902715
        },
        "AOPC - sufficiency": {
            "mean": 0.3552726138303905,
            "std": 0.21022137454721312
        },
        "AOPC - comprehensiveness": {
            "mean": 0.34387497396153577,
            "std": 0.17417576827048048
        }
    },
    "random": {
        "sufficiencies @ 0.01": {
            "mean": 0.10708116129678229,
            "std": 0.2930771702641395
        },
        "comprehensiveness @ 0.01": {
            "mean": 0.05212607548423068,
            "std": 0.19411633233911707
        },
        "sufficiencies @ 0.02": {
            "mean": 0.10710765935795266,
            "std": 0.29307076125318804
        },
        "comprehensiveness @ 0.02": {
            "mean": 0.05381751846091301,
            "std": 0.1938566353737905
        },
        "sufficiencies @ 0.05": {
            "mean": 0.10765202850551586,
            "std": 0.2928770149905219
        },
        "comprehensiveness @ 0.05": {
            "mean": 0.08523022402550551,
            "std": 0.24694983501030346
        },
        "sufficiencies @ 0.1": {
            "mean": 0.12689698860324405,
            "std": 0.3057590099900371
        },
        "comprehensiveness @ 0.1": {
            "mean": 0.07540862218365352,
            "std": 0.23085184731073696
        },
        "sufficiencies @ 0.2": {
            "mean": 0.19491617881163867,
            "std": 0.35667603285027094
        },
        "comprehensiveness @ 0.2": {
            "mean": 0.10599069211432935,
            "std": 0.2663051424863592
        },
        "sufficiencies @ 0.5": {
            "mean": 0.60298746079443,
            "std": 0.4328591308868367
        },
        "comprehensiveness @ 0.5": {
            "mean": 0.48575965306493163,
            "std": 0.44350662969004084
        },
        "sufficiencies @ 1.0": {
            "mean": 0.9999988321008978,
            "std": 6.680351872035428e-06
        },
        "comprehensiveness @ 1.0": {
            "mean": 0.9028441273857486,
            "std": 0.2796572680103576
        },
        "AOPC - sufficiency": {
            "mean": 0.3209486156386373,
            "std": 0.22423121234793586
        },
        "AOPC - comprehensiveness": {
            "mean": 0.2515967018170446,
            "std": 0.13182849223988558
        }
    },
    "gradients": {
        "sufficiencies @ 0.01": {
            "mean": 0.09662795360735657,
            "std": 0.27495132681958195
        },
        "comprehensiveness @ 0.01": {
            "mean": 0.04948874386188824,
            "std": 0.2052274538236645
        },
        "sufficiencies @ 0.02": {
            "mean": 0.08948197344526185,
            "std": 0.2646304136195536
        },
        "comprehensiveness @ 0.02": {
            "mean": 0.05884832194531267,
            "std": 0.22434783116259657
        },
        "sufficiencies @ 0.05": {
            "mean": 0.10011181175084088,
            "std": 0.2788805986983051
        },
        "comprehensiveness @ 0.05": {
            "mean": 0.0685378917868986,
            "std": 0.23510350475341774
        },
        "sufficiencies @ 0.1": {
            "mean": 0.09153797247701696,
            "std": 0.2641813951753448
        },
        "comprehensiveness @ 0.1": {
            "mean": 0.1091226113886004,
            "std": 0.28776477165993086
        },
        "sufficiencies @ 0.2": {
            "mean": 0.1126643994275099,
            "std": 0.28410001483353725
        },
        "comprehensiveness @ 0.2": {
            "mean": 0.16541395303890252,
            "std": 0.3299283732404047
        },
        "sufficiencies @ 0.5": {
            "mean": 0.5876749096640865,
            "std": 0.4290059043341187
        },
        "comprehensiveness @ 0.5": {
            "mean": 0.4103050719779091,
            "std": 0.44248800352020984
        },
        "sufficiencies @ 1.0": {
            "mean": 0.999999200362986,
            "std": 4.5542741246265e-06
        },
        "comprehensiveness @ 1.0": {
            "mean": 0.902483510229352,
            "std": 0.2795603164455412
        },
        "AOPC - sufficiency": {
            "mean": 0.29687117439072264,
            "std": 0.1989852054715437
        },