{
    "scaled attention": {
        "sufficiencies @ 0.01": {
            "mean": 0.055572666987328684,
            "std": 0.20650430008677126
        },
        "comprehensiveness @ 0.01": {
            "mean": 0.07932974288721795,
            "std": 0.2549421101504094
        },
        "sufficiencies @ 0.02": {
            "mean": 0.055881767120838595,
            "std": 0.2066137020989307
        },
        "comprehensiveness @ 0.02": {
            "mean": 0.08058324094495921,
            "std": 0.2555519271751069
        },
        "sufficiencies @ 0.05": {
            "mean": 0.06118773146878044,
            "std": 0.2131741363712141
        },
        "comprehensiveness @ 0.05": {
            "mean": 0.12990768345209616,
            "std": 0.31126072521905884
        },
        "sufficiencies @ 0.1": {
            "mean": 0.1027916742001355,
            "std": 0.2620388870817787
        },
        "comprehensiveness @ 0.1": {
            "mean": 0.1952592000553673,
            "std": 0.36579117842973274
        },
        "sufficiencies @ 0.2": {
            "mean": 0.28755852593615494,
            "std": 0.3846988979331819
        },
        "comprehensiveness @ 0.2": {
            "mean": 0.2898555147389541,
            "std": 0.4156974555430333
        },
        "sufficiencies @ 0.5": {
            "mean": 0.862039365245363,
            "std": 0.28903030912788563
        },
        "comprehensiveness @ 0.5": {
            "mean": 0.7931439240048799,
            "std": 0.356058070289677
        },
        "sufficiencies @ 1.0": {
            "mean": 0.997856814971571,
            "std": 0.019992927919164984
        },
        "comprehensiveness @ 1.0": {
            "mean": 0.9424376531237776,
            "std": 0.21003003620840924
        },
        "AOPC - sufficiency": {
            "mean": 0.34612693513288173,
            "std": 0.16011610608213214
        },
        "AOPC - comprehensiveness": {
            "mean": 0.3586452798867502,
            "std": 0.17061126417526515
        }
    },
    "attention": {
        "sufficiencies @ 0.01": {
            "mean": 0.05731581536354805,
            "std": 0.2079470175031873
        },
        "comprehensiveness @ 0.01": {
            "mean": 0.06590086063299798,
            "std": 0.22713938926127863
        },
        "sufficiencies @ 0.02": {
            "mean": 0.05741610979250084,
            "std": 0.2076022653448902
        },
        "comprehensiveness @ 0.02": {
            "mean": 0.06955829502958003,
            "std": 0.23261397546536916
        },
        "sufficiencies @ 0.05": {
            "mean": 0.06258914805206722,
            "std": 0.2137677060832105
        },
        "comprehensiveness @ 0.05": {
            "mean": 0.12105183676601224,
            "std": 0.2974154789926439
        },
        "sufficiencies @ 0.1": {
            "mean": 0.10557422398698793,
            "std": 0.2631885258189722
        },
        "comprehensiveness @ 0.1": {
            "mean": 0.18811477277753152,
            "std": 0.35804142718219417
        },
        "sufficiencies @ 0.2": {
            "mean": 0.2937357159356441,
            "std": 0.38545439302488055
        },
        "comprehensiveness @ 0.2": {
            "mean": 0.28493677490074165,
            "std": 0.4117797969575279
        },
        "sufficiencies @ 0.5": {
            "mean": 0.8653077104091245,
            "std": 0.284418663187323
        },
        "comprehensiveness @ 0.5": {
            "mean": 0.7864768108824958,
            "std": 0.3584725644970414
        },
        "sufficiencies @ 1.0": {
            "mean": 0.9989061842380877,
            "std": 0.00999664182624685
        },
        "comprehensiveness @ 1.0": {
            "mean": 0.940551956457981,
            "std": 0.21146036790881848
        },
        "AOPC - sufficiency": {
            "mean": 0.34869212968256574,
            "std": 0.16100386091121371
        },
        "AOPC - comprehensiveness": {
            "mean": 0.35094161534962004,
            "std": 0.1616440766355725
        }
    },
    "deeplift": {
        "sufficiencies @ 0.01": {
            "mean": 0.058340249282107466,
            "std": 0.20977148772806165
        },
        "comprehensiveness @ 0.01": {
            "mean": 0.022480419023284237,
            "std": 0.12790587344387858
        },
        "sufficiencies @ 0.02": {
            "mean": 0.058652288256753324,
            "std": 0.21027608896507766
        },
        "comprehensiveness @ 0.02": {
            "mean": 0.028984666267123944,
            "std": 0.1441379214045853
        },
        "sufficiencies @ 0.05": {
            "mean": 0.0553733553841642,
            "std": 0.20272836500331104
        },
        "comprehensiveness @ 0.05": {
            "mean": 0.06554738310781211,
            "std": 0.215700288581719
        },
        "sufficiencies @ 0.1": {
            "mean": 0.06367022313161386,
            "std": 0.21693564050850375
        },
        "comprehensiveness @ 0.1": {
            "mean": 0.10300028279106044,
            "std": 0.2712166465889459
        },
        "sufficiencies @ 0.2": {
            "mean": 0.12019224587249729,
            "std": 0.28754218245063906
        },
        "comprehensiveness @ 0.2": {
            "mean": 0.15160668181985987,
            "std": 0.32203611125637355
        },
        "sufficiencies @ 0.5": {
            "mean": 0.5469545883015208,
            "std": 0.44197743852879484
        },
        "comprehensiveness @ 0.5": {
            "mean": 0.4183157424648967,
            "std": 0.4331519809139812
        },
        "sufficiencies @ 1.0": {
            "mean": 0.9992595693858082,
            "std": 0.00666473803482872
        },
        "comprehensiveness @ 1.0": {
            "mean": 0.9388145640666741,
            "std": 0.2126212012635537
        },
        "AOPC - sufficiency": {
            "mean": 0.2717775028020664,
            "std": 0.17301056515159646
        },
        "AOPC - comprehensiveness": {
            "mean": 0.24696424850581594,
            "std": 0.13339694212760594
        }
    },
    "gradients": {
        "sufficiencies @ 0.01": {
            "mean": 0.0611798089988958,
            "std": 0.21104138100130135
        },
        "comprehensiveness @ 0.01": {
            "mean": 0.04066443932381964,
            "std": 0.17416070199209854
        },
        "sufficiencies @ 0.02": {
            "mean": 0.060305572462603235,
            "std": 0.208697247995726
        },
        "comprehensiveness @ 0.02": {
            "mean": 0.04418583903631585,
            "std": 0.1814764175606072
        },
        "sufficiencies @ 0.05": {
            "mean": 0.06024805883486116,
            "std": 0.20565458860507105
        },
        "comprehensiveness @ 0.05": {
            "mean": 0.08036655200819301,
            "std": 0.24042214474357473
        },
        "sufficiencies @ 0.1": {
            "mean": 0.06854585207997176,
            "std": 0.21897897576788908
        },
        "comprehensiveness @ 0.1": {
            "mean": 0.11188608117214262,
            "std": 0.2820729880449783
        },
        "sufficiencies @ 0.2": {
            "mean": 0.10580692996231682,
            "std": 0.26413033546917175
        },
        "comprehensiveness @ 0.2": {
            "mean": 0.15293018796075536,
            "std": 0.3251023471374131
        },
        "sufficiencies @ 0.5": {
            "mean": 0.6420305216504588,
            "std": 0.41285941977244006
        },
        "comprehensiveness @ 0.5": {
            "mean": 0.38918318848111216,
            "std": 0.43422206317087947
        },
        "sufficiencies @ 1.0": {
            "mean": 0.99943776742928,
            "std": 0.0049988655144030825
        },
        "comprehensiveness @ 1.0": {
            "mean": 0.9368544602272588,
            "std": 0.21373015568453413
        },
        "AOPC - sufficiency": {
            "mean": 0.2853649302026268,