{
    "random": {
        "sufficiencies @ 0.3": {
            "mean": 0.21482025489215953,
            "std": 0.36073567152583563
        },
        "comprehensiveness @ 0.3": {
            "mean": 0.16457914433623513,
            "std": 0.3325873095310806
        },
        "sufficiencies @ 0.4": {
            "mean": 0.3821332813696619,
            "std": 0.4263552848727015
        },
        "comprehensiveness @ 0.4": {
            "mean": 0.2495765942837909,
            "std": 0.3842355097719681
        },
        "sufficiencies @ 0.6": {
            "mean": 0.7788899487445085,
            "std": 0.3690941462062834
        },
        "comprehensiveness @ 0.6": {
            "mean": 0.657473244881625,
            "std": 0.41637182034121606
        },
        "sufficiencies @ 0.7": {
            "mean": 0.8500601209562219,
            "std": 0.3197163949362881
        },
        "comprehensiveness @ 0.7": {
            "mean": 0.8067947359831837,
            "std": 0.34919566353098086
        },
        "sufficiencies @ 0.8": {
            "mean": 0.8751165526682733,
            "std": 0.30019073550439945
        },
        "comprehensiveness @ 0.8": {
            "mean": 0.8899451993135794,
            "std": 0.2818109005373252
        },
        "sufficiencies @ 0.9": {
            "mean": 0.8998293663442751,
            "std": 0.27511014974485154
        },
        "comprehensiveness @ 0.9": {
            "mean": 0.9302483730281624,
            "std": 0.2333005325687314
        },
        "AOPC - sufficiency": {
            "mean": 0.6668082541625168,
            "std": 0.19749236210332555
        },
        "AOPC - comprehensiveness": {
            "mean": 0.6164362153044294,
            "std": 0.2132644968642386
        }
    },
    "scaled attention": {
        "sufficiencies @ 0.3": {
            "mean": 0.5569819470372899,
            "std": 0.41742417631011663
        },
        "comprehensiveness @ 0.3": {
            "mean": 0.4361541707382736,
            "std": 0.4452840663944819
        },
        "sufficiencies @ 0.4": {
            "mean": 0.7595621065613779,
            "std": 0.36113938491877784
        },
        "comprehensiveness @ 0.4": {
            "mean": 0.6452844161646799,
            "std": 0.42238066544511743
        },
        "sufficiencies @ 0.6": {
            "mean": 0.9046203206354652,
            "std": 0.24790779620375714
        },
        "comprehensiveness @ 0.6": {
            "mean": 0.8621227336264202,
            "std": 0.31145462990112627
        },
        "sufficiencies @ 0.7": {
            "mean": 0.9142985896217269,
            "std": 0.24305272879432102
        },
        "comprehensiveness @ 0.7": {
            "mean": 0.8956202113299712,
            "std": 0.28325561724685977
        },
        "sufficiencies @ 0.8": {
            "mean": 0.9136483812621069,
            "std": 0.25086691240566167
        },
        "comprehensiveness @ 0.8": {
            "mean": 0.9223797503877713,
            "std": 0.25109464447604607
        },
        "sufficiencies @ 0.9": {
            "mean": 0.9217898671569984,
            "std": 0.24338993797063918
        },
        "comprehensiveness @ 0.9": {
            "mean": 0.9369392271378575,
            "std": 0.2248772844958462
        },
        "AOPC - sufficiency": {
            "mean": 0.8284835353791609,
            "std": 0.18478507503253003
        },
        "AOPC - comprehensiveness": {
            "mean": 0.7830834182308289,
            "std": 0.21777578142689621
        }
    },
    "ig": {
        "sufficiencies @ 0.3": {
            "mean": 0.28068293962651103,
            "std": 0.39065343148608594
        },
        "comprehensiveness @ 0.3": {
            "mean": 0.31569295200787223,
            "std": 0.424706898746009
        },
        "sufficiencies @ 0.4": {
            "mean": 0.4953115140083227,
            "std": 0.4334301284556296
        },
        "comprehensiveness @ 0.4": {
            "mean": 0.43038238823299696,
            "std": 0.45047255559707144
        },
        "sufficiencies @ 0.6": {
            "mean": 0.8825765930841218,
            "std": 0.2779720587108749
        },
        "comprehensiveness @ 0.6": {
            "mean": 0.7087541079223365,
            "std": 0.40595053918646323
        },
        "sufficiencies @ 0.7": {
            "mean": 0.9149119272995099,
            "std": 0.24736447010465243
        },
        "comprehensiveness @ 0.7": {
            "mean": 0.819463218236446,
            "std": 0.3401400719615493
        },
        "sufficiencies @ 0.8": {
            "mean": 0.9166136211950066,
            "std": 0.2501980835932972
        },
        "comprehensiveness @ 0.8": {
            "mean": 0.8930803055321004,
            "std": 0.27497594042867696
        },
        "sufficiencies @ 0.9": {
            "mean": 0.9288717645367318,
            "std": 0.2338140842787939
        },
        "comprehensiveness @ 0.9": {
            "mean": 0.9347365516155172,
            "std": 0.22116802246133085
        },
        "AOPC - sufficiency": {
            "mean": 0.736494726625034,
            "std": 0.18718762219630802
        },
        "AOPC - comprehensiveness": {
            "mean": 0.6836849205912116,
            "std": 0.23147194849572642
        }
    },
    "gradients": {
        "sufficiencies @ 0.3": {
            "mean": 0.19465779625891047,
            "std": 0.34371278271239064
        },
        "comprehensiveness @ 0.3": {
            "mean": 0.20078969395965734,
            "std": 0.36418289266638154
        },
        "sufficiencies @ 0.4": {
            "mean": 0.38321453733805233,
            "std": 0.4204390388285704
        },
        "comprehensiveness @ 0.4": {
            "mean": 0.2665068289441171,
            "std": 0.39853198205908913
        },
        "sufficiencies @ 0.6": {
            "mean": 0.8263754330648523,
            "std": 0.32578085997626643
        },
        "comprehensiveness @ 0.6": {
            "mean": 0.6040681333602465,
            "std": 0.4301431516403119
        },
        "sufficiencies @ 0.7": {
            "mean": 0.8846932227861498,
            "std": 0.2801235263904729
        },
        "comprehensiveness @ 0.7": {
            "mean": 0.780472488368328,
            "std": 0.3611432372367577
        },
        "sufficiencies @ 0.8": {
            "mean": 0.9007081457487558,
            "std": 0.26495696914048467
        },
        "comprehensiveness @ 0.8": {
            "mean": 0.8768485882959394,
            "std": 0.29144471259031773
        },
        "sufficiencies @ 0.9": {
            "mean": 0.9215740538375354,
            "std": 0.24000641206024534
        },
        "comprehensiveness @ 0.9": {
            "mean": 0.9227620175597333,
            "std": 0.2436418552182388
        },
        "AOPC - sufficiency": {
            "mean": 0.6852038648390427,
            "std": 0.1776988939943904
        },
        "AOPC - comprehensiveness": {
            "mean": 0.608574625081337,
            "std": 0.216763921971115
        }
    },
    "deeplift": {
        "sufficiencies @ 0.3": {
            "mean": 0.20653252510670725,
            "std": 0.35894405932724033
        },
        "comprehensiveness @ 0.3": {
            "mean": 0.1934735535740838,
            "std": 0.3541886940145886
        },
        "sufficiencies @ 0.4": {
            "mean": 0.33550418570066043,
            "std": 0.4184045246305124
        },
        "comprehensiveness @ 0.4": {
            "mean": 0.2724651550838717,
            "std": 0.39413854285657274
        },
        "sufficiencies @ 0.6": {
            "mean": 0.7668084413433032,
            "std": 0.37624910366105896
        },
        "comprehensiveness @ 0.6": {
            "mean": 0.6196430703831876,
            "std": 0.42605378839177754
        },
        "sufficiencies @ 0.7": {
            "mean": 0.8604275618611971,
            "std": 0.3075876176500622
        },