{
    "scaled attention": {
        "sufficiencies @ 0.01": {
            "mean": 0.09773022580394082,
            "std": 0.2795318582168696
        },
        "comprehensiveness @ 0.01": {
            "mean": 0.06559706634865356,
            "std": 0.23519025582229577
        },
        "sufficiencies @ 0.02": {
            "mean": 0.09824808015801358,
            "std": 0.27939074725113594
        },
        "comprehensiveness @ 0.02": {
            "mean": 0.06692829921741777,
            "std": 0.2358052022638755
        },
        "sufficiencies @ 0.05": {
            "mean": 0.09936196346977481,
            "std": 0.279084584056814
        },
        "comprehensiveness @ 0.05": {
            "mean": 0.1307898915973969,
            "std": 0.31437281823563634
        },
        "sufficiencies @ 0.1": {
            "mean": 0.1399036528210363,
            "std": 0.3213472460300866
        },
        "comprehensiveness @ 0.1": {
            "mean": 0.20595933931107968,
            "std": 0.38926481348292735
        },
        "sufficiencies @ 0.2": {
            "mean": 0.24469919006704866,
            "std": 0.3793745125495462
        },
        "comprehensiveness @ 0.2": {
            "mean": 0.2992291643051864,
            "std": 0.42039383249881956
        },
        "sufficiencies @ 0.5": {
            "mean": 0.8026795817278901,
            "std": 0.3365323601598248
        },
        "comprehensiveness @ 0.5": {
            "mean": 0.7505263974424208,
            "std": 0.3978509625125364
        },
        "sufficiencies @ 1.0": {
            "mean": 0.9999826288815761,
            "std": 0.00010022951292280905
        },
        "comprehensiveness @ 1.0": {
            "mean": 0.9035670758317157,
            "std": 0.2798531065649355
        },
        "AOPC - sufficiency": {
            "mean": 0.3546579032756114,
            "std": 0.21044340340372453
        },
        "AOPC - comprehensiveness": {
            "mean": 0.34608531915055296,
            "std": 0.1747160660075599
        }
    },
    "attention": {
        "sufficiencies @ 0.01": {
            "mean": 0.09809095143112025,
            "std": 0.27943551529035515
        },
        "comprehensiveness @ 0.01": {
            "mean": 0.055782449778014706,
            "std": 0.21626201882384086
        },
        "sufficiencies @ 0.02": {
            "mean": 0.0986083954530982,
            "std": 0.27929509144522013
        },
        "comprehensiveness @ 0.02": {
            "mean": 0.06673701326214827,
            "std": 0.2356774293758101
        },
        "sufficiencies @ 0.05": {
            "mean": 0.09976448923260618,
            "std": 0.27897805927446007
        },
        "comprehensiveness @ 0.05": {
            "mean": 0.12600165975843955,
            "std": 0.3069680845968377
        },
        "sufficiencies @ 0.1": {
            "mean": 0.14069020306685065,
            "std": 0.32118266642261906
        },
        "comprehensiveness @ 0.1": {
            "mean": 0.2031735885017366,
            "std": 0.38662171861431194
        },
        "sufficiencies @ 0.2": {
            "mean": 0.2461546944181131,
            "std": 0.3787030898800343
        },
        "comprehensiveness @ 0.2": {
            "mean": 0.3028781957628541,
            "std": 0.42366392426846555
        },
        "sufficiencies @ 0.5": {
            "mean": 0.8044076354840586,
            "std": 0.3348780331294849
        },
        "comprehensiveness @ 0.5": {
            "mean": 0.7487439718795956,
            "std": 0.3974332157263057
        },
        "sufficiencies @ 1.0": {
            "mean": 0.9999978193931692,
            "std": 1.2527138091379979e-05
        },
        "comprehensiveness @ 1.0": {
            "mean": 0.9032053154389361,
            "std": 0.2797548638902715
        },
        "AOPC - sufficiency": {
            "mean": 0.35538774121128797,
            "std": 0.2101520421090521
        },
        "AOPC - comprehensiveness": {
            "mean": 0.3437888849116749,
            "std": 0.1756968586277492
        }
    },
    "random": {
        "sufficiencies @ 0.01": {
            "mean": 0.10708116129678229,
            "std": 0.2930771702641395
        },
        "comprehensiveness @ 0.01": {
            "mean": 0.05212607548423068,
            "std": 0.19411633233911707
        },
        "sufficiencies @ 0.02": {
            "mean": 0.10710765935795266,
            "std": 0.29307076125318804
        },
        "comprehensiveness @ 0.02": {
            "mean": 0.05381751846091301,
            "std": 0.1938566353737905
        },
        "sufficiencies @ 0.05": {
            "mean": 0.10765202850551586,
            "std": 0.2928770149905219
        },
        "comprehensiveness @ 0.05": {
            "mean": 0.08523022402550551,
            "std": 0.24694983501030346
        },
        "sufficiencies @ 0.1": {
            "mean": 0.12689698860324405,
            "std": 0.3057590099900371
        },
        "comprehensiveness @ 0.1": {
            "mean": 0.07540862218365352,
            "std": 0.23085184731073696
        },
        "sufficiencies @ 0.2": {
            "mean": 0.19491617881163867,
            "std": 0.35667603285027094
        },
        "comprehensiveness @ 0.2": {
            "mean": 0.10599069211432935,
            "std": 0.2663051424863592
        },
        "sufficiencies @ 0.5": {
            "mean": 0.60298746079443,
            "std": 0.4328591308868367
        },
        "comprehensiveness @ 0.5": {
            "mean": 0.48575965306493163,
            "std": 0.44350662969004084
        },
        "sufficiencies @ 1.0": {
            "mean": 0.9999988321008978,
            "std": 6.680351872035428e-06
        },
        "comprehensiveness @ 1.0": {
            "mean": 0.9028441273857486,
            "std": 0.2796572680103576
        },
        "AOPC - sufficiency": {
            "mean": 0.3209486156386373,
            "std": 0.22423121234793586
        },
        "AOPC - comprehensiveness": {
            "mean": 0.2515967018170446,
            "std": 0.13182849223988558
        }
    },
    "ig": {
        "sufficiencies @ 0.01": {
            "mean": 0.10330093719850363,
            "std": 0.28156905968277807
        },
        "comprehensiveness @ 0.01": {
            "mean": 0.08534658320542014,
            "std": 0.24192692981582153
        },
        "sufficiencies @ 0.02": {
            "mean": 0.10372257679270531,
            "std": 0.2817980113977103
        },
        "comprehensiveness @ 0.02": {
            "mean": 0.10019922556447612,
            "std": 0.26183042466264583
        },
        "sufficiencies @ 0.05": {
            "mean": 0.11094182512422547,
            "std": 0.292279737082276
        },
        "comprehensiveness @ 0.05": {
            "mean": 0.16523217515565794,
            "std": 0.33887964425528305
        },
        "sufficiencies @ 0.1": {
            "mean": 0.12716471357156703,
            "std": 0.30477944007047997
        },
        "comprehensiveness @ 0.1": {
            "mean": 0.1939252109705672,
            "std": 0.36289727284982587
        },
        "sufficiencies @ 0.2": {
            "mean": 0.16343599007411058,
            "std": 0.3403249148362385
        },
        "comprehensiveness @ 0.2": {
            "mean": 0.2620430015154365,
            "std": 0.4081278277146516
        },
        "sufficiencies @ 0.5": {
            "mean": 0.6844562041579799,
            "std": 0.4065105517393431
        },
        "comprehensiveness @ 0.5": {
            "mean": 0.5385089371527171,
            "std": 0.46652857134312337
        },
        "sufficiencies @ 1.0": {
            "mean": 0.999999200362986,
            "std": 4.5542741246265e-06
        },
        "comprehensiveness @ 1.0": {
            "mean": 0.902483510229352,
            "std": 0.2795603164455412
        },
        "AOPC - sufficiency": {
            "mean": 0.3275744924688683,
            "std": 0.2260210180996271
        },