{
    "ig": {
        "sufficiencies @ 0.01": {
            "mean": 0.059480901953391806,
            "std": 0.21368198904606867
        },
        "comprehensiveness @ 0.01": {
            "mean": 0.1120611918561132,
            "std": 0.29431777978426443
        },
        "sufficiencies @ 0.02": {
            "mean": 0.0588265671700409,
            "std": 0.21170049654920078
        },
        "comprehensiveness @ 0.02": {
            "mean": 0.11550057074983122,
            "std": 0.29763241760087955
        },
        "sufficiencies @ 0.05": {
            "mean": 0.06849720610129542,
            "std": 0.2241826362423892
        },
        "comprehensiveness @ 0.05": {
            "mean": 0.14231481686706604,
            "std": 0.3239844672424753
        },
        "sufficiencies @ 0.1": {
            "mean": 0.08893612532036285,
            "std": 0.2518308208702982
        },
        "comprehensiveness @ 0.1": {
            "mean": 0.17630550406600748,
            "std": 0.35275903798167035
        },
        "sufficiencies @ 0.2": {
            "mean": 0.14982429007144374,
            "std": 0.31420580163761463
        },
        "comprehensiveness @ 0.2": {
            "mean": 0.2400032809137794,
            "std": 0.3936294735012125
        },
        "sufficiencies @ 0.5": {
            "mean": 0.730151890977387,
            "std": 0.3840909010210661
        },
        "comprehensiveness @ 0.5": {
            "mean": 0.5735609850754496,
            "std": 0.4495918262577438
        },
        "sufficiencies @ 1.0": {
            "mean": 0.9316282266627129,
            "std": 0.2519842747028361
        },
        "comprehensiveness @ 1.0": {
            "mean": 0.944122076574095,
            "std": 0.20899270326696287
        },
        "AOPC - sufficiency": {
            "mean": 0.2981921726080906,
            "std": 0.16195893240403314
        },
        "AOPC - comprehensiveness": {
            "mean": 0.32912406087176316,
            "std": 0.21872292177412317
        }
    },
    "attention": {
        "sufficiencies @ 0.01": {
            "mean": 0.055507882900598056,
            "std": 0.20676064504121833
        },
        "comprehensiveness @ 0.01": {
            "mean": 0.08544820181932437,
            "std": 0.2664622473589598
        },
        "sufficiencies @ 0.02": {
            "mean": 0.05555407043092763,
            "std": 0.20661714734745087
        },
        "comprehensiveness @ 0.02": {
            "mean": 0.08894454495072779,
            "std": 0.2707422385194311
        },
        "sufficiencies @ 0.05": {
            "mean": 0.060499959854645756,
            "std": 0.21275387171554927
        },
        "comprehensiveness @ 0.05": {
            "mean": 0.13538469931297975,
            "std": 0.318855879653861
        },
        "sufficiencies @ 0.1": {
            "mean": 0.10065079862045519,
            "std": 0.2605347317071147
        },
        "comprehensiveness @ 0.1": {
            "mean": 0.19674724334200294,
            "std": 0.3678276303624438
        },
        "sufficiencies @ 0.2": {
            "mean": 0.28378917943740833,
            "std": 0.38437728096125645
        },
        "comprehensiveness @ 0.2": {
            "mean": 0.2921476696554666,
            "std": 0.4177061136611361
        },
        "sufficiencies @ 0.5": {
            "mean": 0.8582643243325495,
            "std": 0.2940437131068624
        },
        "comprehensiveness @ 0.5": {
            "mean": 0.7977214919433514,
            "std": 0.35519834298784936
        },
        "sufficiencies @ 1.0": {
            "mean": 0.9316277226681632,
            "std": 0.2519844149789132
        },
        "comprehensiveness @ 1.0": {
            "mean": 0.9441221197161379,
            "std": 0.20899270006281104
        },
        "AOPC - sufficiency": {
            "mean": 0.3351277054635353,
            "std": 0.15037743577207466
        },
        "AOPC - comprehensiveness": {
            "mean": 0.3629308529628558,
            "std": 0.1765649745106376
        }
    },
    "deeplift": {
        "sufficiencies @ 0.01": {
            "mean": 0.05465045560553611,
            "std": 0.20760038293964336
        },
        "comprehensiveness @ 0.01": {
            "mean": 0.06820081944352227,
            "std": 0.24531098884218064
        },
        "sufficiencies @ 0.02": {
            "mean": 0.05468521624785102,
            "std": 0.20759196990627538
        },
        "comprehensiveness @ 0.02": {
            "mean": 0.07058614427364153,
            "std": 0.24632335051271947
        },
        "sufficiencies @ 0.05": {
            "mean": 0.0513259517585878,
            "std": 0.2004896454521072
        },
        "comprehensiveness @ 0.05": {
            "mean": 0.08721389710396424,
            "std": 0.26260068591719243
        },
        "sufficiencies @ 0.1": {
            "mean": 0.05773044922275474,
            "std": 0.21314879835496614
        },
        "comprehensiveness @ 0.1": {
            "mean": 0.12043501546228885,
            "std": 0.30101169396939254
        },
        "sufficiencies @ 0.2": {
            "mean": 0.10767612247272403,
            "std": 0.280288360010544
        },
        "comprehensiveness @ 0.2": {
            "mean": 0.16551165649995406,
            "std": 0.3407165426312448
        },
        "sufficiencies @ 0.5": {
            "mean": 0.5323753637701584,
            "std": 0.4464564899640289
        },
        "comprehensiveness @ 0.5": {
            "mean": 0.4312325515552682,
            "std": 0.4384996782938494
        },
        "sufficiencies @ 1.0": {
            "mean": 0.9316678008032289,
            "std": 0.2518511310124994
        },
        "comprehensiveness @ 1.0": {
            "mean": 0.944122033432121,
            "std": 0.20899270647111418
        },
        "AOPC - sufficiency": {
            "mean": 0.2557301942686916,
            "std": 0.15956920636389463
        },
        "AOPC - comprehensiveness": {
            "mean": 0.2696145882529657,
            "std": 0.16898814468276727
        }
    },
    "gradients": {
        "sufficiencies @ 0.01": {
            "mean": 0.055771860471560436,
            "std": 0.20767230662835132
        },
        "comprehensiveness @ 0.01": {
            "mean": 0.0859684953023145,
            "std": 0.268548534431831
        },
        "sufficiencies @ 0.02": {
            "mean": 0.05490985541940395,
            "std": 0.20546145236960198
        },
        "comprehensiveness @ 0.02": {
            "mean": 0.08850079966525491,
            "std": 0.2712837156016292
        },
        "sufficiencies @ 0.05": {
            "mean": 0.054912489940754046,
            "std": 0.20249606710148413
        },
        "comprehensiveness @ 0.05": {
            "mean": 0.11028221508051331,
            "std": 0.2935630555571313
        },
        "sufficiencies @ 0.1": {
            "mean": 0.06197583654731673,
            "std": 0.21543177780594602
        },
        "comprehensiveness @ 0.1": {
            "mean": 0.13494512644514792,
            "std": 0.31792252673677857
        },
        "sufficiencies @ 0.2": {
            "mean": 0.09301269373780573,
            "std": 0.2569213727426365
        },
        "comprehensiveness @ 0.2": {
            "mean": 0.17224077547112482,
            "std": 0.349424856660293
        },
        "sufficiencies @ 0.5": {
            "mean": 0.6263034487164111,
            "std": 0.42084548376975517
        },
        "comprehensiveness @ 0.5": {
            "mean": 0.4042339582402247,
            "std": 0.4411765703606239
        },
        "sufficiencies @ 1.0": {
            "mean": 0.9317829246948999,
            "std": 0.25150063592439337
        },
        "comprehensiveness @ 1.0": {
            "mean": 0.9441219902902154,
            "std": 0.20899270967526487
        },
        "AOPC - sufficiency": {
            "mean": 0.2683813013611645,
            "std": 0.15398849146498603
        },