{
    "attention": {
        "sufficiencies @ 0.01": {
            "mean": 0.09773022580394082,
            "std": 0.2795318582168696
        },
        "comprehensiveness @ 0.01": {
            "mean": 0.055888328484575894,
            "std": 0.21629884054804602
        },
        "sufficiencies @ 0.02": {
            "mean": 0.09824808015801358,
            "std": 0.27939074725113594
        },
        "comprehensiveness @ 0.02": {
            "mean": 0.06692829921741777,
            "std": 0.2358052022638755
        },
        "sufficiencies @ 0.05": {
            "mean": 0.0994049512643743,
            "std": 0.2790724933348748
        },
        "comprehensiveness @ 0.05": {
            "mean": 0.12949467200442608,
            "std": 0.3146348630219737
        },
        "sufficiencies @ 0.1": {
            "mean": 0.13999949805170425,
            "std": 0.3213117390038315
        },
        "comprehensiveness @ 0.1": {
            "mean": 0.20342953529035823,
            "std": 0.386721880897859
        },
        "sufficiencies @ 0.2": {
            "mean": 0.24506427425648017,
            "std": 0.37860753018055154
        },
        "comprehensiveness @ 0.2": {
            "mean": 0.3043362053209602,
            "std": 0.4248114580869971
        },
        "sufficiencies @ 0.5": {
            "mean": 0.8029371756064205,
            "std": 0.3360712990749236
        },
        "comprehensiveness @ 0.5": {
            "mean": 0.7509521494193929,
            "std": 0.397408290307078
        },
        "sufficiencies @ 1.0": {
            "mean": 0.9999826288815761,
            "std": 0.00010022951292280905
        },
        "comprehensiveness @ 1.0": {
            "mean": 0.9035670758317157,
            "std": 0.2798531065649355
        },
        "AOPC - sufficiency": {
            "mean": 0.3547666905746442,
            "std": 0.21037769051883198
        },
        "AOPC - comprehensiveness": {
            "mean": 0.34494232365269245,
            "std": 0.1767990553750107
        }
    },
    "scaled attention": {
        "sufficiencies @ 0.01": {
            "mean": 0.09809095143112025,
            "std": 0.27943551529035515
        },
        "comprehensiveness @ 0.01": {
            "mean": 0.058933715841059164,
            "std": 0.21778567179586264
        },
        "sufficiencies @ 0.02": {
            "mean": 0.0986083954530982,
            "std": 0.27929509144522013
        },
        "comprehensiveness @ 0.02": {
            "mean": 0.06673701326214827,
            "std": 0.2356774293758101
        },
        "sufficiencies @ 0.05": {
            "mean": 0.09972153241744985,
            "std": 0.27899009209090736
        },
        "comprehensiveness @ 0.05": {
            "mean": 0.12647382889699377,
            "std": 0.30681097971378757
        },
        "sufficiencies @ 0.1": {
            "mean": 0.1405944314564216,
            "std": 0.32121814215323
        },
        "comprehensiveness @ 0.1": {
            "mean": 0.2057089298497978,
            "std": 0.3891773508826682
        },
        "sufficiencies @ 0.2": {
            "mean": 0.2457449223430275,
            "std": 0.37952635620865394
        },
        "comprehensiveness @ 0.2": {
            "mean": 0.29771942877801155,
            "std": 0.41922421577473057
        },
        "sufficiencies @ 0.5": {
            "mean": 0.8041502443184465,
            "std": 0.33534099835596587
        },
        "comprehensiveness @ 0.5": {
            "mean": 0.7483465856638041,
            "std": 0.39783463760675747
        },
        "sufficiencies @ 1.0": {
            "mean": 0.9999978193931692,
            "std": 1.2527138091379979e-05
        },
        "comprehensiveness @ 1.0": {
            "mean": 0.9032053154389361,
            "std": 0.2797548638902715
        },
        "AOPC - sufficiency": {
            "mean": 0.3552726138303905,
            "std": 0.21022137454721312
        },
        "AOPC - comprehensiveness": {
            "mean": 0.34387497396153577,
            "std": 0.17417576827048048
        }
    },
    "ig": {
        "sufficiencies @ 0.01": {
            "mean": 0.10071398093910851,
            "std": 0.27960650844168927
        },
        "comprehensiveness @ 0.01": {
            "mean": 0.09117422905998832,
            "std": 0.24948395622510897
        },
        "sufficiencies @ 0.02": {
            "mean": 0.10135334482129309,
            "std": 0.2798078145911392
        },
        "comprehensiveness @ 0.02": {
            "mean": 0.10499345125426765,
            "std": 0.26766942322897336
        },
        "sufficiencies @ 0.05": {
            "mean": 0.11045827403214505,
            "std": 0.2924261758970224
        },
        "comprehensiveness @ 0.05": {
            "mean": 0.1691472140814818,
            "std": 0.3438300872426684
        },
        "sufficiencies @ 0.1": {
            "mean": 0.1267427054358871,
            "std": 0.3047114031133586
        },
        "comprehensiveness @ 0.1": {
            "mean": 0.1971849423522284,
            "std": 0.3664720450876795
        },
        "sufficiencies @ 0.2": {
            "mean": 0.16284144341040985,
            "std": 0.3404673503906272
        },
        "comprehensiveness @ 0.2": {
            "mean": 0.26293939927596466,
            "std": 0.40858679987353885
        },
        "sufficiencies @ 0.5": {
            "mean": 0.6826756864492227,
            "std": 0.4082989687181042
        },
        "comprehensiveness @ 0.5": {
            "mean": 0.5394651740576363,
            "std": 0.46673478414386466
        },
        "sufficiencies @ 1.0": {
            "mean": 0.9999988321008978,
            "std": 6.680351872035428e-06
        },
        "comprehensiveness @ 1.0": {
            "mean": 0.9028441273857486,
            "std": 0.2796572680103576
        },
        "AOPC - sufficiency": {
            "mean": 0.3263977524555663,
            "std": 0.2253149485032555
        },
        "AOPC - comprehensiveness": {
            "mean": 0.3239640767810451,
            "std": 0.20003398028774422
        }
    },
    "deeplift": {
        "sufficiencies @ 0.01": {
            "mean": 0.09680186981935912,
            "std": 0.2797101468609516
        },
        "comprehensiveness @ 0.01": {
            "mean": 0.02414885746085487,
            "std": 0.13904998613833663
        },
        "sufficiencies @ 0.02": {
            "mean": 0.09684826045468048,
            "std": 0.27969733526544915
        },
        "comprehensiveness @ 0.02": {
            "mean": 0.02484167683763861,
            "std": 0.13900575871969356
        },
        "sufficiencies @ 0.05": {
            "mean": 0.09209722853739798,
            "std": 0.2683958675829935
        },
        "comprehensiveness @ 0.05": {
            "mean": 0.06735312792035554,
            "std": 0.2314506140291366
        },
        "sufficiencies @ 0.1": {
            "mean": 0.10217484852232105,
            "std": 0.28357962714242685
        },
        "comprehensiveness @ 0.1": {
            "mean": 0.1023854744167683,
            "std": 0.2767391555962669
        },
        "sufficiencies @ 0.2": {
            "mean": 0.1603276644711709,
            "std": 0.34261393339908686
        },
        "comprehensiveness @ 0.2": {
            "mean": 0.1897802709380872,
            "std": 0.36507406237319695
        },
        "sufficiencies @ 0.5": {
            "mean": 0.5200270519811052,
            "std": 0.44486802304880274
        },
        "comprehensiveness @ 0.5": {
            "mean": 0.4505230488690958,
            "std": 0.4464777643100972
        },
        "sufficiencies @ 1.0": {
            "mean": 0.999999200362986,
            "std": 4.5542741246265e-06
        },
        "comprehensiveness @ 1.0": {
            "mean": 0.902483510229352,
            "std": 0.2795603164455412
        },
        "AOPC - sufficiency": {
            "mean": 0.2954680177355744,
            "std": 0.22469827218222205
        },