{
    "random": {
        "sufficiencies @ 0.01": {
            "mean": 0.12532291989666192,
            "std": 0.3230783533775958
        },
        "comprehensiveness @ 0.01": {
            "mean": 0.10321738776140771,
            "std": 0.29205844360757094
        },
        "sufficiencies @ 0.02": {
            "mean": 0.1254153309834836,
            "std": 0.32304595048849866
        },
        "comprehensiveness @ 0.02": {
            "mean": 0.10403497236667485,
            "std": 0.29186249576327483
        },
        "sufficiencies @ 0.05": {
            "mean": 0.15191720189056723,
            "std": 0.3516729642156236
        },
        "comprehensiveness @ 0.05": {
            "mean": 0.13815277554388583,
            "std": 0.32759623922846914
        },
        "sufficiencies @ 0.1": {
            "mean": 0.17157665707453632,
            "std": 0.36429675895825686
        },
        "comprehensiveness @ 0.1": {
            "mean": 0.10742049268050963,
            "std": 0.2898600574756694
        },
        "sufficiencies @ 0.2": {
            "mean": 0.24313379630210719,
            "std": 0.392571458209904
        },
        "comprehensiveness @ 0.2": {
            "mean": 0.14674086882651655,
            "std": 0.3289712371885141
        },
        "sufficiencies @ 0.5": {
            "mean": 0.6441833301229705,
            "std": 0.4278915619815033
        },
        "comprehensiveness @ 0.5": {
            "mean": 0.46076996076641324,
            "std": 0.44851439372483676
        },
        "sufficiencies @ 1.0": {
            "mean": 0.9827317392674971,
            "std": 0.07907911307708777
        },
        "comprehensiveness @ 1.0": {
            "mean": 0.874284056376953,
            "std": 0.3229574374986731
        },
        "AOPC - sufficiency": {
            "mean": 0.34918299650540346,
            "std": 0.24350299431035044
        },
        "AOPC - comprehensiveness": {
            "mean": 0.2763743591889087,
            "std": 0.16897079301264992
        }
    },
    "scaled attention": {
        "sufficiencies @ 0.01": {
            "mean": 0.1318873229616239,
            "std": 0.3230931329596313
        },
        "comprehensiveness @ 0.01": {
            "mean": 0.06678024899259703,
            "std": 0.23882955867178138
        },
        "sufficiencies @ 0.02": {
            "mean": 0.13279059525598094,
            "std": 0.3231681874552776
        },
        "comprehensiveness @ 0.02": {
            "mean": 0.07730949224452029,
            "std": 0.25908596622134744
        },
        "sufficiencies @ 0.05": {
            "mean": 0.1292033650654242,
            "std": 0.3218306507763936
        },
        "comprehensiveness @ 0.05": {
            "mean": 0.13214486273965242,
            "std": 0.3301123124414232
        },
        "sufficiencies @ 0.1": {
            "mean": 0.18867141616764194,
            "std": 0.36928982554946416
        },
        "comprehensiveness @ 0.1": {
            "mean": 0.20813125101812968,
            "std": 0.3950395127829902
        },
        "sufficiencies @ 0.2": {
            "mean": 0.29365760408301433,
            "std": 0.40632997253422215
        },
        "comprehensiveness @ 0.2": {
            "mean": 0.2688848061643921,
            "std": 0.4075850404474959
        },
        "sufficiencies @ 0.5": {
            "mean": 0.8252695533479107,
            "std": 0.29913138630750025
        },
        "comprehensiveness @ 0.5": {
            "mean": 0.6707929320832074,
            "std": 0.42694189517912506
        },
        "sufficiencies @ 1.0": {
            "mean": 0.9991876314900227,
            "std": 0.0035917191902147803
        },
        "comprehensiveness @ 1.0": {
            "mean": 0.8734300642851084,
            "std": 0.3226640306095723
        },
        "AOPC - sufficiency": {
            "mean": 0.3858096411959455,
            "std": 0.23710768440847935
        },
        "AOPC - comprehensiveness": {
            "mean": 0.32821052250394395,
            "std": 0.17845520689454522
        }
    },
    "gradients": {
        "sufficiencies @ 0.01": {
            "mean": 0.12121301275406654,
            "std": 0.3112778085045231
        },
        "comprehensiveness @ 0.01": {
            "mean": 0.06886788240490016,
            "std": 0.24781973583713487
        },
        "sufficiencies @ 0.02": {
            "mean": 0.1135217398894159,
            "std": 0.30647555175684144
        },
        "comprehensiveness @ 0.02": {
            "mean": 0.09566892290579268,
            "std": 0.28924539588115555
        },
        "sufficiencies @ 0.05": {
            "mean": 0.11449082243243704,
            "std": 0.30618698232643954
        },
        "comprehensiveness @ 0.05": {
            "mean": 0.1232783895855474,
            "std": 0.32362790028813254
        },
        "sufficiencies @ 0.1": {
            "mean": 0.12404584730038123,
            "std": 0.31025800403357917
        },
        "comprehensiveness @ 0.1": {
            "mean": 0.16905337527303185,
            "std": 0.36725596717015474
        },
        "sufficiencies @ 0.2": {
            "mean": 0.1770371160227067,
            "std": 0.34686477352465894
        },
        "comprehensiveness @ 0.2": {
            "mean": 0.19854055308786925,
            "std": 0.37959414847999395
        },
        "sufficiencies @ 0.5": {
            "mean": 0.6099835358050655,
            "std": 0.4163862140547391
        },
        "comprehensiveness @ 0.5": {
            "mean": 0.40543617699293594,
            "std": 0.4439439335814201
        },
        "sufficiencies @ 1.0": {
            "mean": 0.9978116436022719,
            "std": 0.009880191830176912
        },
        "comprehensiveness @ 1.0": {
            "mean": 0.8740007023481606,
            "std": 0.3228598231814783
        },
        "AOPC - sufficiency": {
            "mean": 0.32258624540090647,
            "std": 0.230199077720731
        },
        "AOPC - comprehensiveness": {
            "mean": 0.27640657179974826,
            "std": 0.19869799123433127
        }
    },
    "deeplift": {
        "sufficiencies @ 0.01": {
            "mean": 0.12591237603013017,
            "std": 0.3228760242142656
        },
        "comprehensiveness @ 0.01": {
            "mean": 0.029651073146284346,
            "std": 0.1612656185796799
        },
        "sufficiencies @ 0.02": {
            "mean": 0.12594920579049776,
            "std": 0.32286322714013205
        },
        "comprehensiveness @ 0.02": {
            "mean": 0.03087513164583883,
            "std": 0.1612269799988143
        },
        "sufficiencies @ 0.05": {
            "mean": 0.11502154300404235,
            "std": 0.3064828666458309
        },
        "comprehensiveness @ 0.05": {
            "mean": 0.08918228244002649,
            "std": 0.27128563097753167
        },
        "sufficiencies @ 0.1": {
            "mean": 0.13383952832963197,
            "std": 0.32564549790103725
        },
        "comprehensiveness @ 0.1": {
            "mean": 0.11031021001422864,
            "std": 0.29743614885014014
        },
        "sufficiencies @ 0.2": {
            "mean": 0.21063476182493027,
            "std": 0.387764355755421
        },
        "comprehensiveness @ 0.2": {
            "mean": 0.18890278934049423,
            "std": 0.3671157289149803
        },
        "sufficiencies @ 0.5": {
            "mean": 0.566011899576188,
            "std": 0.44684253374592736
        },
        "comprehensiveness @ 0.5": {
            "mean": 0.40679113483907714,
            "std": 0.43887491559214187
        },
        "sufficiencies @ 1.0": {
            "mean": 0.9988197334210834,
            "std": 0.005268297106073056
        },
        "comprehensiveness @ 1.0": {
            "mean": 0.8737177565497024,
            "std": 0.32276269422512355
        },
        "AOPC - sufficiency": {
            "mean": 0.3251698639966434,