{
    "gradients": {
        "sufficiencies @ 0.01": {
            "mean": 0.05583347014265079,
            "std": 0.20767291485591058
        },
        "comprehensiveness @ 0.01": {
            "mean": NaN,
            "std": NaN
        },
        "sufficiencies @ 0.02": {
            "mean": 0.05509597063882796,
            "std": 0.20551492738248847
        },
        "comprehensiveness @ 0.02": {
            "mean": 0.06302292935648145,
            "std": 0.2204215806319302
        },
        "sufficiencies @ 0.05": {
            "mean": 0.0552771169002361,
            "std": 0.2027706556152127
        },
        "comprehensiveness @ 0.05": {
            "mean": 0.10487033012988477,
            "std": 0.28482061659292174
        },
        "sufficiencies @ 0.1": {
            "mean": 0.06242022565754663,
            "std": 0.21571813808015203
        },
        "comprehensiveness @ 0.1": {
            "mean": 0.1332566095192544,
            "std": 0.31548508259217495
        },
        "sufficiencies @ 0.2": {
            "mean": 0.0941576269186668,
            "std": 0.25753712657730315
        },
        "comprehensiveness @ 0.2": {
            "mean": 0.16995062522585458,
            "std": 0.34657604682061754
        },
        "sufficiencies @ 0.5": {
            "mean": 0.6283198996533653,
            "std": 0.41983805082267234
        },
        "comprehensiveness @ 0.5": {
            "mean": 0.40269445204596865,
            "std": 0.44048398427333163
        },
        "sufficiencies @ 1.0": {
            "mean": 0.9959004787577811,
            "std": 0.03609978056271515
        },
        "comprehensiveness @ 1.0": {
            "mean": 0.943435888132091,
            "std": 0.20936023133514967
        },
        "AOPC - sufficiency": {
            "mean": 0.2781435412384393,
            "std": 0.16301126513602737
        },
        "AOPC - comprehensiveness": {
            "mean": NaN,
            "std": NaN
        }
    },
    "scaled attention": {
        "sufficiencies @ 0.01": {
            "mean": 0.05637253195486393,
            "std": 0.20717556276309032
        },
        "comprehensiveness @ 0.01": {
            "mean": 0.07195834349053894,
            "std": 0.24032298289889126
        },
        "sufficiencies @ 0.02": {
            "mean": 0.056378086425564675,
            "std": 0.2068980618259898
        },
        "comprehensiveness @ 0.02": {
            "mean": 0.07590455175459253,
            "std": 0.24615894352858111
        },
        "sufficiencies @ 0.05": {
            "mean": 0.06157388814213168,
            "std": 0.2133226497359139
        },
        "comprehensiveness @ 0.05": {
            "mean": 0.12726196178850216,
            "std": 0.30703618920033243
        },
        "sufficiencies @ 0.1": {
            "mean": 0.10343455610381525,
            "std": 0.2623229022278624
        },
        "comprehensiveness @ 0.1": {
            "mean": 0.19399829948405808,
            "std": 0.3643380725916205
        },
        "sufficiencies @ 0.2": {
            "mean": 0.28842399798077617,
            "std": 0.38478684304706795
        },
        "comprehensiveness @ 0.2": {
            "mean": 0.2891707582560019,
            "std": 0.4150945048636664
        },
        "sufficiencies @ 0.5": {
            "mean": 0.8623323177858528,
            "std": 0.2886053836144649
        },
        "comprehensiveness @ 0.5": {
            "mean": 0.7926874388714236,
            "std": 0.35618663460340666
        },
        "sufficiencies @ 1.0": {
            "mean": 0.9978571052827669,
            "std": 0.01999276765610877
        },
        "comprehensiveness @ 1.0": {
            "mean": 0.9424376531237776,
            "std": 0.21003003620840924
        },
        "AOPC - sufficiency": {
            "mean": 0.3466246405251102,
            "std": 0.16031630456059834
        },
        "AOPC - comprehensiveness": {
            "mean": 0.3562027152526992,
            "std": 0.1674569864547764
        }
    },
    "deeplift": {
        "sufficiencies @ 0.01": {
            "mean": 0.056382009840606415,
            "std": 0.20848961377990158
        },
        "comprehensiveness @ 0.01": {
            "mean": 0.027109024347032617,
            "std": 0.14388699083069764
        },
        "sufficiencies @ 0.02": {
            "mean": 0.05679340734237995,
            "std": 0.20915544970158048
        },
        "comprehensiveness @ 0.02": {
            "mean": 0.03454934046266756,
            "std": 0.16166565791014118
        },
        "sufficiencies @ 0.05": {
            "mean": 0.05311567459539048,
            "std": 0.20148471276345273
        },
        "comprehensiveness @ 0.05": {
            "mean": 0.07460452080820298,
            "std": 0.23566394657676124
        },
        "sufficiencies @ 0.1": {
            "mean": 0.060337152461658994,
            "std": 0.21465551122082766
        },
        "comprehensiveness @ 0.1": {
            "mean": 0.11081970097776034,
            "std": 0.2845988026751909
        },
        "sufficiencies @ 0.2": {
            "mean": 0.11391938252391132,
            "std": 0.28381420624056247
        },
        "comprehensiveness @ 0.2": {
            "mean": 0.1584573652553479,
            "std": 0.33146588365175456
        },
        "sufficiencies @ 0.5": {
            "mean": 0.5402601311726072,
            "std": 0.44385985985113463
        },
        "comprehensiveness @ 0.5": {
            "mean": 0.42451090355905063,
            "std": 0.43572816019102073
        },
        "sufficiencies @ 1.0": {
            "mean": 0.9985553493444227,
            "std": 0.013328559819993395
        },
        "comprehensiveness @ 1.0": {
            "mean": 0.9414331774434482,
            "std": 0.21078282745964733
        },
        "AOPC - sufficiency": {
            "mean": 0.26848044389728243,
            "std": 0.17153124613747855
        },
        "AOPC - comprehensiveness": {
            "mean": 0.25306914755050147,
            "std": 0.14254049626217705
        }
    },
    "ig": {
        "sufficiencies @ 0.01": {
            "mean": 0.062195490078040726,
            "std": 0.21551833645377702
        },
        "comprehensiveness @ 0.01": {
            "mean": 0.09380730017107522,
            "std": 0.26113939247230583
        },
        "sufficiencies @ 0.02": {
            "mean": 0.06181832855752297,
            "std": 0.21401017797302932
        },
        "comprehensiveness @ 0.02": {
            "mean": 0.09712427462495181,
            "std": 0.26533258417561856
        },
        "sufficiencies @ 0.05": {
            "mean": 0.07154796310646447,
            "std": 0.2259767660979271
        },
        "comprehensiveness @ 0.05": {
            "mean": 0.1279806762459861,
            "std": 0.3023205484368647
        },
        "sufficiencies @ 0.1": {
            "mean": 0.09314676740347286,
            "std": 0.2541885969863174
        },
        "comprehensiveness @ 0.1": {
            "mean": 0.16436673678233246,
            "std": 0.3374732206334142
        },
        "sufficiencies @ 0.2": {
            "mean": 0.15561196372949607,
            "std": 0.3162747822223792
        },
        "comprehensiveness @ 0.2": {
            "mean": 0.23042970398593712,
            "std": 0.3846319583880948
        },
        "sufficiencies @ 0.5": {
            "mean": 0.7392196026051259,
            "std": 0.3762896898149228
        },
        "comprehensiveness @ 0.5": {
            "mean": 0.5646353346161992,
            "std": 0.44832337143744133
        },
        "sufficiencies @ 1.0": {
            "mean": 0.9989063398117486,
            "std": 0.009996562914376665
        },
        "comprehensiveness @ 1.0": {
            "mean": 0.9405519564579812,
            "std": 0.21146036790881848
        },
        "AOPC - sufficiency": {
            "mean": 0.311778065041696,
            "std": 0.1746051259862994
        },