{
    "scaled attention": {
        "sufficiencies @ 0.01": {
            "mean": 0.055629152524645155,
            "std": 0.20660048137504816
        },
        "comprehensiveness @ 0.01": {
            "mean": 0.07604748486816577,
            "std": 0.25026299482035574
        },
        "sufficiencies @ 0.02": {
            "mean": 0.05579260198982857,
            "std": 0.20660227266373068
        },
        "comprehensiveness @ 0.02": {
            "mean": 0.07971887601926776,
            "std": 0.25507908320519596
        },
        "sufficiencies @ 0.05": {
            "mean": 0.06104441645439905,
            "std": 0.21318542091978746
        },
        "comprehensiveness @ 0.05": {
            "mean": 0.13036113742566927,
            "std": 0.3122096069244884
        },
        "sufficiencies @ 0.1": {
            "mean": 0.10217824885142132,
            "std": 0.261687434263939
        },
        "comprehensiveness @ 0.1": {
            "mean": 0.19601947322580798,
            "std": 0.3666742902117114
        },
        "sufficiencies @ 0.2": {
            "mean": 0.28575595613716204,
            "std": 0.3845368482641643
        },
        "comprehensiveness @ 0.2": {
            "mean": 0.29069033122948656,
            "std": 0.41636173060171655
        },
        "sufficiencies @ 0.5": {
            "mean": 0.8605983766600019,
            "std": 0.291114024389205
        },
        "comprehensiveness @ 0.5": {
            "mean": 0.7949578840216973,
            "std": 0.35558283127016244
        },
        "sufficiencies @ 1.0": {
            "mean": 0.9999859926310931,
            "std": 0.00012317558848031477
        },
        "comprehensiveness @ 1.0": {
            "mean": 0.9440650325841601,
            "std": 0.20900522598846966
        },
        "AOPC - sufficiency": {
            "mean": 0.3458549636069359,
            "std": 0.16114320444745253
        },
        "AOPC - comprehensiveness": {
            "mean": 0.3588371741963221,
            "std": 0.1709063620242778
        }
    },
    "gradients": {
        "sufficiencies @ 0.01": {
            "mean": 0.056879475893837295,
            "std": 0.2082415113175591
        },
        "comprehensiveness @ 0.01": {
            "mean": 0.04912679470188474,
            "std": 0.198679466761309
        },
        "sufficiencies @ 0.02": {
            "mean": 0.056037715063052586,
            "std": 0.20601142811106019
        },
        "comprehensiveness @ 0.02": {
            "mean": 0.05265885903614813,
            "std": 0.20487793530367357
        },
        "sufficiencies @ 0.05": {
            "mean": 0.056174293603586924,
            "std": 0.20336156456603457
        },
        "comprehensiveness @ 0.05": {
            "mean": 0.0972603211808457,
            "std": 0.2713967434994456
        },
        "sufficiencies @ 0.1": {
            "mean": 0.06323150485409139,
            "std": 0.216108709324367
        },
        "comprehensiveness @ 0.1": {
            "mean": 0.12801729271279316,
            "std": 0.3075827456103909
        },
        "sufficiencies @ 0.2": {
            "mean": 0.0960899469367468,
            "std": 0.2588129918749534
        },
        "comprehensiveness @ 0.2": {
            "mean": 0.16597229891618098,
            "std": 0.3416147651238275
        },
        "sufficiencies @ 0.5": {
            "mean": 0.630894466984036,
            "std": 0.41856904284305685
        },
        "comprehensiveness @ 0.5": {
            "mean": 0.39995213048475653,
            "std": 0.4392097817953042
        },
        "sufficiencies @ 1.0": {
            "mean": 0.9999980275379937,
            "std": 1.5613542761869084e-05
        },
        "comprehensiveness @ 1.0": {
            "mean": 0.9431334732846941,
            "std": 0.2096483650635033
        },
        "AOPC - sufficiency": {
            "mean": 0.2799007758390492,
            "std": 0.16528398272275974
        },
        "AOPC - comprehensiveness": {
            "mean": 0.2623030243310433,
            "std": 0.17029416525935684
        }
    },
    "attention": {
        "sufficiencies @ 0.01": {
            "mean": 0.057327827984100264,
            "std": 0.20801421127091374
        },
        "comprehensiveness @ 0.01": {
            "mean": 0.06501837035777917,
            "std": 0.22566737393684272
        },
        "sufficiencies @ 0.02": {
            "mean": 0.05732578289757847,
            "std": 0.20759718896989116
        },
        "comprehensiveness @ 0.02": {
            "mean": 0.06933427333102714,
            "std": 0.2325123095535532
        },
        "sufficiencies @ 0.05": {
            "mean": 0.06239431425267244,
            "std": 0.21374307244278118
        },
        "comprehensiveness @ 0.05": {
            "mean": 0.12148643865642451,
            "std": 0.29822730159371674
        },
        "sufficiencies @ 0.1": {
            "mean": 0.10490617778607765,
            "std": 0.26283770371607457
        },
        "comprehensiveness @ 0.1": {
            "mean": 0.18884607712090057,
            "std": 0.35892378150644233
        },
        "sufficiencies @ 0.2": {
            "mean": 0.29213742330224896,
            "std": 0.38523523247496566
        },
        "comprehensiveness @ 0.2": {
            "mean": 0.2858530771825507,
            "std": 0.41259906434180005
        },
        "sufficiencies @ 0.5": {
            "mean": 0.8641528433274126,
            "std": 0.2858806248945954
        },
        "comprehensiveness @ 0.5": {
            "mean": 0.7881086381346217,
            "std": 0.3580427512026358
        },
        "sufficiencies @ 1.0": {
            "mean": 0.9999988598985239,
            "std": 8.451438789923147e-06
        },
        "comprehensiveness @ 1.0": {
            "mean": 0.9420775816219097,
            "std": 0.2103613774937202
        },
        "AOPC - sufficiency": {
            "mean": 0.348320461349802,
            "std": 0.1615360438614796
        },
        "AOPC - comprehensiveness": {
            "mean": 0.3515320652007448,
            "std": 0.16197823819274698
        }
    },
    "deeplift": {
        "sufficiencies @ 0.01": {
            "mean": 0.05745519268372247,
            "std": 0.20920346568018647
        },
        "comprehensiveness @ 0.01": {
            "mean": 0.023083325178676995,
            "std": 0.13284618128344514
        },
        "sufficiencies @ 0.02": {
            "mean": 0.05776074738447558,
            "std": 0.20977974858968856
        },
        "comprehensiveness @ 0.02": {
            "mean": 0.0302954763941803,
            "std": 0.15030340185645755
        },
        "sufficiencies @ 0.05": {
            "mean": 0.0541664420935809,
            "std": 0.20206477184024754
        },
        "comprehensiveness @ 0.05": {
            "mean": 0.069268051264413,
            "std": 0.22393821596477298
        },
        "sufficiencies @ 0.1": {
            "mean": 0.06188244789696699,
            "std": 0.21568578548132616
        },
        "comprehensiveness @ 0.1": {
            "mean": 0.10670483605149352,
            "std": 0.2777712624215308
        },
        "sufficiencies @ 0.2": {
            "mean": 0.11678142863962601,
            "std": 0.2854444149755622
        },
        "comprehensiveness @ 0.2": {
            "mean": 0.1550153965591735,
            "std": 0.32668915853852154
        },
        "sufficiencies @ 0.5": {
            "mean": 0.5430558093832341,
            "std": 0.4430874317789193
        },
        "comprehensiveness @ 0.5": {
            "mean": 0.4217293419449457,
            "std": 0.4346694890021589
        },
        "sufficiencies @ 1.0": {
            "mean": 0.9999991724468699,
            "std": 5.848187956887084e-06
        },
        "comprehensiveness @ 1.0": {
            "mean": 0.9411388790541358,
            "std": 0.21109122679033682
        },
        "AOPC - sufficiency": {
            "mean": 0.27015732007549653,