{
    "deeplift": {
        "sufficiencies @ 1.0": {
            "mean": 0.8765013566822359,
            "std": 0.3002048549433038
        },
        "comprehensiveness @ 1.0": {
            "mean": 0.8765013566822359,
            "std": 0.3002048549433038
        },
        "AOPC - sufficiency": {
            "mean": 0.8765013566822359,
            "std": 0.3002048549433038
        },
        "AOPC - comprehensiveness": {
            "mean": 0.8765013566822359,
            "std": 0.3002048549433038
        }
    },
    "ig": {
        "sufficiencies @ 1.0": {
            "mean": 0.8614607100234042,
            "std": 0.31631381225745286
        },
        "comprehensiveness @ 1.0": {
            "mean": 0.8614607100234042,
            "std": 0.31631381225745286
        },
        "AOPC - sufficiency": {
            "mean": 0.8614607100234042,
            "std": 0.31631381225745286
        },
        "AOPC - comprehensiveness": {
            "mean": 0.8614607100234042,
            "std": 0.31631381225745286
        }
    },
    "random": {
        "sufficiencies @ 1.0": {
            "mean": 0.8817915546481946,
            "std": 0.29455818665857314
        },
        "comprehensiveness @ 1.0": {
            "mean": 0.8817915546481946,
            "std": 0.29455818665857314
        },
        "AOPC - sufficiency": {
            "mean": 0.8817915546481946,
            "std": 0.29455818665857314
        },
        "AOPC - comprehensiveness": {
            "mean": 0.8817915546481946,
            "std": 0.29455818665857314
        }
    },
    "attention": {
        "sufficiencies @ 1.0": {
            "mean": 0.8729849224880359,
            "std": 0.3039662942151502
        },
        "comprehensiveness @ 1.0": {
            "mean": 0.8729849224880359,
            "std": 0.3039662942151502
        },
        "AOPC - sufficiency": {
            "mean": 0.8729849224880357,
            "std": 0.3039662942151502
        },
        "AOPC - comprehensiveness": {
            "mean": 0.8729849224880357,
            "std": 0.3039662942151502
        }
    },
    "gradients": {
        "sufficiencies @ 1.0": {
            "mean": 0.8746163587123691,
            "std": 0.302712283134435
        },
        "comprehensiveness @ 1.0": {
            "mean": 0.8746163587123691,
            "std": 0.302712283134435
        },
        "AOPC - sufficiency": {
            "mean": 0.8746163587123691,
            "std": 0.302712283134435
        },
        "AOPC - comprehensiveness": {
            "mean": 0.8746163587123691,
            "std": 0.302712283134435
        }
    },
    "scaled attention": {
        "sufficiencies @ 1.0": {
            "mean": 0.8749087759974619,
            "std": 0.30176116617888493
        },
        "comprehensiveness @ 1.0": {
            "mean": 0.8749087759974619,
            "std": 0.30176116617888493
        },
        "AOPC - sufficiency": {
            "mean": 0.8749087759974619,
            "std": 0.30176116617888493
        },
        "AOPC - comprehensiveness": {
            "mean": 0.8749087759974619,
            "std": 0.30176116617888493
        }
    }
}