{
    "random": {
        "sufficiencies @ 1.0": {
            "mean": 0.5554203286763891,
            "std": 0.44566062485211333
        },
        "comprehensiveness @ 1.0": {
            "mean": 0.1106289895949756,
            "std": 0.24685041407456698
        },
        "AOPC - sufficiency": {
            "mean": 0.5621820419977769,
            "std": 0.359948133965965
        },
        "AOPC - comprehensiveness": {
            "mean": 0.2108566765285579,
            "std": 0.3106381674633994
        }
    },
    "attention": {
        "sufficiencies @ 1.0": {
            "mean": 0.23924898485492263,
            "std": 0.40105995551605533
        },
        "comprehensiveness @ 1.0": {
            "mean": 0.16842108218238364,
            "std": 0.32486599460480736
        },
        "AOPC - sufficiency": {
            "mean": 0.23506260230355522,
            "std": 0.32591090895433267
        },
        "AOPC - comprehensiveness": {
            "mean": 0.18181326974901438,
            "std": 0.3217661384948628
        }
    },
    "gradients": {
        "sufficiencies @ 1.0": {
            "mean": 0.2246152153803401,
            "std": 0.3907129030422373
        },
        "comprehensiveness @ 1.0": {
            "mean": 0.1928437295476061,
            "std": 0.34084772299748695
        },
        "AOPC - sufficiency": {
            "mean": 0.22034336533987509,
            "std": 0.3261301939308941
        },
        "AOPC - comprehensiveness": {
            "mean": 0.19040556358834,
            "std": 0.3226222760985962
        }
    },
    "deeplift": {
        "sufficiencies @ 1.0": {
            "mean": 0.18012638908580889,
            "std": 0.3320902182131828
        },
        "comprehensiveness @ 1.0": {
            "mean": 0.2014846733006443,
            "std": 0.3539962062787166
        },
        "AOPC - sufficiency": {
            "mean": 0.188674622080529,
            "std": 0.2847641080709456
        },
        "AOPC - comprehensiveness": {
            "mean": 0.18018352210794444,
            "std": 0.3211497904886472
        }
    },
    "ig": {
        "sufficiencies @ 1.0": {
            "mean": 0.1522519986757478,
            "std": 0.3145866555834932
        },
        "comprehensiveness @ 1.0": {
            "mean": 0.17757386911376438,
            "std": 0.3239163164068171
        },
        "AOPC - sufficiency": {
            "mean": 0.1766687078889416,
            "std": 0.2712104338237553
        },
        "AOPC - comprehensiveness": {
            "mean": 0.175125478419398,
            "std": 0.31836250071258854
        }
    },
    "scaled attention": {
        "sufficiencies @ 1.0": {
            "mean": 0.11770772016176928,
            "std": 0.24279507928951483
        },
        "comprehensiveness @ 1.0": {
            "mean": 0.1688877354071114,
            "std": 0.31898721383718703
        },
        "AOPC - sufficiency": {
            "mean": 0.13164453576635637,
            "std": 0.19729402407650862
        },
        "AOPC - comprehensiveness": {
            "mean": 0.16488954978836717,
            "std": 0.31645296860468075
        }
    }
}