{
    "gradients": {
        "sufficiencies @ 0.01": {
            "mean": 0.055833471788579135,
            "std": 0.20767291554747846
        },
        "comprehensiveness @ 0.01": {
            "mean": 0.0859888515166165,
            "std": 0.2686100547771175
        },
        "sufficiencies @ 0.02": {
            "mean": 0.055095970229263616,
            "std": 0.20551492414104694
        },
        "comprehensiveness @ 0.02": {
            "mean": 0.06302292935648145,
            "std": 0.2204215806319302
        },
        "sufficiencies @ 0.05": {
            "mean": 0.05527716789783215,
            "std": 0.20277080161698796
        },
        "comprehensiveness @ 0.05": {
            "mean": 0.10487033012988478,
            "std": 0.28482061659292174
        },
        "sufficiencies @ 0.1": {
            "mean": 0.06242022427979168,
            "std": 0.21571813116964078
        },
        "comprehensiveness @ 0.1": {
            "mean": 0.1332566095192544,
            "std": 0.31548508259217495
        },
        "sufficiencies @ 0.2": {
            "mean": 0.0941575683077028,
            "std": 0.25753704059497323
        },
        "comprehensiveness @ 0.2": {
            "mean": 0.16995062522585458,
            "std": 0.34657604682061754
        },
        "sufficiencies @ 0.5": {
            "mean": 0.628319874704856,
            "std": 0.41983805283701653
        },
        "comprehensiveness @ 0.5": {
            "mean": 0.40269445204596865,
            "std": 0.44048398427333163
        },
        "sufficiencies @ 1.0": {
            "mean": 0.9958999113873073,
            "std": 0.03610050201759678
        },
        "comprehensiveness @ 1.0": {
            "mean": 0.943435888132091,
            "std": 0.20936023133514967
        },
        "AOPC - sufficiency": {
            "mean": 0.27814345551361896,
            "std": 0.16301122700990828
        },
        "AOPC - comprehensiveness": {
            "mean": 0.27188852656087875,
            "std": 0.18142118273570484
        }
    },
    "deeplift": {
        "sufficiencies @ 0.01": {
            "mean": 0.05548183460241706,
            "std": 0.20803922787455173
        },
        "comprehensiveness @ 0.01": {
            "mean": 0.031079241744723065,
            "std": 0.15638083802071964
        },
        "sufficiencies @ 0.02": {
            "mean": 0.055931304678865666,
            "std": 0.2085907149361935
        },
        "comprehensiveness @ 0.02": {
            "mean": 0.03856513628146119,
            "std": 0.17358150818271725
        },
        "sufficiencies @ 0.05": {
            "mean": 0.052332254418350314,
            "std": 0.20118555491689144
        },
        "comprehensiveness @ 0.05": {
            "mean": 0.0796281527881369,
            "std": 0.24665087616216752
        },
        "sufficiencies @ 0.1": {
            "mean": 0.059213366863705846,
            "std": 0.21399061117633728
        },
        "comprehensiveness @ 0.1": {
            "mean": 0.11455810949293581,
            "std": 0.29102482144675773
        },
        "sufficiencies @ 0.2": {
            "mean": 0.11159440416351031,
            "std": 0.28250832507609464
        },
        "comprehensiveness @ 0.2": {
            "mean": 0.16103613430748834,
            "std": 0.3348579098194121
        },
        "sufficiencies @ 0.5": {
            "mean": 0.5375906487458457,
            "std": 0.44469789886291156
        },
        "comprehensiveness @ 0.5": {
            "mean": 0.4268592067928262,
            "std": 0.4366630836215951
        },
        "sufficiencies @ 1.0": {
            "mean": 0.997856814971571,
            "std": 0.019992927919164984
        },
        "comprehensiveness @ 1.0": {
            "mean": 0.9424376531237776,
            "std": 0.21003003620840924
        },
        "AOPC - sufficiency": {
            "mean": 0.26714294692060936,
            "std": 0.17078805099067862
        },
        "AOPC - comprehensiveness": {
            "mean": 0.2563090906473356,
            "std": 0.14781493874477147
        }
    },
    "random": {
        "sufficiencies @ 0.01": {
            "mean": 0.059756367354342414,
            "std": 0.21445499912707594
        },
        "comprehensiveness @ 0.01": {
            "mean": 0.06947607291403335,
            "std": 0.23117278483059844
        },
        "sufficiencies @ 0.02": {
            "mean": 0.06051735616028831,
            "std": 0.21593534708959364
        },
        "comprehensiveness @ 0.02": {
            "mean": 0.07040208980665347,
            "std": 0.2315029840748539
        },
        "sufficiencies @ 0.05": {
            "mean": 0.06651595225459883,
            "std": 0.2262976194533968
        },
        "comprehensiveness @ 0.05": {
            "mean": 0.08694511360801746,
            "std": 0.25574367663318054
        },
        "sufficiencies @ 0.1": {
            "mean": 0.08250309104751166,
            "std": 0.24940792970371317
        },
        "comprehensiveness @ 0.1": {
            "mean": 0.1009400527835759,
            "std": 0.27188033275070284
        },
        "sufficiencies @ 0.2": {
            "mean": 0.1304750516621935,
            "std": 0.2998474793258736
        },
        "comprehensiveness @ 0.2": {
            "mean": 0.12957528493476148,
            "std": 0.3034102565526604
        },
        "sufficiencies @ 0.5": {
            "mean": 0.6023318725021198,
            "std": 0.4300220754622056
        },
        "comprehensiveness @ 0.5": {
            "mean": 0.41495320994575796,
            "std": 0.4330090952297539
        },
        "sufficiencies @ 1.0": {
            "mean": 0.9985551484961118,
            "std": 0.01332866575498166
        },
        "comprehensiveness @ 1.0": {
            "mean": 0.9414331774434483,
            "std": 0.21078282745964733
        },
        "AOPC - sufficiency": {
            "mean": 0.2858078342110238,
            "std": 0.17849919749629586
        },
        "AOPC - comprehensiveness": {
            "mean": 0.2591035716337497,
            "std": 0.1622840050744468
        }
    },
    "attention": {
        "sufficiencies @ 0.01": {
            "mean": 0.0579141016676724,
            "std": 0.20825028221959385
        },
        "comprehensiveness @ 0.01": {
            "mean": 0.06245672659203259,
            "std": 0.2194480332749216
        },
        "sufficiencies @ 0.02": {
            "mean": 0.057918057586625986,
            "std": 0.20782484069114446
        },
        "comprehensiveness @ 0.02": {
            "mean": 0.06688397660359054,
            "std": 0.22687283078486892
        },
        "sufficiencies @ 0.05": {
            "mean": 0.06309497347045336,
            "std": 0.21399478213748804
        },
        "comprehensiveness @ 0.05": {
            "mean": 0.11888233119963272,
            "std": 0.2939178796201547
        },
        "sufficiencies @ 0.1": {
            "mean": 0.10629800582685944,
            "std": 0.26356363533669697
        },
        "comprehensiveness @ 0.1": {
            "mean": 0.18695208539608296,
            "std": 0.3567060890713664
        },
        "sufficiencies @ 0.2": {
            "mean": 0.29450671502757486,
            "std": 0.38556233260471967
        },
        "comprehensiveness @ 0.2": {
            "mean": 0.284260747288907,
            "std": 0.41119520975826285
        },
        "sufficiencies @ 0.5": {
            "mean": 0.8655284645986864,
            "std": 0.2841416277718587
        },
        "comprehensiveness @ 0.5": {
            "mean": 0.7860484209801215,
            "std": 0.3585837729257769
        },
        "sufficiencies @ 1.0": {
            "mean": 0.9989061842380877,
            "std": 0.00999664182624685
        },
        "comprehensiveness @ 1.0": {
            "mean": 0.940551956457981,
            "std": 0.21146036790881848
        },
        "AOPC - sufficiency": {
            "mean": 0.34916664320228,