,feature,Soft_sufficiency,Suff_ratio,Soft_comprehensiveness,Comp_ratio
0,random,0.32622506456301903,1.0,0.107016278730809,1.0
1,attention,0.25132704462799205,0.7704099774327474,0.22054564479058003,2.0608607158294596
2,scaled attention,0.18616165203432203,0.57065404304138,0.21403061370189902,1.9999818367846272
3,gradients,0.18127295374778002,0.5556683818596113,0.12805138667135602,1.196559889673039
4,ig,0.24827775387154802,0.7610627779447847,0.359080395567271,3.35538106749637
5,deeplift,0.23722426012494602,0.7271797476466431,0.31995511502914303,2.989779861753228
