{
    "attention": {
        "sufficiencies @ 1.0": {
            "mean": 0.8835776885287716,
            "std": 0.3087587838444932
        },
        "comprehensiveness @ 1.0": {
            "mean": 0.726839632713438,
            "std": 0.43475715970317097
        },
        "AOPC - sufficiency": {
            "mean": 0.8930378796004049,
            "std": 0.2258917096520566
        },
        "AOPC - comprehensiveness": {
            "mean": 0.7338863171878888,
            "std": 0.399326674937912
        }
    },
    "gradients": {
        "sufficiencies @ 1.0": {
            "mean": 0.9258962638719312,
            "std": 0.25069589922734037
        },
        "comprehensiveness @ 1.0": {
            "mean": 0.7588249455664158,
            "std": 0.41372494101641927
        },
        "AOPC - sufficiency": {
            "mean": 0.9082044640868651,
            "std": 0.20903812676175368
        },
        "AOPC - comprehensiveness": {
            "mean": 0.7387078083733591,
            "std": 0.398483797807648
        }
    },
    "ig": {
        "sufficiencies @ 1.0": {
            "mean": 0.8674574357785321,
            "std": 0.32815520090068845
        },
        "comprehensiveness @ 1.0": {
            "mean": 0.7268273075183426,
            "std": 0.42967662611505164
        },
        "AOPC - sufficiency": {
            "mean": 0.9204819484913107,
            "std": 0.2044815664089581
        },
        "AOPC - comprehensiveness": {
            "mean": 0.7146506047158419,
            "std": 0.41657207089350423
        }
    },
    "deeplift": {
        "sufficiencies @ 1.0": {
            "mean": 0.9484504044797829,
            "std": 0.1993158757439403
        },
        "comprehensiveness @ 1.0": {
            "mean": 0.7444237077327525,
            "std": 0.41197566501291366
        },
        "AOPC - sufficiency": {
            "mean": 0.9262595388021322,
            "std": 0.1741826362316122
        },
        "AOPC - comprehensiveness": {
            "mean": 0.7243330677442029,
            "std": 0.4004552535996659
        }
    },
    "random": {
        "sufficiencies @ 1.0": {
            "mean": 0.9153275947837964,
            "std": 0.26493877299062657
        },
        "comprehensiveness @ 1.0": {
            "mean": 0.791320740209048,
            "std": 0.3864748760022085
        },
        "AOPC - sufficiency": {
            "mean": 0.9103998316780386,
            "std": 0.21860593014994403
        },
        "AOPC - comprehensiveness": {
            "mean": 0.7700014434034389,
            "std": 0.3489132703138439
        }
    },
    "scaled attention": {
        "sufficiencies @ 1.0": {
            "mean": 0.9404633573569376,
            "std": 0.20613461713950854
        },
        "comprehensiveness @ 1.0": {
            "mean": 0.753975735059555,
            "std": 0.4079860443066169
        },
        "AOPC - sufficiency": {
            "mean": 0.9380899738962847,
            "std": 0.16234197245244036
        },
        "AOPC - comprehensiveness": {
            "mean": 0.7146440742979533,
            "std": 0.4072356782932729
        }
    }
}