{
    "random": {
        "sufficiencies @ 1.0": {
            "mean": 0.8471482942214479,
            "std": 0.3382067269960995
        },
        "comprehensiveness @ 1.0": {
            "mean": 0.13596382079458547,
            "std": 0.2975734924735567
        },
        "AOPC - sufficiency": {
            "mean": 0.8473118125161228,
            "std": 0.28682592628259895
        },
        "AOPC - comprehensiveness": {
            "mean": 0.18247641645408808,
            "std": 0.27984111115816335
        }
    },
    "ig": {
        "sufficiencies @ 1.0": {
            "mean": 0.49104758927926334,
            "std": 0.4402363488475423
        },
        "comprehensiveness @ 1.0": {
            "mean": 0.23782844900364267,
            "std": 0.3837783550454945
        },
        "AOPC - sufficiency": {
            "mean": 0.4727694706651291,
            "std": 0.3616739369889085
        },
        "AOPC - comprehensiveness": {
            "mean": 0.22369268039835366,
            "std": 0.33359933719706353
        }
    },
    "scaled attention": {
        "sufficiencies @ 1.0": {
            "mean": 0.2921405324740487,
            "std": 0.4252850836987695
        },
        "comprehensiveness @ 1.0": {
            "mean": 0.19430324019192818,
            "std": 0.34028952423932685
        },
        "AOPC - sufficiency": {
            "mean": 0.29683139349525606,
            "std": 0.33760173372977575
        },
        "AOPC - comprehensiveness": {
            "mean": 0.21001441224818765,
            "std": 0.3310898512425678
        }
    },
    "gradients": {
        "sufficiencies @ 1.0": {
            "mean": 0.5266045221598536,
            "std": 0.4621526320673476
        },
        "comprehensiveness @ 1.0": {
            "mean": 0.24775178926980634,
            "std": 0.38271534124625095
        },
        "AOPC - sufficiency": {
            "mean": 0.519461937766487,
            "std": 0.3736819165489905
        },
        "AOPC - comprehensiveness": {
            "mean": 0.24712344189738067,
            "std": 0.3530512403369504
        }
    },
    "attention": {
        "sufficiencies @ 1.0": {
            "mean": 0.4783604490626434,
            "std": 0.46713163168695504
        },
        "comprehensiveness @ 1.0": {
            "mean": 0.26643863029396897,
            "std": 0.3932283831383736
        },
        "AOPC - sufficiency": {
            "mean": 0.4928815800101222,
            "std": 0.38505172306125857
        },
        "AOPC - comprehensiveness": {
            "mean": 0.24493181639276215,
            "std": 0.353246465324554
        }
    },
    "deeplift": {
        "sufficiencies @ 1.0": {
            "mean": 0.33455504030100847,
            "std": 0.41914233381075955
        },
        "comprehensiveness @ 1.0": {
            "mean": 0.17854936287144924,
            "std": 0.32168001050245326
        },
        "AOPC - sufficiency": {
            "mean": 0.32990017378646525,
            "std": 0.3143348741444114
        },
        "AOPC - comprehensiveness": {
            "mean": 0.19976216164576027,
            "std": 0.322042868373311
        }
    }
}