{
    "random": {
        "sufficiency": {
            "mean": 0.3259074164696543,
            "std": 0.4235919876129421
        },
        "comprehensiveness": {
            "mean": 0.10805521955178192,
            "std": 0.2783040867324045
        },
        "AOPC - sufficiency": {
            "mean": 0.29811882044198496,
            "std": 0.24165054642048328
        },
        "AOPC - comprehensiveness": {
            "mean": 0.10339065754980951,
            "std": 0.19737061621361127
        }
    },
    "deeplift": {
        "sufficiency": {
            "mean": 0.23722426012494605,
            "std": 0.3828837368994525
        },
        "comprehensiveness": {
            "mean": 0.31995511502914353,
            "std": 0.4329273361047367
        },
        "AOPC - sufficiency": {
            "mean": 0.2190957355665823,
            "std": 0.24323156512547575
        },
        "AOPC - comprehensiveness": {
            "mean": 0.2619459814691443,
            "std": 0.31659220414369
        }
    },
    "ig": {
        "sufficiency": {
            "mean": 0.2497440296191382,
            "std": 0.35146593562614203
        },
        "comprehensiveness": {
            "mean": 0.3555944951200429,
            "std": 0.4348361009967633
        },
        "AOPC - sufficiency": {
            "mean": 0.2672065953905633,
            "std": 0.21711135352207994
        },
        "AOPC - comprehensiveness": {
            "mean": 0.30536256734391753,
            "std": 0.29071324595663944
        }
    },
    "attention": {
        "sufficiency": {
            "mean": 0.2510012083603419,
            "std": 0.3255321142729942
        },
        "comprehensiveness": {
            "mean": 0.21946983527272051,
            "std": 0.38217814500275193
        },
        "AOPC - sufficiency": {
            "mean": 0.1895880592217542,
            "std": 0.18612400147250813
        },
        "AOPC - comprehensiveness": {
            "mean": 0.21588821622919654,
            "std": 0.18706710263409154
        }
    },
    "gradients": {
        "sufficiency": {
            "mean": 0.17908457970191344,
            "std": 0.2778167916922961
        },
        "comprehensiveness": {
            "mean": 0.126631168702266,
            "std": 0.3014604043278839
        },
        "AOPC - sufficiency": {
            "mean": 0.1562746604009555,
            "std": 0.16631204872460087
        },
        "AOPC - comprehensiveness": {
            "mean": 0.13084691885064245,
            "std": 0.20072614526437074
        }
    },
    "scaled attention": {
        "sufficiency": {
            "mean": 0.18393022638458756,
            "std": 0.2829345881267581
        },
        "comprehensiveness": {
            "mean": 0.213562322955237,
            "std": 0.37755889615975874
        },
        "AOPC - sufficiency": {
            "mean": 0.13597730604093397,
            "std": 0.17157150391499265
        },
        "AOPC - comprehensiveness": {
            "mean": 0.2079746058821362,
            "std": 0.18034113756049683
        }
    }
}