{
    "attention": {
        "sufficiencies @ 1.0": {
            "mean": 0.6923551329717803,
            "std": 0.41677917549740007
        },
        "comprehensiveness @ 1.0": {
            "mean": NaN,
            "std": NaN
        },
        "AOPC - sufficiency": {
            "mean": 0.6699132362427495,
            "std": 0.38828386755830924
        },
        "AOPC - comprehensiveness": {
            "mean": NaN,
            "std": NaN
        }
    },
    "random": {
        "sufficiencies @ 1.0": {
            "mean": 0.758623350125496,
            "std": 0.3757211408339524
        },
        "comprehensiveness @ 1.0": {
            "mean": 0.844124278408858,
            "std": 0.35055716866750425
        },
        "AOPC - sufficiency": {
            "mean": 0.7448097244883303,
            "std": 0.33399456381482634
        },
        "AOPC - comprehensiveness": {
            "mean": 0.840522775203039,
            "std": 0.349608651903948
        }
    },
    "gradients": {
        "sufficiencies @ 1.0": {
            "mean": 0.6939773572436208,
            "std": 0.4029841634034451
        },
        "comprehensiveness @ 1.0": {
            "mean": 0.8358864664119261,
            "std": 0.34863406989604656
        },
        "AOPC - sufficiency": {
            "mean": 0.6915789269346481,
            "std": 0.3746798425805722
        },
        "AOPC - comprehensiveness": {
            "mean": 0.8326360303754018,
            "std": 0.34810128585801664
        }
    },
    "ig": {
        "sufficiencies @ 1.0": {
            "mean": 0.6889055101950329,
            "std": 0.409514344187075
        },
        "comprehensiveness @ 1.0": {
            "mean": 0.8284384716794474,
            "std": 0.34760012091461023
        },
        "AOPC - sufficiency": {
            "mean": 0.7008729971590348,
            "std": 0.3790923817254837
        },
        "AOPC - comprehensiveness": {
            "mean": 0.8254785904445501,
            "std": 0.3473592612704779
        }
    },
    "scaled attention": {
        "sufficiencies @ 1.0": {
            "mean": 0.6804095061527007,
            "std": 0.41648105128782875
        },
        "comprehensiveness @ 1.0": {
            "mean": 0.8216463842498175,
            "std": 0.34719246724761743
        },
        "AOPC - sufficiency": {
            "mean": 0.689122821198427,
            "std": 0.37749983176539453
        },
        "AOPC - comprehensiveness": {
            "mean": 0.8189311888473967,
            "std": 0.34716031925397933
        }
    },
    "deeplift": {
        "sufficiencies @ 1.0": {
            "mean": 0.694962607626189,
            "std": 0.41239188391088355
        },
        "comprehensiveness @ 1.0": {
            "mean": 0.815408184835893,
            "std": 0.347233340432963
        },
        "AOPC - sufficiency": {
            "mean": 0.6896017896540949,
            "std": 0.39057209577207774
        },
        "AOPC - comprehensiveness": {
            "mean": 0.8129019800436902,
            "std": 0.3473521919107902
        }
    }
}