{
    "gradients": {
        "sufficiencies @ 1.0": {
            "mean": 0.7931516758458494,
            "std": 0.37835546691239774
        },
        "comprehensiveness @ 1.0": {
            "mean": 0.023495534004854518,
            "std": 0.12038281868864972
        },
        "AOPC - sufficiency": {
            "mean": 0.7730515640489143,
            "std": 0.3253637221631278
        },
        "AOPC - comprehensiveness": {
            "mean": 0.1289543986175799,
            "std": 0.23279924388695797
        }
    },
    "deeplift": {
        "sufficiencies @ 1.0": {
            "mean": 0.7832850799829735,
            "std": 0.3754373896868784
        },
        "comprehensiveness @ 1.0": {
            "mean": 0.11853762323120601,
            "std": 0.29489711479589953
        },
        "AOPC - sufficiency": {
            "mean": 0.7538691618065676,
            "std": 0.3137121902250461
        },
        "AOPC - comprehensiveness": {
            "mean": 0.12923579549782727,
            "std": 0.2569565535668317
        }
    },
    "scaled attention": {
        "sufficiencies @ 1.0": {
            "mean": 0.665266183391442,
            "std": 0.4456219982295804
        },
        "comprehensiveness @ 1.0": {
            "mean": 0.13672735670422254,
            "std": 0.32528882828638445
        },
        "AOPC - sufficiency": {
            "mean": 0.7256156543752029,
            "std": 0.339112429643008
        },
        "AOPC - comprehensiveness": {
            "mean": 0.12575273250771568,
            "std": 0.23586122882548938
        }
    },
    "ig": {
        "sufficiencies @ 1.0": {
            "mean": 0.7440072296280181,
            "std": 0.40557737374541875
        },
        "comprehensiveness @ 1.0": {
            "mean": 0.11262796349771255,
            "std": 0.2801912795691485
        },
        "AOPC - sufficiency": {
            "mean": 0.7363402089535266,
            "std": 0.35198491663621184
        },
        "AOPC - comprehensiveness": {
            "mean": 0.123463632847366,
            "std": 0.24161252843698203
        }
    },
    "random": {
        "sufficiencies @ 1.0": {
            "mean": 0.8198006437034455,
            "std": 0.3542646023811448
        },
        "comprehensiveness @ 1.0": {
            "mean": 0.14617795569967654,
            "std": 0.326247139153931
        },
        "AOPC - sufficiency": {
            "mean": 0.8054590449695032,
            "std": 0.3033895518479057
        },
        "AOPC - comprehensiveness": {
            "mean": 0.13455990180645802,
            "std": 0.26539180471703483
        }
    },
    "attention": {
        "sufficiencies @ 1.0": {
            "mean": 0.7264172971211905,
            "std": 0.4201932743569429
        },
        "comprehensiveness @ 1.0": {
            "mean": 0.09599293344288994,
            "std": 0.2658701613808092
        },
        "AOPC - sufficiency": {
            "mean": 0.7643020545547161,
            "std": 0.3256587071756018
        },
        "AOPC - comprehensiveness": {
            "mean": 0.11551419299902378,
            "std": 0.2376136977701209
        }
    }
}