{
    "deeplift": {
        "sufficiencies @ 1.0": {
            "mean": 0.806855824295884,
            "std": 0.3790656888133948
        },
        "comprehensiveness @ 1.0": {
            "mean": 0.18269269148857029,
            "std": 0.3147537605472412
        },
        "AOPC - sufficiency": {
            "mean": 0.8090368676556678,
            "std": 0.31690879272978656
        },
        "AOPC - comprehensiveness": {
            "mean": 0.310506284469392,
            "std": 0.3682626970647526
        }
    },
    "scaled attention": {
        "sufficiencies @ 1.0": {
            "mean": 0.8602822554364301,
            "std": 0.31519764781874826
        },
        "comprehensiveness @ 1.0": {
            "mean": 0.33959410411521435,
            "std": 0.42644185966663806
        },
        "AOPC - sufficiency": {
            "mean": 0.8345026272515395,
            "std": 0.28856279971394394
        },
        "AOPC - comprehensiveness": {
            "mean": 0.33866563957056717,
            "std": 0.4011105490306795
        }
    },
    "gradients": {
        "sufficiencies @ 1.0": {
            "mean": 0.8308864796549948,
            "std": 0.3473163275868576
        },
        "comprehensiveness @ 1.0": {
            "mean": 0.3457980587496469,
            "std": 0.4253042763696876
        },
        "AOPC - sufficiency": {
            "mean": 0.8184692452304086,
            "std": 0.3214990658844982
        },
        "AOPC - comprehensiveness": {
            "mean": 0.3405418249150843,
            "std": 0.40161532402306493
        }
    },
    "random": {
        "sufficiencies @ 1.0": {
            "mean": 0.8391559170588017,
            "std": 0.35036439733532165
        },
        "comprehensiveness @ 1.0": {
            "mean": 0.30450642342063666,
            "std": 0.4071053585719253
        },
        "AOPC - sufficiency": {
            "mean": 0.8480820780411763,
            "std": 0.30502501062274356
        },
        "AOPC - comprehensiveness": {
            "mean": 0.303758431886807,
            "std": 0.3680768649005909
        }
    },
    "attention": {
        "sufficiencies @ 1.0": {
            "mean": 0.8366912702558811,
            "std": 0.3450494245923781
        },
        "comprehensiveness @ 1.0": {
            "mean": 0.3366714429254263,
            "std": 0.4191865450141089
        },
        "AOPC - sufficiency": {
            "mean": 0.8383596784744141,
            "std": 0.28649679505391956
        },
        "AOPC - comprehensiveness": {
            "mean": 0.3233462440451891,
            "std": 0.38839998842554485
        }
    },
    "ig": {
        "sufficiencies @ 1.0": {
            "mean": 0.8091377866896597,
            "std": 0.3598783378040844
        },
        "comprehensiveness @ 1.0": {
            "mean": 0.2768127445469282,
            "std": 0.4120808774525668
        },
        "AOPC - sufficiency": {
            "mean": 0.8182493225253391,
            "std": 0.30676695633561873
        },
        "AOPC - comprehensiveness": {
            "mean": 0.3192237921498034,
            "std": 0.37969772027858745
        }
    }
}