{
    "gradients": {
        "sufficiencies @ 0.01": {
            "mean": 0.07373927780449116,
            "std": 0.14523240801717124
        },
        "comprehensiveness @ 0.01": {
            "mean": 0.16957621950388058,
            "std": 0.315035099824397
        },
        "sufficiencies @ 0.02": {
            "mean": 0.0738234537393347,
            "std": 0.1452252679025659
        },
        "comprehensiveness @ 0.02": {
            "mean": 0.1658056127597672,
            "std": 0.31737276479209126
        },
        "sufficiencies @ 0.05": {
            "mean": 0.07388686685385,
            "std": 0.14522466551565305
        },
        "comprehensiveness @ 0.05": {
            "mean": 0.16105148059553956,
            "std": 0.31626417337309826
        },
        "sufficiencies @ 0.1": {
            "mean": 0.07396063705836142,
            "std": 0.1452208181343574
        },
        "comprehensiveness @ 0.1": {
            "mean": 0.17341215915706354,
            "std": 0.3250229378893245
        },
        "sufficiencies @ 0.2": {
            "mean": 0.07403439105691209,
            "std": 0.14521698665134417
        },
        "comprehensiveness @ 0.2": {
            "mean": 0.19951857074675514,
            "std": 0.34300805650778066
        },
        "sufficiencies @ 0.5": {
            "mean": 0.07409689143708402,
            "std": 0.14521793945955508
        },
        "comprehensiveness @ 0.5": {
            "mean": 0.5031789846306616,
            "std": 0.42584566093746473
        },
        "sufficiencies @ 1.0": {
            "mean": 0.07366545894840994,
            "std": 0.1452363031594447
        },
        "comprehensiveness @ 1.0": {
            "mean": 0.9351811291037361,
            "std": 0.21351440044200168
        },
        "AOPC - sufficiency": {
            "mean": 0.0738867109854919,
            "std": 0.14522487428710135
        },
        "AOPC - comprehensiveness": {
            "mean": 0.3296748794996292,
            "std": 0.24358710323393923
        }
    },
    "scaled attention": {
        "sufficiencies @ 0.01": {
            "mean": 0.07425555587288529,
            "std": 0.14520558748187706
        },
        "comprehensiveness @ 0.01": {
            "mean": 0.16120521168192764,
            "std": 0.31339076302394586
        },
        "sufficiencies @ 0.02": {
            "mean": 0.07432924510366477,
            "std": 0.14520181948189362
        },
        "comprehensiveness @ 0.02": {
            "mean": 0.17010577098802554,
            "std": 0.3192150932390504
        },
        "sufficiencies @ 0.05": {
            "mean": 0.07440291815650549,
            "std": 0.14519806732516466
        },
        "comprehensiveness @ 0.05": {
            "mean": 0.17877798014784516,
            "std": 0.3317563619936849
        },
        "sufficiencies @ 0.1": {
            "mean": 0.07448006903811097,
            "std": 0.14519278078647951
        },
        "comprehensiveness @ 0.1": {
            "mean": 0.21512585573156232,
            "std": 0.35397905345039693
        },
        "sufficiencies @ 0.2": {
            "mean": 0.0745502157507523,
            "std": 0.14519061049750556
        },
        "comprehensiveness @ 0.2": {
            "mean": 0.3217372531476784,
            "std": 0.395089518915985
        },
        "sufficiencies @ 0.5": {
            "mean": 0.07462384030334225,
            "std": 0.14518690580460392
        },
        "comprehensiveness @ 0.5": {
            "mean": 0.7656344107144333,
            "std": 0.36020632083405574
        },
        "sufficiencies @ 1.0": {
            "mean": 0.07418185045856825,
            "std": 0.14520937133611175
        },
        "comprehensiveness @ 1.0": {
            "mean": 0.9348249627449109,
            "std": 0.21346366040120457
        },
        "AOPC - sufficiency": {
            "mean": 0.07440338495483276,
            "std": 0.14519784759681745
        },
        "AOPC - comprehensiveness": {
            "mean": 0.3924873493080548,
            "std": 0.240690588757988
        }
    },
    "deeplift": {
        "sufficiencies @ 0.01": {
            "mean": 0.07476807710710205,
            "std": 0.14518080608763448
        },
        "comprehensiveness @ 0.01": {
            "mean": 0.17084172588534235,
            "std": 0.31638837111278517
        },
        "sufficiencies @ 0.02": {
            "mean": 0.07484461705002324,
            "std": 0.14517588647787522
        },
        "comprehensiveness @ 0.02": {
            "mean": 0.15198633887287735,
            "std": 0.29628669021472875
        },
        "sufficiencies @ 0.05": {
            "mean": 0.07492022859253832,
            "std": 0.14517132925407092
        },
        "comprehensiveness @ 0.05": {
            "mean": 0.17022216786936978,
            "std": 0.31389372290334
        },
        "sufficiencies @ 0.1": {
            "mean": 0.07499172084438563,
            "std": 0.14516861911034498
        },
        "comprehensiveness @ 0.1": {
            "mean": 0.18920676815645437,
            "std": 0.3262056522296009
        },
        "sufficiencies @ 0.2": {
            "mean": 0.07506524854726954,
            "std": 0.14516500904878243
        },
        "comprehensiveness @ 0.2": {
            "mean": 0.2681497407372006,
            "std": 0.3831702910709272
        },
        "sufficiencies @ 0.5": {
            "mean": 0.07513876012805117,
            "std": 0.14516141472074998
        },
        "comprehensiveness @ 0.5": {
            "mean": 0.5537921204328198,
            "std": 0.41169139627305923
        },
        "sufficiencies @ 1.0": {
            "mean": 0.07469744870036116,
            "std": 0.14518321691101402
        },
        "comprehensiveness @ 1.0": {
            "mean": 0.9344693596107259,
            "std": 0.21341365484863173
        },
        "AOPC - sufficiency": {
            "mean": 0.0749180144242473,
            "std": 0.14517229601363404
        },
        "AOPC - comprehensiveness": {
            "mean": 0.34838117450925576,
            "std": 0.23977676083877877
        }
    },
    "attention": {
        "sufficiencies @ 0.01": {
            "mean": 0.07528573494557866,
            "std": 0.14515427322148763
        },
        "comprehensiveness @ 0.01": {
            "mean": 0.1604525212015866,
            "std": 0.31324838277477507
        },
        "sufficiencies @ 0.02": {
            "mean": 0.07535919819345327,
            "std": 0.1451507260283748
        },
        "comprehensiveness @ 0.02": {
            "mean": 0.1693309885554108,
            "std": 0.31888638460185825
        },
        "sufficiencies @ 0.05": {
            "mean": 0.07543264534148299,
            "std": 0.14514719452502622
        },
        "comprehensiveness @ 0.05": {
            "mean": 0.1768623275633499,
            "std": 0.328051908944642
        },
        "sufficiencies @ 0.1": {
            "mean": 0.0755060763952253,
            "std": 0.14514367870051154
        },
        "comprehensiveness @ 0.1": {
            "mean": 0.21987691491576386,
            "std": 0.3579727852773554
        },
        "sufficiencies @ 0.2": {
            "mean": 0.07557949136023498,
            "std": 0.1451401785439048
        },
        "comprehensiveness @ 0.2": {
            "mean": 0.32184165118244845,
            "std": 0.39323773543670404
        },
        "sufficiencies @ 0.5": {
            "mean": 0.07565080059590978,
            "std": 0.14513754827746264
        },
        "comprehensiveness @ 0.5": {
            "mean": 0.7654194137507966,
            "std": 0.35954795358727487
        },
        "sufficiencies @ 1.0": {
            "mean": 0.07521225559229897,
            "std": 0.14515783611529964
        },
        "comprehensiveness @ 1.0": {
            "mean": 0.9341105997689505,
            "std": 0.21336323565203796
        },
        "AOPC - sufficiency": {
            "mean": 0.07543231463202628,