{
    "scaled attention": {
        "sufficiencies @ 0.01": {
            "mean": 0.059498192582664894,
            "std": 0.13088858808805676
        },
        "comprehensiveness @ 0.01": {
            "mean": 0.167008823355935,
            "std": 0.31915816532375907
        },
        "sufficiencies @ 0.02": {
            "mean": 0.05959607294478031,
            "std": 0.13089358115447522
        },
        "comprehensiveness @ 0.02": {
            "mean": 0.16607791029184463,
            "std": 0.31811399507862026
        },
        "sufficiencies @ 0.05": {
            "mean": 0.05969540264036891,
            "std": 0.1309385489627343
        },
        "comprehensiveness @ 0.05": {
            "mean": 0.18893024044173737,
            "std": 0.33578571601932644
        },
        "sufficiencies @ 0.1": {
            "mean": 0.05978101315202799,
            "std": 0.1309847970077277
        },
        "comprehensiveness @ 0.1": {
            "mean": 0.24327479490789744,
            "std": 0.36840151398704785
        },
        "sufficiencies @ 0.2": {
            "mean": 0.05986730315794289,
            "std": 0.1310250465666349
        },
        "comprehensiveness @ 0.2": {
            "mean": 0.3556059351190917,
            "std": 0.4100038996553065
        },
        "sufficiencies @ 0.5": {
            "mean": 0.05994450371289643,
            "std": 0.1310553470318977
        },
        "comprehensiveness @ 0.5": {
            "mean": 0.8201112225379527,
            "std": 0.29499756979400144
        },
        "sufficiencies @ 1.0": {
            "mean": 0.05942819406823072,
            "std": 0.13089040136802416
        },
        "comprehensiveness @ 1.0": {
            "mean": 0.9502209939399389,
            "std": 0.17043522885258286
        },
        "AOPC - sufficiency": {
            "mean": 0.059687240322701736,
            "std": 0.1309216934712523
        },
        "AOPC - comprehensiveness": {
            "mean": 0.41303284579919963,
            "std": 0.2330534692550362
        }
    },
    "random": {
        "sufficiencies @ 0.01": {
            "mean": 0.060100173151851795,
            "std": 0.13110293060322836
        },
        "comprehensiveness @ 0.01": {
            "mean": 0.17569443653324238,
            "std": 0.3236632757440631
        },
        "sufficiencies @ 0.02": {
            "mean": 0.06017222913225607,
            "std": 0.13111512125332955
        },
        "comprehensiveness @ 0.02": {
            "mean": 0.17597593657030547,
            "std": 0.3235649693560141
        },
        "sufficiencies @ 0.05": {
            "mean": 0.060245337465986544,
            "std": 0.13112786104708313
        },
        "comprehensiveness @ 0.05": {
            "mean": 0.18371413283128266,
            "std": 0.3298626634451068
        },
        "sufficiencies @ 0.1": {
            "mean": 0.060320145826189234,
            "std": 0.13114067180079877
        },
        "comprehensiveness @ 0.1": {
            "mean": 0.19073981531051998,
            "std": 0.3334912797137136
        },
        "sufficiencies @ 0.2": {
            "mean": 0.060393478771947166,
            "std": 0.13115178286866194
        },
        "comprehensiveness @ 0.2": {
            "mean": 0.21108291304506607,
            "std": 0.3445066152271975
        },
        "sufficiencies @ 0.5": {
            "mean": 0.06046450243273212,
            "std": 0.13115853466255992
        },
        "comprehensiveness @ 0.5": {
            "mean": 0.477549024027131,
            "std": 0.4141931560853351
        },
        "sufficiencies @ 1.0": {
            "mean": 0.0600223275768182,
            "std": 0.13107896027464774
        },
        "comprehensiveness @ 1.0": {
            "mean": 0.9498581254210124,
            "std": 0.17040887173276573
        },
        "AOPC - sufficiency": {
            "mean": 0.06024545633682589,
            "std": 0.13112400813117178
        },
        "AOPC - comprehensiveness": {
            "mean": 0.33780205481979425,
            "std": 0.2532897774167836
        }
    },
    "attention": {
        "sufficiencies @ 0.01": {
            "mean": 0.060612889797677906,
            "std": 0.13117273575153382
        },
        "comprehensiveness @ 0.01": {
            "mean": 0.16335798803284826,
            "std": 0.3145674601257205
        },
        "sufficiencies @ 0.02": {
            "mean": 0.06068868011640355,
            "std": 0.13118853430688943
        },
        "comprehensiveness @ 0.02": {
            "mean": 0.1625528067585715,
            "std": 0.3136977737604842
        },
        "sufficiencies @ 0.05": {
            "mean": 0.060761310287827955,
            "std": 0.13118440654666969
        },
        "comprehensiveness @ 0.05": {
            "mean": 0.18524579784551906,
            "std": 0.33117176127574793
        },
        "sufficiencies @ 0.1": {
            "mean": 0.060829328268994176,
            "std": 0.13118631472404652
        },
        "comprehensiveness @ 0.1": {
            "mean": 0.2389615947838428,
            "std": 0.3646400762729135
        },
        "sufficiencies @ 0.2": {
            "mean": 0.06090333752609838,
            "std": 0.13119098038059823
        },
        "comprehensiveness @ 0.2": {
            "mean": 0.35159403394593625,
            "std": 0.40740601546510874
        },
        "sufficiencies @ 0.5": {
            "mean": 0.0609852678611485,
            "std": 0.1311968674227065
        },
        "comprehensiveness @ 0.5": {
            "mean": 0.8167353100796624,
            "std": 0.29564364998642656
        },
        "sufficiencies @ 1.0": {
            "mean": 0.06054359697888491,
            "std": 0.13116770164446065
        },
        "comprehensiveness @ 1.0": {
            "mean": 0.9493851020145454,
            "std": 0.1704490890508401
        },
        "AOPC - sufficiency": {
            "mean": 0.06076063011957648,
            "std": 0.13118314090008368
        },
        "AOPC - comprehensiveness": {
            "mean": 0.40969037620870363,
            "std": 0.23042148481271327
        }
    },
    "gradients": {
        "sufficiencies @ 0.01": {
            "mean": 0.06113624338789122,
            "std": 0.13119983768324764
        },
        "comprehensiveness @ 0.01": {
            "mean": 0.1708829082817207,
            "std": 0.3208442377301416
        },
        "sufficiencies @ 0.02": {
            "mean": 0.061215171334991235,
            "std": 0.1312037358473943
        },
        "comprehensiveness @ 0.02": {
            "mean": 0.17085915489979245,
            "std": 0.32043823518904185
        },
        "sufficiencies @ 0.05": {
            "mean": 0.06129725770091598,
            "std": 0.1312075857264399
        },
        "comprehensiveness @ 0.05": {
            "mean": 0.16527239241323682,
            "std": 0.3160230403501116
        },
        "sufficiencies @ 0.1": {
            "mean": 0.0613751239665583,
            "std": 0.131218113486899
        },
        "comprehensiveness @ 0.1": {
            "mean": 0.16834131982709521,
            "std": 0.31881717790849545
        },
        "sufficiencies @ 0.2": {
            "mean": 0.061458721332928117,
            "std": 0.1312240263490329
        },
        "comprehensiveness @ 0.2": {
            "mean": 0.19196462201541975,
            "std": 0.3383032543091153
        },
        "sufficiencies @ 0.5": {
            "mean": 0.06154624457985704,
            "std": 0.13124151750896998
        },
        "comprehensiveness @ 0.5": {
            "mean": 0.4971978568737988,
            "std": 0.4154735008805991
        },
        "sufficiencies @ 1.0": {
            "mean": 0.061057374587678306,
            "std": 0.13119455997339688
        },
        "comprehensiveness @ 1.0": {
            "mean": 0.9488333258812176,
            "std": 0.1706544885152131
        },
        "AOPC - sufficiency": {
            "mean": 0.061298019555831466,