{
    "deeplift": {
        "sufficiencies @ 1.0": {
            "mean": 0.1384534942761174,
            "std": 0.2820582301417742
        },
        "comprehensiveness @ 1.0": {
            "mean": 0.1384534942761174,
            "std": 0.2820582301417742
        },
        "AOPC - sufficiency": {
            "mean": 0.1384534942761174,
            "std": 0.2820582301417742
        },
        "AOPC - comprehensiveness": {
            "mean": 0.1384534942761174,
            "std": 0.2820582301417742
        }
    },
    "ig": {
        "sufficiencies @ 1.0": {
            "mean": 0.1405473790323328,
            "std": 0.28493749984311734
        },
        "comprehensiveness @ 1.0": {
            "mean": 0.1405473790323328,
            "std": 0.28493749984311734
        },
        "AOPC - sufficiency": {
            "mean": 0.1405473790323328,
            "std": 0.28493749984311734
        },
        "AOPC - comprehensiveness": {
            "mean": 0.1405473790323328,
            "std": 0.28493749984311734
        }
    },
    "random": {
        "sufficiencies @ 1.0": {
            "mean": 0.12104859310256535,
            "std": 0.28083369889107374
        },
        "comprehensiveness @ 1.0": {
            "mean": 0.12104859310256535,
            "std": 0.28083369889107374
        },
        "AOPC - sufficiency": {
            "mean": 0.12104859310256535,
            "std": 0.28083369889107374
        },
        "AOPC - comprehensiveness": {
            "mean": 0.12104859310256535,
            "std": 0.28083369889107374
        }
    },
    "attention": {
        "sufficiencies @ 1.0": {
            "mean": 0.14023376548244737,
            "std": 0.2836511797096935
        },
        "comprehensiveness @ 1.0": {
            "mean": 0.14023376548244737,
            "std": 0.2836511797096935
        },
        "AOPC - sufficiency": {
            "mean": 0.14023376548244737,
            "std": 0.28365117970969345
        },
        "AOPC - comprehensiveness": {
            "mean": 0.14023376548244737,
            "std": 0.28365117970969345
        }
    },
    "gradients": {
        "sufficiencies @ 1.0": {
            "mean": 0.14813344059847466,
            "std": 0.2920623990141424
        },
        "comprehensiveness @ 1.0": {
            "mean": 0.14813344059847466,
            "std": 0.2920623990141424
        },
        "AOPC - sufficiency": {
            "mean": 0.14813344059847466,
            "std": 0.2920623990141424
        },
        "AOPC - comprehensiveness": {
            "mean": 0.14813344059847466,
            "std": 0.2920623990141424
        }
    },
    "scaled attention": {
        "sufficiencies @ 1.0": {
            "mean": 0.12951003669816455,
            "std": 0.2704391073783898
        },
        "comprehensiveness @ 1.0": {
            "mean": 0.12951003669816455,
            "std": 0.2704391073783898
        },
        "AOPC - sufficiency": {
            "mean": 0.12951003669816455,
            "std": 0.2704391073783898
        },
        "AOPC - comprehensiveness": {
            "mean": 0.12951003669816455,
            "std": 0.2704391073783898
        }
    }
}