,feature,Soft_sufficiency,Suff_ratio,Soft_comprehensiveness,Comp_ratio
0,random,0.8729333023401761,1.0,0.12867592516894202,1.0
1,attention,0.30933980932277,0.35436820716254724,0.08017581384122201,0.6230832514781383
2,scaled attention,0.156828286355776,0.179656665561215,0.06296131963660201,0.4893014723145641
3,gradients,0.261947343807773,0.30007715721870115,0.09080538901691301,0.705690585847292
4,ig,0.8223784476193581,0.9420862343259335,0.331896357434934,2.579319767852289
5,deeplift,0.699074037764958,0.8008332777439778,0.276146067235496,2.146058533272145
