{
    "random": {
        "sufficiencies @ 1.0": {
            "mean": 0.8432857246265523,
            "std": 0.34239490050685045
        },
        "comprehensiveness @ 1.0": {
            "mean": 0.18073818781960022,
            "std": 0.33586531002758807
        },
        "AOPC - sufficiency": {
            "mean": 0.8442002971352699,
            "std": 0.2826622479476554
        },
        "AOPC - comprehensiveness": {
            "mean": 0.24831575598742608,
            "std": 0.34075266306221114
        }
    },
    "gradients": {
        "sufficiencies @ 1.0": {
            "mean": 0.3884416182886401,
            "std": 0.4322740530949094
        },
        "comprehensiveness @ 1.0": {
            "mean": 0.20477321253661632,
            "std": 0.3532797965128814
        },
        "AOPC - sufficiency": {
            "mean": 0.4029656333372175,
            "std": 0.36360037970705444
        },
        "AOPC - comprehensiveness": {
            "mean": 0.2205165821214405,
            "std": 0.3384670402077064
        }
    },
    "ig": {
        "sufficiencies @ 1.0": {
            "mean": 0.3623213390952804,
            "std": 0.4198594217498602
        },
        "comprehensiveness @ 1.0": {
            "mean": 0.22298685019457576,
            "std": 0.374537380730288
        },
        "AOPC - sufficiency": {
            "mean": 0.367684986763972,
            "std": 0.32907377588660897
        },
        "AOPC - comprehensiveness": {
            "mean": 0.21360010355759362,
            "std": 0.33722233375635496
        }
    },
    "scaled attention": {
        "sufficiencies @ 1.0": {
            "mean": 0.2372079113852604,
            "std": 0.3842359413018322
        },
        "comprehensiveness @ 1.0": {
            "mean": 0.18800666329055585,
            "std": 0.3403145248345118
        },
        "AOPC - sufficiency": {
            "mean": 0.2646260961427917,
            "std": 0.3312721676295977
        },
        "AOPC - comprehensiveness": {
            "mean": 0.17872138163580792,
            "std": 0.31873129980385967
        }
    },
    "deeplift": {
        "sufficiencies @ 1.0": {
            "mean": 0.29261992459849906,
            "std": 0.41806213222958344
        },
        "comprehensiveness @ 1.0": {
            "mean": 0.19447863021144193,
            "std": 0.35129364122598844
        },
        "AOPC - sufficiency": {
            "mean": 0.2640843158196774,
            "std": 0.2986465759471438
        },
        "AOPC - comprehensiveness": {
            "mean": 0.19001591745248908,
            "std": 0.31992798291445546
        }
    },
    "attention": {
        "sufficiencies @ 1.0": {
            "mean": 0.3601810797200017,
            "std": 0.43566928451914844
        },
        "comprehensiveness @ 1.0": {
            "mean": 0.20450198500703012,
            "std": 0.3588914617395588
        },
        "AOPC - sufficiency": {
            "mean": 0.37631848883800095,
            "std": 0.337288822583982
        },
        "AOPC - comprehensiveness": {
            "mean": 0.20831979152614336,
            "std": 0.33899039980908063
        }
    }
}