{
    "scaled attention": {
        "sufficiency": {
            "mean": 0.15682828635577628,
            "std": 0.2538697760968262
        },
        "comprehensiveness": {
            "mean": 0.06296131963660227,
            "std": 0.22391388511548338
        },
        "AOPC - sufficiency": {
            "mean": 0.0,
            "std": 0.0
        },
        "AOPC - comprehensiveness": {
            "mean": 0.0,
            "std": 0.0
        }
    },
    "ig": {
        "sufficiency": {
            "mean": 0.8223784476193581,
            "std": 0.3313222152380036
        },
        "comprehensiveness": {
            "mean": 0.3318963574349343,
            "std": 0.4288724462629891
        },
        "AOPC - sufficiency": {
            "mean": 0.0,
            "std": 0.0
        },
        "AOPC - comprehensiveness": {
            "mean": 0.0,
            "std": 0.0
        }
    },
    "gradients": {
        "sufficiency": {
            "mean": 0.2619473438077732,
            "std": 0.3176847981722337
        },
        "comprehensiveness": {
            "mean": 0.09080538901691394,
            "std": 0.25629902605591787
        },
        "AOPC - sufficiency": {
            "mean": 0.0,
            "std": 0.0
        },
        "AOPC - comprehensiveness": {
            "mean": 0.0,
            "std": 0.0
        }
    },
    "deeplift": {
        "sufficiency": {
            "mean": 0.6990740377649584,
            "std": 0.41047454450421456
        },
        "comprehensiveness": {
            "mean": 0.27614606723549634,
            "std": 0.39841513182584337
        },
        "AOPC - sufficiency": {
            "mean": 0.0,
            "std": 0.0
        },
        "AOPC - comprehensiveness": {
            "mean": 0.0,
            "std": 0.0
        }
    },
    "random": {
        "sufficiency": {
            "mean": 0.8729333023401762,
            "std": 0.30180680986586816
        },
        "comprehensiveness": {
            "mean": 0.1286759251689421,
            "std": 0.3035460748717955
        },
        "AOPC - sufficiency": {
            "mean": 0.0,
            "std": 0.0
        },
        "AOPC - comprehensiveness": {
            "mean": 0.0,
            "std": 0.0
        }
    },
    "attention": {
        "sufficiency": {
            "mean": 0.30933980932277055,
            "std": 0.3444819941250447
        },
        "comprehensiveness": {
            "mean": 0.08017581384122249,
            "std": 0.2509372259221628
        },
        "AOPC - sufficiency": {
            "mean": 0.0,
            "std": 0.0
        },
        "AOPC - comprehensiveness": {
            "mean": 0.0,
            "std": 0.0
        }
    }
}