{
    "deeplift": {
        "sufficiencies @ 0.01": {
            "mean": 0.5144251007652088,
            "std": 0.4857307393996352
        },
        "comprehensiveness @ 0.01": {
            "mean": 0.020998020044082744,
            "std": 0.10195923003151015
        },
        "sufficiencies @ 0.02": {
            "mean": 0.5144271433680536,
            "std": 0.48573233498613766
        },
        "comprehensiveness @ 0.02": {
            "mean": 0.020993824258065903,
            "std": 0.1019486947543169
        },
        "sufficiencies @ 0.05": {
            "mean": 0.5137947580495474,
            "std": 0.48517970175653624
        },
        "comprehensiveness @ 0.05": {
            "mean": 0.0663933584550231,
            "std": 0.21008161308241735
        },
        "sufficiencies @ 0.1": {
            "mean": 0.5123758144180649,
            "std": 0.4813916988296778
        },
        "comprehensiveness @ 0.1": {
            "mean": 0.11995401116970038,
            "std": 0.2799781302378003
        },
        "sufficiencies @ 0.2": {
            "mean": 0.5198175553252735,
            "std": 0.46729280798254985
        },
        "comprehensiveness @ 0.2": {
            "mean": 0.18941634534417773,
            "std": 0.34795430412442585
        },
        "sufficiencies @ 0.5": {
            "mean": 0.6974305153445823,
            "std": 0.40902291641505556
        },
        "comprehensiveness @ 0.5": {
            "mean": 0.37088200107626074,
            "std": 0.4309980179879115
        },
        "sufficiencies @ 1.0": {
            "mean": 0.9999996528791303,
            "std": 6.631113973667326e-06
        },
        "comprehensiveness @ 1.0": {
            "mean": 0.48113766269160807,
            "std": 0.48899942305984395
        },
        "AOPC - sufficiency": {
            "mean": 0.6103243628785515,
            "std": 0.3675698975342324
        },
        "AOPC - comprehensiveness": {
            "mean": 0.18139646043413124,
            "std": 0.18557615586557766
        }
    },
    "ig": {
        "sufficiencies @ 0.01": {
            "mean": 0.5227273982503954,
            "std": 0.48729691555800103
        },
        "comprehensiveness @ 0.01": {
            "mean": 0.1536790531982803,
            "std": 0.32867433969078286
        },
        "sufficiencies @ 0.02": {
            "mean": 0.5227318799138391,
            "std": 0.4872970333134342
        },
        "comprehensiveness @ 0.02": {
            "mean": 0.1536609336645875,
            "std": 0.32865389084214064
        },
        "sufficiencies @ 0.05": {
            "mean": 0.5235487826071396,
            "std": 0.4872203037766416
        },
        "comprehensiveness @ 0.05": {
            "mean": 0.19620703540221232,
            "std": 0.36233002213412907
        },
        "sufficiencies @ 0.1": {
            "mean": 0.5393904014451695,
            "std": 0.4812617255742385
        },
        "comprehensiveness @ 0.1": {
            "mean": 0.2684036833326992,
            "std": 0.3995475519038768
        },
        "sufficiencies @ 0.2": {
            "mean": 0.6554120586251696,
            "std": 0.4444144728505903
        },
        "comprehensiveness @ 0.2": {
            "mean": 0.4020057988519769,
            "std": 0.4372616803733113
        },
        "sufficiencies @ 0.5": {
            "mean": 0.899020542824107,
            "std": 0.26995486783919576
        },
        "comprehensiveness @ 0.5": {
            "mean": 0.629775544678898,
            "std": 0.4276779542217101
        },
        "sufficiencies @ 1.0": {
            "mean": 0.9999998192579926,
            "std": 3.331933337989027e-06
        },
        "comprehensiveness @ 1.0": {
            "mean": 0.4811275648168567,
            "std": 0.48900835573533075
        },
        "AOPC - sufficiency": {
            "mean": 0.6661186975605446,
            "std": 0.34000981565502764
        },
        "AOPC - comprehensiveness": {
            "mean": 0.3264085162779301,
            "std": 0.29883740913202234
        }
    },
    "attention": {
        "sufficiencies @ 0.01": {
            "mean": 0.5188738762277879,
            "std": 0.4890096305395247
        },
        "comprehensiveness @ 0.01": {
            "mean": 1.6953286842337347e-07,
            "std": 3.111919766938394e-06
        },
        "sufficiencies @ 0.02": {
            "mean": 0.518875316895655,
            "std": 0.48901090502101136
        },
        "comprehensiveness @ 0.02": {
            "mean": 1.5970427199799898e-07,
            "std": 2.91937369315364e-06
        },
        "sufficiencies @ 0.05": {
            "mean": 0.5201183031357116,
            "std": 0.4901721042566617
        },
        "comprehensiveness @ 0.05": {
            "mean": 0.07980946884129453,
            "std": 0.23930412921584734
        },
        "sufficiencies @ 0.1": {
            "mean": 0.5204475554125583,
            "std": 0.4903543821897064
        },
        "comprehensiveness @ 0.1": {
            "mean": 0.17466603290500834,
            "std": 0.3349712769278086
        },
        "sufficiencies @ 0.2": {
            "mean": 0.534634384399557,
            "std": 0.4848764561716813
        },
        "comprehensiveness @ 0.2": {
            "mean": 0.29233318166663774,
            "std": 0.4009273761409637
        },
        "sufficiencies @ 0.5": {
            "mean": 0.7697300923517371,
            "std": 0.3850108526636474
        },
        "comprehensiveness @ 0.5": {
            "mean": 0.4473279371598452,
            "std": 0.434610598710885
        },
        "sufficiencies @ 1.0": {
            "mean": 0.9999998755935573,
            "std": 2.2312785848235358e-06
        },
        "comprehensiveness @ 1.0": {
            "mean": 0.4811174854114882,
            "std": 0.4890172725921343
        },
        "AOPC - sufficiency": {
            "mean": 0.626097057716652,
            "std": 0.3770555270538559
        },
        "AOPC - comprehensiveness": {
            "mean": 0.21075063360305923,
            "std": 0.17554388833300785
        }
    },
    "scaled attention": {
        "sufficiencies @ 0.01": {
            "mean": 0.5188839529988233,
            "std": 0.48901854513995496
        },
        "comprehensiveness @ 0.01": {
            "mean": 1.1924095911147016e-07,
            "std": 2.131108109355856e-06
        },
        "sufficiencies @ 0.02": {
            "mean": 0.5188853910333932,
            "std": 0.489019817365927
        },
        "comprehensiveness @ 0.02": {
            "mean": 1.1451626006906412e-07,
            "std": 2.0396219779934154e-06
        },
        "sufficiencies @ 0.05": {
            "mean": 0.5201149455593987,
            "std": 0.4901684040441926
        },
        "comprehensiveness @ 0.05": {
            "mean": 0.08089575018921581,
            "std": 0.24039844419497133
        },
        "sufficiencies @ 0.1": {
            "mean": 0.5203682919064009,
            "std": 0.49028740892942885
        },
        "comprehensiveness @ 0.1": {
            "mean": 0.17456606958739385,
            "std": 0.3335007853591561
        },
        "sufficiencies @ 0.2": {
            "mean": 0.5341449006436008,
            "std": 0.48485641607379676
        },
        "comprehensiveness @ 0.2": {
            "mean": 0.29224902693772375,
            "std": 0.40119581639297
        },
        "sufficiencies @ 0.5": {
            "mean": 0.77059298583318,
            "std": 0.384569638864316
        },
        "comprehensiveness @ 0.5": {
            "mean": 0.44820425581325485,
            "std": 0.4355743129426226
        },
        "sufficiencies @ 1.0": {
            "mean": 0.9999999041339254,
            "std": 1.6799085340848209e-06
        },
        "comprehensiveness @ 1.0": {
            "mean": 0.4811074244247169,
            "std": 0.489026173672337
        },
        "AOPC - sufficiency": {
            "mean": 0.6261414817298174,
            "std": 0.3770925523924094
        },