{
    "fixed": {
        "gradients": {
            "f1 score - model labels": 76.792,
            "f1 score - actual labels": 70.792,
            "sufficiency": {
                "mean": 0.5488619738675576,
                "std": 0.44416101666923113
            },
            "comprehensiveness": {
                "mean": 0.3015063299774306,
                "std": 0.42839450472540264
            }
        },
        "ig-gradients": {
            "f1 score - model labels": 70.195,
            "f1 score - actual labels": 65.964,
            "sufficiency": {
                "mean": 0.6330761622980289,
                "std": 0.4273854364550773
            },
            "comprehensiveness": {
                "mean": 0.37629334363630024,
                "std": 0.44912071910277024
            }
        },
        "ig-deeplift-gradients": {
            "f1 score - model labels": 68.739,
            "f1 score - actual labels": 65.898,
            "sufficiency": {
                "mean": 0.6460781564496251,
                "std": 0.42674162443500585
            },
            "comprehensiveness": {
                "mean": 0.39780945610214835,
                "std": 0.4543901075185129
            }
        },
        "attention-ig-deeplift-gradients": {
            "f1 score - model labels": 57.891,
            "f1 score - actual labels": 57.929,
            "sufficiency": {
                "mean": 0.7879985071071941,
                "std": 0.34610450337532067
            },
            "comprehensiveness": {
                "mean": 0.522120182938094,
                "std": 0.4566944567021472
            }
        },
        "ig-scaled attention-attention-deeplift-gradients": {
            "f1 score - model labels": 51.106,
            "f1 score - actual labels": 52.394,
            "sufficiency": {
                "mean": 0.8257536464344917,
                "std": 0.3161048233149476
            },
            "comprehensiveness": {
                "mean": 0.5862417429578778,
                "std": 0.44740126888446946
            }
        },
        "ig-scaled attention-lime-attention-deeplift-gradients": {
            "f1 score - model labels": 50.34,
            "f1 score - actual labels": 52.59,
            "sufficiency": {
                "mean": 0.8211474944604561,
                "std": 0.31998497374598794
            },
            "comprehensiveness": {
                "mean": 0.590646079675763,
                "std": 0.4478716040085434
            }
        }
    },
    "variable": {
        "gradients": {
            "f1 score - model labels": 60.835,
            "f1 score - actual labels": 59.744,
            "sufficiency": {
                "mean": 0.537186174923166,
                "std": 0.4331724313197412
            },
            "comprehensiveness": {
                "mean": 0.4633325933437744,
                "std": 0.4606007011602202
            }
        },
        "ig-gradients": {
            "f1 score - model labels": 53.982,
            "f1 score - actual labels": 54.505,
            "sufficiency": {
                "mean": 0.6052077300464993,
                "std": 0.42330023076783546
            },
            "comprehensiveness": {
                "mean": 0.5349116045012023,
                "std": 0.4573427708117924
            }
        },
        "ig-deeplift-gradients": {
            "f1 score - model labels": 51.37,
            "f1 score - actual labels": 53.403,
            "sufficiency": {
                "mean": 0.6298883333226614,
                "std": 0.4183444988686892
            },
            "comprehensiveness": {
                "mean": 0.5611916049346191,
                "std": 0.45418599486387695
            }
        },
        "attention-ig-deeplift-gradients": {
            "f1 score - model labels": 39.362,
            "f1 score - actual labels": 43.946,
            "sufficiency": {
                "mean": 0.6610525610746764,
                "std": 0.40686508315582004
            },
            "comprehensiveness": {
                "mean": 0.6735687253818873,
                "std": 0.42112824004159766
            }
        },
        "ig-scaled attention-attention-deeplift-gradients": {
            "f1 score - model labels": 37.207,
            "f1 score - actual labels": 42.274,
            "sufficiency": {
                "mean": 0.6799638492123147,
                "std": 0.39790791746485515
            },
            "comprehensiveness": {
                "mean": 0.6953540998465744,
                "std": 0.41234088169433053
            }
        },
        "ig-scaled attention-lime-attention-deeplift-gradients": {
            "f1 score - model labels": 37.029,
            "f1 score - actual labels": 42.812,
            "sufficiency": {
                "mean": 0.6806976252057615,
                "std": 0.398885180955825
            },
            "comprehensiveness": {
                "mean": 0.6974472605448682,
                "std": 0.41211456511318273
            }
        }
    }
}