{
    "fixed-deeplift": {
        "comprehensiveness": {
            "mean": 0.20660057347718944,
            "std": 0.37173477275943445
        },
        "sufficiency": {
            "mean": 0.08787374562523954,
            "std": 0.17640694997470563
        }
    },
    "fixed-lime": {
        "comprehensiveness": {
            "mean": 0.2838691478181642,
            "std": 0.4335001362096138
        },
        "sufficiency": {
            "mean": 0.10770568669768872,
            "std": 0.21418555198983
        }
    },
    "fixed-attention": {
        "comprehensiveness": {
            "mean": 0.597682832421589,
            "std": 0.4311974939597245
        },
        "sufficiency": {
            "mean": 0.4207840942952912,
            "std": 0.41829042451836346
        }
    },
    "fixed-ig": {
        "comprehensiveness": {
            "mean": 0.3460357760701507,
            "std": 0.43301085665175976
        },
        "sufficiency": {
            "mean": 0.13416380552154264,
            "std": 0.24654346245716457
        }
    },
    "fixed-gradients": {
        "comprehensiveness": {
            "mean": 0.26014160584022233,
            "std": 0.41268564302526783
        },
        "sufficiency": {
            "mean": 0.13400391626000038,
            "std": 0.2411206629601672
        }
    },
    "fixed-scaled attention": {
        "comprehensiveness": {
            "mean": 0.8164253740500637,
            "std": 0.3350576337705719
        },
        "sufficiency": {
            "mean": 0.40672184824182545,
            "std": 0.40748549529624095
        }
    },
    "fixed-random": {
        "comprehensiveness": {
            "mean": 0.12469262289346061,
            "std": 0.29841368120175304
        },
        "sufficiency": {
            "mean": 0.10305398946293706,
            "std": 0.20274678720392791
        }
    },
    "fixed-fixed-len_var-feat": {
        "comprehensiveness": {
            "mean": 0.835475852732051,
            "std": 0.3206382305954397
        },
        "sufficiency": {
            "mean": 0.3757217597793849,
            "std": 0.39999868269004185
        }
    },
    "fixed-fixed-len_var-feat_var-type": {
        "comprehensiveness": {
            "mean": 0.8468210942616375,
            "std": 0.31390238009743066
        },
        "sufficiency": {
            "mean": 0.49066451410368106,
            "std": 0.4247401380458593
        }
    },
    "var-deeplift": {
        "comprehensiveness": {
            "mean": 0.2242205110002692,
            "std": 0.3802821833218062
        },
        "sufficiency": {
            "mean": 0.08538695280041889,
            "std": 0.1723132896015669
        }
    },
    "var-lime": {
        "comprehensiveness": {
            "mean": 0.3121128445095352,
            "std": 0.44775552339866886
        },
        "sufficiency": {
            "mean": 0.09658422938048328,
            "std": 0.1898689034897106
        }
    },
    "var-attention": {
        "comprehensiveness": {
            "mean": 0.7534192302482127,
            "std": 0.3779755579735919
        },
        "sufficiency": {
            "mean": 0.30764788732529014,
            "std": 0.37001238809735865
        }
    },
    "var-ig": {
        "comprehensiveness": {
            "mean": 0.4097780132135846,
            "std": 0.4559257227576304
        },
        "sufficiency": {
            "mean": 0.11604442467839166,
            "std": 0.21554438012734856
        }
    },
    "var-gradients": {
        "comprehensiveness": {
            "mean": 0.32017239294349276,
            "std": 0.43709670898362474
        },
        "sufficiency": {
            "mean": 0.1267758221289986,
            "std": 0.2235045018268424
        }
    },
    "var-scaled attention": {
        "comprehensiveness": {
            "mean": 0.8525121102936032,
            "std": 0.3075655744568335
        },
        "sufficiency": {
            "mean": 0.3303984364833205,
            "std": 0.3662580961346986
        }
    },
    "var-random": {
        "comprehensiveness": {
            "mean": 0.1332481439314291,
            "std": 0.30762073580438465
        },
        "sufficiency": {
            "mean": 0.0997017278757659,
            "std": 0.19073941661096303
        }
    },
    "var-var-len_var-feat": {
        "comprehensiveness": {
            "mean": 0.8694154782906959,
            "std": 0.29038912654407484
        },
        "sufficiency": {
            "mean": 0.3409603815461095,
            "std": 0.37844012649645153
        }
    },
    "var-var-len_var-feat_var-type": {
        "comprehensiveness": {
            "mean": 0.8803563822872327,
            "std": 0.2774666519685234
        },
        "sufficiency": {
            "mean": 0.46298130560286443,
            "std": 0.4121824051924684
        }
    }
}