{
    "variable": {
        "gradients": {
            "f1 score - model labels": 75.679,
            "f1 score - actual labels": 66.891,
            "sufficiency": {
                "mean": 0.1046155689960061,
                "std": 0.20991808107687504
            },
            "comprehensiveness": {
                "mean": 0.30811582115932323,
                "std": 0.42721371991707885
            }
        },
        "gradients-ig": {
            "f1 score - model labels": 62.348,
            "f1 score - actual labels": 60.313,
            "sufficiency": {
                "mean": 0.12295754990922837,
                "std": 0.2284753293078468
            },
            "comprehensiveness": {
                "mean": 0.4498023504282249,
                "std": 0.4573425654013764
            }
        },
        "deeplift-gradients-ig": {
            "f1 score - model labels": 60.209,
            "f1 score - actual labels": 58.938,
            "sufficiency": {
                "mean": 0.11952504335289026,
                "std": 0.22966523491956406
            },
            "comprehensiveness": {
                "mean": 0.4714680304274376,
                "std": 0.4556304490100951
            }
        },
        "deeplift-attention-gradients-ig": {
            "f1 score - model labels": 38.328,
            "f1 score - actual labels": 43.303,
            "sufficiency": {
                "mean": 0.2969758779577306,
                "std": 0.3802356262376719
            },
            "comprehensiveness": {
                "mean": 0.6696738980236913,
                "std": 0.4205939738944447
            }
        },
        "attention-deeplift-scaled attention-gradients-ig": {
            "f1 score - model labels": 24.238,
            "f1 score - actual labels": 33.514,
            "sufficiency": {
                "mean": 0.37002459627425804,
                "std": 0.38802897416375776
            },
            "comprehensiveness": {
                "mean": 0.8094584095452471,
                "std": 0.33979738122337944
            }
        },
        "attention-deeplift-lime-scaled attention-gradients-ig": {
            "f1 score - model labels": 24.054,
            "f1 score - actual labels": 33.341,
            "sufficiency": {
                "mean": 0.3670264104291467,
                "std": 0.3872493481879262
            },
            "comprehensiveness": {
                "mean": 0.8108165298404048,
                "std": 0.33922079652657844
            }
        }
    },
    "fixed": {
        "gradients": {
            "f1 score - model labels": 79.254,
            "f1 score - actual labels": 70.295,
            "sufficiency": {
                "mean": 0.13051950760612574,
                "std": 0.24884239309318815
            },
            "comprehensiveness": {
                "mean": 0.26458278866860685,
                "std": 0.40208943853830303
            }
        },
        "gradients-ig": {
            "f1 score - model labels": 65.375,
            "f1 score - actual labels": 62.514,
            "sufficiency": {
                "mean": 0.1533375782206551,
                "std": 0.2642494740183034
            },
            "comprehensiveness": {
                "mean": 0.4279840262246024,
                "std": 0.45166567889166853
            }
        },
        "deeplift-gradients-ig": {
            "f1 score - model labels": 62.642,
            "f1 score - actual labels": 60.042,
            "sufficiency": {
                "mean": 0.13905393229312418,
                "std": 0.2559549520130917
            },
            "comprehensiveness": {
                "mean": 0.4598530540671921,
                "std": 0.45175153132452184
            }
        },
        "deeplift-attention-gradients-ig": {
            "f1 score - model labels": 44.127,
            "f1 score - actual labels": 47.142,
            "sufficiency": {
                "mean": 0.3230464669545957,
                "std": 0.38741969310262825
            },
            "comprehensiveness": {
                "mean": 0.638978346698885,
                "std": 0.42355407753064545
            }
        },
        "attention-deeplift-scaled attention-gradients-ig": {
            "f1 score - model labels": 29.312,
            "f1 score - actual labels": 37.221,
            "sufficiency": {
                "mean": 0.38569862934463245,
                "std": 0.39569115116530623
            },
            "comprehensiveness": {
                "mean": 0.8022814182259026,
                "std": 0.3351984961050885
            }
        },
        "attention-deeplift-lime-scaled attention-gradients-ig": {
            "f1 score - model labels": 28.186,
            "f1 score - actual labels": 36.167,
            "sufficiency": {
                "mean": 0.3805984385799901,
                "std": 0.39468332142365276
            },
            "comprehensiveness": {
                "mean": 0.8073239468788315,
                "std": 0.3335555509289096
            }
        }
    }
}