,15,5,10,25,20,mean-f1,std-f1,mean-ece,std-ece
model,/jmain02/home/J2AD003/txk58/zxz22-txk58/BP-rationales/BP-rationales/trained_models/sst_conti/bert15.pt,/jmain02/home/J2AD003/txk58/zxz22-txk58/BP-rationales/BP-rationales/trained_models/sst_conti/bert5.pt,/jmain02/home/J2AD003/txk58/zxz22-txk58/BP-rationales/BP-rationales/trained_models/sst_conti/bert10.pt,/jmain02/home/J2AD003/txk58/zxz22-txk58/BP-rationales/BP-rationales/trained_models/sst_conti/bert25.pt,/jmain02/home/J2AD003/txk58/zxz22-txk58/BP-rationales/BP-rationales/trained_models/sst_conti/bert20.pt,0.10469891649603036,0.01715080637022044,0.07210972306166685,0.03790509150515525
f1,0.09567459028240394,0.11121640785060033,0.12770467440480174,0.07702150588757349,0.11187740405477231,0.10469891649603036,0.01715080637022044,0.07210972306166685,0.03790509150515525
loss,13.163521482233415,13.388622685482627,13.322859019563909,13.382545546481484,13.2825172240274,0.10469891649603036,0.01715080637022044,0.07210972306166685,0.03790509150515525
ece-score,0.05557520146686779,0.07140790738619532,0.040613315365328875,0.1451106149046582,0.047841576185284035,0.10469891649603036,0.01715080637022044,0.07210972306166685,0.03790509150515525
