{
    "15": {
        "model": "/jmain02/home/J2AD003/txk58/zxz22-txk58/BP-rationales/BP-rationales/trained_models/sst_conti/bert15.pt",
        "f1": 0.09567459028240394,
        "loss": 13.163521482233415,
        "ece-score": 0.05557520146686779
    },
    "5": {
        "model": "/jmain02/home/J2AD003/txk58/zxz22-txk58/BP-rationales/BP-rationales/trained_models/sst_conti/bert5.pt",
        "f1": 0.11121640785060033,
        "loss": 13.388622685482627,
        "ece-score": 0.07140790738619532
    },
    "10": {
        "model": "/jmain02/home/J2AD003/txk58/zxz22-txk58/BP-rationales/BP-rationales/trained_models/sst_conti/bert10.pt",
        "f1": 0.12770467440480174,
        "loss": 13.322859019563909,
        "ece-score": 0.040613315365328875
    },
    "25": {
        "model": "/jmain02/home/J2AD003/txk58/zxz22-txk58/BP-rationales/BP-rationales/trained_models/sst_conti/bert25.pt",
        "f1": 0.07702150588757349,
        "loss": 13.382545546481484,
        "ece-score": 0.1451106149046582
    },
    "20": {
        "model": "/jmain02/home/J2AD003/txk58/zxz22-txk58/BP-rationales/BP-rationales/trained_models/sst_conti/bert20.pt",
        "f1": 0.11187740405477231,
        "loss": 13.2825172240274,
        "ece-score": 0.047841576185284035
    },
    "mean-f1": 0.10469891649603036,
    "std-f1": 0.01715080637022044,
    "mean-ece": 0.07210972306166685,
    "std-ece": 0.03790509150515525
}