,0,1,2,3,4,5,accuracy,macro avg,weighted avg,epoch,point,dev_loss,model-name
precision,0.5387323943661971,0.5,0.4192139737991266,0.6713780918727915,0.5294117647058824,0.0,0.5547222222222222,0.44312270412399957,0.5279081710610279,2,0,9.594016050232781,/jmain02/home/J2AD003/txk58/zxz22-txk58/BP-rationales/BP-rationales/trained_models/agnews_conti/bert15.pt
recall,0.8143712574850299,0.007352941176470588,0.3248730964467005,0.8154506437768241,0.0200445434298441,0.0,0.5547222222222222,0.3303487470524782,0.5547222222222222,2,0,9.594016050232781,/jmain02/home/J2AD003/txk58/zxz22-txk58/BP-rationales/BP-rationales/trained_models/agnews_conti/bert15.pt
f1-score,0.648476821192053,0.014492753623188406,0.36606291706387034,0.7364341085271319,0.03862660944206009,0.0,0.5547222222222222,0.30068220164138393,0.47973796242273903,2,0,9.594016050232781,/jmain02/home/J2AD003/txk58/zxz22-txk58/BP-rationales/BP-rationales/trained_models/agnews_conti/bert15.pt
support,1503.0,272.0,591.0,699.0,449.0,86.0,0.5547222222222222,3600.0,3600.0,2,0,9.594016050232781,/jmain02/home/J2AD003/txk58/zxz22-txk58/BP-rationales/BP-rationales/trained_models/agnews_conti/bert15.pt
