,0,1,2,3,4,5,accuracy,macro avg,weighted avg,epoch,point,dev_loss,model-name
precision,0.5888767720828789,0.24444444444444444,0.41245136186770426,0.6578947368421053,0.2975609756097561,0.0,0.5516666666666666,0.3668713818078148,0.4968896475818559,2,600,9.73057570139567,/jmain02/home/J2AD003/txk58/zxz22-txk58/BP-rationales/BP-rationales/trained_models/agnews_conti/bert5.pt
recall,0.718562874251497,0.1213235294117647,0.3587140439932318,0.8583690987124464,0.1358574610244989,0.0,0.5516666666666666,0.36547116789890643,0.5516666666666666,2,600,9.73057570139567,/jmain02/home/J2AD003/txk58/zxz22-txk58/BP-rationales/BP-rationales/trained_models/agnews_conti/bert5.pt
f1-score,0.6472879832184597,0.16216216216216217,0.383710407239819,0.74487895716946,0.18654434250764526,0.0,0.5516666666666666,0.3540973087162577,0.5133843328921033,2,600,9.73057570139567,/jmain02/home/J2AD003/txk58/zxz22-txk58/BP-rationales/BP-rationales/trained_models/agnews_conti/bert5.pt
support,1503.0,272.0,591.0,699.0,449.0,86.0,0.5516666666666666,3600.0,3600.0,2,600,9.73057570139567,/jmain02/home/J2AD003/txk58/zxz22-txk58/BP-rationales/BP-rationales/trained_models/agnews_conti/bert5.pt
