,0,1,2,3,4,5,accuracy,macro avg,weighted avg,epoch,point,dev_loss,model-name
precision,0.5044776119402985,1.0,0.5806451612903226,0.6686967113276492,0.25,0.0,0.5408333333333334,0.5006365807597116,0.542516706190799,2,0,9.653068269093831,/jmain02/home/J2AD003/txk58/zxz22-txk58/BP-rationales/BP-rationales/trained_models/agnews_conti/bert10.pt
recall,0.8995342648037259,0.003676470588235294,0.06091370558375635,0.7854077253218884,0.0200445434298441,0.0,0.5408333333333334,0.2949294516212417,0.5408333333333334,2,0,9.653068269093831,/jmain02/home/J2AD003/txk58/zxz22-txk58/BP-rationales/BP-rationales/trained_models/agnews_conti/bert10.pt
f1-score,0.6464260100406406,0.007326007326007326,0.110260336906585,0.7223684210526317,0.03711340206185568,0.0,0.5408333333333334,0.2539156962312867,0.4334261861214198,2,0,9.653068269093831,/jmain02/home/J2AD003/txk58/zxz22-txk58/BP-rationales/BP-rationales/trained_models/agnews_conti/bert10.pt
support,1503.0,272.0,591.0,699.0,449.0,86.0,0.5408333333333334,3600.0,3600.0,2,0,9.653068269093831,/jmain02/home/J2AD003/txk58/zxz22-txk58/BP-rationales/BP-rationales/trained_models/agnews_conti/bert10.pt
