,0,1,2,3,4,5,accuracy,macro avg,weighted avg
precision,0.12694578636607623,0.08050847457627118,0.09030837004405286,0.1510048886474742,0.020689655172413793,0.0,0.1186842105263158,0.07824286246771471,0.11154463000398772
recall,0.3641262509622787,0.013629842180774749,0.13561190738699008,0.08660436137071652,0.046875,0.0,0.1186842105263158,0.10780789365012666,0.1186842105263158
f1-score,0.1882587064676617,0.023312883435582823,0.10841780520052888,0.11007721243318154,0.028708133971291867,0.0,0.1186842105263158,0.07646245691804114,0.09661065554744415
support,1299.0,1394.0,907.0,3210.0,192.0,598.0,0.1186842105263158,7600.0,7600.0
