,0,1,2,3,4,5,accuracy,macro avg,weighted avg
precision,0.14778632300976927,0.36363636363636365,0.07866273352999016,0.13927738927738928,0.022222222222222223,0.0,0.1361842105263158,0.12526417194595577,0.16073390921810113
recall,0.5473441108545035,0.0028694404591104736,0.08820286659316427,0.07445482866043614,0.005208333333333333,0.0,0.1361842105263158,0.11967992998342464,0.1361842105263158
f1-score,0.23273322422258594,0.0056939501779359435,0.08316008316008315,0.09703613479496549,0.008438818565400845,0.0,0.1361842105263158,0.07117703515349523,0.0919460876441807
support,1299.0,1394.0,907.0,3210.0,192.0,598.0,0.1361842105263158,7600.0,7600.0
