,0,1,2,3,4,5,accuracy,macro avg,weighted avg,epoch,point,dev_loss,model-name
precision,0.5980941704035875,0.22549019607843138,0.4098360655737705,0.6571113561190739,0.30456852791878175,0.0,0.5544444444444444,0.36585005268227416,0.499598359212997,2,600,9.629575054380629,/jmain02/home/J2AD003/txk58/zxz22-txk58/BP-rationales/BP-rationales/trained_models/agnews_conti/bert25.pt
recall,0.709913506320692,0.08455882352941177,0.4230118443316413,0.8526466380543634,0.133630289532294,0.0,0.5544444444444444,0.3672935169614004,0.5544444444444444,2,600,9.629575054380629,/jmain02/home/J2AD003/txk58/zxz22-txk58/BP-rationales/BP-rationales/trained_models/agnews_conti/bert25.pt
f1-score,0.6492242166108914,0.12299465240641712,0.4163197335553705,0.7422166874221668,0.18575851393188855,0.0,0.5544444444444444,0.35275230065445573,0.5159718174487365,2,600,9.629575054380629,/jmain02/home/J2AD003/txk58/zxz22-txk58/BP-rationales/BP-rationales/trained_models/agnews_conti/bert25.pt
support,1503.0,272.0,591.0,699.0,449.0,86.0,0.5544444444444444,3600.0,3600.0,2,600,9.629575054380629,/jmain02/home/J2AD003/txk58/zxz22-txk58/BP-rationales/BP-rationales/trained_models/agnews_conti/bert25.pt
