{
    "ece": 0.05002444436675624,
    "refinement": 0.0592986071743843,
    "bins": {
        "1": {
            "acc": 0.0,
            "conf": 0.0
        },
        "2": {
            "acc": 0.0,
            "conf": 0.0
        },
        "3": {
            "acc": 0.0,
            "conf": 0.0
        },
        "4": {
            "acc": 0.167,
            "conf": 0.382999986410141
        },
        "5": {
            "acc": 0.5,
            "conf": 0.453000009059906
        },
        "6": {
            "acc": 0.444,
            "conf": 0.5550000071525574
        },
        "7": {
            "acc": 0.5,
            "conf": 0.6480000019073486
        },
        "8": {
            "acc": 0.602,
            "conf": 0.7540000081062317
        },
        "9": {
            "acc": 0.623,
            "conf": 0.8579999804496765
        },
        "10": {
            "acc": 0.95,
            "conf": 0.9919999837875366
        }
    }
}