,10,5,15,mean-f1,std-f1,mean-ece,std-ece
model,/jmain01/home/JAD009/txk20/gxc78-txk20/variable_rationale_2021/trained_models/agnews/bert10.pt,/jmain01/home/JAD009/txk20/gxc78-txk20/variable_rationale_2021/trained_models/agnews/bert5.pt,/jmain01/home/JAD009/txk20/gxc78-txk20/variable_rationale_2021/trained_models/agnews/bert15.pt,0.9291768474697344,0.002723842419216593,0.04920149522000237,0.002954080267929145
f1,0.9326626617731878,0.9288537291292274,0.9260141515067878,0.9291768474697344,0.002723842419216593,0.04920149522000237,0.002954080267929145
loss,2.4641109268288863,2.2007825348251746,2.315677666036706,0.9291768474697344,0.002723842419216593,0.04920149522000237,0.002954080267929145
ece-score,0.05233712529273406,0.04524291600051683,0.05002444436675624,0.9291768474697344,0.002723842419216593,0.04920149522000237,0.002954080267929145
