,20,25,5,10,15,mean-f1,std-f1,mean-ece,std-ece
model,/home/cass/PycharmProjects/BP-rationales/trained_models/agnews/bert20.pt,/home/cass/PycharmProjects/BP-rationales/trained_models/agnews/bert25.pt,/home/cass/PycharmProjects/BP-rationales/trained_models/agnews/bert5.pt,/home/cass/PycharmProjects/BP-rationales/trained_models/agnews/bert10.pt,/home/cass/PycharmProjects/BP-rationales/trained_models/agnews/bert15.pt,0.9357300634477378,0.0009849374535766359,0.03862120704901845,0.0029088995111429643
f1,0.9360990447277043,0.9356460576982278,0.9364582685937032,0.9365769417109777,0.9338700045080762,0.9357300634477378,0.0009849374535766359,0.03862120704901845,0.0029088995111429643
loss,1.820648213812199,1.7450153077442787,1.844503608165603,1.818369750212878,1.9543386598558803,0.9357300634477378,0.0009849374535766359,0.03862120704901845,0.0029088995111429643
ece-score,0.03809196082777094,0.03362412617394797,0.04008870171873197,0.0388248409566126,0.042476405568028765,0.9357300634477378,0.0009849374535766359,0.03862120704901845,0.0029088995111429643
