,10,5,15,mean-f1,std-f1,mean-ece,std-ece
model,/jmain01/home/JAD009/txk20/gxc78-txk20/variable_rationale_2021/trained_models/agnews/bert10.pt,/jmain01/home/JAD009/txk20/gxc78-txk20/variable_rationale_2021/trained_models/agnews/bert5.pt,/jmain01/home/JAD009/txk20/gxc78-txk20/variable_rationale_2021/trained_models/agnews/bert15.pt,0.9345523213022403,0.001883309730098053,0.04310198728191222,0.0030441734296559678
f1,0.937110363288501,0.9326309614525718,0.933915639165648,0.9345523213022403,0.001883309730098053,0.04310198728191222,0.0030441734296559678
loss,1.8629698675557187,2.109271127926676,1.9722755311664781,0.9345523213022403,0.001883309730098053,0.04310198728191222,0.0030441734296559678
ece-score,0.0398303981752772,0.04716121253214379,0.042314351138315665,0.9345523213022403,0.001883309730098053,0.04310198728191222,0.0030441734296559678
