,15,5,10,25,20,mean-f1,std-f1,mean-ece,std-ece
model,/jmain02/home/J2AD003/txk58/zxz22-txk58/BP-rationales/BP-rationales/trained_models/agnews/bert15.pt,/jmain02/home/J2AD003/txk58/zxz22-txk58/BP-rationales/BP-rationales/trained_models/agnews/bert5.pt,/jmain02/home/J2AD003/txk58/zxz22-txk58/BP-rationales/BP-rationales/trained_models/agnews/bert10.pt,/jmain02/home/J2AD003/txk58/zxz22-txk58/BP-rationales/BP-rationales/trained_models/agnews/bert25.pt,/jmain02/home/J2AD003/txk58/zxz22-txk58/BP-rationales/BP-rationales/trained_models/agnews/bert20.pt,0.9352207292155581,0.0011251611484402897,0.03995198939740656,0.004412068274757103
f1,0.9338700045080762,0.9339115974328043,0.9365769417109777,0.9356460576982278,0.9360990447277043,0.9352207292155581,0.0011251611484402897,0.03995198939740656,0.004412068274757103
loss,1.9543051904126219,2.082239923414431,1.8183075611842305,1.7450320688046908,1.8206149962073879,0.9352207292155581,0.0011251611484402897,0.03995198939740656,0.004412068274757103
ece-score,0.04247656044599259,0.04674614098903375,0.03882397514424823,0.03362263549707436,0.038090634910683846,0.9352207292155581,0.0011251611484402897,0.03995198939740656,0.004412068274757103
