,0,1,2,3,4,5,accuracy,macro avg,weighted avg
precision,0.2704507512520868,0.16853932584269662,0.23979057591623038,0.0,0.0,0.0,0.23942888522789676,0.11313010883516898,0.1654087694591578
recall,0.39705882352941174,0.09414225941422594,0.49782608695652175,0.0,0.0,0.0,0.23942888522789676,0.16483786165002656,0.23942888522789676
f1-score,0.3217477656405163,0.12080536912751678,0.32367491166077744,0.0,0.0,0.0,0.23942888522789676,0.12770467440480174,0.18556206160804026
support,408.0,478.0,460.0,286.0,171.0,18.0,0.23942888522789676,1821.0,1821.0
