,0,1,2,3,4,5,accuracy,macro avg,weighted avg
precision,0.26955602536997886,0.0,0.22171428571428572,0.0,0.0,0.0,0.24656781987918727,0.08187838518071076,0.11640166379984777
recall,0.625,0.0,0.4217391304347826,0.0,0.0,0.0,0.24656781987918727,0.17445652173913043,0.24656781987918727
f1-score,0.3766617429837518,0.0,0.29063670411985015,0.0,0.0,0.0,0.24656781987918727,0.11121640785060033,0.1578093767339384
support,408.0,478.0,460.0,286.0,171.0,18.0,0.24656781987918727,1821.0,1821.0
