,0,1,2,3,4,5,accuracy,macro avg,weighted avg,epoch,point,dev_loss,model-name
precision,0.2871287128712871,0.0,0.28378378378378377,0.0,0.0,0.0,0.2857142857142857,0.09515208277584515,0.15167093543331167,1,87,12.522090651772238,/jmain02/home/J2AD003/txk58/zxz22-txk58/BP-rationales/BP-rationales/trained_models/sst_top/bert5.pt
recall,0.6444444444444445,0.0,0.4375,0.0,0.0,0.0,0.2857142857142857,0.18032407407407405,0.2857142857142857,1,87,12.522090651772238,/jmain02/home/J2AD003/txk58/zxz22-txk58/BP-rationales/BP-rationales/trained_models/sst_top/bert5.pt
f1-score,0.3972602739726027,0.0,0.3442622950819672,0.0,0.0,0.0,0.2857142857142857,0.12358709484242832,0.19657887138686597,1,87,12.522090651772238,/jmain02/home/J2AD003/txk58/zxz22-txk58/BP-rationales/BP-rationales/trained_models/sst_top/bert5.pt
support,45.0,43.0,48.0,17.0,21.0,1.0,0.2857142857142857,175.0,175.0,1,87,12.522090651772238,/jmain02/home/J2AD003/txk58/zxz22-txk58/BP-rationales/BP-rationales/trained_models/sst_top/bert5.pt
