{
    "fixed-deeplift": {
        "sufficiency": {
            "mean": 0.5023566806884354,
            "std": 0.4537540373218543
        },
        "comprehensiveness": {
            "mean": 0.3453003483300438,
            "std": 0.42499091193329275
        }
    },
    "fixed-lime": {
        "sufficiency": {
            "mean": 0.45353666960917666,
            "std": 0.40059209294531567
        },
        "comprehensiveness": {
            "mean": 0.3990757730344414,
            "std": 0.46675243024843927
        }
    },
    "fixed-attention": {
        "sufficiency": {
            "mean": 0.5113618394846968,
            "std": 0.44910709868445126
        },
        "comprehensiveness": {
            "mean": 0.35704055137456625,
            "std": 0.4266174146295589
        }
    },
    "fixed-ig": {
        "sufficiency": {
            "mean": 0.5437035723162148,
            "std": 0.4552569578971713
        },
        "comprehensiveness": {
            "mean": 0.39358267084174536,
            "std": 0.4338903979736677
        }
    },
    "fixed-gradients": {
        "sufficiency": {
            "mean": 0.4456323368748257,
            "std": 0.45110413114552084
        },
        "comprehensiveness": {
            "mean": 0.24241735649341895,
            "std": 0.3743272407794751
        }
    },
    "fixed-scaled attention": {
        "sufficiency": {
            "mean": 0.671076449830461,
            "std": 0.4276257070152763
        },
        "comprehensiveness": {
            "mean": 0.554516199615612,
            "std": 0.4382954279211083
        }
    },
    "fixed-random": {
        "sufficiency": {
            "mean": 0.45724950115828683,
            "std": 0.450760545097729
        },
        "comprehensiveness": {
            "mean": 0.2254830291875505,
            "std": 0.3677511594534306
        }
    },
    "fixed-fixed-len_var-feat": {
        "sufficiency": {
            "mean": 0.6105034745291917,
            "std": 0.4361657230847256
        },
        "comprehensiveness": {
            "mean": 0.5661477178352612,
            "std": 0.4490457040614364
        }
    },
    "fixed-fixed-len_var-feat_var-type": {
        "sufficiency": {
            "mean": 0.626594059259007,
            "std": 0.43109007388110077
        },
        "comprehensiveness": {
            "mean": 0.5718020733831776,
            "std": 0.44866697089418717
        }
    },
    "var-deeplift": {
        "sufficiency": {
            "mean": 0.46612785523330125,
            "std": 0.4430854621257946
        },
        "comprehensiveness": {
            "mean": 0.29325404001661776,
            "std": 0.40806094837882645
        }
    },
    "var-lime": {
        "sufficiency": {
            "mean": 0.43591508954024333,
            "std": 0.399398025591779
        },
        "comprehensiveness": {
            "mean": 0.3669455850379505,
            "std": 0.45661773827967206
        }
    },
    "var-attention": {
        "sufficiency": {
            "mean": 0.4607785567769422,
            "std": 0.44010028775482285
        },
        "comprehensiveness": {
            "mean": 0.2854035748173045,
            "std": 0.4038891904588538
        }
    },
    "var-ig": {
        "sufficiency": {
            "mean": 0.49529554534686404,
            "std": 0.44612054238762194
        },
        "comprehensiveness": {
            "mean": 0.3665489056089853,
            "std": 0.43179506187827854
        }
    },
    "var-gradients": {
        "sufficiency": {
            "mean": 0.43169837137427897,
            "std": 0.4375724969767005
        },
        "comprehensiveness": {
            "mean": 0.21869727654016768,
            "std": 0.3636685148686654
        }
    },
    "var-scaled attention": {
        "sufficiency": {
            "mean": 0.6011913188203417,
            "std": 0.4402531097891258
        },
        "comprehensiveness": {
            "mean": 0.5380868813807106,
            "std": 0.44161943313806284
        }
    },
    "var-random": {
        "sufficiency": {
            "mean": 0.43686108025316356,
            "std": 0.4436014043718718
        },
        "comprehensiveness": {
            "mean": 0.19885489211068022,
            "std": 0.3462294280160517
        }
    },
    "var-var-len_var-feat": {
        "sufficiency": {
            "mean": 0.56428550294421,
            "std": 0.4381302104311315
        },
        "comprehensiveness": {
            "mean": 0.5610870271937319,
            "std": 0.45184700608410583
        }
    },
    "var-var-len_var-feat_var-type": {
        "sufficiency": {
            "mean": 0.5788936329868819,
            "std": 0.43473176190938806
        },
        "comprehensiveness": {
            "mean": 0.5674913530698869,
            "std": 0.4561834403218572
        }
    }
}