,0,1,2,3,4,accuracy,macro avg,weighted avg,epoch,point,dev_loss,model-name
precision,0.267741935483871,0.0,0.0,0.0,0.2037037037037037,0.25824175824175827,0.09428912783751493,0.1211236493494558,2,46,12.444667442985203,/home/cass/PycharmProjects/BP-rationales/trained_models/sst_FA/bert10.pt
recall,0.83,0.0,0.0,0.0,0.12941176470588237,0.25824175824175827,0.19188235294117645,0.25824175824175827,2,46,12.444667442985203,/home/cass/PycharmProjects/BP-rationales/trained_models/sst_FA/bert10.pt
f1-score,0.40487804878048783,0.0,0.0,0.0,0.15827338129496404,0.25824175824175827,0.11263028601509037,0.14818967661571628,2,46,12.444667442985203,/home/cass/PycharmProjects/BP-rationales/trained_models/sst_FA/bert10.pt
support,100.0,48.0,36.0,95.0,85.0,0.25824175824175827,364.0,364.0,2,46,12.444667442985203,/home/cass/PycharmProjects/BP-rationales/trained_models/sst_FA/bert10.pt
