,0,1,2,3,4,accuracy,macro avg,weighted avg
precision,0.25753424657534246,0.0,0.0,0.0,0.0,0.25753424657534246,0.05150684931506849,0.06632388815912929
recall,1.0,0.0,0.0,0.0,0.0,0.25753424657534246,0.2,0.25753424657534246
f1-score,0.4095860566448801,0.0,0.0,0.0,0.0,0.25753424657534246,0.08191721132897603,0.10548243650580474
support,94.0,57.0,32.0,95.0,87.0,0.25753424657534246,365.0,365.0
