,0,1,2,3,4,accuracy,macro avg,weighted avg
precision,0.3142857142857143,0.0,0.0,0.2975778546712803,0.8333333333333334,0.3095890410958904,0.2890393804580656,0.357021242018161
recall,0.23404255319148937,0.0,0.0,0.9052631578947369,0.05747126436781609,0.3095890410958904,0.23935539509080844,0.3095890410958904
f1-score,0.2682926829268293,0.0,0.0,0.4479166666666667,0.1075268817204301,0.3095890410958904,0.16474724626278522,0.2113052992825554
support,94.0,57.0,32.0,95.0,87.0,0.3095890410958904,365.0,365.0
