,0,1,2,3,4,accuracy,macro avg,weighted avg
precision,0.41333333333333333,0.0,0.0,0.0,0.25517241379310346,0.2876712328767123,0.13370114942528738,0.16726940639269405
recall,0.32978723404255317,0.0,0.0,0.0,0.8505747126436781,0.2876712328767123,0.23607238933724622,0.2876712328767123
f1-score,0.3668639053254438,0.0,0.0,0.0,0.3925729442970823,0.2876712328767123,0.15188736992450522,0.18805220069709006
support,94.0,57.0,32.0,95.0,87.0,0.2876712328767123,365.0,365.0
