,0,1,2,3,4,accuracy,macro avg,weighted avg,epoch,point,dev_loss,model-name
precision,0.3333333333333333,0.0,0.0,0.23684210526315788,0.26625386996904027,0.26373626373626374,0.16728586171310628,0.21050646979439552,2,0,12.418585279713506,/home/cass/PycharmProjects/BP-rationales/trained_models/sst_FA/bert25.pt
recall,0.011363636363636364,0.0,0.0,0.09574468085106383,0.9148936170212766,0.26373626373626374,0.20440038684719536,0.26373626373626374,2,0,12.418585279713506,/home/cass/PycharmProjects/BP-rationales/trained_models/sst_FA/bert25.pt
f1-score,0.02197802197802198,0.0,0.0,0.13636363636363635,0.4124700239808154,0.26373626373626374,0.11416233646449474,0.14704513738034178,2,0,12.418585279713506,/home/cass/PycharmProjects/BP-rationales/trained_models/sst_FA/bert25.pt
support,88.0,56.0,32.0,94.0,94.0,0.26373626373626374,364.0,364.0,2,0,12.418585279713506,/home/cass/PycharmProjects/BP-rationales/trained_models/sst_FA/bert25.pt
