,0,1,2,3,4,accuracy,macro avg,weighted avg,epoch,point,dev_loss,model-name
precision,0.25,0.0,0.0,0.2222222222222222,0.5,0.22802197802197802,0.19444444444444445,0.23344017094017097,2,0,12.452653553174889,/home/cass/PycharmProjects/BP-rationales/trained_models/sst_FA/bert20.pt
recall,0.13333333333333333,0.0,0.0,0.8292682926829268,0.012345679012345678,0.22802197802197802,0.19498946100572115,0.22802197802197802,2,0,12.452653553174889,/home/cass/PycharmProjects/BP-rationales/trained_models/sst_FA/bert20.pt
f1-score,0.1739130434782609,0.0,0.0,0.35051546391752575,0.024096385542168672,0.22802197802197802,0.10970497858759105,0.13449160669057736,2,0,12.452653553174889,/home/cass/PycharmProjects/BP-rationales/trained_models/sst_FA/bert20.pt
support,105.0,64.0,32.0,82.0,81.0,0.22802197802197802,364.0,364.0,2,0,12.452653553174889,/home/cass/PycharmProjects/BP-rationales/trained_models/sst_FA/bert20.pt
