,0,1,2,3,4,accuracy,macro avg,weighted avg,epoch,point,dev_loss,model-name
precision,0.32,0.0,0.0,0.0,0.25951557093425603,0.27197802197802196,0.11590311418685122,0.14625651165443554,1,46,12.677863722262176,/home/cass/PycharmProjects/BP-rationales/trained_models/sst_FA/bert15.pt
recall,0.25263157894736843,0.0,0.0,0.0,0.8522727272727273,0.27197802197802196,0.22098086124401917,0.27197802197802196,1,46,12.677863722262176,/home/cass/PycharmProjects/BP-rationales/trained_models/sst_FA/bert15.pt
f1-score,0.2823529411764706,0.0,0.0,0.0,0.3978779840848806,0.27197802197802196,0.13604618505227023,0.1698812967341599,1,46,12.677863722262176,/home/cass/PycharmProjects/BP-rationales/trained_models/sst_FA/bert15.pt
support,95.0,65.0,45.0,71.0,88.0,0.27197802197802196,364.0,364.0,1,46,12.677863722262176,/home/cass/PycharmProjects/BP-rationales/trained_models/sst_FA/bert15.pt
