,0,1,2,3,4,accuracy,macro avg,weighted avg
precision,0.2852233676975945,0.0,0.0,0.0,0.2972972972972973,0.2876712328767123,0.11650413299897835,0.14431742857106508
recall,0.8829787234042553,0.0,0.0,0.0,0.25287356321839083,0.2876712328767123,0.22717045732452923,0.2876712328767123
f1-score,0.43116883116883115,0.0,0.0,0.0,0.2732919254658386,0.2876712328767123,0.14089215132693395,0.17618155519287146
support,94.0,57.0,32.0,95.0,87.0,0.2876712328767123,365.0,365.0
