,0,1,2,3,4,accuracy,macro avg,weighted avg
precision,0.75,0.0,0.0,0.5348837209302325,0.25471698113207547,0.29315068493150687,0.30792014041246163,0.3930803584845552
recall,0.031914893617021274,0.0,0.0,0.24210526315789474,0.9310344827586207,0.29315068493150687,0.24101092790670733,0.29315068493150687
f1-score,0.061224489795918366,0.0,0.0,0.3333333333333333,0.4,0.29315068493150687,0.15891156462585035,0.19786785947255614
support,94.0,57.0,32.0,95.0,87.0,0.29315068493150687,365.0,365.0
