{
    "fixed-deeplift": {
        "sufficiency": {
            "mean": 0.06950801948778941,
            "std": 0.178116196963496
        },
        "comprehensiveness": {
            "mean": 0.423810625071998,
            "std": 0.40106989954889705
        }
    },
    "fixed-lime": {
        "sufficiency": {
            "mean": 0.06875619126208521,
            "std": 0.1760226061033068
        },
        "comprehensiveness": {
            "mean": 0.4726983114352711,
            "std": 0.4223722757924265
        }
    },
    "fixed-attention": {
        "sufficiency": {
            "mean": 0.07101460766040059,
            "std": 0.17658058146130942
        },
        "comprehensiveness": {
            "mean": 0.38085019716991964,
            "std": 0.38606735877017184
        }
    },
    "fixed-ig": {
        "sufficiency": {
            "mean": 0.06664919708773555,
            "std": 0.17364015535248908
        },
        "comprehensiveness": {
            "mean": 0.4332996649391915,
            "std": 0.40454389315015166
        }
    },
    "fixed-gradients": {
        "sufficiency": {
            "mean": 0.06995663928209953,
            "std": 0.17647964425810872
        },
        "comprehensiveness": {
            "mean": 0.45652262940522104,
            "std": 0.4153840868432387
        }
    },
    "fixed-scaled attention": {
        "sufficiency": {
            "mean": 0.06898714113450677,
            "std": 0.17560734652847082
        },
        "comprehensiveness": {
            "mean": 0.4090864732194924,
            "std": 0.39419924518588384
        }
    },
    "fixed-random": {
        "sufficiency": {
            "mean": 0.06769870678966218,
            "std": 0.17476299749250626
        },
        "comprehensiveness": {
            "mean": 0.42809312837722163,
            "std": 0.4019674276635275
        }
    },
    "fixed-fixed-len_var-feat": {
        "sufficiency": {
            "mean": 0.07359778551477897,
            "std": 0.17921537453325154
        },
        "comprehensiveness": {
            "mean": 0.5939238041930078,
            "std": 0.41496292741885726
        }
    },
    "fixed-fixed-len_var-feat_var-type": {
        "sufficiency": {
            "mean": 0.08834858937144933,
            "std": 0.18522896797716346
        },
        "comprehensiveness": {
            "mean": 0.6550598812801303,
            "std": 0.4054440665016095
        }
    },
    "var-deeplift": {
        "sufficiency": {
            "mean": 0.06013304000862786,
            "std": 0.1596117476082622
        },
        "comprehensiveness": {
            "mean": 0.47225728589035154,
            "std": 0.40795887907951456
        }
    },
    "var-lime": {
        "sufficiency": {
            "mean": 0.04711174658216005,
            "std": 0.15065275660015848
        },
        "comprehensiveness": {
            "mean": 0.5381304975222526,
            "std": 0.427423369572617
        }
    },
    "var-attention": {
        "sufficiency": {
            "mean": 0.061786371608414666,
            "std": 0.1595792155626961
        },
        "comprehensiveness": {
            "mean": 0.4216879779253372,
            "std": 0.3915461025490988
        }
    },
    "var-ig": {
        "sufficiency": {
            "mean": 0.05597596689663776,
            "std": 0.15930179661953114
        },
        "comprehensiveness": {
            "mean": 0.498822869620883,
            "std": 0.4132653090080837
        }
    },
    "var-gradients": {
        "sufficiency": {
            "mean": 0.05534097987588007,
            "std": 0.1572150308110115
        },
        "comprehensiveness": {
            "mean": 0.5157784427497528,
            "std": 0.4226279237561068
        }
    },
    "var-scaled attention": {
        "sufficiency": {
            "mean": 0.05819172945113112,
            "std": 0.15854658917428846
        },
        "comprehensiveness": {
            "mean": 0.4471225284947476,
            "std": 0.3998881440789683
        }
    },
    "var-random": {
        "sufficiency": {
            "mean": 0.059178318556670696,
            "std": 0.16289594161160056
        },
        "comprehensiveness": {
            "mean": 0.48658002609281,
            "std": 0.41087590194254
        }
    },
    "var-var-len_var-feat": {
        "sufficiency": {
            "mean": 0.051088774329546074,
            "std": 0.15349622836389964
        },
        "comprehensiveness": {
            "mean": 0.6410089747287893,
            "std": 0.40907589826470114
        }
    },
    "var-var-len_var-feat_var-type": {
        "sufficiency": {
            "mean": 0.05974746954161156,
            "std": 0.1584571885756682
        },
        "comprehensiveness": {
            "mean": 0.6851702794871023,
            "std": 0.39783281022289074
        }
    }
}