{
    "fixed-deeplift": {
        "sufficiency": {
            "mean": 0.10253379063825527,
            "std": 0.18246032360825476
        },
        "comprehensiveness": {
            "mean": 0.37082097885130416,
            "std": 0.3942414004735127
        }
    },
    "fixed-lime": {
        "sufficiency": {
            "mean": 0.08171762164822359,
            "std": 0.179902093645988
        },
        "comprehensiveness": {
            "mean": 0.4210057522623144,
            "std": 0.4276970058747401
        }
    },
    "fixed-attention": {
        "sufficiency": {
            "mean": 0.06886950379142864,
            "std": 0.1685066340064266
        },
        "comprehensiveness": {
            "mean": 0.2973858326650071,
            "std": 0.3663556401048699
        }
    },
    "fixed-ig": {
        "sufficiency": {
            "mean": 0.0707204696621284,
            "std": 0.16792133243140392
        },
        "comprehensiveness": {
            "mean": 0.38303630942616584,
            "std": 0.404086576063578
        }
    },
    "fixed-gradients": {
        "sufficiency": {
            "mean": 0.09319216491076189,
            "std": 0.1875626193262894
        },
        "comprehensiveness": {
            "mean": 0.39100111623947037,
            "std": 0.4143216993344139
        }
    },
    "fixed-scaled attention": {
        "sufficiency": {
            "mean": 0.12089467976040333,
            "std": 0.20656986292800625
        },
        "comprehensiveness": {
            "mean": 0.3378967264328076,
            "std": 0.3919676464632122
        }
    },
    "fixed-random": {
        "sufficiency": {
            "mean": 0.06089423853289359,
            "std": 0.16487578075339088
        },
        "comprehensiveness": {
            "mean": 0.3113506806945816,
            "std": 0.37307285530483586
        }
    },
    "fixed-fixed-len_var-feat": {
        "sufficiency": {
            "mean": 0.09246330581551607,
            "std": 0.18279033805109102
        },
        "comprehensiveness": {
            "mean": 0.5903073233216478,
            "std": 0.4147577514395996
        }
    },
    "fixed-fixed-len_var-feat_var-type": {
        "sufficiency": {
            "mean": 0.08834858937144933,
            "std": 0.18522896797716346
        },
        "comprehensiveness": {
            "mean": 0.6550598812801303,
            "std": 0.4054440665016095
        }
    },
    "var-deeplift": {
        "sufficiency": {
            "mean": 0.08450308448506935,
            "std": 0.16602650910601413
        },
        "comprehensiveness": {
            "mean": 0.40056310182843796,
            "std": 0.40244737879884085
        }
    },
    "var-lime": {
        "sufficiency": {
            "mean": 0.06012325367393966,
            "std": 0.15956763461795878
        },
        "comprehensiveness": {
            "mean": 0.4600046726064038,
            "std": 0.43092888698542375
        }
    },
    "var-attention": {
        "sufficiency": {
            "mean": 0.06010946249196123,
            "std": 0.15254504732383609
        },
        "comprehensiveness": {
            "mean": 0.3284960142478463,
            "std": 0.3796845484696384
        }
    },
    "var-ig": {
        "sufficiency": {
            "mean": 0.06125568652931268,
            "std": 0.15837474277246047
        },
        "comprehensiveness": {
            "mean": 0.4243830195972934,
            "std": 0.41416122850620823
        }
    },
    "var-gradients": {
        "sufficiency": {
            "mean": 0.07267380442256574,
            "std": 0.16799690960712227
        },
        "comprehensiveness": {
            "mean": 0.43454172026444327,
            "std": 0.41976822653718215
        }
    },
    "var-scaled attention": {
        "sufficiency": {
            "mean": 0.10980477787064155,
            "std": 0.19281689215662942
        },
        "comprehensiveness": {
            "mean": 0.37173281696624766,
            "std": 0.40236511223249094
        }
    },
    "var-random": {
        "sufficiency": {
            "mean": 0.05410203510484622,
            "std": 0.15401405811055752
        },
        "comprehensiveness": {
            "mean": 0.3468251201719804,
            "std": 0.38505597511933565
        }
    },
    "var-var-len_var-feat": {
        "sufficiency": {
            "mean": 0.07096676983120809,
            "std": 0.16258503454190185
        },
        "comprehensiveness": {
            "mean": 0.6138510280071677,
            "std": 0.41302385229428995
        }
    },
    "var-var-len_var-feat_var-type": {
        "sufficiency": {
            "mean": 0.05974746954161156,
            "std": 0.1584571885756682
        },
        "comprehensiveness": {
            "mean": 0.6851702794871023,
            "std": 0.39783281022289074
        }
    }
}