{
    "fixed-deeplift": {
        "sufficiency": {
            "mean": 0.06373734951398348,
            "std": 0.15126786445418636
        },
        "comprehensiveness": {
            "mean": 0.3304637759422661,
            "std": 0.3872829924662205
        }
    },
    "fixed-lime": {
        "sufficiency": {
            "mean": 0.07681343525398165,
            "std": 0.17739825700517142
        },
        "comprehensiveness": {
            "mean": 0.4096546752874975,
            "std": 0.4306569320254943
        }
    },
    "fixed-attention": {
        "sufficiency": {
            "mean": 0.05963898684321845,
            "std": 0.15228595952297894
        },
        "comprehensiveness": {
            "mean": 0.2966519446964069,
            "std": 0.3670320811474974
        }
    },
    "fixed-ig": {
        "sufficiency": {
            "mean": 0.06801547667252568,
            "std": 0.16898670008818845
        },
        "comprehensiveness": {
            "mean": 0.38036110377405546,
            "std": 0.40902799111924854
        }
    },
    "fixed-gradients": {
        "sufficiency": {
            "mean": 0.08732544982591291,
            "std": 0.17405294465283166
        },
        "comprehensiveness": {
            "mean": 0.36854464935171455,
            "std": 0.41487921262941924
        }
    },
    "fixed-scaled attention": {
        "sufficiency": {
            "mean": 0.09046746399100888,
            "std": 0.18319156386025578
        },
        "comprehensiveness": {
            "mean": 0.3275290182828053,
            "std": 0.3876309437894157
        }
    },
    "fixed-random": {
        "sufficiency": {
            "mean": 0.05549366735774446,
            "std": 0.1567810590766554
        },
        "comprehensiveness": {
            "mean": 0.2857135442813314,
            "std": 0.3646711374403773
        }
    },
    "fixed-fixed-len_var-feat": {
        "sufficiency": {
            "mean": 0.07678212101820592,
            "std": 0.16493193076997403
        },
        "comprehensiveness": {
            "mean": 0.5793516698630101,
            "std": 0.42033972166309896
        }
    },
    "fixed-fixed-len_var-feat_var-type": {
        "sufficiency": {
            "mean": 0.07353675813204648,
            "std": 0.16586202980633447
        },
        "comprehensiveness": {
            "mean": 0.6482557956178284,
            "std": 0.40760430283386645
        }
    },
    "var-deeplift": {
        "sufficiency": {
            "mean": 0.05877098065621162,
            "std": 0.14548449649190043
        },
        "comprehensiveness": {
            "mean": 0.36882008912662473,
            "std": 0.39932948455643946
        }
    },
    "var-lime": {
        "sufficiency": {
            "mean": 0.05756114007039353,
            "std": 0.15466878179075544
        },
        "comprehensiveness": {
            "mean": 0.4460599191215936,
            "std": 0.43600235132979326
        }
    },
    "var-attention": {
        "sufficiency": {
            "mean": 0.05146729026976906,
            "std": 0.1416334197501021
        },
        "comprehensiveness": {
            "mean": 0.3322970965968743,
            "std": 0.3824085033537301
        }
    },
    "var-ig": {
        "sufficiency": {
            "mean": 0.05849219357109133,
            "std": 0.156139465815251
        },
        "comprehensiveness": {
            "mean": 0.42177859107690197,
            "std": 0.42097233620077634
        }
    },
    "var-gradients": {
        "sufficiency": {
            "mean": 0.06850959409129295,
            "std": 0.15904974769132044
        },
        "comprehensiveness": {
            "mean": 0.4175177369270805,
            "std": 0.4236255837110307
        }
    },
    "var-scaled attention": {
        "sufficiency": {
            "mean": 0.08172195867813645,
            "std": 0.16991050730162827
        },
        "comprehensiveness": {
            "mean": 0.3533751515277668,
            "std": 0.39814797969184357
        }
    },
    "var-random": {
        "sufficiency": {
            "mean": 0.048859523047742597,
            "std": 0.14436392126485123
        },
        "comprehensiveness": {
            "mean": 0.31997400990733094,
            "std": 0.38060639979236727
        }
    },
    "var-var-len_var-feat": {
        "sufficiency": {
            "mean": 0.06394348693647438,
            "std": 0.14969421415675893
        },
        "comprehensiveness": {
            "mean": 0.6048056381666487,
            "std": 0.41839239791199984
        }
    },
    "var-var-len_var-feat_var-type": {
        "sufficiency": {
            "mean": 0.0542978156352747,
            "std": 0.14694941041327542
        },
        "comprehensiveness": {
            "mean": 0.683074329782384,
            "std": 0.398775686358478
        }
    }
}