{
    "variable": {
        "gradients": {
            "f1 score - model labels": 68.302,
            "f1 score - actual labels": 64.052,
            "sufficiency": {
                "mean": 0.07267380442256574,
                "std": 0.16799690960712227
            },
            "comprehensiveness": {
                "mean": 0.43454172026444327,
                "std": 0.41976822653718215
            }
        },
        "ig-gradients": {
            "f1 score - model labels": 60.909,
            "f1 score - actual labels": 60.858,
            "sufficiency": {
                "mean": 0.06511410391847933,
                "std": 0.15945193370011673
            },
            "comprehensiveness": {
                "mean": 0.5141635225491603,
                "std": 0.4219491591900381
            }
        },
        "ig-gradients-deeplift": {
            "f1 score - model labels": 56.899,
            "f1 score - actual labels": 58.72,
            "sufficiency": {
                "mean": 0.07087513203180067,
                "std": 0.16140431001006814
            },
            "comprehensiveness": {
                "mean": 0.5611059309421191,
                "std": 0.41796487808324645
            }
        },
        "ig-attention-gradients-deeplift": {
            "f1 score - model labels": 54.684,
            "f1 score - actual labels": 57.657,
            "sufficiency": {
                "mean": 0.06852885877974897,
                "std": 0.16008123200426166
            },
            "comprehensiveness": {
                "mean": 0.581239864827697,
                "std": 0.4151110566750811
            }
        },
        "scaled attention-attention-deeplift-ig-gradients": {
            "f1 score - model labels": 53.022,
            "f1 score - actual labels": 56.675,
            "sufficiency": {
                "mean": 0.07275502006203423,
                "std": 0.1653795298968118
            },
            "comprehensiveness": {
                "mean": 0.5947489532559077,
                "std": 0.41339508503505734
            }
        },
        "scaled attention-lime-attention-deeplift-ig-gradients": {
            "f1 score - model labels": 49.209,
            "f1 score - actual labels": 54.52,
            "sufficiency": {
                "mean": 0.06880554522547327,
                "std": 0.1623038806614606
            },
            "comprehensiveness": {
                "mean": 0.6142390102511902,
                "std": 0.41300251736994487
            }
        }
    },
    "fixed": {
        "gradients": {
            "f1 score - model labels": 72.644,
            "f1 score - actual labels": 65.371,
            "sufficiency": {
                "mean": 0.09319216491076189,
                "std": 0.1875626193262894
            },
            "comprehensiveness": {
                "mean": 0.39100111623947037,
                "std": 0.4143216993344139
            }
        },
        "ig-gradients": {
            "f1 score - model labels": 64.939,
            "f1 score - actual labels": 62.429,
            "sufficiency": {
                "mean": 0.08246778670105705,
                "std": 0.1802122481553708
            },
            "comprehensiveness": {
                "mean": 0.4783276505589642,
                "std": 0.4210758290193624
            }
        },
        "ig-gradients-deeplift": {
            "f1 score - model labels": 60.312,
            "f1 score - actual labels": 60.229,
            "sufficiency": {
                "mean": 0.09065468442697926,
                "std": 0.18274131036630503
            },
            "comprehensiveness": {
                "mean": 0.5355638425582836,
                "std": 0.4179882979784448
            }
        },
        "ig-attention-gradients-deeplift": {
            "f1 score - model labels": 58.035,
            "f1 score - actual labels": 59.324,
            "sufficiency": {
                "mean": 0.08487939426674647,
                "std": 0.17705840045151536
            },
            "comprehensiveness": {
                "mean": 0.557226540549603,
                "std": 0.41590307228890905
            }
        },
        "scaled attention-attention-deeplift-ig-gradients": {
            "f1 score - model labels": 56.221,
            "f1 score - actual labels": 58.541,
            "sufficiency": {
                "mean": 0.0890489472026965,
                "std": 0.1812323236895349
            },
            "comprehensiveness": {
                "mean": 0.5705486483101213,
                "std": 0.4148887483164872
            }
        },
        "scaled attention-lime-attention-deeplift-ig-gradients": {
            "f1 score - model labels": 52.554,
            "f1 score - actual labels": 56.162,
            "sufficiency": {
                "mean": 0.09068028522075626,
                "std": 0.18245478599454554
            },
            "comprehensiveness": {
                "mean": 0.5907220657593678,
                "std": 0.4147513085899551
            }
        }
    }
}