{
    "ig": {
        "sufficiencies @ 0.01": {
            "mean": 0.3573477124126421,
            "std": 0.4233622944971251
        },
        "comprehensiveness @ 0.01": {
            "mean": 0.6995033866545364,
            "std": 0.4034439089365662
        },
        "sufficiencies @ 0.02": {
            "mean": 0.35980416254212677,
            "std": 0.42286753110332237
        },
        "comprehensiveness @ 0.02": {
            "mean": 0.6984546965926577,
            "std": 0.4040829657124837
        },
        "sufficiencies @ 0.05": {
            "mean": 0.3715596665607547,
            "std": 0.4237595757792715
        },
        "comprehensiveness @ 0.05": {
            "mean": 0.7011148451035133,
            "std": 0.40247326915699966
        },
        "sufficiencies @ 0.1": {
            "mean": 0.4165947196312134,
            "std": 0.4288034345402882
        },
        "comprehensiveness @ 0.1": {
            "mean": 0.7048131570595443,
            "std": 0.39933590559944043
        },
        "sufficiencies @ 0.2": {
            "mean": 0.4837880350722384,
            "std": 0.4310881085766292
        },
        "comprehensiveness @ 0.2": {
            "mean": 0.7113314851492033,
            "std": 0.3935169944886442
        },
        "sufficiencies @ 0.5": {
            "mean": 0.6025350071135457,
            "std": 0.4166074764350166
        },
        "comprehensiveness @ 0.5": {
            "mean": 0.7250214500976205,
            "std": 0.37775521934413997
        },
        "sufficiencies @ 1.0": {
            "mean": 0.9999946562702954,
            "std": 2.440015072128558e-05
        },
        "comprehensiveness @ 1.0": {
            "mean": 0.7635089043151047,
            "std": 0.31627322890419013
        },
        "AOPC - sufficiency": {
            "mean": 0.5130891370861166,
            "std": 0.2997461283541225
        },
        "AOPC - comprehensiveness": {
            "mean": 0.7148211321388829,
            "std": 0.33630417900695775
        }
    },
    "random": {
        "sufficiencies @ 0.01": {
            "mean": 0.3330740096884255,
            "std": 0.42892785542810963
        },
        "comprehensiveness @ 0.01": {
            "mean": 0.6977379868667398,
            "std": 0.40380908262574267
        },
        "sufficiencies @ 0.02": {
            "mean": 0.3363980778478734,
            "std": 0.4284353330914014
        },
        "comprehensiveness @ 0.02": {
            "mean": 0.6966999663960205,
            "std": 0.40434402734154334
        },
        "sufficiencies @ 0.05": {
            "mean": 0.34350952073530827,
            "std": 0.4255390804243537
        },
        "comprehensiveness @ 0.05": {
            "mean": 0.6991337143342106,
            "std": 0.40304060300069544
        },
        "sufficiencies @ 0.1": {
            "mean": 0.3664544176235858,
            "std": 0.4236122757953796
        },
        "comprehensiveness @ 0.1": {
            "mean": 0.7013876110394787,
            "std": 0.4006362904982678
        },
        "sufficiencies @ 0.2": {
            "mean": 0.41590539513451225,
            "std": 0.41766877980456196
        },
        "comprehensiveness @ 0.2": {
            "mean": 0.7093619171533617,
            "std": 0.39409168752709356
        },
        "sufficiencies @ 0.5": {
            "mean": 0.5356059826698212,
            "std": 0.4321934969319667
        },
        "comprehensiveness @ 0.5": {
            "mean": 0.7123651118992361,
            "std": 0.38954134879098656
        },
        "sufficiencies @ 1.0": {
            "mean": 0.9999972631144151,
            "std": 1.2240455288487246e-05
        },
        "comprehensiveness @ 1.0": {
            "mean": 0.763168956384339,
            "std": 0.31642027891570873
        },
        "AOPC - sufficiency": {
            "mean": 0.47584923811627744,
            "std": 0.27755457703827974
        },
        "AOPC - comprehensiveness": {
            "mean": 0.7114078948676267,
            "std": 0.34088848789316734
        }
    },
    "attention": {
        "sufficiencies @ 0.01": {
            "mean": 0.3500578827804154,
            "std": 0.4209469609783424
        },
        "comprehensiveness @ 0.01": {
            "mean": 0.6965782254299959,
            "std": 0.4038993324048011
        },
        "sufficiencies @ 0.02": {
            "mean": 0.3685673527782265,
            "std": 0.41383471508704006
        },
        "comprehensiveness @ 0.02": {
            "mean": 0.6954711263830222,
            "std": 0.40458634243815367
        },
        "sufficiencies @ 0.05": {
            "mean": 0.43281638533713074,
            "std": 0.4112342859899689
        },
        "comprehensiveness @ 0.05": {
            "mean": 0.6960447056875856,
            "std": 0.4037713282194606
        },
        "sufficiencies @ 0.1": {
            "mean": 0.5008016937010065,
            "std": 0.4254310991189801
        },
        "comprehensiveness @ 0.1": {
            "mean": 0.698269913174375,
            "std": 0.40192866452984055
        },
        "sufficiencies @ 0.2": {
            "mean": 0.5560064776712641,
            "std": 0.43941982488202763
        },
        "comprehensiveness @ 0.2": {
            "mean": 0.7044877644402904,
            "std": 0.39877049691066874
        },
        "sufficiencies @ 0.5": {
            "mean": 0.6317196830468723,
            "std": 0.4375676222445367
        },
        "comprehensiveness @ 0.5": {
            "mean": 0.7041342248223947,
            "std": 0.3903843368661146
        },
        "sufficiencies @ 1.0": {
            "mean": 0.999998138766414,
            "std": 8.186425203806054e-06
        },
        "comprehensiveness @ 1.0": {
            "mean": 0.7627918165414901,
            "std": 0.31655203976490237
        },
        "AOPC - sufficiency": {
            "mean": 0.5485668020116184,
            "std": 0.22873413529373804
        },
        "AOPC - comprehensiveness": {
            "mean": 0.7082539680684506,
            "std": 0.33915842090686354
        }
    },
    "gradients": {
        "sufficiencies @ 0.01": {
            "mean": 0.3232268692412721,
            "std": 0.41358683444844524
        },
        "comprehensiveness @ 0.01": {
            "mean": 0.6966865483344502,
            "std": 0.40337904612873116
        },
        "sufficiencies @ 0.02": {
            "mean": 0.3219778295951859,
            "std": 0.4112138889530755
        },
        "comprehensiveness @ 0.02": {
            "mean": 0.6962889817332661,
            "std": 0.40387654710089194
        },
        "sufficiencies @ 0.05": {
            "mean": 0.32623972928643963,
            "std": 0.40967003255777007
        },
        "comprehensiveness @ 0.05": {
            "mean": 0.6983253949771839,
            "std": 0.4023657230739912
        },
        "sufficiencies @ 0.1": {
            "mean": 0.35933858852206335,
            "std": 0.41371767616301686
        },
        "comprehensiveness @ 0.1": {
            "mean": 0.701634616884592,
            "std": 0.3992876269593126
        },
        "sufficiencies @ 0.2": {
            "mean": 0.42950511711938594,
            "std": 0.4227375741934667
        },
        "comprehensiveness @ 0.2": {
            "mean": 0.7115072383138137,
            "std": 0.3923322048855824
        },
        "sufficiencies @ 0.5": {
            "mean": 0.5712518009276341,
            "std": 0.44118616039819497
        },
        "comprehensiveness @ 0.5": {
            "mean": 0.7224515256241452,
            "std": 0.3782705379840608
        },
        "sufficiencies @ 1.0": {
            "mean": 0.9999985796500923,
            "std": 6.158755079702542e-06
        },
        "comprehensiveness @ 1.0": {
            "mean": 0.7623045760713011,
            "std": 0.3166592176140554
        },
        "AOPC - sufficiency": {
            "mean": 0.475934073477439,
            "std": 0.2564518259339908
        },