{
    "fixed-deeplift": {
        "comprehensiveness": {
            "mean": 0.33179459588674687,
            "std": 0.4147729127197253
        },
        "sufficiency": {
            "mean": 0.50983746643439,
            "std": 0.45380014866465423
        }
    },
    "fixed-lime": {
        "comprehensiveness": {
            "mean": 0.41934328210610067,
            "std": 0.47334898906170014
        },
        "sufficiency": {
            "mean": 0.48487570040101974,
            "std": 0.40455906452730417
        }
    },
    "fixed-attention": {
        "comprehensiveness": {
            "mean": 0.3449119791532463,
            "std": 0.4264637882457115
        },
        "sufficiency": {
            "mean": 0.5111016168789442,
            "std": 0.44898623779600944
        }
    },
    "fixed-ig": {
        "comprehensiveness": {
            "mean": 0.4006232108220403,
            "std": 0.43396536341360864
        },
        "sufficiency": {
            "mean": 0.5352654181705161,
            "std": 0.4545514582032444
        }
    },
    "fixed-gradients": {
        "comprehensiveness": {
            "mean": 0.24682333320138722,
            "std": 0.3814387155192235
        },
        "sufficiency": {
            "mean": 0.44393163717227574,
            "std": 0.4459341003100556
        }
    },
    "fixed-scaled attention": {
        "comprehensiveness": {
            "mean": 0.5420939080231889,
            "std": 0.4345902368431637
        },
        "sufficiency": {
            "mean": 0.6802882500953578,
            "std": 0.42023679323687113
        }
    },
    "fixed-random": {
        "comprehensiveness": {
            "mean": 0.2377020937654135,
            "std": 0.3782596342099311
        },
        "sufficiency": {
            "mean": 0.4493260774771667,
            "std": 0.45104778201140777
        }
    },
    "fixed-fixed-len_var-feat": {
        "comprehensiveness": {
            "mean": 0.5695836204475055,
            "std": 0.44662276988014926
        },
        "sufficiency": {
            "mean": 0.6307902573756178,
            "std": 0.43222388302712306
        }
    },
    "fixed-fixed-len_var-feat_var-type": {
        "comprehensiveness": {
            "mean": 0.5647616335380383,
            "std": 0.448027623204288
        },
        "sufficiency": {
            "mean": 0.635565541069883,
            "std": 0.4279040100999819
        }
    },
    "var-deeplift": {
        "comprehensiveness": {
            "mean": 0.2792434930724779,
            "std": 0.40049577416685284
        },
        "sufficiency": {
            "mean": 0.47302528761658674,
            "std": 0.44263755820901196
        }
    },
    "var-lime": {
        "comprehensiveness": {
            "mean": 0.38008939805393255,
            "std": 0.460328873701091
        },
        "sufficiency": {
            "mean": 0.4642567366831115,
            "std": 0.4077483221363638
        }
    },
    "var-attention": {
        "comprehensiveness": {
            "mean": 0.2647360955309611,
            "std": 0.3985112004642063
        },
        "sufficiency": {
            "mean": 0.46804724914675916,
            "std": 0.43964384008027896
        }
    },
    "var-ig": {
        "comprehensiveness": {
            "mean": 0.35956126389451687,
            "std": 0.42688164481063406
        },
        "sufficiency": {
            "mean": 0.4966075284946618,
            "std": 0.4498461788290869
        }
    },
    "var-gradients": {
        "comprehensiveness": {
            "mean": 0.22259756339675227,
            "std": 0.3725828162238456
        },
        "sufficiency": {
            "mean": 0.42457700949630206,
            "std": 0.4348399243643529
        }
    },
    "var-scaled attention": {
        "comprehensiveness": {
            "mean": 0.5150693780383143,
            "std": 0.43631650905342845
        },
        "sufficiency": {
            "mean": 0.6085900821339979,
            "std": 0.4417325982321369
        }
    },
    "var-random": {
        "comprehensiveness": {
            "mean": 0.21201390153904762,
            "std": 0.3594539415677694
        },
        "sufficiency": {
            "mean": 0.43366692061518114,
            "std": 0.44383022810241096
        }
    },
    "var-var-len_var-feat": {
        "comprehensiveness": {
            "mean": 0.5518362255325188,
            "std": 0.4499476852112067
        },
        "sufficiency": {
            "mean": 0.5854600885251863,
            "std": 0.4363191866466608
        }
    },
    "var-var-len_var-feat_var-type": {
        "comprehensiveness": {
            "mean": 0.5558988691417179,
            "std": 0.45293035710753327
        },
        "sufficiency": {
            "mean": 0.5951815740998583,
            "std": 0.43314564736411865
        }
    }
}