,roa20,roa5,roa15,roa25,roa10,mean-f1,std-f1,mean-ece,std-ece
model,/jmain02/home/J2AD003/txk58/zxz22-txk58/BP-rationales/BP-rationales/trained_models/multirc/roberta20.pt,/jmain02/home/J2AD003/txk58/zxz22-txk58/BP-rationales/BP-rationales/trained_models/multirc/roberta5.pt,/jmain02/home/J2AD003/txk58/zxz22-txk58/BP-rationales/BP-rationales/trained_models/multirc/roberta15.pt,/jmain02/home/J2AD003/txk58/zxz22-txk58/BP-rationales/BP-rationales/trained_models/multirc/roberta25.pt,/jmain02/home/J2AD003/txk58/zxz22-txk58/BP-rationales/BP-rationales/trained_models/multirc/roberta10.pt,0.7397543621667372,0.025087362437197874,0.05972078850757172,0.026353052369979008
f1,0.7352995025148543,0.759984022926325,0.6954884210943713,0.7672748663117204,0.740724997986415,0.7397543621667372,0.025087362437197874,0.05972078850757172,0.026353052369979008
loss,2.156855318166635,2.0138302430658057,2.3335728394513082,2.172723847376828,2.1222372175541646,0.7397543621667372,0.025087362437197874,0.05972078850757172,0.026353052369979008
ece-score,0.04466961011929875,0.07124144398290723,0.041620491472112886,0.10625444615733115,0.03481795080620858,0.7397543621667372,0.025087362437197874,0.05972078850757172,0.026353052369979008
