{
    "ece": 0.07124144788032317,
    "refinement": 0.1610586394517995,
    "bins": {
        "1": {
            "acc": 0.0,
            "conf": 0.0
        },
        "2": {
            "acc": 0.0,
            "conf": 0.0
        },
        "3": {
            "acc": 0.0,
            "conf": 0.0
        },
        "4": {
            "acc": 0.0,
            "conf": 0.0
        },
        "5": {
            "acc": 0.0,
            "conf": 0.0
        },
        "6": {
            "acc": 0.521,
            "conf": 0.5509999990463257
        },
        "7": {
            "acc": 0.522,
            "conf": 0.6539999842643738
        },
        "8": {
            "acc": 0.627,
            "conf": 0.7559999823570251
        },
        "9": {
            "acc": 0.781,
            "conf": 0.8600000143051147
        },
        "10": {
            "acc": 0.932,
            "conf": 0.9549999833106995
        }
    }
}