{
    "ece": 0.14487247338684478,
    "refinement": 0.17084937651393556,
    "bins": {
        "1": {
            "acc": 0.0,
            "conf": 0.0
        },
        "2": {
            "acc": 0.0,
            "conf": 0.0
        },
        "3": {
            "acc": 0.0,
            "conf": 0.0
        },
        "4": {
            "acc": 0.0,
            "conf": 0.0
        },
        "5": {
            "acc": 0.0,
            "conf": 0.0
        },
        "6": {
            "acc": 0.529,
            "conf": 0.5519999861717224
        },
        "7": {
            "acc": 0.502,
            "conf": 0.652999997138977
        },
        "8": {
            "acc": 0.51,
            "conf": 0.7559999823570251
        },
        "9": {
            "acc": 0.602,
            "conf": 0.859000027179718
        },
        "10": {
            "acc": 0.832,
            "conf": 0.953000009059906
        }
    }
}