,roa15,roa10,roa5,mean-f1,std-f1,mean-ece,std-ece
model,/jmain01/home/JAD009/txk20/gxc78-txk20/variable_rationale_2021/trained_models/multirc/roberta15.pt,/jmain01/home/JAD009/txk20/gxc78-txk20/variable_rationale_2021/trained_models/multirc/roberta10.pt,/jmain01/home/JAD009/txk20/gxc78-txk20/variable_rationale_2021/trained_models/multirc/roberta5.pt,0.7320658140023705,0.027032779661843025,0.04922663922062016,0.015812597083479516
f1,0.6954884210943713,0.740724997986415,0.759984022926325,0.7320658140023705,0.027032779661843025,0.04922663922062016,0.015812597083479516
loss,2.3335728298122733,2.12223721499687,2.013830241197013,0.7320658140023705,0.027032779661843025,0.04922663922062016,0.015812597083479516
ece-score,0.041620483124020106,0.034817986657517196,0.07124144788032317,0.7320658140023705,0.027032779661843025,0.04922663922062016,0.015812597083479516
