,roa20,roa5,roa15,roa25,roa10,mean-f1,std-f1,mean-ece,std-ece
model,/jmain02/home/J2AD003/txk58/zxz22-txk58/BP-rationales/BP-rationales/trained_models/multirc/roberta20.pt,/jmain02/home/J2AD003/txk58/zxz22-txk58/BP-rationales/BP-rationales/trained_models/multirc/roberta5.pt,/jmain02/home/J2AD003/txk58/zxz22-txk58/BP-rationales/BP-rationales/trained_models/multirc/roberta15.pt,/jmain02/home/J2AD003/txk58/zxz22-txk58/BP-rationales/BP-rationales/trained_models/multirc/roberta25.pt,/jmain02/home/J2AD003/txk58/zxz22-txk58/BP-rationales/BP-rationales/trained_models/multirc/roberta10.pt,0.7397543621667372,0.025087362437197874,0.05972078899444135,0.026353056538998876
f1,0.7352995025148543,0.759984022926325,0.6954884210943713,0.7672748663117204,0.740724997986415,0.7397543621667372,0.025087362437197874,0.05972078899444135,0.026353056538998876
loss,2.1568553171338816,2.013830237705322,2.3335728337465733,2.1727238465162,2.1222372118494297,0.7397543621667372,0.025087362437197874,0.05972078899444135,0.026353056538998876
ece-score,0.04466959483700225,0.07124144788032317,0.041620506742114705,0.106254453362018,0.03481794215074861,0.7397543621667372,0.025087362437197874,0.05972078899444135,0.026353056538998876
