,roa20,roa5,roa15,roa25,roa10,mean-f1,std-f1,mean-ece,std-ece
model,/jmain02/home/J2AD003/txk58/zxz22-txk58/BP-rationales/BP-rationales/trained_models/multirc/roberta20.pt,/jmain02/home/J2AD003/txk58/zxz22-txk58/BP-rationales/BP-rationales/trained_models/multirc/roberta5.pt,/jmain02/home/J2AD003/txk58/zxz22-txk58/BP-rationales/BP-rationales/trained_models/multirc/roberta15.pt,/jmain02/home/J2AD003/txk58/zxz22-txk58/BP-rationales/BP-rationales/trained_models/multirc/roberta25.pt,/jmain02/home/J2AD003/txk58/zxz22-txk58/BP-rationales/BP-rationales/trained_models/multirc/roberta10.pt,0.7397543621667372,0.025087362437197874,0.059720799858027175,0.02635304529142279
f1,0.7352995025148543,0.759984022926325,0.6954884210943713,0.7672748663117204,0.740724997986415,0.7397543621667372,0.025087362437197874,0.059720799858027175,0.02635304529142279
loss,2.156855320379679,2.0138302381479307,2.333572835615366,2.172723841917987,2.1222372204065323,0.7397543621667372,0.025087362437197874,0.059720799858027175,0.02635304529142279
ece-score,0.044669620520604345,0.07124144398290723,0.04162050199636535,0.10625445044817707,0.0348179823420819,0.7397543621667372,0.025087362437197874,0.059720799858027175,0.02635304529142279
