{
    "roa15": {
        "model": "/jmain01/home/JAD009/txk20/gxc78-txk20/variable_rationale_2021/trained_models/multirc/roberta15.pt",
        "f1": 0.6954884210943713,
        "loss": 2.3335728298122733,
        "ece-score": 0.041620483124020106
    },
    "roa10": {
        "model": "/jmain01/home/JAD009/txk20/gxc78-txk20/variable_rationale_2021/trained_models/multirc/roberta10.pt",
        "f1": 0.740724997986415,
        "loss": 2.12223721499687,
        "ece-score": 0.034817986657517196
    },
    "roa5": {
        "model": "/jmain01/home/JAD009/txk20/gxc78-txk20/variable_rationale_2021/trained_models/multirc/roberta5.pt",
        "f1": 0.759984022926325,
        "loss": 2.013830241197013,
        "ece-score": 0.07124144788032317
    },
    "mean-f1": 0.7320658140023705,
    "std-f1": 0.027032779661843025,
    "mean-ece": 0.04922663922062016,
    "std-ece": 0.015812597083479516
}