,roa15,roa10,roa5,mean-f1,std-f1,mean-ece,std-ece
model,/jmain01/home/JAD009/txk20/gxc78-txk20/variable_rationale_2021/trained_models/multirc/roberta15.pt,/jmain01/home/JAD009/txk20/gxc78-txk20/variable_rationale_2021/trained_models/multirc/roberta10.pt,/jmain01/home/JAD009/txk20/gxc78-txk20/variable_rationale_2021/trained_models/multirc/roberta5.pt,0.6013338530392808,0.16950635440291806,0.09930154048848992,0.05425640433926018
f1,0.7484295520275261,0.36386301010366096,0.6917089969866552,0.6013338530392808,0.16950635440291806,0.09930154048848992,0.05425640433926018
loss,2.4560644205155544,2.7374276418497065,2.760325974068626,0.6013338530392808,0.16950635440291806,0.09930154048848992,0.05425640433926018
ece-score,0.14487247338684478,0.0230548387952764,0.12997730928334858,0.6013338530392808,0.16950635440291806,0.09930154048848992,0.05425640433926018
