,roa20,roa5,roa15,roa25,roa10,mean-f1,std-f1,mean-ece,std-ece
model,/jmain02/home/J2AD003/txk58/zxz22-txk58/BP-rationales/BP-rationales/trained_models/multirc/roberta20.pt,/jmain02/home/J2AD003/txk58/zxz22-txk58/BP-rationales/BP-rationales/trained_models/multirc/roberta5.pt,/jmain02/home/J2AD003/txk58/zxz22-txk58/BP-rationales/BP-rationales/trained_models/multirc/roberta15.pt,/jmain02/home/J2AD003/txk58/zxz22-txk58/BP-rationales/BP-rationales/trained_models/multirc/roberta25.pt,/jmain02/home/J2AD003/txk58/zxz22-txk58/BP-rationales/BP-rationales/trained_models/multirc/roberta10.pt,0.7397543621667372,0.025087362437197874,0.059720788005948475,0.026353057129642227
f1,0.7352995025148543,0.759984022926325,0.6954884210943713,0.7672748663117204,0.740724997986415,0.7397543621667372,0.025087362437197874,0.059720788005948475,0.026353057129642227
loss,2.1568553189043165,2.0138302376807324,2.3335728282385535,2.1727238428769726,2.1222372177508797,0.7397543621667372,0.025087362437197874,0.059720788005948475,0.026353057129642227
ece-score,0.044669588701953214,0.07124144918356003,0.04162050199636535,0.106254453362018,0.03481794678584579,0.7397543621667372,0.025087362437197874,0.059720788005948475,0.026353057129642227
