,Set,F-Comp,F-SoftComp,Comprehensiveness,Soft-Comprehensiveness
0,0,0.0,0.0,0.5022879833844432,0.6052460131427879
1,1,0.328268581783534,0.12077388748415212,0.5684643170611569,0.5684643170611569
2,2,0.4396186907331835,0.6290645680923747,0.4136643538844288,0.4136643538844288
3,3,0.6328900757976464,0.7569974657617666,0.37470238073824313,0.37470238073824313
4,4,1.051043661372863,1.0337875340672265,0.29040594561553296,0.29040594561553296
5,5,1.0735687542686265,1.0486976585197734,0.28586506614583107,0.28586506614583107
6,6,0.999503948672365,0.9996716467690449,0.3007959415351522,0.3007959415351522
