,Set,F-Comp,F-SoftComp,Comprehensiveness,Soft-Comprehensiveness
0,0,0.0,0.0,0.5078906396124512,0.5067477155290544
1,1,0.3370429268788231,0.3491046251963628,0.4258323879446834,0.4388972452096641
2,2,0.5158954376552776,0.6264250700361718,0.38228801074437796,0.3849984387960285
3,3,0.6695602983060344,0.5868791453547231,0.34487595191691073,0.39268441427499057
4,4,0.9143645922964982,0.9052626447933589,0.2852746051340364,0.33080476955045013
5,5,0.9995892638217014,1.0256938546572596,0.26452535633929075,0.307398278657347
6,6,0.9995892638217014,1.0208056633582727,0.26452535633929075,0.3083483264502138
