,Set,F-Comp,F-SoftComp,Comprehensiveness,Soft-Comprehensiveness
0,0,0.0,0.0,0.45896031068288723,0.45433245091233404
1,1,0.2486637881332608,0.2701240674505883,0.3763104476232547,0.3832016198220663
2,2,0.374646474664031,0.35202557090242315,0.33443683237826916,0.3616347818018403
3,3,0.7514251145693304,0.7600165519699642,0.209204673623899,0.2541999359009787
4,4,0.9040702072966359,0.9066091429360248,0.158469115763437,0.21559821882518007
5,5,0.9996991358740016,0.9663251971144211,0.12668435968458652,0.19987339799292386
6,6,0.9996991358740016,0.9996202433413047,0.12668435968458652,0.1911059292824939
