,Set,F-Comp,F-SoftComp,Comprehensiveness,Soft-Comprehensiveness
0,0,0.0,0.0,0.4925616313877981,0.47782583522610367
1,1,0.3260768840636343,0.31783698265275556,0.4119758388143964,0.41998422528617085
2,2,0.4601904099849897,0.4768353672645216,0.37883137102355247,0.3910488809249364
3,3,0.7260093542471738,0.7177097890323756,0.31313756888266653,0.34721331392414867
4,4,0.8173055466059547,0.857474837247852,0.2905748654843774,0.3217781511100475
5,5,0.999595366784081,0.9313015508166647,0.24552423370070756,0.30834278580499813
6,6,0.999595366784081,0.9994505046056242,0.24552423370070756,0.2959406884468626
