,Set,F-Comp,F-SoftComp,Comprehensiveness,Soft-Comprehensiveness
0,0,0.0,0.0,0.47286066746854616,0.47544663766201134
1,1,0.27030788415606727,0.3235103730620493,0.416389982753066,0.41902629685035314
2,2,0.41200624132365704,0.4158848786697975,0.38678743054747633,0.4029161454528338
3,3,0.7466289490068637,0.6755340384241422,0.3168805779108419,0.35763322624952576
4,4,0.8653746583453157,0.841373761403277,0.2920731197994975,0.3287107110237183
5,5,0.9995213306062819,0.964359985053406,0.2640482086559287,0.307261863532982
6,6,0.9995213306062819,0.9994266068435461,0.2640482086559287,0.3011462304118958
