,Set,F-Comp,F-SoftComp,Comprehensiveness,Soft-Comprehensiveness
0,0,0.0,0.0,0.49855788342654705,0.4874555525649339
1,1,0.2573144600973143,0.3810284207776194,0.4414612647937611,0.44139390317257493
2,2,0.5354258825223317,0.6389693412349343,0.3797499182273168,0.4102120185829699
3,3,0.7963839107195514,0.6236025551067699,0.32184481250762476,0.4120696740131825
4,4,0.8532008246738805,0.8462415231566334,0.3092374616937013,0.3851553612528369
5,5,0.9995493350284853,0.9036606095598005,0.2767635576619068,0.3782140999659896
6,6,0.9995493350284853,0.9991727859818219,0.2767635576619068,0.36666785264387725
