,Set,F-Comp,F-SoftComp,Comprehensiveness,Soft-Comprehensiveness
0,0,0.0,0.0,0.5058597718924284,0.48738847896456716
1,1,0.29536698451824606,0.5534038013661027,0.5455849451897666,0.5513843935728073
2,2,0.19681513598494157,0.33341308679137716,0.5323302841512486,0.5259445484727621
3,3,0.5163349689391284,0.69107617959141,0.5753038776852191,0.567304901778698
4,4,0.8942609440348308,0.8507578257107626,0.6261327639222145,0.5857705736160278
5,5,1.000743525981139,1.0354949241033533,0.6404540633317083,0.6071336714923382
6,6,1.000743525981139,1.2784401678305692,0.6404540633317083,0.6352279907464982
