,Set,F-Comp,F-SoftComp,Comprehensiveness,Soft-Comprehensiveness
0,0,0.0,0.0,0.705256659849724,0.6052460131427879
1,1,0.29177921871285195,0.0778146816443529,0.5794866780761452,0.5794866780761452
2,2,0.689319395805065,0.5954579426972965,0.4081289609374275,0.4081289609374275
3,3,0.7321489890712478,0.6512270236743254,0.3896674776686044,0.3896674776686044
4,4,1.0232216459174739,1.0302372671050797,0.2642020558752718,0.2642020558752718
5,5,1.0064365040929713,1.0083810723052864,0.2714372078187424,0.2714372078187424
6,6,0.9997680056762367,0.9996979165749309,0.27431163091175653,0.27431163091175653
