,Set,F-Comp,F-SoftComp,Comprehensiveness,Soft-Comprehensiveness
0,0,0.0,0.0,0.49309010116383434,0.4839102292433381
1,1,0.4329441909941421,0.5910464726467821,0.6601401332579553,0.5889261791110039
2,2,0.6103801328983983,0.5981091330439628,0.7286031832452864,0.590181058421731
3,3,0.9342235876058426,1.2102648753970184,0.8535570702073164,0.6989476609230042
4,4,1.0244064045573074,0.9589212543376239,0.8883538010087796,0.6542894312739372
5,5,1.0002591703728319,0.8890064551328255,0.879036673468072,0.6418671102076768
6,6,1.0002591703728319,1.0611029385244577,0.879036673468072,0.6724448676407337
