,Set,F-Comp,F-SoftComp,Comprehensiveness,Soft-Comprehensiveness
0,0,0.0,0.0,0.4800236319703981,0.4794252435024828
1,1,0.3971746784279508,0.3515493596972217,0.3825470799719915,0.39103057119995355
2,2,0.6624226543560795,0.4817331231323327,0.3174486245005392,0.35829675789456816
3,3,0.9213423008807355,0.7401861151217506,0.2539032985805534,0.2933105279318988
4,4,0.9628103124107269,0.8206454414582502,0.24372601638780908,0.27307958286255596
5,5,0.9995925433652655,0.9794162395173232,0.23469874138012528,0.2331577560165897
6,6,0.9995925433652655,0.9996022957599819,0.23469874138012528,0.22808211079798638
