,Set,F-Comp,F-SoftComp,Comprehensiveness,Soft-Comprehensiveness
0,0,0.0,0.0,0.48075002805684275,0.46823320248206723
1,1,0.24738886554768333,0.31646067868934113,0.4326878950571544,0.4365325564130613
2,2,0.5063334108079232,0.4456646375109547,0.38238075149881723,0.42358987744807325
3,3,0.7047712713107704,0.6639847749889555,0.343828705825512,0.40172021124944635
4,4,0.8703235031133016,0.8075816932382962,0.31166560355462647,0.3873357540686192
5,5,0.9994852728122797,1.0261191056315009,0.2865723555622229,0.3654443229062847
6,6,0.9994852728122797,0.9990017216746925,0.2865723555622229,0.36816073808523336
