,Set,F-Comp,F-SoftComp,Comprehensiveness,Soft-Comprehensiveness
0,0,0.0,0.0,0.8878202089294462,0.9087044186965177
1,1,0.024201716137286514,0.03860288017917837,0.8870231978436038,0.9211789335394914
2,2,0.39282904449524575,0.32043631267149153,0.8748835600766309,0.8051554731231682
3,3,0.5882578371519733,0.5504594419806517,0.8684476977040351,0.7308235339653723
4,4,0.24261380651526857,0.7684774318808351,0.8798304493490013,0.6603710537768069
5,5,0.20169876099414616,0.9861552428612879,0.881177863915518,0.5900285023542754
6,6,0.17274746381929076,0.9999690546039945,0.8821312882374539,0.585564571196222
