,Set,F-Comp,F-SoftComp,Comprehensiveness,Soft-Comprehensiveness
0,0,0.0,0.0,0.5355095952935517,0.5469945812225342
1,1,0.524494256569135,0.23820468883518459,0.6591298190504312,0.5838944302499294
2,2,0.5005570376835919,0.5176537953595876,0.6534879567846655,0.627183375954628
3,3,0.903038113324377,0.8995870394524297,0.7483503885567189,0.6863479503989219
4,4,1.0243417045154297,0.8772809447159893,0.7769409343972802,0.6828925544023514
5,5,1.0004242786824271,0.999209428377623,0.7713037372380495,0.7017802709341049
6,6,1.0004242786824271,0.9756496396119444,0.7713037372380495,0.6981306675076485
