,Set,F-Comp,F-SoftComp,Comprehensiveness,Soft-Comprehensiveness
0,0,0.0,0.0,0.43479813840727244,0.6417348058024266
1,1,3.873590751739039e-07,0.05526339201643115,0.43479806847952945,0.6354152443070593
2,2,3.873590751739039e-07,0.4184619234118197,0.43479806847952945,0.6895873852764551
3,3,0.30445048720283296,,0.4897588629267966,
4,4,0.622768040327168,,0.5472229304266787,
5,5,0.9416874817144257,1.3012483595086275,0.6047956534104588,0.7905370911600746
6,6,1.000055394191009,1.0000874481434463,0.6153324825279894,0.7560982912614501
