,Set,F-Comp,F-SoftComp,Comprehensiveness,Soft-Comprehensiveness
0,0,0.0,0.0,0.3780345213599503,0.6646371409296989
1,1,0.10265206536267954,1.6514152256816812,0.3538381587713957,0.4465934783220291
2,2,0.6259816538147538,2.861268155424413,0.5255861465120688,0.28685124032199383
3,3,0.9704565350510663,0.7274864027252146,0.606783140450716,0.5685838907957077
4,4,1.324381614055604,0.2400072180985219,0.6902076629921794,0.63294792547822
5,5,1.0004242458550825,1.2352866002028353,0.6138469008728862,0.5015367828309536
6,6,1.0004242458550825,0.5457048205261512,0.6138469008728862,0.5925853177905083
