,Set,F-Comp,F-SoftComp,Comprehensiveness,Soft-Comprehensiveness
0,0,0.0,0.0,0.47018713639653287,0.45957764802780005
1,1,0.2731254286091335,0.2719772468867945,0.40985662777675314,0.41900473879370836
2,2,0.4371711195350524,0.5034365330960306,0.37362067559594286,0.38447620113752784
3,3,0.6690460892838823,0.7539026643448626,0.32240195556543766,0.347112268214114
4,4,0.9156413761869965,0.9239480188499506,0.26793167369579896,0.32174531265813855
5,5,0.9995472847240019,1.0603599079325712,0.24939774895645678,0.3013957162946463
6,6,0.9995472847240019,1.1099563759452127,0.24939774895645678,0.29399703490477985
