,Set,F-Comp,F-SoftComp,Comprehensiveness,Soft-Comprehensiveness
0,0,0.0,0.0,0.6566671480264111,1.0
1,1,0.6840180075928817,0.7638906739423618,0.31362327181292676,0.7685422449996413
2,2,0.8646658106526887,0.8006943396574315,0.22302606252429333,0.7573907882103724
3,3,0.9744992200335234,0.930563740269633,0.16794318740476974,0.7180405501012861
4,4,0.9998006033469704,1.0986238409099642,0.15525421648724694,0.6671185858382684
5,5,0.9998006033469704,1.234739669115619,0.15525421648724694,0.6258756893202354
6,6,0.9998006033469704,0.9996699654008391,0.15525421648724694,0.6971014651365897
