,Set,F-Comp,F-SoftComp,Comprehensiveness,Soft-Comprehensiveness
0,0,0.0,0.0,0.49733005228452387,0.5104627888835966
1,1,0.23474108257110496,0.14779093045067937,0.5864850655430928,0.5502383960783481
2,2,0.47316238818583267,0.5162762417249233,0.677037833002396,0.6494104288518429
3,3,0.42508815105943343,0.42099807491508895,0.6587791660428047,0.6237678070366383
4,4,0.6213598722624593,0.6767701227277504,0.7333234584797174,0.6926048356294632
5,5,1.0002632954379025,1.0003715617205466,0.87723154370673,0.7796970792859793
