,Set,F-Comp,F-SoftComp,Comprehensiveness,Soft-Comprehensiveness
0,0,0.0,0.0,0.5134259784128516,0.46331514599733054
1,1,0.19074735523404712,0.016732632125448003,0.4536801817454398,0.4602169180475175
2,2,0.4176301056173801,0.2792302211519495,0.382616073647514,0.41161264820024374
3,3,0.7421308879080377,0.854249361905348,0.2809760916233063,0.305141630358994
4,4,0.9010166890159976,1.081569069985932,0.23120995591627433,0.26305092592956497
5,5,0.9996807351046035,1.2197011345265076,0.20030644992133603,0.23747427905676888
6,6,0.9996807351046035,1.1028667831063839,0.20030644992133603,0.259107423821697
