,Set,F-Comp,F-SoftComp,Comprehensiveness,Soft-Comprehensiveness
0,0,0.0,0.0,0.6004271235031753,1.0
1,1,0.7847821124967437,1.5239433112383018,0.47008442205088313,0.6972100502685238
2,2,1.1965613047591266,1.320341431197021,0.40169293928560224,0.7376633942796209
3,3,0.8535716335528076,1.2801110419109658,0.4586593247362525,0.7456567083745554
4,4,0.9993979086640425,1.5618100938758352,0.4344393656698404,0.6896863575387759
5,5,0.9993979086640425,1.9711754356509654,0.4344393656698404,0.6083501881787874
6,6,0.9993979086640429,0.9994966995065095,0.43443936566984037,0.8014115399381622
