,Set,F-Comp,F-SoftComp,Comprehensiveness,Soft-Comprehensiveness
0,0,0.0,0.0,0.5158372650574893,0.4474076579511166
1,1,0.47683960207088105,0.12719405281021037,0.376247897753492,0.42113176664337515
2,2,0.6527994959378169,0.29545975442777933,0.32473764116177334,0.3863712476659566
3,3,0.7725424831625128,0.904229826002843,0.2896842442685738,0.2606108376570046
4,4,0.9317879979882348,0.9344209290413495,0.24306693193968384,0.2543739254400134
5,5,0.999658398335575,0.9778537756976031,0.223198644570075,0.24540151884779335
6,6,0.999658398335575,0.9972113205441571,0.223198644570075,0.24140261533670127
