,Set,F-Comp,F-SoftComp,Comprehensiveness,Soft-Comprehensiveness
0,0,0.0,0.0,0.47600204377435146,0.5221933284960687
1,1,0.18305494537645442,0.03294961947097871,0.547419174015522,0.5161599086970091
2,2,0.7191501538150533,0.6182546531553305,0.7565715749189258,0.6354022190719842
3,3,0.7627198514100059,0.8835895295371808,0.773569874316454,0.6839878088980913
4,4,1.0934792011355952,1.1018235778409675,0.9026124604605138,0.7239487446844578
5,5,1.0002563179796755,1.0815534254352,0.8662424472160637,0.7202370678633452
6,6,1.0002563179796755,1.0618996323857857,0.8662424472160637,0.7166382528841495
