,Set,F-Comp,F-SoftComp,Comprehensiveness,Soft-Comprehensiveness
0,0,0.0,0.0,0.530893139578402,0.4970415280945599
1,1,0.2789077755671541,0.3931422131913643,0.6032500881701708,0.5495897172391415
2,2,0.6811568773891419,0.6903550541252126,0.7076054347446188,0.5893157910555601
3,3,0.7756323020475369,0.6628656834930284,0.7321151617728173,0.5856415057741106
4,4,0.756276919787971,0.6563859963969723,0.727093801589217,0.5847754175961017
5,5,1.0003854609418934,1.0007481555874544,0.7904227967280895,0.6308035653457046
