,Set,F-Comp,F-SoftComp,Comprehensiveness,Soft-Comprehensiveness
0,0,0.0,0.0,0.45911065066233275,0.48143953358754515
1,1,0.34530756151525405,0.27565949701917913,0.3518012074707076,0.41028289483394476
2,2,0.5212706688787664,0.5032645006695168,0.2971180635783821,0.3515306762512773
3,3,0.7350889975434115,0.6484264294407599,0.23067084854352288,0.31405968382023275
4,4,0.938676668947206,0.9936161660501178,0.1674029619002249,0.22495503966696562
5,5,0.9996782132576174,1.1114290241428355,0.1484458277875092,0.19454372761538252
6,6,0.9996782132576174,0.9322348327135206,0.1484458277875092,0.24079954859800637
