,Set,F-Comp,F-SoftComp,Comprehensiveness,Soft-Comprehensiveness
0,0,0.0,0.0,0.22004963886082698,0.5385073985822203
1,1,3.90558378694504e-09,0.22877761885106412,0.22004963727388255,0.5917848452351971
2,2,3.90558378694504e-09,0.03511464191691446,0.22004963727388255,0.5466848526131791
3,3,0.17346224677598243,0.4823631422935132,0.2905320462452929,0.6508395257805334
4,4,0.4706114656985396,0.6591007403128216,0.411271819258399,0.691997957262325
5,5,0.7266646769534197,0.6074741116170079,0.5153131716748373,0.6799752123363676
6,6,1.0000246107153845,1.0000429408001366,0.6263867140283146,0.7713961518472451
