,Set,F-Comp,F-SoftComp,Comprehensiveness,Soft-Comprehensiveness
0,0,0.0,0.0,0.8548982010638551,0.9087044186965177
1,1,0.0,0.03860288017917837,0.8548982010638551,0.9211789335394914
2,2,0.0,0.32043631267149153,0.8548982010638551,0.8051554731231682
3,3,0.0,0.5504594419806517,0.8548982010638551,0.7308235339653723
4,4,0.0,0.7684774318808351,0.8548982010638551,0.6603710537768069
5,5,0.0,0.9861552428612879,0.8548982010638551,0.5900285023542754
6,6,8.409830590644358e-05,0.9999690546039945,0.8548982019047674,0.585564571196222
