,Set,F-Comp,F-SoftComp,Comprehensiveness,Soft-Comprehensiveness
0,0,0.0,0.0,0.5236521479114891,0.5563220644369722
1,1,0.16847348916031882,0.3564032326620033,0.5696792010776699,0.5258188295736909
2,2,0.5427376043324512,0.5086330169228389,0.6719283704459668,0.5998540836572647
3,3,0.5737117296114205,0.6065328090227791,0.6803905191086232,0.6082329648733139
4,4,0.6975726692272685,0.5184331308923482,0.7142293983371928,0.6006928391754627
5,5,1.000366031447966,1.2316261847986494,0.7969527173042298,0.6617323955893517
6,6,1.000366031447966,1.0852246476707705,0.7969527173042298,0.6492024293541908
