,Set,F-Comp,F-SoftComp,Comprehensiveness,Soft-Comprehensiveness
0,0,0.0,0.0,0.5161892279714811,0.4805832901550457
1,1,0.47419703939720703,0.3726390544246877,0.3609978718613274,0.3861756595480256
2,2,0.5359198424923637,0.5546781096308243,0.34079773411387576,0.3400562963844277
3,3,0.7467805886973843,0.753182708304772,0.2717889414913952,0.28976540872012263
4,4,0.8819817688874165,0.8464683584911132,0.22754139720462263,0.26613160786335355
5,5,0.9996944436524798,0.9078291430674537,0.18901734894956462,0.2505859311146196
6,6,0.9996944436524798,0.9996052871446633,0.18901734894956462,0.22733456171117722
