,Set,F-Comp,F-SoftComp,Comprehensiveness,Soft-Comprehensiveness
0,0,0.0,0.0,0.5939913373369405,0.8189299956276926
1,1,4.251227814678796e-11,0.13420465650646504,0.5939913373318617,0.8150704883340755
2,2,4.251227814678796e-11,0.43817185199480646,0.5939913373318617,0.8315311042825941
3,3,0.3310533129078618,0.2709002036088681,0.6335413762557534,0.8111393470847307
4,4,0.3953367671311067,,0.6412211456984251,
5,5,0.04625568144199165,4.364363925831819,0.5884652968778434,0.6934179989337766
6,6,1.0000837049272158,0.9996522751576907,0.71346861761098,0.790181624688222
