,Set,F-Comp,F-SoftComp,Comprehensiveness,Soft-Comprehensiveness
0,0,0.0,0.0,0.8878202089294462,0.9044884595432124
1,1,0.024201716137286514,0.02382151951572072,0.8870231978436038,0.8967297126922499
2,2,0.39282904449524575,0.40670051876241947,0.8748835600766309,0.7720247698465775
3,3,0.5882578371519733,0.7414361831180846,0.8684476977040351,0.6630002687012818
4,4,0.24261380651526857,0.6795740186619789,0.8798304493490013,0.6831489780794047
5,5,0.20169876099414616,1.2496544160662244,0.881177863915518,0.4974719273254971
6,6,0.17274746381929076,0.9999692972074314,0.8821312882374539,0.5787951875146472
