,Set,F-Comp,F-SoftComp,Comprehensiveness,Soft-Comprehensiveness
0,0,0.0,0.0,0.5383938982337714,0.47348653884604575
1,1,0.2852389958488546,0.13339841891128096,0.42706373310647905,0.4381821941304952
2,2,0.5909405966962353,0.5484968389490058,0.3077469138870947,0.32832498718984426
3,3,0.7670878463609359,0.7932540318698752,0.2389957870170474,0.2635491646500304
4,4,0.9052647115622292,0.9607061088573642,0.1850646855775267,0.21923240364529192
5,5,0.9997437900181656,1.0855394010221184,0.1481890424899757,0.1861948488187045
6,6,0.9997437900181656,0.9074480560679575,0.1481890424899757,0.233327328232117
