,Set,F-Comp,F-SoftComp,Comprehensiveness,Soft-Comprehensiveness
0,0,0.0,0.0,0.23751705318442654,0.24128709371021706
1,1,3.336640558557125e-09,0.053163081889000006,0.2375170515974821,0.26629794697674664
2,2,3.336640558557125e-09,0.04702358682921592,0.2375170515974821,0.26340958902956346
3,3,0.293147440447328,0.25193373900490784,0.3769413308870654,0.35981065470873147
4,4,0.5147102342197866,0.4666746171620851,0.48231913135622634,0.4608366374598585
5,5,0.8177293069436408,0.7960129535362317,0.6264384703488444,0.6157756009927658
6,6,1.0000210255663704,1.0000212560048722,0.7131384980255773,0.7117523867037668
