,0,1,2,3,4,5,accuracy,macro avg,weighted avg
precision,0.0,0.2894736842105263,0.0,0.05278592375366569,0.0,0.0,0.06527777777777778,0.057043267994032004,0.12168298005522114
recall,0.0,0.03728813559322034,0.0,0.8571428571428571,0.0,0.0,0.06527777777777778,0.14907183212267958,0.06527777777777778
f1-score,0.0,0.06606606606606606,0.0,0.09944751381215469,0.0,0.0,0.06527777777777778,0.027585596646370125,0.032869840374444424
support,232.0,295.0,53.0,42.0,28.0,70.0,0.06527777777777778,720.0,720.0
