,0,1,2,3,4,5,accuracy,macro avg,weighted avg,epoch,point,dev_loss,model-name
precision,0.6666666666666666,0.4444444444444444,1.0,0.5520833333333334,0.0,0.0,0.5328467153284672,0.44386574074074076,0.4865673154906732,3,46,10.157062292098999,/jmain02/home/J2AD003/txk58/zxz22-txk58/BP-rationales/BP-rationales/trained_models/evinf_conti/scibert10.pt
recall,0.15384615384615385,0.45714285714285713,0.3333333333333333,0.803030303030303,0.0,0.0,0.5328467153284672,0.2912254412254412,0.5328467153284672,3,46,10.157062292098999,/jmain02/home/J2AD003/txk58/zxz22-txk58/BP-rationales/BP-rationales/trained_models/evinf_conti/scibert10.pt
f1-score,0.25,0.4507042253521127,0.5,0.654320987654321,0.0,0.0,0.5328467153284672,0.30917086883440564,0.4759841830110155,3,46,10.157062292098999,/jmain02/home/J2AD003/txk58/zxz22-txk58/BP-rationales/BP-rationales/trained_models/evinf_conti/scibert10.pt
support,13.0,35.0,6.0,66.0,9.0,8.0,0.5328467153284672,137.0,137.0,3,46,10.157062292098999,/jmain02/home/J2AD003/txk58/zxz22-txk58/BP-rationales/BP-rationales/trained_models/evinf_conti/scibert10.pt
