,0,1,2,3,4,5,accuracy,macro avg,weighted avg,epoch,point,dev_loss,model-name
precision,0.6666666666666666,0.43478260869565216,0.0,0.5747126436781609,0.0,1.0,0.5328467153284672,0.4460269865067466,0.5095992149910445,3,23,9.575679858525595,/jmain02/home/J2AD003/txk58/zxz22-txk58/BP-rationales/BP-rationales/trained_models/evinf_conti/scibert25.pt
recall,0.15384615384615385,0.5714285714285714,0.0,0.7575757575757576,0.0,0.125,0.5328467153284672,0.26797508047508045,0.5328467153284672,3,23,9.575679858525595,/jmain02/home/J2AD003/txk58/zxz22-txk58/BP-rationales/BP-rationales/trained_models/evinf_conti/scibert25.pt
f1-score,0.25,0.49382716049382713,0.0,0.6535947712418301,0.0,0.2222222222222222,0.5328467153284672,0.26994069232631324,0.47772980508775553,3,23,9.575679858525595,/jmain02/home/J2AD003/txk58/zxz22-txk58/BP-rationales/BP-rationales/trained_models/evinf_conti/scibert25.pt
support,13.0,35.0,6.0,66.0,9.0,8.0,0.5328467153284672,137.0,137.0,3,23,9.575679858525595,/jmain02/home/J2AD003/txk58/zxz22-txk58/BP-rationales/BP-rationales/trained_models/evinf_conti/scibert25.pt
