,0,1,2,3,4,5,accuracy,macro avg,weighted avg
precision,0.0,0.3891625615763547,0.0,0.06042884990253411,0.0,0.0,0.1527777777777778,0.07493190191314814,0.16297356577907093
recall,0.0,0.2677966101694915,0.0,0.7380952380952381,0.0,0.0,0.1527777777777778,0.16764864137745494,0.1527777777777778
f1-score,0.0,0.3172690763052209,0.0,0.11171171171171171,0.0,0.0,0.1527777777777778,0.0714967980028221,0.13650870750268343
support,232.0,295.0,53.0,42.0,28.0,70.0,0.1527777777777778,720.0,720.0
