,0,1,2,3,4,5,accuracy,macro avg,weighted avg,epoch,point,dev_loss,model-name
precision,0.0,0.23809523809523808,0.0,0.49137931034482757,0.0,0.0,0.45255474452554745,0.12157909140667761,0.2975501300444668,3,0,10.953677389356825,/jmain02/home/J2AD003/txk58/zxz22-txk58/BP-rationales/BP-rationales/trained_models/evinf_conti/scibert15.pt
recall,0.0,0.14285714285714285,0.0,0.8636363636363636,0.0,0.0,0.45255474452554745,0.16774891774891776,0.45255474452554745,3,0,10.953677389356825,/jmain02/home/J2AD003/txk58/zxz22-txk58/BP-rationales/BP-rationales/trained_models/evinf_conti/scibert15.pt
f1-score,0.0,0.17857142857142855,0.0,0.6263736263736264,0.0,0.0,0.45255474452554745,0.13415750915750915,0.3473770754792653,3,0,10.953677389356825,/jmain02/home/J2AD003/txk58/zxz22-txk58/BP-rationales/BP-rationales/trained_models/evinf_conti/scibert15.pt
support,13.0,35.0,6.0,66.0,9.0,8.0,0.45255474452554745,137.0,137.0,3,0,10.953677389356825,/jmain02/home/J2AD003/txk58/zxz22-txk58/BP-rationales/BP-rationales/trained_models/evinf_conti/scibert15.pt
