,0,1,2,3,4,5,accuracy,macro avg,weighted avg
precision,0.0,0.42857142857142855,0.0,0.056640625,0.0,0.0,0.16111111111111112,0.0808686755952381,0.1788992745535714
recall,0.0,0.29491525423728815,0.0,0.6904761904761905,0.0,0.0,0.16111111111111112,0.16423190745224645,0.16111111111111112
f1-score,0.0,0.34939759036144574,0.0,0.10469314079422382,0.0,0.0,0.16111111111111112,0.07568178852594493,0.1492630570416443
support,232.0,295.0,53.0,42.0,28.0,70.0,0.16111111111111112,720.0,720.0
