,0,1,2,3,4,5,accuracy,macro avg,weighted avg,epoch,point,dev_loss,model-name
precision,0.0,0.0,0.0,0.48175182481751827,0.0,0.0,0.48175182481751827,0.08029197080291971,0.2320848207150088,3,0,10.785982767740885,/jmain02/home/J2AD003/txk58/zxz22-txk58/BP-rationales/BP-rationales/trained_models/evinf_conti/scibert20.pt
recall,0.0,0.0,0.0,1.0,0.0,0.0,0.48175182481751827,0.16666666666666666,0.48175182481751827,3,0,10.785982767740885,/jmain02/home/J2AD003/txk58/zxz22-txk58/BP-rationales/BP-rationales/trained_models/evinf_conti/scibert20.pt
f1-score,0.0,0.0,0.0,0.6502463054187192,0.0,0.0,0.48175182481751827,0.1083743842364532,0.3132573442163173,3,0,10.785982767740885,/jmain02/home/J2AD003/txk58/zxz22-txk58/BP-rationales/BP-rationales/trained_models/evinf_conti/scibert20.pt
support,13.0,35.0,6.0,66.0,9.0,8.0,0.48175182481751827,137.0,137.0,3,0,10.785982767740885,/jmain02/home/J2AD003/txk58/zxz22-txk58/BP-rationales/BP-rationales/trained_models/evinf_conti/scibert20.pt
