,0,1,2,3,4,5,accuracy,macro avg,weighted avg
precision,0.0,0.3007518796992481,0.0,0.028960817717206135,0.0,0.0,0.07916666666666666,0.05495211623607571,0.12491410952139008
recall,0.0,0.13559322033898305,0.0,0.40476190476190477,0.0,0.0,0.07916666666666666,0.09005918751681463,0.07916666666666666
f1-score,0.0,0.18691588785046728,0.0,0.05405405405405405,0.0,0.0,0.07916666666666666,0.04016165698408689,0.07973674609188627
support,232.0,295.0,53.0,42.0,28.0,70.0,0.07916666666666666,720.0,720.0
