,0,1,2,3,4,5,accuracy,macro avg,weighted avg
precision,0.2857142857142857,0.3793103448275862,0.0,0.06365159128978225,0.0,0.0,0.11666666666666667,0.12144603697194235,0.251188378950032
recall,0.008620689655172414,0.14915254237288136,0.0,0.9047619047619048,0.0,0.0,0.11666666666666667,0.17708918946499308,0.11666666666666667
f1-score,0.016736401673640166,0.21411192214111924,0.0,0.11893583724569641,0.0,0.0,0.11666666666666667,0.058297360176742634,0.10005717692254715
support,232.0,295.0,53.0,42.0,28.0,70.0,0.11666666666666667,720.0,720.0
