,0,1,2,3,4,5,accuracy,macro avg,weighted avg
precision,0.0,0.40350877192982454,0.0,0.05731523378582202,0.0,0.0,0.08472222222222223,0.07680400095260777,0.16866989935875384
recall,0.0,0.07796610169491526,0.0,0.9047619047619048,0.0,0.0,0.08472222222222223,0.16378800107613667,0.08472222222222223
f1-score,0.0,0.13068181818181818,0.0,0.1078014184397163,0.0,0.0,0.08472222222222223,0.03974720610358908,0.05983166102514506
support,232.0,295.0,53.0,42.0,28.0,70.0,0.08472222222222223,720.0,720.0
