,TopK sufficiency @ 0.02,Soff(ZEROOUT) sufficiency @ 0.02,Soff(NOISE) sufficiency @ 0.02,Soff(ATTENTION) sufficiency @ 0.02
0,-0.018019433464929867,-0.0183255005282673,0.00045470805054092665,-0.016941126225609768
1,-0.01904095132658962,-0.016648863069054495,-0.0004603892629774663,-0.021013588759051897
2,-0.005231864295087662,-0.002478333518292007,0.0009046722433918634,-0.005464201887293249
3,0.043828013930019546,0.04418431113367202,-0.0009260873142493672,0.0380549370977956
4,0.01503234296092458,0.017393986524365506,-0.001387321209336067,0.010053895690937223
