,TopK sufficiency @ 0.1,Soff(ZEROOUT) sufficiency @ 0.1,Soff(NOISE) sufficiency @ 0.1,Soff(ATTENTION) sufficiency @ 0.1
0,0.024218865923245424,0.023878872564404116,0.0004532693033835303,0.012603368719919404
1,0.02399782839970094,0.02646486053952253,-0.0004586523203645917,0.010506986563300225
2,0.00853612768085954,0.011413302569864787,0.0009020143596661428,0.007129097576304541
3,0.08435146066824084,0.08465821627014267,-0.0009238651109786297,0.06476192856759846
4,0.045034956916511125,0.04746523599790909,-0.0013849572449889868,0.028210621784017346
