,TopK sufficiency @ 0.05,Soff(ZEROOUT) sufficiency @ 0.05,Soff(NOISE) sufficiency @ 0.05,Soff(ATTENTION) sufficiency @ 0.05
0,-0.00930041692477376,-0.009632502359663932,0.0004539796115097528,-0.012523185977162858
1,-0.010596085908253007,-0.008184664927624201,-0.00045950833664384243,-0.012628437542522086
2,0.0009132617572604031,0.003687414545163111,0.0009033274760140183,-0.006365257964357716
3,0.05668235523731623,0.05698921787172589,-0.0009257798514024598,0.04599007951569613
4,0.029790936730586907,0.032163298312073894,-0.0013860839010117329,0.02018872058925227
