,TopK sufficiency @ 0.5,Soff(ZEROOUT) sufficiency @ 0.5,Soff(NOISE) sufficiency @ 0.5,Soff(ATTENTION) sufficiency @ 0.5
0,0.20255988624629748,0.20250234985437315,0.00045190004587837795,0.21346001307306983
1,0.20165899851474242,0.2034066448806905,-0.00045701050798414465,0.21476446082700057
2,0.059558478314980776,0.06140355546935095,0.0008994779444576414,0.06450703941484782
3,0.20240782736259483,0.20289261242203147,-0.0009202045315118366,0.2066433048937609
4,0.1071899360157121,0.10883622781322772,-0.0013830133246851843,0.11331013281001022
