,TopK comprehensiveness @ 0.5,Soff(ZEROOUT) comprehensiveness @ 0.5,Soff(NOISE) comprehensiveness @ 0.5,Soff(ATTENTION) comprehensiveness @ 0.5
0,0.1768117521715296,0.02086765513454146,0.1109179877976209,0.17731544548159114
1,0.1782183149474138,0.020318506315211423,0.11287443397277586,0.1767440524950026
2,0.04316870973819825,0.018671059857221308,0.017728091548239174,0.041846218123518145
3,0.2496584506729995,0.047226798462383306,0.14403995070395434,0.24768520544061684
4,0.171249783042127,0.0356946732564525,0.09835924773449023,0.1677877156809354
