,TopK sufficiency @ 0.2,Soff(ZEROOUT) sufficiency @ 0.2,Soff(NOISE) sufficiency @ 0.2,Soff(ATTENTION) sufficiency @ 0.2
0,0.1450931784505596,0.14468361548236247,0.00045257635751797735,0.12279435083309166
1,0.146057217551551,0.14850228383368164,-0.00045782007032316033,0.12574223580326066
2,0.015203516268283604,0.018077027736082087,0.0009007315937551054,0.01593928842544972
3,0.13296101350303055,0.13336482813163505,-0.0009220075813857625,0.12308193344517808
4,0.07270809892923212,0.07505341349602629,-0.0013839355082560817,0.056654171088818754
