,TopK sufficiency @ 1.0,Soff(ZEROOUT) sufficiency @ 1.0,Soff(NOISE) sufficiency @ 1.0,Soff(ATTENTION) sufficiency @ 1.0
0,0.0003131073614500675,1.9082971824859892e-13,0.000451239678490073,-0.00028831951946818146
1,-0.00030982028636044044,9.497203804398878e-13,-0.00045622261566970434,-0.0033159009631694974
2,-0.0009253079835662625,7.606588493500027e-13,0.0008982522406409052,0.0009147365803789218
3,0.00018727693387945483,3.812151034162825e-13,-0.0009184533923884175,-0.005941702905210434
4,-0.002643155943875503,5.711576187294424e-13,-0.0013821856670726928,0.0022118207122604526
