,TopK sufficiency @ 0.01,Soff(ZEROOUT) sufficiency @ 0.01,Soff(NOISE) sufficiency @ 0.01,Soff(ATTENTION) sufficiency @ 0.01
0,-0.01801675090990255,-0.018322986544096156,0.00045545543248199223,-0.017605077238753455
1,-0.019038856202685504,-0.016645533377560567,-0.00046129631326670043,-0.016962495145542454
2,-0.0052779472950121595,-0.002478380450053073,0.0009060500335558188,-0.005348912512268673
3,0.043824803123865025,0.04418140885963742,-0.0009259923891640683,0.03139943971220517
4,0.015036519746218554,0.017399116745220957,-0.0013886753005617589,0.006272703954534561
