,TopK comprehensiveness @ 0.5,Soff(ZEROOUT) comprehensiveness @ 0.5,Soff(NOISE) comprehensiveness @ 0.5,Soff(ATTENTION) comprehensiveness @ 0.5
0,0.7259747391543108,0.786381109280615,0.7303679297089511,0.9654036243822076
1,0.7309170785282811,0.7973640856672158,0.7254255903349808,0.9654036243822076
2,0.6079077429983526,0.6540362438220758,0.6106534870950028,0.9681493684788578
3,0.7995606809445359,0.8407468423942889,0.785282811641955,0.9873695771554091
4,0.7100494233937397,0.7633168588687534,0.7062053816584294,0.9758374519494784
