,TopK sufficiency @ 0.01,Soff(ZEROOUT) sufficiency @ 0.01,Soff(NOISE) sufficiency @ 0.01,Soff(ATTENTION) sufficiency @ 0.01
0,0.7644151565074135,1.0,0.7402526084568918,0.7644151565074135
1,0.7265238879736409,0.49203734211971445,0.7495881383855024,0.7704557935200439
2,0.7089511257550797,1.0,0.7402526084568918,0.7501372872048325
3,0.7957166392092258,0.49203734211971445,0.7726523887973641,0.7984623833058759
4,0.7397034596375618,0.49203734211971445,0.7561779242174629,0.7808896210873146
