,TopK sufficiency @ 0.2,Soff(ZEROOUT) sufficiency @ 0.2,Soff(NOISE) sufficiency @ 0.2,Soff(ATTENTION) sufficiency @ 0.2
0,0.7435475013728721,1.0,0.757276221856123,0.7440966501922021
1,0.7391543108182317,0.49203734211971445,0.7550796265788029,0.7473915431081823
2,0.6436024162548051,1.0,0.6611751784733663,0.6540362438220758
3,0.7397034596375618,0.49203734211971445,0.7512355848434926,0.7413509060955519
4,0.7012630422844591,0.49203734211971445,0.7254255903349808,0.7062053816584294
