,TopK sufficiency @ 0.5,Soff(ZEROOUT) sufficiency @ 0.5,Soff(NOISE) sufficiency @ 0.5,Soff(ATTENTION) sufficiency @ 0.5
0,0.7605711147721033,1.0,0.7633168588687534,0.7605711147721033
1,0.7561779242174629,0.49203734211971445,0.7671609006040637,0.7622185612300933
2,0.6062602965403624,1.0,0.6221856123009335,0.6144975288303131
3,0.7721032399780341,0.49203734211971445,0.7550796265788029,0.7726523887973641
4,0.6617243272926964,0.49203734211971445,0.6803953871499177,0.6655683690280065
