,TopK sufficiency @ 0.05,Soff(ZEROOUT) sufficiency @ 0.05,Soff(NOISE) sufficiency @ 0.05,Soff(ATTENTION) sufficiency @ 0.05
0,0.7627677100494233,1.0,0.7375068643602416,0.7633168588687534
1,0.7353102690829215,0.49203734211971445,0.742449203734212,0.7688083470620538
2,0.7062053816584294,1.0,0.7309170785282811,0.742449203734212
3,0.7962657880285557,0.49203734211971445,0.7748489840746843,0.7990115321252059
4,0.7633168588687534,0.49203734211971445,0.7671609006040637,0.7929708951125755
