,TopK sufficiency @ 1.0,Soff(ZEROOUT) sufficiency @ 1.0,Soff(NOISE) sufficiency @ 1.0,Soff(ATTENTION) sufficiency @ 1.0
0,1.0,1.0,0.5809994508511807,1.0
1,0.45799011532125206,0.49203734211971445,0.600219659527732,1.0
2,0.45799011532125206,1.0,0.5919824272377814,1.0
3,1.0,0.49203734211971445,0.5788028555738605,1.0
4,0.45799011532125206,0.49203734211971445,0.5974739154310819,1.0
