,TopK sufficiency @ 0.1,Soff(ZEROOUT) sufficiency @ 0.1,Soff(NOISE) sufficiency @ 0.1,Soff(ATTENTION) sufficiency @ 0.1
0,0.7287204832509611,1.0,0.7369577155409116,0.728171334431631
1,0.7171883580450302,0.49203734211971445,0.7512355848434926,0.7342119714442614
2,0.6803953871499177,1.0,0.7166392092257001,0.6979681493684788
3,0.7748489840746843,0.49203734211971445,0.7836353651839648,0.7764964305326744
4,0.7342119714442614,0.49203734211971445,0.7622185612300933,0.7528830313014827
