,TopK sufficiency @ 0.02,Soff(ZEROOUT) sufficiency @ 0.02,Soff(NOISE) sufficiency @ 0.02,Soff(ATTENTION) sufficiency @ 0.02
0,0.7644151565074135,1.0,0.7325645249862712,0.7644151565074135
1,0.7265238879736409,0.49203734211971445,0.7248764415156508,0.7704557935200439
2,0.7089511257550797,1.0,0.7353102690829215,0.7501372872048325
3,0.7957166392092258,0.49203734211971445,0.7808896210873146,0.7984623833058759
4,0.7397034596375618,0.49203734211971445,0.7523338824821527,0.7808896210873146
