,Feature,TopK,Soft(ATTENTION limit),Soft(ZEROOUT limit),Soft(NOISE limit)
0,attention,0.7336628226249313,0.7457440966501923,0.7265238879736409,0.7435475013728721
1,scaled attention,0.7451949478308622,0.7473915431081823,0.742449203734212,0.7342119714442614
2,gradients,0.6512904997254256,0.6540362438220758,0.6606260296540363,0.6578802855573861
3,ig,0.7320153761669412,0.7413509060955519,0.6825919824272377,0.7451949478308622
4,deeplift,0.6996155958264689,0.7089511257550797,0.6375617792421746,0.7166392092257001
