,Feature,TopK,Soft(ATTENTION limit),Soft(ZEROOUT limit),Soft(NOISE limit)
0,attention,0.6534870950027457,0.6221856123009335,0.7067545304777595,0.7534321801208127
1,scaled attention,0.628226249313564,0.6232839099395936,0.6814936847885777,0.742998352553542
2,gradients,0.5365183964854475,0.5392641405820977,0.5475013728720484,0.71334431630972
3,ig,0.729269632070291,0.7199341021416804,0.7171883580450302,0.7655134541460736
4,deeplift,0.627677100494234,0.6079077429983526,0.7644151565074135,0.6227347611202636
