,Feature,TopK,Soft(ATTENTION2),Soft(ZEROOUT2),Soft(NOISE1)
0,attention,0.6902800658978583,0.0,0.39648544755628773,0.3745194947830862
1,scaled attention,0.6913783635365184,0.0,0.3646348160351455,0.3415705656232839
2,gradients,0.5584843492586491,0.0,0.39373970345963755,0.37287204832509613
3,ig,0.7084019769357496,0.0,0.5733113673805601,0.543108182317408
4,deeplift,0.6364634816035145,0.0,0.4063701263042284,0.5672707303679297
