,Feature,TopK,Soft(ATTENTION),Soft(ZEROOUT),Soft(NOISE)
0,attention,0.6611751784733663,0.4546952224052718,0.6946732564524987,0.4327292696320703
1,scaled attention,0.6589785831960461,0.45359692476661173,0.6441515650741351,0.3926414058209775
2,gradients,0.5590334980779791,1.0,0.4964305326743548,0.4656781987918726
3,ig,0.7364085667215815,0.45359692476661173,0.657331136738056,0.5496979681493684
4,deeplift,0.6359143327841845,0.45359692476661173,0.7732015376166941,0.5831960461285008
