,Feature,TopK,Soft(ATTENTION),Soft(ZEROOUT),Soft(NOISE1)
0,attention,0.6902800658978583,1.0,0.26578802855573863,0.3745194947830862
1,scaled attention,0.6913783635365184,1.0,0.24052718286655683,0.3415705656232839
2,gradients,0.5584843492586491,0.4557935200439319,0.2685337726523888,0.37287204832509613
3,ig,0.7084019769357496,1.0,0.4546952224052718,0.543108182317408
4,deeplift,0.6364634816035145,1.0,0.3245469522240527,0.5672707303679297
