,Feature,TopK,Soft(ATTENTION),Soft(ZEROOUT),Soft(NOISE)
0,attention,0.657331136738056,1.0,0.6738056013179572,0.43986820428336076
1,scaled attention,0.6578802855573861,1.0,0.642504118616145,0.39978034047226796
2,gradients,0.5540911587040088,1.0,0.4794069192751236,0.4783086216364635
3,ig,0.7364085667215815,1.0,0.6611751784733663,0.5749588138385503
4,deeplift,0.6348160351455244,1.0,0.7753981328940143,0.5980230642504119
