,Feature,D - TopK comprehensiveness @ 0.2,ABS D - TopK comprehensiveness @ 0.2,TopK comprehensiveness @ 0.2,D - Soff(ZEROOUT) comprehensiveness @ 0.2,ABS D - Soff(ZEROOUT) comprehensiveness @ 0.2,Soff(ZEROOUT) comprehensiveness @ 0.2,D - Soff(NOISE) comprehensiveness @ 0.2,ABS D - Soff(NOISE) comprehensiveness @ 0.2,Soff(NOISE) comprehensiveness @ 0.2,D - Soff(ATTENTION) comprehensiveness @ 0.2,ABS D - Soff(ATTENTION) comprehensiveness @ 0.2,Soff(ATTENTION) comprehensiveness @ 0.2
0,attention,0.6644700713893466,0.29732285259488944,1.7807007230768332,0.6617243272926964,0.29526009432003136,1.7761619253750303,0.6611751784733663,0.8704008786381109,1.6909957431508502,0.9192751235584844,0.2979726789249826,1.0400262467191599
1,scaled attention,0.671609006040637,0.2980441852363494,1.7835418169149961,0.6628226249313564,0.2955932746916796,1.7776149519593192,0.6606260296540363,0.8704008786381109,1.6831747549280325,0.9203734211971444,0.29684246637889383,1.0400262467191599
2,gradients,0.5447556287753982,0.19969320073983832,1.223133317286147,0.543108182317408,0.19817024056471694,1.2226861655328938,0.5387149917627677,0.8347062053816584,1.1851499926845093,0.8918176825919825,0.2051881566665914,0.9973753280839898
3,ig,0.6941241076331686,0.3272948090169165,1.9585018311678335,0.7034596375617792,0.32823391045948974,1.9630285018944276,0.6996155958264689,0.9308072487644151,1.8935035668125126,0.9621087314662273,0.3330648386586808,1.1122047244094495
4,deeplift,0.5919824272377814,0.2340340800985258,1.4556302718550005,0.598572213069742,0.233695630610268,1.4545483144675027,0.5996705107084019,0.885227896760022,1.3957008891274563,0.9335529928610653,0.2407875207685206,1.0577427821522318
