,Feature,D - TopK sufficiencies @ 0.2,ABS D - TopK sufficiencies @ 0.2,TopK sufficiencies @ 0.2,D - Soff(ZEROOUT) sufficiencies @ 0.2,ABS D - Soff(ZEROOUT) sufficiencies @ 0.2,Soff(ZEROOUT) sufficiencies @ 0.2,D - Soff(NOISE) sufficiencies @ 0.2,ABS D - Soff(NOISE) sufficiencies @ 0.2,Soff(NOISE) sufficiencies @ 0.2,D - Soff(ATTENTION) sufficiencies @ 0.2,ABS D - Soff(ATTENTION) sufficiencies @ 0.2,Soff(ATTENTION) sufficiencies @ 0.2
0,attention,0.7446457990115322,0.3940234455299477,1.4600067710291167,0.7435475013728721,0.3952894040960309,1.4606667447816846,0.7353102690829215,0.39448731939171444,1.3957353872596205,0.7440966501922021,0.3715858847306564,1.4603714139619812
1,scaled attention,0.7402526084568918,0.39469347667488985,1.4669807039225191,0.7457440966501923,0.39876145402306223,1.4688880913989864,0.729818780889621,0.39920799433196363,1.3806004229961162,0.7473915431081823,0.36885039542580933,1.4725221038827963
2,gradients,0.6523887973640856,0.24765429959543667,1.0511242013670608,0.6512904997254256,0.24874079054957893,1.0525557041025202,0.6562328390993959,0.24986290838762973,1.056713548718329,0.6540362438220758,0.2442044006855293,1.0575196216333462
3,ig,0.7408017572762219,0.3712580617952275,1.4221630926674182,0.7336628226249313,0.36765080353628493,1.417843503470641,0.7397034596375618,0.37242227605225053,1.4297250483098356,0.7413509060955519,0.3690255145691113,1.4243559596922168
4,deeplift,0.7062053816584294,0.3190416114389263,1.235924497772571,0.7012630422844591,0.3164496015937051,1.2333975853353247,0.7067545304777595,0.31997432478199705,1.2362673935190929,0.7062053816584294,0.31783889751365074,1.2388138143952514
