,sci25,sci10,sci20,sci5,mean-f1,std-f1,mean-ece,std-ece
model,/home/cass/PycharmProjects/BP-rationales/trained_models/evinf/scibert25.pt,/home/cass/PycharmProjects/BP-rationales/trained_models/evinf/scibert10.pt,/home/cass/PycharmProjects/BP-rationales/trained_models/evinf/scibert20.pt,/home/cass/PycharmProjects/BP-rationales/trained_models/evinf/scibert5.pt,0.8039026252313253,0.025447862853696747,0.12430287294296755,0.013710058591229838
f1,0.8254403829254487,0.8327949999795337,0.7755149070338945,0.7818602109864244,0.8039026252313253,0.025447862853696747,0.12430287294296755,0.013710058591229838
loss,2.605802758374355,3.0241909553736654,2.8846528745152886,2.536707733209348,0.8039026252313253,0.025447862853696747,0.12430287294296755,0.013710058591229838
ece-score,0.1137655043353637,0.12661225762632158,0.14576107967231006,0.11107265013787485,0.8039026252313253,0.025447862853696747,0.12430287294296755,0.013710058591229838
