{
    "ece": 0.11309444804986317,
    "refinement": 0.12072067553106879,
    "bins": {
        "1": {
            "acc": 0.0,
            "conf": 0.0
        },
        "2": {
            "acc": 0.0,
            "conf": 0.0
        },
        "3": {
            "acc": 0.0,
            "conf": 0.0
        },
        "4": {
            "acc": 0.0,
            "conf": 0.0
        },
        "5": {
            "acc": 0.0,
            "conf": 0.47099998593330383
        },
        "6": {
            "acc": 0.643,
            "conf": 0.5529999732971191
        },
        "7": {
            "acc": 0.5,
            "conf": 0.656000018119812
        },
        "8": {
            "acc": 0.607,
            "conf": 0.7480000257492065
        },
        "9": {
            "acc": 0.73,
            "conf": 0.8479999899864197
        },
        "10": {
            "acc": 0.878,
            "conf": 0.9860000014305115
        }
    }
}