{
    "ece": 0.13540526214573118,
    "refinement": 0.14969452862112637,
    "bins": {
        "1": {
            "acc": 0.0,
            "conf": 0.0
        },
        "2": {
            "acc": 0.0,
            "conf": 0.0
        },
        "3": {
            "acc": 0.0,
            "conf": 0.0
        },
        "4": {
            "acc": 0.0,
            "conf": 0.39399999380111694
        },
        "5": {
            "acc": 0.167,
            "conf": 0.460999995470047
        },
        "6": {
            "acc": 0.241,
            "conf": 0.5440000295639038
        },
        "7": {
            "acc": 0.522,
            "conf": 0.652999997138977
        },
        "8": {
            "acc": 0.595,
            "conf": 0.7509999871253967
        },
        "9": {
            "acc": 0.643,
            "conf": 0.8529999852180481
        },
        "10": {
            "acc": 0.86,
            "conf": 0.9700000286102295
        }
    }
}