,sci25,sci10,sci20,mean-f1,std-f1,mean-ece,std-ece
model,/home/cass/PycharmProjects/BP-rationales/trained_models/evinf/scibert25.pt,/home/cass/PycharmProjects/BP-rationales/trained_models/evinf/scibert10.pt,/home/cass/PycharmProjects/BP-rationales/trained_models/evinf/scibert20.pt,0.8112500966462922,0.025446354427547873,0.1287129124005635,0.013146329978917803
f1,0.8254403829254487,0.8327949999795337,0.7755149070338945,0.8112500966462922,0.025446354427547873,0.1287129124005635,0.013146329978917803
loss,2.6058027655351905,3.0241909672350933,2.8846528835905096,0.8112500966462922,0.025446354427547873,0.1287129124005635,0.013146329978917803
ece-score,0.11376551021304394,0.12661214934455023,0.14576107764409643,0.8112500966462922,0.025446354427547873,0.1287129124005635,0.013146329978917803
