{
    "ece": 0.11376551021304394,
    "refinement": 0.11722619113055249,
    "bins": {
        "1": {
            "acc": 0.0,
            "conf": 0.0
        },
        "2": {
            "acc": 0.0,
            "conf": 0.0
        },
        "3": {
            "acc": 0.0,
            "conf": 0.0
        },
        "4": {
            "acc": 0.0,
            "conf": 0.0
        },
        "5": {
            "acc": 0.286,
            "conf": 0.46000000834465027
        },
        "6": {
            "acc": 0.333,
            "conf": 0.5619999766349792
        },
        "7": {
            "acc": 0.375,
            "conf": 0.6449999809265137
        },
        "8": {
            "acc": 0.609,
            "conf": 0.7620000243186951
        },
        "9": {
            "acc": 0.596,
            "conf": 0.8579999804496765
        },
        "10": {
            "acc": 0.894,
            "conf": 0.9850000143051147
        }
    }
}