{
    "ece": 0.1110726277033488,
    "refinement": 0.1366677154643276,
    "bins": {
        "1": {
            "acc": 0.0,
            "conf": 0.0
        },
        "2": {
            "acc": 0.0,
            "conf": 0.0
        },
        "3": {
            "acc": 0.0,
            "conf": 0.0
        },
        "4": {
            "acc": 0.0,
            "conf": 0.382999986410141
        },
        "5": {
            "acc": 0.565,
            "conf": 0.47200000286102295
        },
        "6": {
            "acc": 0.526,
            "conf": 0.5569999814033508
        },
        "7": {
            "acc": 0.333,
            "conf": 0.6439999938011169
        },
        "8": {
            "acc": 0.564,
            "conf": 0.7620000243186951
        },
        "9": {
            "acc": 0.636,
            "conf": 0.8510000109672546
        },
        "10": {
            "acc": 0.904,
            "conf": 0.9769999980926514
        }
    }
}