{
    "ece": 0.12661214934455023,
    "refinement": 0.11919518238168418,
    "bins": {
        "1": {
            "acc": 0.0,
            "conf": 0.0
        },
        "2": {
            "acc": 0.0,
            "conf": 0.0
        },
        "3": {
            "acc": 0.0,
            "conf": 0.0
        },
        "4": {
            "acc": 0.0,
            "conf": 0.3869999945163727
        },
        "5": {
            "acc": 0.5,
            "conf": 0.4580000042915344
        },
        "6": {
            "acc": 0.4,
            "conf": 0.5669999718666077
        },
        "7": {
            "acc": 0.5,
            "conf": 0.6330000162124634
        },
        "8": {
            "acc": 0.611,
            "conf": 0.7599999904632568
        },
        "9": {
            "acc": 0.423,
            "conf": 0.8399999737739563
        },
        "10": {
            "acc": 0.879,
            "conf": 0.9929999709129333
        }
    }
}