{
    "ece": 0.10191737819049096,
    "refinement": 0.13130640374635527,
    "bins": {
        "1": {
            "acc": 0.0,
            "conf": 0.0
        },
        "2": {
            "acc": 0.0,
            "conf": 0.0
        },
        "3": {
            "acc": 0.0,
            "conf": 0.0
        },
        "4": {
            "acc": 0.0,
            "conf": 0.0
        },
        "5": {
            "acc": 0.083,
            "conf": 0.4449999928474426
        },
        "6": {
            "acc": 0.565,
            "conf": 0.5540000200271606
        },
        "7": {
            "acc": 0.741,
            "conf": 0.6489999890327454
        },
        "8": {
            "acc": 0.738,
            "conf": 0.7549999952316284
        },
        "9": {
            "acc": 0.675,
            "conf": 0.8519999980926514
        },
        "10": {
            "acc": 0.879,
            "conf": 0.9750000238418579
        }
    }
}