,sci15,sci20,sci5,sci25,sci10,mean-f1,std-f1,mean-ece,std-ece
model,/jmain02/home/J2AD003/txk58/zxz22-txk58/BP-rationales/BP-rationales/trained_models/evinf/scibert15.pt,/jmain02/home/J2AD003/txk58/zxz22-txk58/BP-rationales/BP-rationales/trained_models/evinf/scibert20.pt,/jmain02/home/J2AD003/txk58/zxz22-txk58/BP-rationales/BP-rationales/trained_models/evinf/scibert5.pt,/jmain02/home/J2AD003/txk58/zxz22-txk58/BP-rationales/BP-rationales/trained_models/evinf/scibert25.pt,/jmain02/home/J2AD003/txk58/zxz22-txk58/BP-rationales/BP-rationales/trained_models/evinf/scibert10.pt,0.8233683533356848,0.022507960173937438,0.11575790034400094,0.012710418066004649
f1,0.8502912269248903,0.7922774422110203,0.8014797877220294,0.8330074890366738,0.8397858207838104,0.8233683533356848,0.022507960173937438,0.11575790034400094,0.012710418066004649
loss,2.5450283507506053,2.460383488568995,2.7478890200455983,2.5851478811767366,2.7882126539945604,0.8233683533356848,0.022507960173937438,0.11575790034400094,0.012710418066004649
ece-score,0.0931403391063213,0.11708371461265621,0.12726539054678543,0.11309444780151048,0.12820560965273115,0.8233683533356848,0.022507960173937438,0.11575790034400094,0.012710418066004649
