,sci15,sci20,sci5,sci25,sci10,mean-f1,std-f1,mean-ece,std-ece
model,/jmain02/home/J2AD003/txk58/zxz22-txk58/BP-rationales/BP-rationales/trained_models/evinf/scibert15.pt,/jmain02/home/J2AD003/txk58/zxz22-txk58/BP-rationales/BP-rationales/trained_models/evinf/scibert20.pt,/jmain02/home/J2AD003/txk58/zxz22-txk58/BP-rationales/BP-rationales/trained_models/evinf/scibert5.pt,/jmain02/home/J2AD003/txk58/zxz22-txk58/BP-rationales/BP-rationales/trained_models/evinf/scibert25.pt,/jmain02/home/J2AD003/txk58/zxz22-txk58/BP-rationales/BP-rationales/trained_models/evinf/scibert10.pt,0.8233683533356848,0.022507960173937438,0.11575792582498656,0.012710422488422895
f1,0.8502912269248903,0.7922774422110203,0.8014797877220294,0.8330074890366738,0.8397858207838104,0.8233683533356848,0.022507960173937438,0.11575792582498656,0.012710422488422895
loss,2.5450283610158495,2.460383514066537,2.747889028655158,2.5851478788587783,2.788212651014328,0.8233683533356848,0.022507960173937438,0.11575792582498656,0.012710422488422895
ece-score,0.09314033430483604,0.11708384673628545,0.12726539054678543,0.11309444804986317,0.12820560948716267,0.8233683533356848,0.022507960173937438,0.11575792582498656,0.012710422488422895
