,sci10,sci15,sci5,mean-f1,std-f1,mean-ece,std-ece
model,/jmain01/home/JAD009/txk20/gxc78-txk20/variable_rationale_2021/trained_models/evinf/scibert10.pt,/jmain01/home/JAD009/txk20/gxc78-txk20/variable_rationale_2021/trained_models/evinf/scibert15.pt,/jmain01/home/JAD009/txk20/gxc78-txk20/variable_rationale_2021/trained_models/evinf/scibert5.pt,0.7745528728854726,0.02739088037096029,0.13385682925581935,0.026380569447528205
f1,0.7517746023729112,0.8130759957880027,0.7588080204955038,0.7745528728854726,0.02739088037096029,0.13385682925581935,0.026380569447528205
loss,3.2818275305959914,2.4337088740534254,2.7793769664234587,0.7745528728854726,0.02739088037096029,0.13385682925581935,0.026380569447528205
ece-score,0.16652401764359742,0.10191737819049096,0.1331290919333697,0.7745528728854726,0.02739088037096029,0.13385682925581935,0.026380569447528205
