,sci10,sci15,sci5,mean-f1,std-f1,mean-ece,std-ece
model,/jmain01/home/JAD009/txk20/gxc78-txk20/variable_rationale_2021/trained_models/evinf/scibert10.pt,/jmain01/home/JAD009/txk20/gxc78-txk20/variable_rationale_2021/trained_models/evinf/scibert15.pt,/jmain01/home/JAD009/txk20/gxc78-txk20/variable_rationale_2021/trained_models/evinf/scibert5.pt,0.8305189451435767,0.020976898203536726,0.1162037973326665,0.01631280982442291
f1,0.8397858207838104,0.8502912269248903,0.8014797877220294,0.8305189451435767,0.020976898203536726,0.1162037973326665,0.01631280982442291
loss,2.7882126414113575,2.5450283805529277,2.747889028655158,0.8305189451435767,0.020976898203536726,0.1162037973326665,0.01631280982442291
ece-score,0.12820561610990097,0.09314038794901633,0.12726538793908224,0.8305189451435767,0.020976898203536726,0.1162037973326665,0.01631280982442291
