{
    "sci10": {
        "model": "/jmain01/home/JAD009/txk20/gxc78-txk20/variable_rationale_2021/trained_models/evinf/scibert10.pt",
        "f1": 0.7517746023729112,
        "loss": 3.2818275305959914,
        "ece-score": 0.16652401764359742
    },
    "sci15": {
        "model": "/jmain01/home/JAD009/txk20/gxc78-txk20/variable_rationale_2021/trained_models/evinf/scibert15.pt",
        "f1": 0.8130759957880027,
        "loss": 2.4337088740534254,
        "ece-score": 0.10191737819049096
    },
    "sci5": {
        "model": "/jmain01/home/JAD009/txk20/gxc78-txk20/variable_rationale_2021/trained_models/evinf/scibert5.pt",
        "f1": 0.7588080204955038,
        "loss": 2.7793769664234587,
        "ece-score": 0.1331290919333697
    },
    "mean-f1": 0.7745528728854726,
    "std-f1": 0.02739088037096029,
    "mean-ece": 0.13385682925581935,
    "std-ece": 0.026380569447528205
}