{
    "sci10": {
        "model": "/jmain01/home/JAD009/txk20/gxc78-txk20/variable_rationale_2021/trained_models/evinf/scibert10.pt",
        "f1": 0.8397858207838104,
        "loss": 2.7882126414113575,
        "ece-score": 0.12820561610990097
    },
    "sci15": {
        "model": "/jmain01/home/JAD009/txk20/gxc78-txk20/variable_rationale_2021/trained_models/evinf/scibert15.pt",
        "f1": 0.8502912269248903,
        "loss": 2.5450283805529277,
        "ece-score": 0.09314038794901633
    },
    "sci5": {
        "model": "/jmain01/home/JAD009/txk20/gxc78-txk20/variable_rationale_2021/trained_models/evinf/scibert5.pt",
        "f1": 0.8014797877220294,
        "loss": 2.747889028655158,
        "ece-score": 0.12726538793908224
    },
    "mean-f1": 0.8305189451435767,
    "std-f1": 0.020976898203536726,
    "mean-ece": 0.1162037973326665,
    "std-ece": 0.01631280982442291
}