,Feature,TopK,Soft(ATTENTION),Soft(ZEROOUT),Soft(NOISE)
0,attention,0.9152777777777777,0.9222222222222223,0.45416666666666666,0.4638888888888889
1,scaled attention,0.9138888888888889,0.9222222222222223,0.4041666666666667,0.4097222222222222
2,gradients,0.7125,1.0,0.33055555555555555,0.4263888888888889
3,ig,0.7375,0.9222222222222223,0.6805555555555556,0.6583333333333333
4,deeplift,0.7736111111111111,0.9222222222222223,0.7875,0.6305555555555555
