,Feature,TopK,Soft(ATTENTION),Soft(ZEROOUT),Soft(NOISE1)
0,attention,0.8263888888888888,1.0,0.26805555555555555,0.23333333333333334
1,scaled attention,0.8277777777777777,1.0,0.2763888888888889,0.20277777777777778
2,gradients,0.7111111111111111,1.0,0.28194444444444444,0.24305555555555555
3,ig,0.7263888888888889,1.0,0.5291666666666667,0.5930555555555556
4,deeplift,0.7222222222222222,1.0,0.6944444444444444,0.6013888888888889
