Data,SST,Ev.Inf,AG,M.RC,Average
Comp,0.37737506864360243,0.252,0.33244444444444443,0.46799999999999997,0.3574548782720117
Soft-Comp,0.43075233388248213,0.6373333333333333,0.6213333333333333,0.4880000000000001,0.5443547501372872
Suff,0.3640856672158154,0.3337777777777778,0.2528888888888889,0.2484444444444444,0.29979919458173165
Soft-Suff,0.46732564524986275,0.5546666666666666,0.25866666666666666,0.552,0.45816474464579904
Comp,0.12495710355793803,0.028344762855735194,0.10102676282584273,0.09834676617481009,0.0881688488535815
Soft-Comp,0.2899137263311467,0.47670499932630506,0.5530483212320588,0.16082945034470902,0.37012412430855485
Suff,0.11333051440593522,0.07131903041980334,0.046047813116869056,0.02603021012865897,0.06418189201781666
Soft-Suff,0.12773337119227351,0.12172413632812865,0.0780839857188861,0.11311262867640304,0.11016353047892283
