,attention,scaled attention,gradients,IG,DL,Average
Comp,0.34876508079144,0.3527753648511474,0.33339107716372957,0.4055143693941058,0.3486971860283228,0.35782861564574914
Soft-Comp,0.578093455144526,0.5460910588587689,0.5557076531376367,0.549315560880635,0.5795357196345664,0.5617486895312266
Soft-Suff,0.48683490589586137,0.49817432978882725,0.45898457391043884,0.4795956267784933,0.4393554989765863,0.47258898707004143
Suff,0.3556015675702661,0.343760670960012,0.27476577970811905,0.31435807831194984,0.2921260379744729,0.316122426904964
Comp,0.09784093143287285,0.09763641452953137,0.07435702268672803,0.10684876613432154,0.07244118846577545,0.08982486464984585
Soft-Comp,0.39230255319704127,0.3740977555357661,0.3809225459274128,0.3718736131886147,0.40288252151048526,0.384415797871864
Soft-Suff,0.10587419959994099,0.11883515255823623,0.10779783159778665,0.10896813903662811,0.1145741808126884,0.11120990072105608
Suff,0.07573072129681935,0.07473211137705259,0.05016197091808608,0.06638230513009592,0.05452889366254708,0.0643072004769202
