,attention,scaled attention,gradients,IG,DL,Average
Comp,0.35134083836719754,0.3548965769723595,0.33642138019403256,0.3999588138385502,0.3446567819879187,0.35745487827201167
Soft-Comp,0.5583964854475563,0.5357880285557386,0.5217682591982428,0.5320428336079078,0.5737781438769907,0.5443547501372872
Soft-Suff,0.47410763316858867,0.46393190554640307,0.4504997254255904,0.4689895661724327,0.4332948929159802,0.4581647446457991
Suff,0.35247025443895297,0.33573036792970895,0.2477960827384221,0.3033479773018488,0.2596512904997254,0.29979919458173165
Comp,0.09631469595417108,0.09629296866390637,0.0745853266072386,0.102727882549681,0.07092337049291064,0.08816884885358153
Soft-Comp,0.37820988602264327,0.3633024896077853,0.3524528200214102,0.35853661324233344,0.39811881264860244,0.37012412430855485
Soft-Suff,0.1050471463895449,0.11169563733486836,0.10715811304077284,0.10925803529326976,0.11765872033615823,0.11016353047892283
Suff,0.07643720344262286,0.07562882813761775,0.05046802657857264,0.06552907050006984,0.052846331430200226,0.06418189201781667
