Data,SST,Ev.Inf,AG,M.RC,Average
Comp,0.37737506864360243,0.31347222222222226,0.33244444444444443,0.46799999999999997,0.37282293382756726
Soft-Comp,0.43075233388248213,0.6283333333333333,0.6213333333333333,0.4880000000000001,0.5421047501372872
Suff,0.3640856672158154,0.3300462962962963,0.2528888888888889,0.2484444444444444,0.2988663242113613
Soft-Suff,0.46732564524986275,0.56,0.25866666666666666,0.552,0.45949807797913234
Comp,0.12495710355793818,0.03992797655057374,0.10102676282584273,0.09834676617481009,0.09106465227729119
Soft-Comp,0.28991372633114665,0.4820245873439101,0.5530483212320588,0.16082945034470902,0.3714540213129562
Suff,0.11333051440593538,0.07371591085103171,0.04604781311686906,0.026030210128658977,0.06478111212562378
Soft-Suff,0.12773337119227351,0.19746884237886494,0.07808398571888611,0.11311262867640304,0.1290997069916069
