Data,SST,Ev.Inf,AG,M.RC,Average
Comp,0.4087644151565074,0.3148888888888889,0.4161631578947369,0.4343646864686469,0.39354528710219505
Soft-Comp,0.43075233388248213,0.6283333333333333,0.6492894736842105,0.40614686468646866,0.5286305013966237
Suff,0.38449203734211973,0.3442222222222222,0.38506315789473683,0.2823844884488449,0.3490404764769809
Soft-Suff,0.46732564524986275,0.56,0.2937631578947369,0.5268976897689768,0.4619966232283941
