Data,SST,Ev.Inf,AG,M.RC,Average
Comp,0.37737506864360243,0.252,0.3339393939393939,0.46799999999999997,0.3578286156457491
Soft-Comp,0.43075233388248213,0.6373333333333333,0.6909090909090908,0.4880000000000001,0.5617486895312266
Suff,0.3640856672158154,0.3337777777777778,0.3181818181818182,0.2484444444444444,0.31612242690496395
Soft-Suff,0.46732564524986275,0.5546666666666666,0.3163636363636364,0.552,0.4725889870700415
Comp,0.12495710355793795,0.028344762855735194,0.10765082601090015,0.0983467661748101,0.08982486464984585
Soft-Comp,0.28991372633114654,0.47670499932630506,0.6102150154852953,0.16082945034470905,0.384415797871864
Suff,0.11333051440593518,0.07131903041980335,0.0465490469532833,0.02603021012865897,0.0643072004769202
Soft-Suff,0.12773337119227351,0.12172413632812865,0.08226946668741911,0.11311262867640304,0.11120990072105608
