,attention,scaled attention,gradients,IG,DL,Average
Comp,0.3708200050338642,0.3738896325279151,0.34845841723106963,0.4138477027274391,0.35709891161754836,0.3728229338275672
Soft-Comp,0.5530492632253341,0.528357473000183,0.5211432591982427,0.5391956113856856,0.5687781438769907,0.5421047501372872
Soft-Suff,0.46660763316858866,0.47136246110195856,0.44411083653670147,0.4766284550613216,0.43878100402709136,0.45949807797913234
Suff,0.34973877295747147,0.3345498123741534,0.2527382123680518,0.30595214396851544,0.2513526793886143,0.2988663242113613
Comp,0.10180881076085807,0.10167424231748533,0.07482645793319284,0.10352941803466258,0.07348433234025713,0.09106465227729119
Soft-Comp,0.37814134670208743,0.3609547189403228,0.35187478450138876,0.368423436703418,0.3978758197175637,0.37145402131295613
Soft-Suff,0.12173157238425004,0.13235447087674118,0.12322467516534973,0.1332799240379008,0.13490789249379276,0.1290997069916069
Suff,0.0768695005782486,0.07652287619047168,0.052009779668308574,0.06613154153925731,0.052371862651832746,0.06478111212562379
