{
    "fixed": {
        "gradients": {
            "f1 score - model labels": 72.071,
            "f1 score - actual labels": 64.506,
            "sufficiency": {
                "mean": 0.06995663928209953,
                "std": 0.17647964425810872
            },
            "comprehensiveness": {
                "mean": 0.45652262940522104,
                "std": 0.4153840868432387
            }
        },
        "ig-gradients": {
            "f1 score - model labels": 66.175,
            "f1 score - actual labels": 61.754,
            "sufficiency": {
                "mean": 0.06884655183323796,
                "std": 0.17414365590563094
            },
            "comprehensiveness": {
                "mean": 0.5197099837939274,
                "std": 0.41635497976696084
            }
        },
        "ig-gradients-deeplift": {
            "f1 score - model labels": 62.785,
            "f1 score - actual labels": 60.451,
            "sufficiency": {
                "mean": 0.06887036706483056,
                "std": 0.17568584912283705
            },
            "comprehensiveness": {
                "mean": 0.5511174370103827,
                "std": 0.41535683730263195
            }
        },
        "ig-attention-gradients-deeplift": {
            "f1 score - model labels": 59.217,
            "f1 score - actual labels": 58.374,
            "sufficiency": {
                "mean": 0.07303308966967294,
                "std": 0.18034146963133088
            },
            "comprehensiveness": {
                "mean": 0.5723274807311616,
                "std": 0.4132472215649075
            }
        },
        "deeplift-ig-scaled attention-gradients-attention": {
            "f1 score - model labels": 58.725,
            "f1 score - actual labels": 57.927,
            "sufficiency": {
                "mean": 0.07261338566020249,
                "std": 0.1802498595771616
            },
            "comprehensiveness": {
                "mean": 0.5771594096534953,
                "std": 0.41305346235040147
            }
        },
        "lime-deeplift-ig-scaled attention-gradients-attention": {
            "f1 score - model labels": 54.974,
            "f1 score - actual labels": 55.752,
            "sufficiency": {
                "mean": 0.0719261957254406,
                "std": 0.17879391929507144
            },
            "comprehensiveness": {
                "mean": 0.5966515235594979,
                "std": 0.4141291726312483
            }
        }
    },
    "variable": {
        "gradients": {
            "f1 score - model labels": 63.015,
            "f1 score - actual labels": 60.647,
            "sufficiency": {
                "mean": 0.055102506808002404,
                "std": 0.1566336759341278
            },
            "comprehensiveness": {
                "mean": 0.5184263742987794,
                "std": 0.42191787062233005
            }
        },
        "ig-gradients": {
            "f1 score - model labels": 55.965,
            "f1 score - actual labels": 57.323,
            "sufficiency": {
                "mean": 0.05401072471943796,
                "std": 0.15780628758537887
            },
            "comprehensiveness": {
                "mean": 0.5829334418065946,
                "std": 0.41536033724068044
            }
        },
        "ig-gradients-deeplift": {
            "f1 score - model labels": 52.602,
            "f1 score - actual labels": 55.61,
            "sufficiency": {
                "mean": 0.05327061096159417,
                "std": 0.15675636056301692
            },
            "comprehensiveness": {
                "mean": 0.6117068658320259,
                "std": 0.41144704173179225
            }
        },
        "ig-attention-gradients-deeplift": {
            "f1 score - model labels": 50.039,
            "f1 score - actual labels": 54.221,
            "sufficiency": {
                "mean": 0.054814908810633826,
                "std": 0.15831070162335453
            },
            "comprehensiveness": {
                "mean": 0.6265583477028539,
                "std": 0.4077071251485663
            }
        },
        "deeplift-ig-scaled attention-gradients-attention": {
            "f1 score - model labels": 49.571,
            "f1 score - actual labels": 54.02,
            "sufficiency": {
                "mean": 0.05499778917800398,
                "std": 0.15902655761812293
            },
            "comprehensiveness": {
                "mean": 0.6313361304092894,
                "std": 0.40696841254944915
            }
        },
        "lime-deeplift-ig-scaled attention-gradients-attention": {
            "f1 score - model labels": 45.117,
            "f1 score - actual labels": 51.039,
            "sufficiency": {
                "mean": 0.04873059459470461,
                "std": 0.15294078875910744
            },
            "comprehensiveness": {
                "mean": 0.6474675762374108,
                "std": 0.4058443784436259
            }
        }
    }
}