{
    "fixed-deeplift": {
        "comprehensiveness": {
            "mean": 0.39807987766183384,
            "std": 0.3931039370283217
        },
        "sufficiency": {
            "mean": 0.05774204492255909,
            "std": 0.1666182952126016
        }
    },
    "fixed-lime": {
        "comprehensiveness": {
            "mean": 0.4609141059713067,
            "std": 0.42621277861888324
        },
        "sufficiency": {
            "mean": 0.06288012827246499,
            "std": 0.17039732453732423
        }
    },
    "fixed-attention": {
        "comprehensiveness": {
            "mean": 0.4006206411208019,
            "std": 0.3953300656863879
        },
        "sufficiency": {
            "mean": 0.06720153366897764,
            "std": 0.16193428897148088
        }
    },
    "fixed-ig": {
        "comprehensiveness": {
            "mean": 0.4234508303754832,
            "std": 0.40226683857411233
        },
        "sufficiency": {
            "mean": 0.05987554334487772,
            "std": 0.16421872296762938
        }
    },
    "fixed-gradients": {
        "comprehensiveness": {
            "mean": 0.45011635439141484,
            "std": 0.41915979840125167
        },
        "sufficiency": {
            "mean": 0.06369513921917697,
            "std": 0.17068471727112902
        }
    },
    "fixed-scaled attention": {
        "comprehensiveness": {
            "mean": 0.4060713328308214,
            "std": 0.3952084284201808
        },
        "sufficiency": {
            "mean": 0.053150860000268876,
            "std": 0.1580066397619084
        }
    },
    "fixed-random": {
        "comprehensiveness": {
            "mean": 0.40351031774368357,
            "std": 0.3961550562355963
        },
        "sufficiency": {
            "mean": 0.06338792216830168,
            "std": 0.16935190098251168
        }
    },
    "fixed-fixed-len_var-feat": {
        "comprehensiveness": {
            "mean": 0.5892821017613051,
            "std": 0.4161110373470792
        },
        "sufficiency": {
            "mean": 0.06837186145880055,
            "std": 0.1704378063647378
        }
    },
    "fixed-fixed-len_var-feat_var-type": {
        "comprehensiveness": {
            "mean": 0.6540005639460292,
            "std": 0.404231765331047
        },
        "sufficiency": {
            "mean": 0.0737015370203949,
            "std": 0.1659801835035579
        }
    },
    "var-deeplift": {
        "comprehensiveness": {
            "mean": 0.46625049109628636,
            "std": 0.4052208640902139
        },
        "sufficiency": {
            "mean": 0.05081364836490831,
            "std": 0.15675962611869684
        }
    },
    "var-lime": {
        "comprehensiveness": {
            "mean": 0.5340095163434837,
            "std": 0.43183043182074476
        },
        "sufficiency": {
            "mean": 0.045508683356284746,
            "std": 0.14903680415803475
        }
    },
    "var-attention": {
        "comprehensiveness": {
            "mean": 0.43931555644769565,
            "std": 0.40019539551765865
        },
        "sufficiency": {
            "mean": 0.058012871343460455,
            "std": 0.1462434318363378
        }
    },
    "var-ig": {
        "comprehensiveness": {
            "mean": 0.4952764244983118,
            "std": 0.4133560994743225
        },
        "sufficiency": {
            "mean": 0.05141943635496585,
            "std": 0.15289548046080162
        }
    },
    "var-gradients": {
        "comprehensiveness": {
            "mean": 0.5092292346064478,
            "std": 0.4253999327452664
        },
        "sufficiency": {
            "mean": 0.05158218967519776,
            "std": 0.14884159595031368
        }
    },
    "var-scaled attention": {
        "comprehensiveness": {
            "mean": 0.4510746452986079,
            "std": 0.4025846895837361
        },
        "sufficiency": {
            "mean": 0.04723938251747062,
            "std": 0.14514443089548865
        }
    },
    "var-random": {
        "comprehensiveness": {
            "mean": 0.48033942697209253,
            "std": 0.4097340103734036
        },
        "sufficiency": {
            "mean": 0.05507631963152008,
            "std": 0.1546974909276104
        }
    },
    "var-var-len_var-feat": {
        "comprehensiveness": {
            "mean": 0.6484293183826163,
            "std": 0.40668455524373576
        },
        "sufficiency": {
            "mean": 0.04896018989289953,
            "std": 0.14539217269725313
        }
    },
    "var-var-len_var-feat_var-type": {
        "comprehensiveness": {
            "mean": 0.6959391175224501,
            "std": 0.39065409414892005
        },
        "sufficiency": {
            "mean": 0.054470169736348266,
            "std": 0.14708944273987237
        }
    }
}