{
    "variable": {
        "gradients": {
            "f1 score - model labels": 63.015,
            "f1 score - actual labels": 60.647,
            "sufficiency": {
                "mean": 0.05415582236284563,
                "std": 0.156416025497056
            },
            "comprehensiveness": {
                "mean": 0.5186262484274404,
                "std": 0.42196053441352355
            }
        },
        "gradients-ig": {
            "f1 score - model labels": 55.965,
            "f1 score - actual labels": 57.323,
            "sufficiency": {
                "mean": 0.05307885472151755,
                "std": 0.15755750023214185
            },
            "comprehensiveness": {
                "mean": 0.5831300876183642,
                "std": 0.4153820912419625
            }
        },
        "gradients-ig-attention": {
            "f1 score - model labels": 52.422,
            "f1 score - actual labels": 55.559,
            "sufficiency": {
                "mean": 0.054545142292938345,
                "std": 0.1588043586568659
            },
            "comprehensiveness": {
                "mean": 0.6088937906786206,
                "std": 0.4097682648775722
            }
        },
        "ig-gradients-scaled attention-attention": {
            "f1 score - model labels": 51.666,
            "f1 score - actual labels": 55.204,
            "sufficiency": {
                "mean": 0.05420257539765429,
                "std": 0.15845422431310943
            },
            "comprehensiveness": {
                "mean": 0.61744093874192,
                "std": 0.40803637580861624
            }
        },
        "lime-scaled attention-gradients-ig-attention": {
            "f1 score - model labels": 45.937,
            "f1 score - actual labels": 51.506,
            "sufficiency": {
                "mean": 0.04771737887387431,
                "std": 0.1521626646973379
            },
            "comprehensiveness": {
                "mean": 0.6404215573068484,
                "std": 0.40730894649148425
            }
        }
    },
    "fixed": {
        "gradients": {
            "f1 score - model labels": 72.071,
            "f1 score - actual labels": 64.506,
            "sufficiency": {
                "mean": 0.06959218900663311,
                "std": 0.1763772794309166
            },
            "comprehensiveness": {
                "mean": 0.45663514145301876,
                "std": 0.41542282942677056
            }
        },
        "gradients-ig": {
            "f1 score - model labels": 66.116,
            "f1 score - actual labels": 61.869,
            "sufficiency": {
                "mean": 0.06846078402144269,
                "std": 0.17403085286969533
            },
            "comprehensiveness": {
                "mean": 0.5198147022877345,
                "std": 0.41626499022519553
            }
        },
        "gradients-ig-attention": {
            "f1 score - model labels": 61.358,
            "f1 score - actual labels": 59.408,
            "sufficiency": {
                "mean": 0.07183739265359305,
                "std": 0.1783566817726755
            },
            "comprehensiveness": {
                "mean": 0.5515203335410424,
                "std": 0.4143527938086247
            }
        },
        "ig-gradients-scaled attention-attention": {
            "f1 score - model labels": 60.602,
            "f1 score - actual labels": 58.804,
            "sufficiency": {
                "mean": 0.07136538252057363,
                "std": 0.1785003887820276
            },
            "comprehensiveness": {
                "mean": 0.5606060510463037,
                "std": 0.4133588254137939
            }
        },
        "lime-scaled attention-gradients-ig-attention": {
            "f1 score - model labels": 55.723,
            "f1 score - actual labels": 56.179,
            "sufficiency": {
                "mean": 0.07099403105646555,
                "std": 0.17678400251594567
            },
            "comprehensiveness": {
                "mean": 0.5882027693126658,
                "std": 0.4153143786114978
            }
        }
    }
}