{
    "fixed": {
        "gradients": {
            "f1 score - model labels": 72.644,
            "f1 score - actual labels": 65.371,
            "sufficiency": {
                "mean": 0.09319216491076189,
                "std": 0.1875626193262894
            },
            "comprehensiveness": {
                "mean": 0.39100111623947037,
                "std": 0.4143216993344139
            }
        },
        "gradients-ig": {
            "f1 score - model labels": 64.866,
            "f1 score - actual labels": 62.403,
            "sufficiency": {
                "mean": 0.08257731761014694,
                "std": 0.18035648449399413
            },
            "comprehensiveness": {
                "mean": 0.47951763246624146,
                "std": 0.42091433419836777
            }
        },
        "deeplift-gradients-ig": {
            "f1 score - model labels": 60.205,
            "f1 score - actual labels": 60.302,
            "sufficiency": {
                "mean": 0.09066056142835155,
                "std": 0.18270555530745503
            },
            "comprehensiveness": {
                "mean": 0.5372240953600778,
                "std": 0.41756454999280884
            }
        },
        "deeplift-gradients-ig-attention": {
            "f1 score - model labels": 57.93,
            "f1 score - actual labels": 59.353,
            "sufficiency": {
                "mean": 0.08481399492926184,
                "std": 0.17700053449793693
            },
            "comprehensiveness": {
                "mean": 0.5591459441853214,
                "std": 0.41527929148692805
            }
        },
        "deeplift-ig-gradients-attention-scaled attention": {
            "f1 score - model labels": 56.066,
            "f1 score - actual labels": 58.609,
            "sufficiency": {
                "mean": 0.08901923568195458,
                "std": 0.18117895779084695
            },
            "comprehensiveness": {
                "mean": 0.573213109047315,
                "std": 0.41394515052337333
            }
        },
        "deeplift-ig-lime-gradients-attention-scaled attention": {
            "f1 score - model labels": 52.372,
            "f1 score - actual labels": 56.295,
            "sufficiency": {
                "mean": 0.09051171340246787,
                "std": 0.18193797553945765
            },
            "comprehensiveness": {
                "mean": 0.5939627935235441,
                "std": 0.41347869333110143
            }
        }
    },
    "variable": {
        "gradients": {
            "f1 score - model labels": 68.246,
            "f1 score - actual labels": 63.998,
            "sufficiency": {
                "mean": 0.07275024858456165,
                "std": 0.16801159607896402
            },
            "comprehensiveness": {
                "mean": 0.43573137220420916,
                "std": 0.41949312538666483
            }
        },
        "gradients-ig": {
            "f1 score - model labels": 60.714,
            "f1 score - actual labels": 60.888,
            "sufficiency": {
                "mean": 0.0651892717627813,
                "std": 0.1598868698577263
            },
            "comprehensiveness": {
                "mean": 0.5171446887538622,
                "std": 0.4213366629567149
            }
        },
        "deeplift-gradients-ig": {
            "f1 score - model labels": 56.611,
            "f1 score - actual labels": 58.742,
            "sufficiency": {
                "mean": 0.07122046640366898,
                "std": 0.16153052463238912
            },
            "comprehensiveness": {
                "mean": 0.5657119365564045,
                "std": 0.4163945216286387
            }
        },
        "deeplift-gradients-ig-attention": {
            "f1 score - model labels": 54.227,
            "f1 score - actual labels": 57.643,
            "sufficiency": {
                "mean": 0.06870777044531413,
                "std": 0.1596977762115138
            },
            "comprehensiveness": {
                "mean": 0.5881717746195394,
                "std": 0.41268654803992255
            }
        },
        "deeplift-ig-gradients-attention-scaled attention": {
            "f1 score - model labels": 52.587,
            "f1 score - actual labels": 56.725,
            "sufficiency": {
                "mean": 0.0729361867199982,
                "std": 0.16501162713582998
            },
            "comprehensiveness": {
                "mean": 0.6014143752638041,
                "std": 0.4108018984611515
            }
        },
        "deeplift-ig-lime-gradients-attention-scaled attention": {
            "f1 score - model labels": 48.755,
            "f1 score - actual labels": 54.599,
            "sufficiency": {
                "mean": 0.06898608662510027,
                "std": 0.16191349946929595
            },
            "comprehensiveness": {
                "mean": 0.6215298205732042,
                "std": 0.4100060851341402
            }
        }
    }
}