{
    "variable": {
        "gradients": {
            "f1 score - model labels": 68.246,
            "f1 score - actual labels": 63.998,
            "sufficiency": {
                "mean": 0.0719436558989549,
                "std": 0.16781200963193812
            },
            "comprehensiveness": {
                "mean": 0.43589912554690385,
                "std": 0.41953197734729175
            }
        },
        "ig-gradients": {
            "f1 score - model labels": 60.714,
            "f1 score - actual labels": 60.888,
            "sufficiency": {
                "mean": 0.06437609871411773,
                "std": 0.15970199104897753
            },
            "comprehensiveness": {
                "mean": 0.5173195020732045,
                "std": 0.42135161552501965
            }
        },
        "attention-gradients-ig": {
            "f1 score - model labels": 57.317,
            "f1 score - actual labels": 58.992,
            "sufficiency": {
                "mean": 0.0610479199174682,
                "std": 0.1557538288061487
            },
            "comprehensiveness": {
                "mean": 0.552913706945144,
                "std": 0.41760646201244433
            }
        },
        "ig-scaled attention-attention-gradients": {
            "f1 score - model labels": 54.832,
            "f1 score - actual labels": 57.763,
            "sufficiency": {
                "mean": 0.06707177696116706,
                "std": 0.1617853462105526
            },
            "comprehensiveness": {
                "mean": 0.5782044089147429,
                "std": 0.4147889331408867
            }
        },
        "attention-gradients-ig-lime-scaled attention": {
            "f1 score - model labels": 49.965,
            "f1 score - actual labels": 55.064,
            "sufficiency": {
                "mean": 0.062271989733018306,
                "std": 0.15855966778430342
            },
            "comprehensiveness": {
                "mean": 0.6063257549719757,
                "std": 0.41381933943316074
            }
        }
    },
    "fixed": {
        "gradients": {
            "f1 score - model labels": 72.644,
            "f1 score - actual labels": 65.371,
            "sufficiency": {
                "mean": 0.09286921421913477,
                "std": 0.18744850106834962
            },
            "comprehensiveness": {
                "mean": 0.3910870646156669,
                "std": 0.4143512067490133
            }
        },
        "ig-gradients": {
            "f1 score - model labels": 64.866,
            "f1 score - actual labels": 62.403,
            "sufficiency": {
                "mean": 0.08227716498499801,
                "std": 0.18027510990823048
            },
            "comprehensiveness": {
                "mean": 0.47961008250114945,
                "std": 0.4209310099081009
            }
        },
        "attention-gradients-ig": {
            "f1 score - model labels": 61.708,
            "f1 score - actual labels": 60.842,
            "sufficiency": {
                "mean": 0.0760851652705111,
                "std": 0.17342631389524232
            },
            "comprehensiveness": {
                "mean": 0.5161446970189182,
                "std": 0.4185337926237745
            }
        },
        "ig-scaled attention-attention-gradients": {
            "f1 score - model labels": 58.542,
            "f1 score - actual labels": 59.569,
            "sufficiency": {
                "mean": 0.08313108615279156,
                "std": 0.17941626540540082
            },
            "comprehensiveness": {
                "mean": 0.5461439206525215,
                "std": 0.4176633846186319
            }
        },
        "attention-gradients-ig-lime-scaled attention": {
            "f1 score - model labels": 53.805,
            "f1 score - actual labels": 56.661,
            "sufficiency": {
                "mean": 0.08484085450300723,
                "std": 0.18064249256428777
            },
            "comprehensiveness": {
                "mean": 0.5765423070896407,
                "std": 0.4174196343115712
            }
        }
    }
}