,pretrained5,mean-f1,std-f1,mean-ece,std-ece
ece-score,0.04671111226909691,0.40182624484950064,0.0,0.04671111226909691,0.0
f1,0.40182624484950064,0.40182624484950064,0.0,0.04671111226909691,0.0
loss,3.938914246029324,0.40182624484950064,0.0,0.04671111226909691,0.0
model,/home/cass/PycharmProjects/BP-rationales/trained_models/evinf_FA/pretrained5.pt,0.40182624484950064,0.0,0.04671111226909691,0.0
