{
    "ece": 0.04671111226909691,
    "refinement": 0.2267176131458873,
    "bins": {
        "1": {
            "acc": 0.0,
            "conf": 0.0
        },
        "2": {
            "acc": 0.0,
            "conf": 0.0
        },
        "3": {
            "acc": 0.0,
            "conf": 0.0
        },
        "4": {
            "acc": 0.333,
            "conf": 0.3720000088214874
        },
        "5": {
            "acc": 0.415,
            "conf": 0.44999998807907104
        },
        "6": {
            "acc": 0.618,
            "conf": 0.550000011920929
        },
        "7": {
            "acc": 0.625,
            "conf": 0.6340000033378601
        },
        "8": {
            "acc": 1.0,
            "conf": 0.7390000224113464
        },
        "9": {
            "acc": 1.0,
            "conf": 0.8790000081062317
        },
        "10": {
            "acc": 0.0,
            "conf": 0.0
        }
    }
}