{
    "ece": 0.09596050675544475,
    "refinement": 0.20328288767281438,
    "bins": {
        "1": {
            "acc": 0.0,
            "conf": 0.0
        },
        "2": {
            "acc": 0.0,
            "conf": 0.0
        },
        "3": {
            "acc": 0.0,
            "conf": 0.0
        },
        "4": {
            "acc": 0.615,
            "conf": 0.3790000081062317
        },
        "5": {
            "acc": 0.355,
            "conf": 0.43799999356269836
        },
        "6": {
            "acc": 0.559,
            "conf": 0.5419999957084656
        },
        "7": {
            "acc": 0.828,
            "conf": 0.652999997138977
        },
        "8": {
            "acc": 0.762,
            "conf": 0.7480000257492065
        },
        "9": {
            "acc": 0.692,
            "conf": 0.8450000286102295
        },
        "10": {
            "acc": 1.0,
            "conf": 0.9150000214576721
        }
    }
}