{
    "ece": 0.10988070919281906,
    "refinement": 0.23424368790447547,
    "bins": {
        "1": {
            "acc": 0.0,
            "conf": 0.0
        },
        "2": {
            "acc": 0.0,
            "conf": 0.0
        },
        "3": {
            "acc": 0.0,
            "conf": 0.0
        },
        "4": {
            "acc": 0.528,
            "conf": 0.37299999594688416
        },
        "5": {
            "acc": 0.509,
            "conf": 0.4429999887943268
        },
        "6": {
            "acc": 0.609,
            "conf": 0.5339999794960022
        },
        "7": {
            "acc": 0.5,
            "conf": 0.6809999942779541
        },
        "8": {
            "acc": 1.0,
            "conf": 0.7229999899864197
        },
        "9": {
            "acc": 0.8,
            "conf": 0.8360000252723694
        },
        "10": {
            "acc": 1.0,
            "conf": 0.9269999861717224
        }
    }
}