,sci10,sci5,mean-f1,std-f1,mean-ece,std-ece
model,/home/cass/PycharmProjects/BP-rationales/trained_models/evinf_FA/scibert10.pt,/home/cass/PycharmProjects/BP-rationales/trained_models/evinf_FA/scibert5.pt,0.5755954365365121,0.03744608588716142,0.10292060797413191,0.006960101218687155
f1,0.6130415224236735,0.5381493506493507,0.5755954365365121,0.03744608588716142,0.10292060797413191,0.006960101218687155
loss,3.4277822971343994,3.939362585544586,0.5755954365365121,0.03744608588716142,0.10292060797413191,0.006960101218687155
ece-score,0.09596050675544475,0.10988070919281906,0.5755954365365121,0.03744608588716142,0.10292060797413191,0.006960101218687155
