,sci15,sci25,sci10,sci20,sci5,mean-f1,std-f1,mean-ece,std-ece
model,/home/cass/PycharmProjects/BP-rationales/trained_models/evinf_FA/scibert15.pt,/home/cass/PycharmProjects/BP-rationales/trained_models/evinf_FA/scibert25.pt,/home/cass/PycharmProjects/BP-rationales/trained_models/evinf_FA/scibert10.pt,/home/cass/PycharmProjects/BP-rationales/trained_models/evinf_FA/scibert20.pt,/home/cass/PycharmProjects/BP-rationales/trained_models/evinf_FA/scibert5.pt,0.3775476946409861,0.17782466637785263,0.10810702939828239,0.020754419552607133
f1,0.1842546063651591,0.1842546063651591,0.6392958892958893,0.3804719562243502,0.4994614149543728,0.3775476946409861,0.17782466637785263,0.10810702939828239,0.020754419552607133
loss,4.302167786492242,4.314772387345632,3.480935013956494,4.266655074225532,3.889402170976003,0.3775476946409861,0.17782466637785263,0.10810702939828239,0.020754419552607133
ece-score,0.13688226126962239,0.12121491589479977,0.08623532868093914,0.11351720988750456,0.082685431258546,0.3775476946409861,0.17782466637785263,0.10810702939828239,0.020754419552607133
