{
    "ece": 0.082685431258546,
    "refinement": 0.2310420037267781,
    "bins": {
        "1": {
            "acc": 0.0,
            "conf": 0.0
        },
        "2": {
            "acc": 0.0,
            "conf": 0.0
        },
        "3": {
            "acc": 0.0,
            "conf": 0.0
        },
        "4": {
            "acc": 0.517,
            "conf": 0.375
        },
        "5": {
            "acc": 0.438,
            "conf": 0.4399999976158142
        },
        "6": {
            "acc": 0.588,
            "conf": 0.5410000085830688
        },
        "7": {
            "acc": 0.5,
            "conf": 0.6439999938011169
        },
        "8": {
            "acc": 0.857,
            "conf": 0.722000002861023
        },
        "9": {
            "acc": 1.0,
            "conf": 0.8450000286102295
        },
        "10": {
            "acc": 1.0,
            "conf": 0.9470000267028809
        }
    }
}