,0,1,2,3,accuracy,macro avg,weighted avg
precision,0.9243792325056434,0.8641674780915287,0.9698544698544699,0.9508108108108108,0.9260526315789473,0.9273029978156131,0.9273029978156132
recall,0.8621052631578947,0.9342105263157895,0.9821052631578947,0.9257894736842105,0.9260526315789473,0.9260526315789473,0.9260526315789473
f1-score,0.8921568627450981,0.8978249873545776,0.9759414225941423,0.9381333333333334,0.9260526315789473,0.9260141515067878,0.9260141515067878
support,1900.0,1900.0,1900.0,1900.0,0.9260526315789473,7600.0,7600.0
