,0,1,2,3,accuracy,macro avg,weighted avg,epoch,point,dev_loss,model-name
precision,0.9199627733829688,0.8693322341302555,0.973701955495617,0.949784139968189,0.9268888888888889,0.9281952757442575,0.9277901840057141,1,10200,2.2306737440162236,/jmain01/home/JAD009/txk20/gxc78-txk20/variable_rationale_2021/trained_models/agnews/bert15.pt
recall,0.8688200395517469,0.9286657859973579,0.9845454545454545,0.9274461948080763,0.9268888888888889,0.927369368725659,0.9268888888888889,1,10200,2.2306737440162236,/jmain01/home/JAD009/txk20/gxc78-txk20/variable_rationale_2021/trained_models/agnews/bert15.pt
f1-score,0.8936603005989376,0.898020012774111,0.9790936829020228,0.9384822631342613,0.9268888888888889,0.9273140648523333,0.9268670383755996,1,10200,2.2306737440162236,/jmain01/home/JAD009/txk20/gxc78-txk20/variable_rationale_2021/trained_models/agnews/bert15.pt
support,4551.0,4542.0,4400.0,4507.0,0.9268888888888889,18000.0,18000.0,1,10200,2.2306737440162236,/jmain01/home/JAD009/txk20/gxc78-txk20/variable_rationale_2021/trained_models/agnews/bert15.pt
