,0,1,2,3,accuracy,macro avg,weighted avg
precision,0.8960165545783756,0.9117959617428267,0.982124079915878,0.9548592671269251,0.9360526315789474,0.9361989658410015,0.9361989658410013
recall,0.911578947368421,0.9031578947368422,0.9831578947368421,0.9463157894736842,0.9360526315789474,0.9360526315789475,0.9360526315789474
f1-score,0.9037307591964518,0.9074563722897938,0.9826407154129405,0.950568332011631,0.9360526315789474,0.9360990447277043,0.9360990447277043
support,1900.0,1900.0,1900.0,1900.0,0.9360526315789474,7600.0,7600.0
