,0,1,2,3,accuracy,macro avg,weighted avg
precision,0.9380681818181819,0.8812807881773399,0.9790466212676794,0.9516044187269858,0.9365789473684211,0.9375000024975467,0.9375000024975466
recall,0.8689473684210526,0.9415789473684211,0.9836842105263158,0.9521052631578948,0.9365789473684211,0.936578947368421,0.9365789473684211
f1-score,0.9021857923497268,0.9104325699745547,0.9813599369913364,0.9518547750591949,0.9365789473684211,0.9364582685937032,0.9364582685937032
support,1900.0,1900.0,1900.0,1900.0,0.9365789473684211,7600.0,7600.0
