,0,1,2,3,accuracy,macro avg,weighted avg,epoch,point,dev_loss,model-name
precision,0.9087882822902796,0.9020752269779507,0.9827036868456986,0.9483683504693786,0.9349444444444445,0.9354838866458269,0.9350729739624156,1,8500,1.893202539867825,/jmain01/home/JAD009/txk20/gxc78-txk20/variable_rationale_2021/trained_models/agnews/bert15.pt
recall,0.8998022412656559,0.9187582562747688,0.9813636363636363,0.9414244508542268,0.9349444444444445,0.935337146189572,0.9349444444444445,1,8500,1.893202539867825,/jmain01/home/JAD009/txk20/gxc78-txk20/variable_rationale_2021/trained_models/agnews/bert15.pt
f1-score,0.9042729380589598,0.9103403141361257,0.9820332044575848,0.9448836432468545,0.9349444444444445,0.9353825249748812,0.9349804737577531,1,8500,1.893202539867825,/jmain01/home/JAD009/txk20/gxc78-txk20/variable_rationale_2021/trained_models/agnews/bert15.pt
support,4551.0,4542.0,4400.0,4507.0,0.9349444444444445,18000.0,18000.0,1,8500,1.893202539867825,/jmain01/home/JAD009/txk20/gxc78-txk20/variable_rationale_2021/trained_models/agnews/bert15.pt
