,0,1,2,3,accuracy,macro avg,weighted avg
precision,0.9105516871987145,0.8942014242115972,0.9840679766330324,0.9479830148619958,0.9338157894736843,0.934201025726335,0.934201025726335
recall,0.8947368421052632,0.9252631578947368,0.9752631578947368,0.94,0.9338157894736843,0.9338157894736842,0.9338157894736843
f1-score,0.9025749933634193,0.9094671495085359,0.9796457837694951,0.9439746300211416,0.9338157894736843,0.933915639165648,0.9339156391656479
support,1900.0,1900.0,1900.0,1900.0,0.9338157894736843,7600.0,7600.0
