,0,1,2,3,accuracy,macro avg,weighted avg,epoch,point,dev_loss,model-name
precision,0.9169358560221504,0.8786163522012579,0.9724462365591398,0.9476534296028881,0.9281111111111111,0.9289129685963591,0.9285271111408528,1,10200,2.211142967806922,/jmain01/home/JAD009/txk20/gxc78-txk20/variable_rationale_2021/trained_models/agnews/bert5.pt
recall,0.8732146780927269,0.9227212681638045,0.9865909090909091,0.9318837364100289,0.9281111111111111,0.9286026479393674,0.9281111111111111,1,10200,2.211142967806922,/jmain01/home/JAD009/txk20/gxc78-txk20/variable_rationale_2021/trained_models/agnews/bert5.pt
f1-score,0.8945413618458076,0.9001288659793816,0.9794675090252707,0.9397024275646045,0.9281111111111111,0.9284600411037661,0.9280188293213046,1,10200,2.211142967806922,/jmain01/home/JAD009/txk20/gxc78-txk20/variable_rationale_2021/trained_models/agnews/bert5.pt
support,4551.0,4542.0,4400.0,4507.0,0.9281111111111111,18000.0,18000.0,1,10200,2.211142967806922,/jmain01/home/JAD009/txk20/gxc78-txk20/variable_rationale_2021/trained_models/agnews/bert5.pt
