,0,1,2,3,accuracy,macro avg,weighted avg,epoch,point,dev_loss,model-name
precision,0.9073786838023488,0.9007583965330445,0.9814353633688023,0.9508417508417508,0.9346111111111111,0.9351035486364867,0.9346935776057821,1,8500,1.8823528854582046,/jmain02/home/J2AD003/txk58/zxz22-txk58/BP-rationales/BP-rationales/trained_models/agnews/bert15.pt
recall,0.8998022412656559,0.9152355790400705,0.9852272727272727,0.9398713112935434,0.9346111111111111,0.9350341010816356,0.9346111111111111,1,8500,1.8823528854582046,/jmain02/home/J2AD003/txk58/zxz22-txk58/BP-rationales/BP-rationales/trained_models/agnews/bert15.pt
f1-score,0.9035745807590467,0.9079392814240472,0.983327662470228,0.9453247043070744,0.9346111111111111,0.9350415572400991,0.9346249050246349,1,8500,1.8823528854582046,/jmain02/home/J2AD003/txk58/zxz22-txk58/BP-rationales/BP-rationales/trained_models/agnews/bert15.pt
support,4551.0,4542.0,4400.0,4507.0,0.9346111111111111,18000.0,18000.0,1,8500,1.8823528854582046,/jmain02/home/J2AD003/txk58/zxz22-txk58/BP-rationales/BP-rationales/trained_models/agnews/bert15.pt
