,0,1,2,3,accuracy,macro avg,weighted avg
precision,0.936145952109464,0.8945767866193614,0.9596527068437181,0.9425587467362925,0.9330263157894737,0.9332335480772089,0.9332335480772089
recall,0.8642105263157894,0.9289473684210526,0.9889473684210527,0.95,0.9330263157894737,0.9330263157894736,0.9330263157894737
f1-score,0.8987411056376573,0.9114381616318099,0.9740798341109382,0.9462647444298821,0.9330263157894737,0.9326309614525718,0.9326309614525718
support,1900.0,1900.0,1900.0,1900.0,0.9330263157894737,7600.0,7600.0
