,0,1,2,3,accuracy,macro avg,weighted avg,epoch,point,dev_loss,model-name
precision,0.9219600725952813,0.8931281618887015,0.9760304659498208,0.9632755474452555,0.9378333333333333,0.9385985619697648,0.9382469635663659,2,0,1.7630336043569776,/jmain02/home/J2AD003/txk58/zxz22-txk58/BP-rationales/BP-rationales/trained_models/agnews/bert10.pt
recall,0.8929905515271369,0.9328489652135623,0.9902272727272727,0.9369869092522742,0.9378333333333333,0.9382634246800616,0.9378333333333333,2,0,1.7630336043569776,/jmain02/home/J2AD003/txk58/zxz22-txk58/BP-rationales/BP-rationales/trained_models/agnews/bert10.pt
f1-score,0.9072441120660788,0.912556536721947,0.9830776173285198,0.9499493870205826,0.9378333333333333,0.9382069132842821,0.9378146192972814,2,0,1.7630336043569776,/jmain02/home/J2AD003/txk58/zxz22-txk58/BP-rationales/BP-rationales/trained_models/agnews/bert10.pt
support,4551.0,4542.0,4400.0,4507.0,0.9378333333333333,18000.0,18000.0,2,0,1.7630336043569776,/jmain02/home/J2AD003/txk58/zxz22-txk58/BP-rationales/BP-rationales/trained_models/agnews/bert10.pt
