,0,1,2,3,accuracy,macro avg,weighted avg
precision,0.9370034052213394,0.8931451612903226,0.9665121071612571,0.9414532148457919,0.9342105263157895,0.9345284721296777,0.9345284721296777
recall,0.8689473684210526,0.9326315789473684,0.9873684210526316,0.9478947368421052,0.9342105263157895,0.9342105263157895,0.9342105263157895
f1-score,0.9016930638995083,0.9124613800205974,0.9768289507940641,0.9446629950170469,0.9342105263157895,0.9339115974328043,0.9339115974328042
support,1900.0,1900.0,1900.0,1900.0,0.9342105263157895,7600.0,7600.0
