,0,1,2,3,accuracy,macro avg,weighted avg
precision,0.9049630411826821,0.9177861364857604,0.9795811518324608,0.9400516795865633,0.9357894736842105,0.9355955022718667,0.9355955022718667
recall,0.9021052631578947,0.8989473684210526,0.9847368421052631,0.9573684210526315,0.9357894736842105,0.9357894736842105,0.9357894736842105
f1-score,0.9035318924617817,0.9082690773730391,0.9821522309711286,0.9486310299869621,0.9357894736842105,0.9356460576982278,0.935646057698228
support,1900.0,1900.0,1900.0,1900.0,0.9357894736842105,7600.0,7600.0
