,0,1,2,3,accuracy,macro avg,weighted avg,epoch,point,dev_loss,model-name
precision,0.9325789721829326,0.8951198630136986,0.9600439077936334,0.943721032884573,0.9326111111111111,0.9328659439687094,0.932630289428639,2,0,2.048801403257582,/jmain01/home/JAD009/txk20/gxc78-txk20/variable_rationale_2021/trained_models/agnews/bert5.pt
recall,0.8692595034058449,0.9207397622192867,0.9938636363636364,0.9487463944974485,0.9326111111111111,0.9331523241215541,0.9326111111111111,2,0,2.048801403257582,/jmain01/home/JAD009/txk20/gxc78-txk20/variable_rationale_2021/trained_models/agnews/bert5.pt
f1-score,0.8998066643921301,0.9077490774907749,0.9766610831937466,0.9462270413808365,0.9326111111111111,0.932610966614372,0.9322205822870888,2,0,2.048801403257582,/jmain01/home/JAD009/txk20/gxc78-txk20/variable_rationale_2021/trained_models/agnews/bert5.pt
support,4551.0,4542.0,4400.0,4507.0,0.9326111111111111,18000.0,18000.0,2,0,2.048801403257582,/jmain01/home/JAD009/txk20/gxc78-txk20/variable_rationale_2021/trained_models/agnews/bert5.pt
