,0,1,2,3,accuracy,macro avg,weighted avg
precision,0.9190217391304348,0.8898989898989899,0.9760665972944849,0.965016146393972,0.9371052631578948,0.9375008681794703,0.9375008681794704
recall,0.89,0.9273684210526316,0.9873684210526316,0.9436842105263158,0.9371052631578948,0.9371052631578947,0.9371052631578948
f1-score,0.9042780748663103,0.9082474226804125,0.9816849816849818,0.9542309739222992,0.9371052631578948,0.937110363288501,0.937110363288501
support,1900.0,1900.0,1900.0,1900.0,0.9371052631578948,7600.0,7600.0
