,0,1,2,3,accuracy,macro avg,weighted avg
precision,0.9170258620689655,0.8978439425051334,0.9595286885245902,0.9571583514099783,0.9327631578947368,0.9328892111271668,0.9328892111271668
recall,0.8957894736842106,0.9205263157894736,0.9857894736842105,0.9289473684210526,0.9327631578947368,0.9327631578947368,0.9327631578947368
f1-score,0.9062832800851971,0.909043659043659,0.9724818276220146,0.9428418803418803,0.9327631578947368,0.9326626617731878,0.9326626617731878
support,1900.0,1900.0,1900.0,1900.0,0.9327631578947368,7600.0,7600.0
