,0,1,2,3,accuracy,macro avg,weighted avg,epoch,point,dev_loss,model-name
precision,0.9035433070866141,0.9164983164983165,0.9807692307692307,0.9406984405886228,0.9351111111111111,0.935377323735696,0.9349929684002263,2,0,1.7220655873881445,/jmain02/home/J2AD003/txk58/zxz22-txk58/BP-rationales/BP-rationales/trained_models/agnews/bert25.pt
recall,0.9077125906394199,0.8989431968295905,0.9852272727272727,0.9502995340581318,0.9351111111111111,0.9355456485636037,0.9351111111111111,2,0,1.7220655873881445,/jmain02/home/J2AD003/txk58/zxz22-txk58/BP-rationales/BP-rationales/trained_models/agnews/bert25.pt
f1-score,0.9056231502795132,0.9076358786262088,0.9829931972789115,0.9454746136865343,0.9351111111111111,0.935431709967792,0.9350220705308182,2,0,1.7220655873881445,/jmain02/home/J2AD003/txk58/zxz22-txk58/BP-rationales/BP-rationales/trained_models/agnews/bert25.pt
support,4551.0,4542.0,4400.0,4507.0,0.9351111111111111,18000.0,18000.0,2,0,1.7220655873881445,/jmain02/home/J2AD003/txk58/zxz22-txk58/BP-rationales/BP-rationales/trained_models/agnews/bert25.pt
