,0,1,2,3,accuracy,macro avg,weighted avg,epoch,point,dev_loss,model-name
precision,0.9153983885407341,0.8984425005333903,0.9747260120778349,0.9638774577046182,0.9375,0.9381110897141445,0.9377607810382627,2,0,1.803655981461207,/jmain01/home/JAD009/txk20/gxc78-txk20/variable_rationale_2021/trained_models/agnews/bert10.pt
recall,0.8987035816304109,0.9271246147071774,0.9904545454545455,0.9354337696915909,0.9375,0.9379291278709312,0.9375,2,0,1.803655981461207,/jmain01/home/JAD009/txk20/gxc78-txk20/variable_rationale_2021/trained_models/agnews/bert10.pt
f1-score,0.9069741656502938,0.9125582403293965,0.9825273362642317,0.9494426303344219,0.9375,0.937875593144586,0.9374853983294702,2,0,1.803655981461207,/jmain01/home/JAD009/txk20/gxc78-txk20/variable_rationale_2021/trained_models/agnews/bert10.pt
support,4551.0,4542.0,4400.0,4507.0,0.9375,18000.0,18000.0,2,0,1.803655981461207,/jmain01/home/JAD009/txk20/gxc78-txk20/variable_rationale_2021/trained_models/agnews/bert10.pt
