,0,1,2,3,accuracy,macro avg,weighted avg,epoch,point,dev_loss,model-name
precision,0.9162198391420912,0.9031629116117851,0.9636002647253474,0.9588571428571429,0.9351666666666667,0.9354600395840917,0.9351829300069475,2,2550,2.293247582329644,/jmain01/home/JAD009/txk20/gxc78-txk20/variable_rationale_2021/trained_models/agnews/bert10.pt
recall,0.9011206328279499,0.9178775869660942,0.9927272727272727,0.9307743510095408,0.9351666666666667,0.9356249608827143,0.9351666666666667,2,2550,2.293247582329644,/jmain01/home/JAD009/txk20/gxc78-txk20/variable_rationale_2021/trained_models/agnews/bert10.pt
f1-score,0.9086075108009305,0.9104607993011574,0.9779469383185939,0.9446070704796217,0.9351666666666667,0.9354055797250759,0.9350386848519088,2,2550,2.293247582329644,/jmain01/home/JAD009/txk20/gxc78-txk20/variable_rationale_2021/trained_models/agnews/bert10.pt
support,4551.0,4542.0,4400.0,4507.0,0.9351666666666667,18000.0,18000.0,2,2550,2.293247582329644,/jmain01/home/JAD009/txk20/gxc78-txk20/variable_rationale_2021/trained_models/agnews/bert10.pt
