,0,1,2,3,accuracy,macro avg,weighted avg
precision,0.9087026161238655,0.8978963571062083,0.9815108293713682,0.9480106100795755,0.9338157894736843,0.9340301031702545,0.9340301031702544
recall,0.8957894736842106,0.9210526315789473,0.9778947368421053,0.9405263157894737,0.9338157894736843,0.9338157894736843,0.9338157894736843
f1-score,0.9021998409753512,0.9093270979475188,0.9796994463485368,0.9442536327608982,0.9338157894736843,0.9338700045080762,0.9338700045080761
support,1900.0,1900.0,1900.0,1900.0,0.9338157894736843,7600.0,7600.0
