,0,1,2,3,accuracy,macro avg,weighted avg
precision,0.9221917808219178,0.8871614844533601,0.975,0.9639978506179473,0.9365789473684211,0.9370877789733063,0.9370877789733063
recall,0.8857894736842106,0.9310526315789474,0.9852631578947368,0.9442105263157895,0.9365789473684211,0.9365789473684211,0.9365789473684211
f1-score,0.9036241610738254,0.9085772984078068,0.9801047120418849,0.9540015953203935,0.9365789473684211,0.9365769417109777,0.9365769417109776
support,1900.0,1900.0,1900.0,1900.0,0.9365789473684211,7600.0,7600.0
