,0,1,2,3,accuracy,macro avg,weighted avg,epoch,point,dev_loss,model-name
precision,0.9372037914691943,0.884343853820598,0.9786132372805043,0.9486952675807165,0.9361666666666667,0.9372140375377533,0.9368651141138871,2,0,1.7796645481603013,/home/cass/PycharmProjects/BP-rationales/trained_models/agnews/bert5.pt
recall,0.8690397714787959,0.9376926464112726,0.9879545454545454,0.9518526736188152,0.9361666666666667,0.9366349092408572,0.9361666666666667,2,0,1.7796645481603013,/home/cass/PycharmProjects/BP-rationales/trained_models/agnews/bert5.pt
f1-score,0.9018355945730246,0.9102372301773883,0.983261705496494,0.9502713478790564,0.9361666666666667,0.936401469531491,0.9359875421912787,2,0,1.7796645481603013,/home/cass/PycharmProjects/BP-rationales/trained_models/agnews/bert5.pt
support,4551.0,4542.0,4400.0,4507.0,0.9361666666666667,18000.0,18000.0,2,0,1.7796645481603013,/home/cass/PycharmProjects/BP-rationales/trained_models/agnews/bert5.pt
