,0,1,2,3,accuracy,macro avg,weighted avg
precision,0.9235064209938582,0.8759920634920635,0.9689119170984456,0.9500805152979066,0.9289473684210526,0.9296227292205685,0.9296227292205684
recall,0.8705263157894737,0.9294736842105263,0.9842105263157894,0.9315789473684211,0.9289473684210526,0.9289473684210526,0.9289473684210526
f1-score,0.896234082904362,0.9019407558733401,0.9765013054830286,0.9407387722561785,0.9289473684210526,0.9288537291292274,0.9288537291292273
support,1900.0,1900.0,1900.0,1900.0,0.9289473684210526,7600.0,7600.0
