{
    "fixed-attention": {
        "sufficiency": {
            "mean": 0.12875132710056134,
            "std": 0.20315749014927598
        },
        "comprehensiveness": {
            "mean": 0.4818548271459173,
            "std": 0.403033511647459
        }
    },
    "fixed-random": {
        "sufficiency": {
            "mean": 0.11875566741934858,
            "std": 0.18510142204585503
        },
        "comprehensiveness": {
            "mean": 0.5186836513828581,
            "std": 0.4036789728030029
        }
    },
    "fixed-scaled attention": {
        "sufficiency": {
            "mean": 0.1512518975733144,
            "std": 0.21654987322818312
        },
        "comprehensiveness": {
            "mean": 0.5904486659416368,
            "std": 0.409429106400335
        }
    },
    "fixed-gradients": {
        "sufficiency": {
            "mean": 0.13771018926314302,
            "std": 0.21184415926244757
        },
        "comprehensiveness": {
            "mean": 0.5533466652013675,
            "std": 0.41143971616777536
        }
    },
    "fixed-fixed-len_var-feat": {
        "sufficiency": {
            "mean": 0.16093404162044259,
            "std": 0.2164884132798552
        },
        "comprehensiveness": {
            "mean": 0.6985578438579858,
            "std": 0.37824315260787944
        }
    },
    "fixed-ig": {
        "sufficiency": {
            "mean": 0.12060841478540908,
            "std": 0.19589201785961738
        },
        "comprehensiveness": {
            "mean": 0.5612284379595042,
            "std": 0.4035208613439857
        }
    },
    "var-attention": {
        "sufficiency": {
            "mean": 0.09473028926075779,
            "std": 0.17865467543327554
        },
        "comprehensiveness": {
            "mean": 0.5485762268919175,
            "std": 0.40053464550242956
        }
    },
    "var-random": {
        "sufficiency": {
            "mean": 0.08837470135826776,
            "std": 0.16994343598853032
        },
        "comprehensiveness": {
            "mean": 0.592670043830517,
            "std": 0.39771739435815284
        }
    },
    "var-scaled attention": {
        "sufficiency": {
            "mean": 0.13045564592260256,
            "std": 0.20811749219240883
        },
        "comprehensiveness": {
            "mean": 0.6329964108668305,
            "std": 0.39825036429244076
        }
    },
    "var-gradients": {
        "sufficiency": {
            "mean": 0.10069971428554997,
            "std": 0.1852999060007564
        },
        "comprehensiveness": {
            "mean": 0.6247043303654317,
            "std": 0.40168224293669547
        }
    },
    "var-var-len_var-feat": {
        "sufficiency": {
            "mean": 0.11664039141856493,
            "std": 0.19369525194781878
        },
        "comprehensiveness": {
            "mean": 0.7505257095628274,
            "std": 0.3555666546442923
        }
    },
    "var-ig": {
        "sufficiency": {
            "mean": 0.0918255820838282,
            "std": 0.176385504830453
        },
        "comprehensiveness": {
            "mean": 0.6210113987463016,
            "std": 0.39700844650471667
        }
    }
}