{
    "ece": 0.2802054020265738,
    "refinement": 0.14143341895225742,
    "bins": {
        "1": {
            "acc": 0.0,
            "conf": 0.0
        },
        "2": {
            "acc": 0.0,
            "conf": 0.0
        },
        "3": {
            "acc": 0.261,
            "conf": 0.2849999964237213
        },
        "4": {
            "acc": 0.157,
            "conf": 0.35199999809265137
        },
        "5": {
            "acc": 0.234,
            "conf": 0.4449999928474426
        },
        "6": {
            "acc": 0.125,
            "conf": 0.5490000247955322
        },
        "7": {
            "acc": 0.057,
            "conf": 0.6489999890327454
        },
        "8": {
            "acc": 0.0,
            "conf": 0.7390000224113464
        },
        "9": {
            "acc": 0.0,
            "conf": 0.0
        },
        "10": {
            "acc": 0.0,
            "conf": 0.0
        }
    }
}