{
    "ece": 0.3831413500010968,
    "refinement": 0.10012694421882125,
    "bins": {
        "1": {
            "acc": 0.0,
            "conf": 0.0
        },
        "2": {
            "acc": 0.0,
            "conf": 0.0
        },
        "3": {
            "acc": 0.6,
            "conf": 0.2879999876022339
        },
        "4": {
            "acc": 0.2,
            "conf": 0.3659999966621399
        },
        "5": {
            "acc": 0.145,
            "conf": 0.453000009059906
        },
        "6": {
            "acc": 0.066,
            "conf": 0.546999990940094
        },
        "7": {
            "acc": 0.081,
            "conf": 0.6309999823570251
        },
        "8": {
            "acc": 0.0,
            "conf": 0.722000002861023
        },
        "9": {
            "acc": 0.0,
            "conf": 0.0
        },
        "10": {
            "acc": 0.0,
            "conf": 0.0
        }
    }
}