,sci15,sci20,sci5,sci25,sci10,mean-f1,std-f1,mean-ece,std-ece
model,/jmain02/home/J2AD003/txk58/zxz22-txk58/BP-rationales/BP-rationales/trained_models/evinf_top/scibert15.pt,/jmain02/home/J2AD003/txk58/zxz22-txk58/BP-rationales/BP-rationales/trained_models/evinf_top/scibert20.pt,/jmain02/home/J2AD003/txk58/zxz22-txk58/BP-rationales/BP-rationales/trained_models/evinf_top/scibert5.pt,/jmain02/home/J2AD003/txk58/zxz22-txk58/BP-rationales/BP-rationales/trained_models/evinf_top/scibert25.pt,/jmain02/home/J2AD003/txk58/zxz22-txk58/BP-rationales/BP-rationales/trained_models/evinf_top/scibert10.pt,0.06978981103142616,0.02078914978894248,0.38696838000582323,0.03942667106961323
f1,0.09996200859112708,0.04016165698408689,0.0714967980028221,0.08221618409452223,0.055112407484572495,0.06978981103142616,0.02078914978894248,0.38696838000582323,0.03942667106961323
loss,9.70096000565423,8.3771252128813,8.046689642800224,8.384814906120301,8.43032497829861,0.06978981103142616,0.02078914978894248,0.38696838000582323,0.03942667106961323
ece-score,0.36748609277937144,0.4413894782877631,0.3267726076559888,0.3839666263510783,0.4152270949549145,0.06978981103142616,0.02078914978894248,0.38696838000582323,0.03942667106961323
