{
    "fixed": {
        "gradients": {
            "f1 score - model labels": 94.749,
            "f1 score - actual labels": 90.479,
            "sufficiency": {
                "mean": 0.27109513560455445,
                "std": 0.3581454039476039
            },
            "comprehensiveness": {
                "mean": 0.1129313512704349,
                "std": 0.28649671465545073
            }
        },
        "gradients-ig": {
            "f1 score - model labels": 90.249,
            "f1 score - actual labels": 87.674,
            "sufficiency": {
                "mean": 0.34330282035335746,
                "std": 0.3849574525241665
            },
            "comprehensiveness": {
                "mean": 0.1697260113732178,
                "std": 0.3412205935937969
            }
        },
        "attention-ig-gradients": {
            "f1 score - model labels": 89.127,
            "f1 score - actual labels": 86.735,
            "sufficiency": {
                "mean": 0.3674002050208803,
                "std": 0.393487403229932
            },
            "comprehensiveness": {
                "mean": 0.18517735250907114,
                "std": 0.35444023382415424
            }
        },
        "attention-ig-scaled attention-gradients": {
            "f1 score - model labels": 87.285,
            "f1 score - actual labels": 85.498,
            "sufficiency": {
                "mean": 0.4047360275264289,
                "std": 0.4028833544658235
            },
            "comprehensiveness": {
                "mean": 0.20697763364345617,
                "std": 0.36990670524175134
            }
        }
    },
    "variable": {
        "gradients": {
            "f1 score - model labels": 93.899,
            "f1 score - actual labels": 90.301,
            "sufficiency": {
                "mean": 0.17625001330122814,
                "std": 0.30064878251653493
            },
            "comprehensiveness": {
                "mean": 0.11831348649267567,
                "std": 0.29472113613941303
            }
        },
        "gradients-ig": {
            "f1 score - model labels": 88.773,
            "f1 score - actual labels": 87.13,
            "sufficiency": {
                "mean": 0.24970514419507947,
                "std": 0.3499594210302957
            },
            "comprehensiveness": {
                "mean": 0.18690904377876494,
                "std": 0.3570525925998398
            }
        },
        "attention-ig-gradients": {
            "f1 score - model labels": 87.799,
            "f1 score - actual labels": 86.043,
            "sufficiency": {
                "mean": 0.26555544112938917,
                "std": 0.3617827500734695
            },
            "comprehensiveness": {
                "mean": 0.19710942122034134,
                "std": 0.3664669194320971
            }
        },
        "attention-ig-scaled attention-gradients": {
            "f1 score - model labels": 85.906,
            "f1 score - actual labels": 84.832,
            "sufficiency": {
                "mean": 0.30167306973214514,
                "std": 0.3801192963127314
            },
            "comprehensiveness": {
                "mean": 0.22069055831968906,
                "std": 0.38173506500244125
            }
        }
    }
}