{
    "fixed-deeplift": {
        "sufficiency": {
            "mean": 0.35445147554651557,
            "std": 0.4072924038639856
        },
        "comprehensiveness": {
            "mean": 0.11331005603848734,
            "std": 0.2817266519694634
        }
    },
    "fixed-lime": {
        "sufficiency": {
            "mean": 0.33853813229647484,
            "std": 0.4094693909913465
        },
        "comprehensiveness": {
            "mean": 0.21010765014600877,
            "std": 0.3881634250242778
        }
    },
    "fixed-attention": {
        "sufficiency": {
            "mean": 0.7958675481907326,
            "std": 0.3561843454813505
        },
        "comprehensiveness": {
            "mean": 0.47071540530407474,
            "std": 0.4651039211576639
        }
    },
    "fixed-ig": {
        "sufficiency": {
            "mean": 0.43859260465081085,
            "std": 0.43987519038057615
        },
        "comprehensiveness": {
            "mean": 0.2644646560070649,
            "std": 0.4120101628665573
        }
    },
    "fixed-gradients": {
        "sufficiency": {
            "mean": 0.5637296984702,
            "std": 0.44417890359200896
        },
        "comprehensiveness": {
            "mean": 0.31082240343721224,
            "std": 0.43472262449256344
        }
    },
    "fixed-scaled attention": {
        "sufficiency": {
            "mean": 0.8970273726821294,
            "std": 0.24647031673063038
        },
        "comprehensiveness": {
            "mean": 0.5698121728947142,
            "std": 0.4598182615091625
        }
    },
    "fixed-random": {
        "sufficiency": {
            "mean": 0.27600092664210163,
            "std": 0.3820445153255855
        },
        "comprehensiveness": {
            "mean": 0.123829682392803,
            "std": 0.3035672504430688
        }
    },
    "fixed-fixed-len_var-feat": {
        "sufficiency": {
            "mean": 0.8320397627240385,
            "std": 0.3234067100284853
        },
        "comprehensiveness": {
            "mean": 0.5987170868101687,
            "std": 0.4539565724982484
        }
    },
    "fixed-fixed-len_var-feat_var-type": {
        "sufficiency": {
            "mean": 0.49068424951527484,
            "std": 0.42476303360736084
        },
        "comprehensiveness": {
            "mean": 0.8467701669725894,
            "std": 0.31389020854130345
        }
    },
    "var-deeplift": {
        "sufficiency": {
            "mean": 0.38851252055848806,
            "std": 0.41906521582908873
        },
        "comprehensiveness": {
            "mean": 0.16443889323738925,
            "std": 0.3333475841973007
        }
    },
    "var-lime": {
        "sufficiency": {
            "mean": 0.30000956096197523,
            "std": 0.39461843927988555
        },
        "comprehensiveness": {
            "mean": 0.2635452665997504,
            "std": 0.4168634536407742
        }
    },
    "var-attention": {
        "sufficiency": {
            "mean": 0.7410993422436043,
            "std": 0.3695428062505663
        },
        "comprehensiveness": {
            "mean": 0.5507275884871372,
            "std": 0.4638678359165751
        }
    },
    "var-ig": {
        "sufficiency": {
            "mean": 0.5089171958708733,
            "std": 0.443209130267376
        },
        "comprehensiveness": {
            "mean": 0.3696573574524661,
            "std": 0.4493413916626201
        }
    },
    "var-gradients": {
        "sufficiency": {
            "mean": 0.5803790557394082,
            "std": 0.4282645166662295
        },
        "comprehensiveness": {
            "mean": 0.40371896012810904,
            "std": 0.46514579064532857
        }
    },
    "var-scaled attention": {
        "sufficiency": {
            "mean": 0.8023657914760322,
            "std": 0.32098425803205266
        },
        "comprehensiveness": {
            "mean": 0.6389033300278754,
            "std": 0.4386664674512296
        }
    },
    "var-random": {
        "sufficiency": {
            "mean": 0.2932809976478276,
            "std": 0.3824619926905298
        },
        "comprehensiveness": {
            "mean": 0.16651390838581587,
            "std": 0.3425568026308823
        }
    },
    "var-var-len_var-feat": {
        "sufficiency": {
            "mean": 0.7831348132836354,
            "std": 0.3404364772365002
        },
        "comprehensiveness": {
            "mean": 0.6650283128655518,
            "std": 0.43362730488720536
        }
    },
    "var-var-len_var-feat_var-type": {
        "sufficiency": {
            "mean": 0.48048449226121326,
            "std": 0.4143398652878455
        },
        "comprehensiveness": {
            "mean": 0.8719781851749976,
            "std": 0.2893433552587658
        }
    }
}