{
    "fixed-deeplift": {
        "comprehensiveness": {
            "mean": 0.20660057347718944,
            "std": 0.37173477275943445
        },
        "sufficiency": {
            "mean": 0.08787374562523954,
            "std": 0.17640694997470563
        }
    },
    "fixed-lime": {
        "comprehensiveness": {
            "mean": 0.2838691478181642,
            "std": 0.4335001362096138
        },
        "sufficiency": {
            "mean": 0.10770568669768872,
            "std": 0.21418555198983
        }
    },
    "fixed-attention": {
        "comprehensiveness": {
            "mean": 0.597682832421589,
            "std": 0.4311974939597245
        },
        "sufficiency": {
            "mean": 0.4207840942952912,
            "std": 0.41829042451836346
        }
    },
    "fixed-ig": {
        "comprehensiveness": {
            "mean": 0.3460357760701507,
            "std": 0.43301085665175976
        },
        "sufficiency": {
            "mean": 0.13416380552154264,
            "std": 0.24654346245716457
        }
    },
    "fixed-gradients": {
        "comprehensiveness": {
            "mean": 0.26014160584022233,
            "std": 0.41268564302526783
        },
        "sufficiency": {
            "mean": 0.13400391626000038,
            "std": 0.2411206629601672
        }
    },
    "fixed-scaled attention": {
        "comprehensiveness": {
            "mean": 0.8164253740500637,
            "std": 0.3350576337705719
        },
        "sufficiency": {
            "mean": 0.40672184824182545,
            "std": 0.40748549529624095
        }
    },
    "fixed-random": {
        "comprehensiveness": {
            "mean": 0.12469262289346061,
            "std": 0.29841368120175304
        },
        "sufficiency": {
            "mean": 0.10305398946293706,
            "std": 0.20274678720392791
        }
    },
    "fixed-fixed-len_var-feat": {
        "comprehensiveness": {
            "mean": 0.835475852732051,
            "std": 0.3206382305954397
        },
        "sufficiency": {
            "mean": 0.3757217597793849,
            "std": 0.39999868269004185
        }
    },
    "fixed-fixed-len_var-feat_var-type": {
        "comprehensiveness": {
            "mean": 0.8468210942616375,
            "std": 0.31390238009743066
        },
        "sufficiency": {
            "mean": 0.49066451410368106,
            "std": 0.4247401380458593
        }
    },
    "var-deeplift": {
        "comprehensiveness": {
            "mean": 0.20765741162884044,
            "std": 0.37034294078985547
        },
        "sufficiency": {
            "mean": 0.08457007578791804,
            "std": 0.17259651964350878
        }
    },
    "var-lime": {
        "comprehensiveness": {
            "mean": 0.2882054701298734,
            "std": 0.4367122524259784
        },
        "sufficiency": {
            "mean": 0.09958552680119916,
            "std": 0.19857032257795992
        }
    },
    "var-attention": {
        "comprehensiveness": {
            "mean": 0.6643249615999647,
            "std": 0.4163546679702765
        },
        "sufficiency": {
            "mean": 0.36446239420162424,
            "std": 0.3959989483174319
        }
    },
    "var-ig": {
        "comprehensiveness": {
            "mean": 0.3598843811353283,
            "std": 0.4370174418201856
        },
        "sufficiency": {
            "mean": 0.1280084235810849,
            "std": 0.23132722561022268
        }
    },
    "var-gradients": {
        "comprehensiveness": {
            "mean": 0.278752917428808,
            "std": 0.4223773092983971
        },
        "sufficiency": {
            "mean": 0.13125922189430098,
            "std": 0.2346180147514827
        }
    },
    "var-scaled attention": {
        "comprehensiveness": {
            "mean": 0.8270808103610421,
            "std": 0.32736240568224273
        },
        "sufficiency": {
            "mean": 0.4070858726575283,
            "std": 0.3975625567519794
        }
    },
    "var-random": {
        "comprehensiveness": {
            "mean": 0.12491352046571903,
            "std": 0.29822645280886007
        },
        "sufficiency": {
            "mean": 0.10517411701086041,
            "std": 0.19881077864031488
        }
    },
    "var-var-len_var-feat": {
        "comprehensiveness": {
            "mean": 0.8494835937700687,
            "std": 0.308305971127981
        },
        "sufficiency": {
            "mean": 0.3759172841775836,
            "std": 0.3963378818078368
        }
    },
    "var-var-len_var-feat_var-type": {
        "comprehensiveness": {
            "mean": 0.8649684894007592,
            "std": 0.2953152174876023
        },
        "sufficiency": {
            "mean": 0.4843276770821533,
            "std": 0.42357937734418794
        }
    }
}