{
    "fixed-deeplift": {
        "comprehensiveness": {
            "mean": 0.423810625071998,
            "std": 0.40106989954889705
        },
        "sufficiency": {
            "mean": 0.06950801948778941,
            "std": 0.178116196963496
        }
    },
    "fixed-lime": {
        "comprehensiveness": {
            "mean": 0.4726983114352711,
            "std": 0.4223722757924265
        },
        "sufficiency": {
            "mean": 0.06875619126208521,
            "std": 0.1760226061033068
        }
    },
    "fixed-attention": {
        "comprehensiveness": {
            "mean": 0.38085019716991964,
            "std": 0.38606735877017184
        },
        "sufficiency": {
            "mean": 0.07101460766040059,
            "std": 0.17658058146130942
        }
    },
    "fixed-ig": {
        "comprehensiveness": {
            "mean": 0.4332996649391915,
            "std": 0.40454389315015166
        },
        "sufficiency": {
            "mean": 0.06664919708773555,
            "std": 0.17364015535248908
        }
    },
    "fixed-gradients": {
        "comprehensiveness": {
            "mean": 0.45652262940522104,
            "std": 0.4153840868432387
        },
        "sufficiency": {
            "mean": 0.06995663928209953,
            "std": 0.17647964425810872
        }
    },
    "fixed-scaled attention": {
        "comprehensiveness": {
            "mean": 0.4090864732194924,
            "std": 0.39419924518588384
        },
        "sufficiency": {
            "mean": 0.06898714113450677,
            "std": 0.17560734652847082
        }
    },
    "fixed-random": {
        "comprehensiveness": {
            "mean": 0.42809312837722163,
            "std": 0.4019674276635275
        },
        "sufficiency": {
            "mean": 0.06769870678966218,
            "std": 0.17476299749250626
        }
    },
    "fixed-fixed-len_var-feat": {
        "comprehensiveness": {
            "mean": 0.5963059054935338,
            "std": 0.41408613092309426
        },
        "sufficiency": {
            "mean": 0.07364247333730599,
            "std": 0.17927008144809664
        }
    },
    "fixed-fixed-len_var-feat_var-type": {
        "comprehensiveness": {
            "mean": 0.6588812167963732,
            "std": 0.40332966203529946
        },
        "sufficiency": {
            "mean": 0.08801492943167498,
            "std": 0.18470491509881024
        }
    },
    "var-deeplift": {
        "comprehensiveness": {
            "mean": 0.47308966819523135,
            "std": 0.4078287322258278
        },
        "sufficiency": {
            "mean": 0.060138611009344235,
            "std": 0.15961053891473984
        }
    },
    "var-lime": {
        "comprehensiveness": {
            "mean": 0.5397259376700292,
            "std": 0.42664992909391747
        },
        "sufficiency": {
            "mean": 0.047110753087992424,
            "std": 0.1506538905878955
        }
    },
    "var-attention": {
        "comprehensiveness": {
            "mean": 0.42245467862534253,
            "std": 0.3913666043324561
        },
        "sufficiency": {
            "mean": 0.061836516122449815,
            "std": 0.15994307549102266
        }
    },
    "var-ig": {
        "comprehensiveness": {
            "mean": 0.5002957224107629,
            "std": 0.41280383970963597
        },
        "sufficiency": {
            "mean": 0.055965160093385466,
            "std": 0.1593088553418948
        }
    },
    "var-gradients": {
        "comprehensiveness": {
            "mean": 0.5184263742987794,
            "std": 0.42191787062233005
        },
        "sufficiency": {
            "mean": 0.055102506808002404,
            "std": 0.1566336759341278
        }
    },
    "var-scaled attention": {
        "comprehensiveness": {
            "mean": 0.4484878080661129,
            "std": 0.3996162334476823
        },
        "sufficiency": {
            "mean": 0.05839949411382115,
            "std": 0.15907971628519962
        }
    },
    "var-random": {
        "comprehensiveness": {
            "mean": 0.48796587226691074,
            "std": 0.4106104226067649
        },
        "sufficiency": {
            "mean": 0.0591904288273665,
            "std": 0.16289331740316
        }
    },
    "var-var-len_var-feat": {
        "comprehensiveness": {
            "mean": 0.6471040553982729,
            "std": 0.4058626649661984
        },
        "sufficiency": {
            "mean": 0.051063441973108525,
            "std": 0.15352204331392524
        }
    },
    "var-var-len_var-feat_var-type": {
        "comprehensiveness": {
            "mean": 0.6930559470570683,
            "std": 0.3932277771015741
        },
        "sufficiency": {
            "mean": 0.059849659736512205,
            "std": 0.15848691403381096
        }
    }
}