,0,1,2,3,4,5,accuracy,macro avg,weighted avg
precision,0.19157894736842104,0.0,0.04,0.1434548714883443,0.0297029702970297,0.0,0.1763157894736842,0.06745613152563251,0.09885975794818339
recall,0.8406466512702079,0.0,0.005512679162072767,0.07476635514018691,0.015625,0.0,0.1763157894736842,0.1560917809287446,0.1763157894736842
f1-score,0.31204457779682815,0.0,0.009689922480620155,0.09830022527134957,0.020477815699658702,0.0,0.1763157894736842,0.07341875687474277,0.09652764868202222
support,1299.0,1394.0,907.0,3210.0,192.0,598.0,0.1763157894736842,7600.0,7600.0
