,0,1,2,3,4,5,accuracy,macro avg,weighted avg
precision,0.1356691253951528,0.057034220532319393,0.10849453322119428,0.15245202558635396,0.029411764705882353,0.0,0.1261842105263158,0.08051027824015046,0.11173190788127704
recall,0.3964588144726713,0.010760401721664276,0.1422271223814774,0.08909657320872275,0.07291666666666667,0.0,0.1261842105263158,0.11857659640853373,0.1261842105263158
f1-score,0.20215897939156038,0.01810500905250453,0.1230916030534351,0.11246559182068425,0.04191616766467066,0.0,0.1261842105263158,0.08295622516380914,0.10112492562556671
support,1299.0,1394.0,907.0,3210.0,192.0,598.0,0.1261842105263158,7600.0,7600.0
