,0,1,2,3,4,5,accuracy,macro avg,weighted avg
precision,0.13038443723946272,0.09375,0.08957528957528957,0.15263157894736842,0.01818181818181818,0.0,0.12802631578947368,0.08075385399065649,0.11509736172773835
recall,0.4334103156274057,0.002152080344332855,0.1278941565600882,0.09034267912772585,0.005208333333333333,0.0,0.12802631578947368,0.10983459416548098,0.12802631578947368
f1-score,0.20046288054121417,0.004207573632538569,0.10535876475930972,0.11350293542074363,0.008097165991902834,0.0,0.12802631578947368,0.07193822005761816,0.09575343653612137
support,1299.0,1394.0,907.0,3210.0,192.0,598.0,0.12802631578947368,7600.0,7600.0
