{
    "variable": {
        "gradients": {
            "f1 score - model labels": 94.244,
            "f1 score - actual labels": 90.289,
            "sufficiency": {
                "mean": 0.19204506222584672,
                "std": 0.31141523341520533
            },
            "comprehensiveness": {
                "mean": 0.11422661050494648,
                "std": 0.2888039201877462
            }
        },
        "ig-gradients": {
            "f1 score - model labels": 89.037,
            "f1 score - actual labels": 87.17,
            "sufficiency": {
                "mean": 0.2654298676388836,
                "std": 0.3561330944030129
            },
            "comprehensiveness": {
                "mean": 0.1808064433622294,
                "std": 0.35114559232302855
            }
        },
        "ig-gradients-deeplift": {
            "f1 score - model labels": 87.845,
            "f1 score - actual labels": 86.282,
            "sufficiency": {
                "mean": 0.2917968701800871,
                "std": 0.36896107306337295
            },
            "comprehensiveness": {
                "mean": 0.20877854622371572,
                "std": 0.37330795928410343
            }
        },
        "attention-ig-gradients-deeplift": {
            "f1 score - model labels": 87.246,
            "f1 score - actual labels": 85.631,
            "sufficiency": {
                "mean": 0.30023764730485014,
                "std": 0.37435850997037956
            },
            "comprehensiveness": {
                "mean": 0.2126752587147821,
                "std": 0.37646673674344916
            }
        },
        "gradients-deeplift-ig-scaled attention-attention": {
            "f1 score - model labels": 85.801,
            "f1 score - actual labels": 84.751,
            "sufficiency": {
                "mean": 0.32907480876712414,
                "std": 0.38579347537425585
            },
            "comprehensiveness": {
                "mean": 0.2281985498200311,
                "std": 0.3854799846304091
            }
        },
        "lime-gradients-deeplift-ig-scaled attention-attention": {
            "f1 score - model labels": 85.418,
            "f1 score - actual labels": 84.548,
            "sufficiency": {
                "mean": 0.33636560355982487,
                "std": 0.3881061319505925
            },
            "comprehensiveness": {
                "mean": 0.24030031718553685,
                "std": 0.39303279060524376
            }
        }
    },
    "fixed": {
        "gradients": {
            "f1 score - model labels": 94.749,
            "f1 score - actual labels": 90.479,
            "sufficiency": {
                "mean": 0.27175921623617716,
                "std": 0.35816777633540064
            },
            "comprehensiveness": {
                "mean": 0.11244873174369507,
                "std": 0.2857821343250623
            }
        },
        "ig-gradients": {
            "f1 score - model labels": 90.208,
            "f1 score - actual labels": 87.674,
            "sufficiency": {
                "mean": 0.3438102749372542,
                "std": 0.3844655663680529
            },
            "comprehensiveness": {
                "mean": 0.16902128409867045,
                "std": 0.3404033658998739
            }
        },
        "ig-gradients-deeplift": {
            "f1 score - model labels": 89.359,
            "f1 score - actual labels": 86.859,
            "sufficiency": {
                "mean": 0.35808136962572823,
                "std": 0.38897479123140266
            },
            "comprehensiveness": {
                "mean": 0.18745270217046905,
                "std": 0.3557796288105071
            }
        },
        "attention-ig-gradients-deeplift": {
            "f1 score - model labels": 88.616,
            "f1 score - actual labels": 86.26,
            "sufficiency": {
                "mean": 0.37539045745976996,
                "std": 0.39483577274716825
            },
            "comprehensiveness": {
                "mean": 0.19699662855808578,
                "std": 0.3633587744056225
            }
        },
        "gradients-deeplift-ig-scaled attention-attention": {
            "f1 score - model labels": 87.186,
            "f1 score - actual labels": 85.409,
            "sufficiency": {
                "mean": 0.40394414293782455,
                "std": 0.4016156626638701
            },
            "comprehensiveness": {
                "mean": 0.2130040725227621,
                "std": 0.3735965323565908
            }
        },
        "lime-gradients-deeplift-ig-scaled attention-attention": {
            "f1 score - model labels": 86.789,
            "f1 score - actual labels": 85.082,
            "sufficiency": {
                "mean": 0.41210651935671505,
                "std": 0.40341963877394327
            },
            "comprehensiveness": {
                "mean": 0.22383905698424855,
                "std": 0.3810285813573416
            }
        }
    }
}