,TopK sufficiency @ 0.2,Soff(ZEROOUT) sufficiency @ 0.2,Soff(NOISE) sufficiency @ 0.2,Soff(ATTENTION) sufficiency @ 0.2
0,0.03279558781895663,0.03231840411949365,0.10087577185742815,0.06505087893537603
1,0.03240246588586239,0.02896323303017382,0.0456829015495479,0.05440851983151064
2,0.039901127892660294,0.04302660799701665,0.09212801334500684,0.06829012103122471
3,0.054318053791807354,0.04587008944425766,0.05414381922642332,0.06012097216798475
4,0.04884327291784612,0.05357503178961965,0.03112742611497812,0.0517424631911509
