,TopK sufficiency @ 0.2,Soff(ZEROOUT) sufficiency @ 0.2,Soff(NOISE) sufficiency @ 0.2,Soff(ATTENTION) sufficiency @ 0.2
0,0.664397689768977,0.8191006600660066,0.6879125412541254,0.6687293729372937
1,0.6606848184818482,0.6107673267326733,0.6031353135313532,0.6464521452145214
2,0.6435643564356436,0.8886138613861386,0.7572194719471947,0.6639851485148515
3,0.6914191419141914,0.7627887788778878,0.7093646864686468,0.6522277227722773
4,0.6895627062706271,0.6947194719471947,0.6507838283828383,0.7077145214521452
