,Feature,TopK,Soft(ATTENTION limit),Soft(ZEROOUT limit),Soft(NOISE limit)
0,attention,0.5998349834983498,0.6045792079207921,0.20214521452145215,0.5375412541254125
1,scaled attention,0.5936468646864687,0.6095297029702971,0.194513201320132,0.3071369636963696
2,gradients,0.6210808580858086,0.6210808580858086,0.1808993399339934,0.6489273927392739
3,ig,0.6307755775577558,0.6445957095709571,0.5111386138613861,0.620049504950495
4,deeplift,0.5637376237623762,0.567450495049505,0.4969059405940594,0.6037541254125413
