,Feature,TopK,Soft(ATTENTION),Soft(ZEROOUT),Soft(NOISE)
0,attention,0.6072607260726073,0.9940181518151815,0.2075082508250825,0.4471947194719472
1,scaled attention,0.6041666666666666,1.0,0.2103960396039604,0.44183168316831684
2,gradients,0.6410891089108911,0.9940181518151815,0.25041254125412543,0.4797854785478548
3,ig,0.656559405940594,0.9940181518151815,0.5612623762376238,0.6293316831683168
4,deeplift,0.5936468646864687,0.9940181518151815,0.5076320132013201,0.6095297029702971
