,Feature,TopK,Soft(ATTENTION limit),Soft(ZEROOUT limit),Soft(NOISE limit)
0,attention,0.6800742574257426,0.6687293729372937,0.8191006600660066,0.6879125412541254
1,scaled attention,0.6844059405940595,0.6464521452145214,0.6107673267326733,0.6031353135313532
2,gradients,0.7295792079207921,0.6639851485148515,0.8886138613861386,0.7572194719471947
3,ig,0.7370049504950495,0.6522277227722773,0.7627887788778878,0.7093646864686468
4,deeplift,0.718440594059406,0.7077145214521452,0.6947194719471947,0.6507838283828383
