,Feature,TopK,Soft(ATTENTION2),Soft(ZEROOUT2),Soft(NOISE1)
0,attention,0.4762788778877888,0.0,0.430486798679868,0.2299917491749175
1,scaled attention,0.5480610561056105,0.0,0.40924092409240925,0.23844884488448845
2,gradients,0.44781353135313534,0.0,0.4566831683168317,0.2667079207920792
3,ig,0.5033003300330033,0.0,0.5398102310231023,0.5868399339933993
4,deeplift,0.4661716171617162,0.0,0.6155115511551155,0.5878712871287128
