{
    "fixed-deeplift": {
        "comprehensiveness": {
            "mean": 0.39807987766183384,
            "std": 0.3931039370283217
        },
        "sufficiency": {
            "mean": 0.05774204492255909,
            "std": 0.1666182952126016
        }
    },
    "fixed-lime": {
        "comprehensiveness": {
            "mean": 0.4609141059713067,
            "std": 0.42621277861888324
        },
        "sufficiency": {
            "mean": 0.06288012827246499,
            "std": 0.17039732453732423
        }
    },
    "fixed-attention": {
        "comprehensiveness": {
            "mean": 0.4006206411208019,
            "std": 0.3953300656863879
        },
        "sufficiency": {
            "mean": 0.06720153366897764,
            "std": 0.16193428897148088
        }
    },
    "fixed-ig": {
        "comprehensiveness": {
            "mean": 0.4234508303754832,
            "std": 0.40226683857411233
        },
        "sufficiency": {
            "mean": 0.05987554334487772,
            "std": 0.16421872296762938
        }
    },
    "fixed-gradients": {
        "comprehensiveness": {
            "mean": 0.45011635439141484,
            "std": 0.41915979840125167
        },
        "sufficiency": {
            "mean": 0.06369513921917697,
            "std": 0.17068471727112902
        }
    },
    "fixed-scaled attention": {
        "comprehensiveness": {
            "mean": 0.4060713328308214,
            "std": 0.3952084284201808
        },
        "sufficiency": {
            "mean": 0.053150860000268876,
            "std": 0.1580066397619084
        }
    },
    "fixed-random": {
        "comprehensiveness": {
            "mean": 0.40351031774368357,
            "std": 0.3961550562355963
        },
        "sufficiency": {
            "mean": 0.06338792216830168,
            "std": 0.16935190098251168
        }
    },
    "fixed-fixed-len_var-feat": {
        "comprehensiveness": {
            "mean": 0.5450464123253362,
            "std": 0.42547112229952505
        },
        "sufficiency": {
            "mean": 0.06661124657952462,
            "std": 0.17043011530815677
        }
    },
    "fixed-fixed-len_var-feat_var-type": {
        "comprehensiveness": {
            "mean": 0.5764582127018341,
            "std": 0.4322431588569165
        },
        "sufficiency": {
            "mean": 0.07407778690558757,
            "std": 0.1697257451915829
        }
    },
    "var-deeplift": {
        "comprehensiveness": {
            "mean": 0.43535885046188116,
            "std": 0.40799573625480684
        },
        "sufficiency": {
            "mean": 0.054176202395809794,
            "std": 0.16133423168932054
        }
    },
    "var-lime": {
        "comprehensiveness": {
            "mean": 0.4942631816369727,
            "std": 0.4407358305866394
        },
        "sufficiency": {
            "mean": 0.050952169808346714,
            "std": 0.1551230761856742
        }
    },
    "var-attention": {
        "comprehensiveness": {
            "mean": 0.4134919792733772,
            "std": 0.40355934839864915
        },
        "sufficiency": {
            "mean": 0.061474002004442994,
            "std": 0.15388691637520574
        }
    },
    "var-ig": {
        "comprehensiveness": {
            "mean": 0.455505918727651,
            "std": 0.4187708992012697
        },
        "sufficiency": {
            "mean": 0.05581353085041125,
            "std": 0.15979708118473734
        }
    },
    "var-gradients": {
        "comprehensiveness": {
            "mean": 0.475267953897096,
            "std": 0.43216019844317605
        },
        "sufficiency": {
            "mean": 0.05655992045130118,
            "std": 0.1586942356182861
        }
    },
    "var-scaled attention": {
        "comprehensiveness": {
            "mean": 0.4256360445995429,
            "std": 0.4058079278211731
        },
        "sufficiency": {
            "mean": 0.050884054685345466,
            "std": 0.15342440989710784
        }
    },
    "var-random": {
        "comprehensiveness": {
            "mean": 0.4381163610885741,
            "std": 0.4147828538125902
        },
        "sufficiency": {
            "mean": 0.056179965114560804,
            "std": 0.1560676120696806
        }
    },
    "var-var-len_var-feat": {
        "comprehensiveness": {
            "mean": 0.5734764875646594,
            "std": 0.435620756373719
        },
        "sufficiency": {
            "mean": 0.057522903667836786,
            "std": 0.15956671544317377
        }
    },
    "var-var-len_var-feat_var-type": {
        "comprehensiveness": {
            "mean": 0.5953795967075056,
            "std": 0.43991748747855
        },
        "sufficiency": {
            "mean": 0.06440955415836984,
            "std": 0.16165765210850996
        }
    }
}