{
    "variable": {
        "gradients": {
            "f1 score - model labels": 66.198,
            "f1 score - actual labels": 62.3,
            "sufficiency": {
                "mean": 0.06160196911518528,
                "std": 0.1671511323967892
            },
            "comprehensiveness": {
                "mean": 0.4832197020266171,
                "std": 0.428112651459692
            }
        },
        "gradients-ig": {
            "f1 score - model labels": 61.971,
            "f1 score - actual labels": 60.576,
            "sufficiency": {
                "mean": 0.061018554649115084,
                "std": 0.16700076626306826
            },
            "comprehensiveness": {
                "mean": 0.5211580465635208,
                "std": 0.4285314819324366
            }
        },
        "gradients-ig-deeplift": {
            "f1 score - model labels": 59.62,
            "f1 score - actual labels": 59.739,
            "sufficiency": {
                "mean": 0.06174732084840961,
                "std": 0.16831262994440907
            },
            "comprehensiveness": {
                "mean": 0.5407890084519084,
                "std": 0.4290479348194635
            }
        },
        "gradients-attention-ig-deeplift": {
            "f1 score - model labels": 58.277,
            "f1 score - actual labels": 58.53,
            "sufficiency": {
                "mean": 0.06200350050257741,
                "std": 0.16722696712699026
            },
            "comprehensiveness": {
                "mean": 0.5473809982034121,
                "std": 0.42892864751225523
            }
        },
        "scaled attention-gradients-deeplift-attention-ig": {
            "f1 score - model labels": 57.674,
            "f1 score - actual labels": 58.509,
            "sufficiency": {
                "mean": 0.06301905209681953,
                "std": 0.16768243612945438
            },
            "comprehensiveness": {
                "mean": 0.5544427468528066,
                "std": 0.42719062387736345
            }
        },
        "scaled attention-lime-gradients-deeplift-attention-ig": {
            "f1 score - model labels": 52.638,
            "f1 score - actual labels": 55.719,
            "sufficiency": {
                "mean": 0.05867928829796349,
                "std": 0.1651918170139677
            },
            "comprehensiveness": {
                "mean": 0.5712783534026139,
                "std": 0.4320836730160068
            }
        }
    },
    "fixed": {
        "gradients": {
            "f1 score - model labels": 72.071,
            "f1 score - actual labels": 64.506,
            "sufficiency": {
                "mean": 0.06995663928209953,
                "std": 0.17647964425810872
            },
            "comprehensiveness": {
                "mean": 0.45652262940522104,
                "std": 0.4153840868432387
            }
        },
        "gradients-ig": {
            "f1 score - model labels": 67.903,
            "f1 score - actual labels": 63.14,
            "sufficiency": {
                "mean": 0.0689077020432752,
                "std": 0.17612393530952047
            },
            "comprehensiveness": {
                "mean": 0.494981829679397,
                "std": 0.41784156151633584
            }
        },
        "gradients-ig-deeplift": {
            "f1 score - model labels": 65.382,
            "f1 score - actual labels": 62.005,
            "sufficiency": {
                "mean": 0.06834065225022853,
                "std": 0.17569072339736502
            },
            "comprehensiveness": {
                "mean": 0.515012746552535,
                "std": 0.41881505959380294
            }
        },
        "gradients-attention-ig-deeplift": {
            "f1 score - model labels": 63.548,
            "f1 score - actual labels": 61.079,
            "sufficiency": {
                "mean": 0.06984941768472483,
                "std": 0.17628170804734716
            },
            "comprehensiveness": {
                "mean": 0.5235701750668518,
                "std": 0.41933240709130837
            }
        },
        "scaled attention-gradients-deeplift-attention-ig": {
            "f1 score - model labels": 62.529,
            "f1 score - actual labels": 60.865,
            "sufficiency": {
                "mean": 0.07028839288822188,
                "std": 0.17654549451434848
            },
            "comprehensiveness": {
                "mean": 0.5314868900892455,
                "std": 0.41784760603741766
            }
        },
        "scaled attention-lime-gradients-deeplift-attention-ig": {
            "f1 score - model labels": 59.411,
            "f1 score - actual labels": 58.898,
            "sufficiency": {
                "mean": 0.07113799391622652,
                "std": 0.17823607774951278
            },
            "comprehensiveness": {
                "mean": 0.5500653846807572,
                "std": 0.4209645408465431
            }
        }
    }
}