{
    "var-random": {
        "sufficiency": {
            "mean": 0.5266226144028013,
            "std": 0.4233171708517577
        },
        "comprehensiveness": {
            "mean": 0.20628466417838312,
            "std": 0.35924171921618675
        }
    },
    "var-ig": {
        "sufficiency": {
            "mean": 0.6225032903362119,
            "std": 0.4031875532004326
        },
        "comprehensiveness": {
            "mean": 0.29100959820948025,
            "std": 0.4077595525776339
        }
    },
    "var-gradients": {
        "sufficiency": {
            "mean": 0.5116146133294834,
            "std": 0.42316932422064035
        },
        "comprehensiveness": {
            "mean": 0.185466637881401,
            "std": 0.34896539388985487
        }
    },
    "var-var-len_var-feat": {
        "sufficiency": {
            "mean": 0.661101998758164,
            "std": 0.3927535212890122
        },
        "comprehensiveness": {
            "mean": 0.3260378974247128,
            "std": 0.42521069723776656
        }
    },
    "var-attention": {
        "sufficiency": {
            "mean": 0.5622865168540176,
            "std": 0.4206329490738538
        },
        "comprehensiveness": {
            "mean": 0.22092007012613457,
            "std": 0.37406925707372773
        }
    },
    "var-scaled attention": {
        "sufficiency": {
            "mean": 0.6177130385520725,
            "std": 0.41120369724771183
        },
        "comprehensiveness": {
            "mean": 0.28260150136617845,
            "std": 0.40489127070317676
        }
    },
    "fixed-random": {
        "sufficiency": {
            "mean": 0.6109224129181776,
            "std": 0.41146263454803134
        },
        "comprehensiveness": {
            "mean": 0.16006318458342877,
            "std": 0.3190711139977896
        }
    },
    "fixed-ig": {
        "sufficiency": {
            "mean": 0.7095224163460528,
            "std": 0.3704700075098045
        },
        "comprehensiveness": {
            "mean": 0.24259474450644586,
            "std": 0.37934287343289885
        }
    },
    "fixed-gradients": {
        "sufficiency": {
            "mean": 0.6279082896012241,
            "std": 0.4033359430237488
        },
        "comprehensiveness": {
            "mean": 0.16675249196736255,
            "std": 0.32782547752422136
        }
    },
    "fixed-fixed-len_var-feat": {
        "sufficiency": {
            "mean": 0.764710288236176,
            "std": 0.33914583064779374
        },
        "comprehensiveness": {
            "mean": 0.2921548509593973,
            "std": 0.404923323049144
        }
    },
    "fixed-attention": {
        "sufficiency": {
            "mean": 0.6935213943930885,
            "std": 0.38128464953423563
        },
        "comprehensiveness": {
            "mean": 0.20753685851721376,
            "std": 0.3579194511930994
        }
    },
    "fixed-scaled attention": {
        "sufficiency": {
            "mean": 0.7206836201116835,
            "std": 0.3687961389254492
        },
        "comprehensiveness": {
            "mean": 0.2528598818376033,
            "std": 0.38527030090729586
        }
    }
}