{
    "variable": {
        "gradients": {
            "f1 score - model labels": 83.812,
            "f1 score - actual labels": 81.992,
            "sufficiency": {
                "mean": 0.31581223889928184,
                "std": 0.4009295397630538
            },
            "comprehensiveness": {
                "mean": 0.24856068496035613,
                "std": 0.39440489013699126
            }
        },
        "gradients-ig": {
            "f1 score - model labels": 66.921,
            "f1 score - actual labels": 67.716,
            "sufficiency": {
                "mean": 0.46217937616999377,
                "std": 0.4317119629482099
            },
            "comprehensiveness": {
                "mean": 0.4228972631930465,
                "std": 0.4562213045449344
            }
        },
        "gradients-attention-ig": {
            "f1 score - model labels": 49.266,
            "f1 score - actual labels": 50.936,
            "sufficiency": {
                "mean": 0.6845304702793396,
                "std": 0.3971187160276413
            },
            "comprehensiveness": {
                "mean": 0.5948349776425864,
                "std": 0.4413880601992064
            }
        },
        "gradients-scaled attention-attention-ig": {
            "f1 score - model labels": 42.979,
            "f1 score - actual labels": 45.224,
            "sufficiency": {
                "mean": 0.7153963054396215,
                "std": 0.38431546419066687
            },
            "comprehensiveness": {
                "mean": 0.6533994774381865,
                "std": 0.42529345790547357
            }
        }
    },
    "fixed": {
        "gradients": {
            "f1 score - model labels": 82.904,
            "f1 score - actual labels": 80.338,
            "sufficiency": {
                "mean": 0.4795163123935991,
                "std": 0.43124099015072503
            },
            "comprehensiveness": {
                "mean": 0.25146051590142626,
                "std": 0.3892086556676657
            }
        },
        "gradients-ig": {
            "f1 score - model labels": 65.92,
            "f1 score - actual labels": 65.715,
            "sufficiency": {
                "mean": 0.6212829961871543,
                "std": 0.4148139923843088
            },
            "comprehensiveness": {
                "mean": 0.4320397981938324,
                "std": 0.45397112443555004
            }
        },
        "gradients-attention-ig": {
            "f1 score - model labels": 46.076,
            "f1 score - actual labels": 46.408,
            "sufficiency": {
                "mean": 0.8012074726950194,
                "std": 0.33198458634818256
            },
            "comprehensiveness": {
                "mean": 0.6275599089760626,
                "std": 0.429606441425203
            }
        },
        "gradients-scaled attention-attention-ig": {
            "f1 score - model labels": 40.4,
            "f1 score - actual labels": 41.763,
            "sufficiency": {
                "mean": 0.8194297625464395,
                "std": 0.3183048548935519
            },
            "comprehensiveness": {
                "mean": 0.6797057729169721,
                "std": 0.41195899580453893
            }
        }
    }
}