{
    "var-random": {
        "sufficiency": {
            "mean": 0.3325026721100922,
            "std": 0.40916872005267896
        },
        "comprehensiveness": {
            "mean": 0.2216547137416109,
            "std": 0.37321081529486944
        }
    },
    "var-gradients": {
        "sufficiency": {
            "mean": 0.31581223889928184,
            "std": 0.4009295397630538
        },
        "comprehensiveness": {
            "mean": 0.24856068496035613,
            "std": 0.39440489013699126
        }
    },
    "var-ig": {
        "sufficiency": {
            "mean": 0.4653260701485953,
            "std": 0.43074868078718204
        },
        "comprehensiveness": {
            "mean": 0.4237351373476707,
            "std": 0.4539370303638248
        }
    },
    "var-var-len_var-feat": {
        "sufficiency": {
            "mean": 0.7148272988414388,
            "std": 0.384694681460932
        },
        "comprehensiveness": {
            "mean": 0.6538066899471388,
            "std": 0.4252815343406316
        }
    },
    "var-scaled attention": {
        "sufficiency": {
            "mean": 0.5619266314145438,
            "std": 0.43984594041020125
        },
        "comprehensiveness": {
            "mean": 0.46707094159087126,
            "std": 0.45537654369708896
        }
    },
    "var-attention": {
        "sufficiency": {
            "mean": 0.6719198308700681,
            "std": 0.40333497048360245
        },
        "comprehensiveness": {
            "mean": 0.5371205624911786,
            "std": 0.4456726786128671
        }
    },
    "fixed-random": {
        "sufficiency": {
            "mean": 0.45825541590674124,
            "std": 0.43464520115018246
        },
        "comprehensiveness": {
            "mean": 0.21646502760257536,
            "std": 0.36328794386334695
        }
    },
    "fixed-gradients": {
        "sufficiency": {
            "mean": 0.4795163123935991,
            "std": 0.43124099015072503
        },
        "comprehensiveness": {
            "mean": 0.25146051590142626,
            "std": 0.3892086556676657
        }
    },
    "fixed-ig": {
        "sufficiency": {
            "mean": 0.6117711962978317,
            "std": 0.41790604946400844
        },
        "comprehensiveness": {
            "mean": 0.4286727400919346,
            "std": 0.45094427629964684
        }
    },
    "fixed-fixed-len_var-feat": {
        "sufficiency": {
            "mean": 0.81927555194416,
            "std": 0.31840042019612247
        },
        "comprehensiveness": {
            "mean": 0.6801592895137788,
            "std": 0.41193207799042175
        }
    },
    "fixed-scaled attention": {
        "sufficiency": {
            "mean": 0.6640748141776422,
            "std": 0.414184704089645
        },
        "comprehensiveness": {
            "mean": 0.48083895796289844,
            "std": 0.45306232741322466
        }
    },
    "fixed-attention": {
        "sufficiency": {
            "mean": 0.7977188390499441,
            "std": 0.3359214938604147
        },
        "comprehensiveness": {
            "mean": 0.5776510556696489,
            "std": 0.4344337084964912
        }
    }
}