{
    "fixed-deeplift": {
        "sufficiency": {
            "mean": 0.29659701520271003,
            "std": 0.3749542438236825
        },
        "comprehensiveness": {
            "mean": 0.1250286375342688,
            "std": 0.29953345756812494
        }
    },
    "fixed-lime": {
        "sufficiency": {
            "mean": 0.2448272574950209,
            "std": 0.3597099713394544
        },
        "comprehensiveness": {
            "mean": 0.15215267031322477,
            "std": 0.3343944067573939
        }
    },
    "fixed-attention": {
        "sufficiency": {
            "mean": 0.33267872276155636,
            "std": 0.38278395784556946
        },
        "comprehensiveness": {
            "mean": 0.13528594924015702,
            "std": 0.31112251483893516
        }
    },
    "fixed-ig": {
        "sufficiency": {
            "mean": 0.36400651781127685,
            "std": 0.3886896792892218
        },
        "comprehensiveness": {
            "mean": 0.16298977150801752,
            "std": 0.3338476279682025
        }
    },
    "fixed-gradients": {
        "sufficiency": {
            "mean": 0.27175921623617716,
            "std": 0.35816777633540064
        },
        "comprehensiveness": {
            "mean": 0.11244873174369507,
            "std": 0.2857821343250623
        }
    },
    "fixed-scaled attention": {
        "sufficiency": {
            "mean": 0.4069495316719604,
            "std": 0.4079011315224293
        },
        "comprehensiveness": {
            "mean": 0.17013521164985262,
            "std": 0.3400476086287345
        }
    },
    "fixed-random": {
        "sufficiency": {
            "mean": 0.2805501659877733,
            "std": 0.3667322061147434
        },
        "comprehensiveness": {
            "mean": 0.09735454740780393,
            "std": 0.26217222084900504
        }
    },
    "fixed-fixed-len_var-feat": {
        "sufficiency": {
            "mean": 0.41472299330422974,
            "std": 0.40265185620602933
        },
        "comprehensiveness": {
            "mean": 0.22153762344266903,
            "std": 0.37884145147655723
        }
    },
    "fixed-fixed-len_var-feat_var-type": {
        "sufficiency": {
            "mean": 0.4575748223194636,
            "std": 0.4137023644445451
        },
        "comprehensiveness": {
            "mean": 0.40740144339005524,
            "std": 0.45391628071158546
        }
    },
    "var-deeplift": {
        "sufficiency": {
            "mean": 0.2493629692725431,
            "std": 0.3561350599769588
        },
        "comprehensiveness": {
            "mean": 0.16591742582467203,
            "std": 0.3397627005037795
        }
    },
    "var-lime": {
        "sufficiency": {
            "mean": 0.20118139107820107,
            "std": 0.3339512298166812
        },
        "comprehensiveness": {
            "mean": 0.18615094210851207,
            "std": 0.3640976385969625
        }
    },
    "var-attention": {
        "sufficiency": {
            "mean": 0.21734556583668038,
            "std": 0.33315861700531907
        },
        "comprehensiveness": {
            "mean": 0.1359987297399009,
            "std": 0.3139131671748345
        }
    },
    "var-ig": {
        "sufficiency": {
            "mean": 0.2978008456010602,
            "std": 0.36548715656222747
        },
        "comprehensiveness": {
            "mean": 0.1893098861919054,
            "std": 0.3549297156334679
        }
    },
    "var-gradients": {
        "sufficiency": {
            "mean": 0.17859440963842166,
            "std": 0.30145059661253115
        },
        "comprehensiveness": {
            "mean": 0.1161493212819403,
            "std": 0.2915193289878088
        }
    },
    "var-scaled attention": {
        "sufficiency": {
            "mean": 0.3285432568136888,
            "std": 0.39003797944970875
        },
        "comprehensiveness": {
            "mean": 0.1915727698616637,
            "std": 0.35822117860579544
        }
    },
    "var-random": {
        "sufficiency": {
            "mean": 0.22796890760507316,
            "std": 0.33935477036257256
        },
        "comprehensiveness": {
            "mean": 0.12391910143305485,
            "std": 0.29352981352275664
        }
    },
    "var-var-len_var-feat": {
        "sufficiency": {
            "mean": 0.3256492387829636,
            "std": 0.3856770920405952
        },
        "comprehensiveness": {
            "mean": 0.24090976942784964,
            "std": 0.39359869693004
        }
    },
    "var-var-len_var-feat_var-type": {
        "sufficiency": {
            "mean": 0.39416827320582104,
            "std": 0.4042548952687994
        },
        "comprehensiveness": {
            "mean": 0.3946878575954879,
            "std": 0.45254766494550275
        }
    }
}