{
    "fixed-deeplift": {
        "sufficiency": {
            "mean": 0.3288723776036634,
            "std": 0.4165004518942076
        },
        "comprehensiveness": {
            "mean": 0.1809574289489044,
            "std": 0.3500876569499717
        }
    },
    "fixed-lime": {
        "sufficiency": {
            "mean": 0.3531182848201321,
            "std": 0.4203083959081935
        },
        "comprehensiveness": {
            "mean": 0.25659833119414455,
            "std": 0.4110328169476995
        }
    },
    "fixed-attention": {
        "sufficiency": {
            "mean": 0.7563405605672984,
            "std": 0.38282845946128025
        },
        "comprehensiveness": {
            "mean": 0.5156848389197498,
            "std": 0.4577814929003216
        }
    },
    "fixed-ig": {
        "sufficiency": {
            "mean": 0.5168887770888586,
            "std": 0.45328192763248776
        },
        "comprehensiveness": {
            "mean": 0.2896946433259536,
            "std": 0.41589236949840985
        }
    },
    "fixed-gradients": {
        "sufficiency": {
            "mean": 0.6294673406753869,
            "std": 0.4344472214260733
        },
        "comprehensiveness": {
            "mean": 0.4023017344959937,
            "std": 0.4542539368400372
        }
    },
    "fixed-scaled attention": {
        "sufficiency": {
            "mean": 0.8395662553525362,
            "std": 0.31675054970293737
        },
        "comprehensiveness": {
            "mean": 0.6393774924769803,
            "std": 0.4413503961022602
        }
    },
    "fixed-random": {
        "sufficiency": {
            "mean": 0.3638655432086024,
            "std": 0.4231713945320924
        },
        "comprehensiveness": {
            "mean": 0.206406044354622,
            "std": 0.3734248633293627
        }
    },
    "fixed-fixed-len_var-feat": {
        "sufficiency": {
            "mean": 0.8123446914805807,
            "std": 0.3360821016697026
        },
        "comprehensiveness": {
            "mean": 0.6699107868037556,
            "std": 0.43347961238971244
        }
    },
    "fixed-fixed-len_var-feat_var-type": {
        "sufficiency": {
            "mean": 0.41138285536003133,
            "std": 0.4219155722001687
        },
        "comprehensiveness": {
            "mean": 0.9239505250878327,
            "std": 0.226331604301806
        }
    },
    "var-deeplift": {
        "sufficiency": {
            "mean": 0.4355340243232258,
            "std": 0.4380259933099419
        },
        "comprehensiveness": {
            "mean": 0.2743474185344309,
            "std": 0.40282901321532194
        }
    },
    "var-lime": {
        "sufficiency": {
            "mean": 0.3521260860563618,
            "std": 0.41889696392703435
        },
        "comprehensiveness": {
            "mean": 0.3289598042337227,
            "std": 0.44418010733452645
        }
    },
    "var-attention": {
        "sufficiency": {
            "mean": 0.7975182690581427,
            "std": 0.34620780195403944
        },
        "comprehensiveness": {
            "mean": 0.6646534084314848,
            "std": 0.4367296319827573
        }
    },
    "var-ig": {
        "sufficiency": {
            "mean": 0.5954671256783369,
            "std": 0.4436514813496024
        },
        "comprehensiveness": {
            "mean": 0.47068636009046644,
            "std": 0.4643218185871648
        }
    },
    "var-gradients": {
        "sufficiency": {
            "mean": 0.7046036619491527,
            "std": 0.4047274286247048
        },
        "comprehensiveness": {
            "mean": 0.5399982655695003,
            "std": 0.46272451132025194
        }
    },
    "var-scaled attention": {
        "sufficiency": {
            "mean": 0.8460396968130545,
            "std": 0.3029622943955389
        },
        "comprehensiveness": {
            "mean": 0.7359872976685544,
            "std": 0.3984173422211576
        }
    },
    "var-random": {
        "sufficiency": {
            "mean": 0.4176804507398033,
            "std": 0.43757058223590667
        },
        "comprehensiveness": {
            "mean": 0.3003723080467523,
            "std": 0.42367025769959105
        }
    },
    "var-var-len_var-feat": {
        "sufficiency": {
            "mean": 0.84052231865227,
            "std": 0.31000217126959356
        },
        "comprehensiveness": {
            "mean": 0.7631599733771328,
            "std": 0.38841135339911115
        }
    },
    "var-var-len_var-feat_var-type": {
        "sufficiency": {
            "mean": 0.5001694006181243,
            "std": 0.42906431649253834
        },
        "comprehensiveness": {
            "mean": 0.9390706876238362,
            "std": 0.20870973146114394
        }
    }
}