{
    "fixed-deeplift": {
        "sufficiency": {
            "mean": 0.3572128103363664,
            "std": 0.41728536505821556
        },
        "comprehensiveness": {
            "mean": 0.16848685148274292,
            "std": 0.3416630566766433
        }
    },
    "fixed-lime": {
        "sufficiency": {
            "mean": 0.32720466002744314,
            "std": 0.39168998088792073
        },
        "comprehensiveness": {
            "mean": 0.2289923857942982,
            "std": 0.3970255534744014
        }
    },
    "fixed-attention": {
        "sufficiency": {
            "mean": 0.7457142945637719,
            "std": 0.367992311445837
        },
        "comprehensiveness": {
            "mean": 0.49490373876794064,
            "std": 0.4589444838416588
        }
    },
    "fixed-ig": {
        "sufficiency": {
            "mean": 0.5591666136169806,
            "std": 0.43511631418922936
        },
        "comprehensiveness": {
            "mean": 0.3671085255955808,
            "std": 0.4437812064950156
        }
    },
    "fixed-gradients": {
        "sufficiency": {
            "mean": 0.6161054407524514,
            "std": 0.4320801608731837
        },
        "comprehensiveness": {
            "mean": 0.3889130340940836,
            "std": 0.45305242026471104
        }
    },
    "fixed-scaled attention": {
        "sufficiency": {
            "mean": 0.829269451426161,
            "std": 0.3076111180280643
        },
        "comprehensiveness": {
            "mean": 0.6208043247614923,
            "std": 0.4407540262936181
        }
    },
    "fixed-random": {
        "sufficiency": {
            "mean": 0.35251640378200033,
            "std": 0.4080027348036158
        },
        "comprehensiveness": {
            "mean": 0.16716324051357484,
            "std": 0.3387312501097131
        }
    },
    "fixed-fixed-len_var-feat": {
        "sufficiency": {
            "mean": 0.8021639741135813,
            "std": 0.328907506847395
        },
        "comprehensiveness": {
            "mean": 0.6684292087812436,
            "std": 0.42921512196744155
        }
    },
    "fixed-fixed-len_var-feat_var-type": {
        "sufficiency": {
            "mean": 0.47484071041803366,
            "std": 0.4237697326862763
        },
        "comprehensiveness": {
            "mean": 0.9335868892803167,
            "std": 0.20036087316324133
        }
    },
    "var-deeplift": {
        "sufficiency": {
            "mean": 0.4117945327035462,
            "std": 0.441424584733748
        },
        "comprehensiveness": {
            "mean": 0.26313231430497885,
            "std": 0.4083487623238005
        }
    },
    "var-lime": {
        "sufficiency": {
            "mean": 0.3568149028669697,
            "std": 0.40609518274808726
        },
        "comprehensiveness": {
            "mean": 0.3201107246683705,
            "std": 0.441040337468402
        }
    },
    "var-attention": {
        "sufficiency": {
            "mean": 0.7531186984273114,
            "std": 0.3724051033537666
        },
        "comprehensiveness": {
            "mean": 0.6543712546415109,
            "std": 0.43885838157964036
        }
    },
    "var-ig": {
        "sufficiency": {
            "mean": 0.614620842233934,
            "std": 0.42868261792909973
        },
        "comprehensiveness": {
            "mean": 0.5009125497290673,
            "std": 0.45772133031375234
        }
    },
    "var-gradients": {
        "sufficiency": {
            "mean": 0.6489429755608499,
            "std": 0.42134154561441134
        },
        "comprehensiveness": {
            "mean": 0.559101127785137,
            "std": 0.45887806378261614
        }
    },
    "var-scaled attention": {
        "sufficiency": {
            "mean": 0.8074526083958011,
            "std": 0.3303350226065459
        },
        "comprehensiveness": {
            "mean": 0.7566216667392938,
            "std": 0.3855662004547417
        }
    },
    "var-random": {
        "sufficiency": {
            "mean": 0.42744638194732637,
            "std": 0.43071614003523767
        },
        "comprehensiveness": {
            "mean": 0.26605003751487855,
            "std": 0.404669483540523
        }
    },
    "var-var-len_var-feat": {
        "sufficiency": {
            "mean": 0.8023857753921726,
            "std": 0.33171526599316054
        },
        "comprehensiveness": {
            "mean": 0.7987020617077684,
            "std": 0.362896218191081
        }
    },
    "var-var-len_var-feat_var-type": {
        "sufficiency": {
            "mean": 0.5119628661599563,
            "std": 0.4221818393597514
        },
        "comprehensiveness": {
            "mean": 0.951754285617628,
            "std": 0.17106090335392354
        }
    }
}