,0,1,2,accuracy,macro avg,weighted avg,epoch,point,dev_loss,model-name
precision,0.7457044673539519,0.7395833333333334,0.6094276094276094,0.685672514619883,0.6982384700382983,0.6965748756962319,1,483,2.990509149623893,/home/cass/projects/BP-rationales/multilingual_trained_models/evinf/mbert10.pt
recall,0.7862318840579711,0.42011834319526625,0.7573221757322176,0.685672514619883,0.6545574676618183,0.685672514619883,1,483,2.990509149623893,/home/cass/projects/BP-rationales/multilingual_trained_models/evinf/mbert10.pt
f1-score,0.7654320987654321,0.5358490566037736,0.6753731343283583,0.685672514619883,0.6588847632325213,0.6772396621780331,1,483,2.990509149623893,/home/cass/projects/BP-rationales/multilingual_trained_models/evinf/mbert10.pt
support,276.0,169.0,239.0,0.685672514619883,684.0,684.0,1,483,2.990509149623893,/home/cass/projects/BP-rationales/multilingual_trained_models/evinf/mbert10.pt
