,0,1,2,accuracy,macro avg,weighted avg,epoch,point,dev_loss,model-name
precision,0.8280542986425339,0.7909090909090909,0.6118980169971672,0.7105263157894737,0.7436204688495973,0.7433483170340623,1,966,3.0631859374848025,/jmain02/home/J2AD003/txk58/zxz22-txk58/BP-rationales/BP-rationales/multilingual_trained_models/evinf/mbert10.pt
recall,0.6630434782608695,0.514792899408284,0.9037656903765691,0.7105263157894737,0.6938673560152409,0.7105263157894737,1,966,3.0631859374848025,/jmain02/home/J2AD003/txk58/zxz22-txk58/BP-rationales/BP-rationales/multilingual_trained_models/evinf/mbert10.pt
f1-score,0.7364185110663984,0.6236559139784946,0.7297297297297297,0.7105263157894737,0.6966013849248743,0.706220415090785,1,966,3.0631859374848025,/jmain02/home/J2AD003/txk58/zxz22-txk58/BP-rationales/BP-rationales/multilingual_trained_models/evinf/mbert10.pt
support,276.0,169.0,239.0,0.7105263157894737,684.0,684.0,1,966,3.0631859374848025,/jmain02/home/J2AD003/txk58/zxz22-txk58/BP-rationales/BP-rationales/multilingual_trained_models/evinf/mbert10.pt
