,0,1,2,3,4,5,accuracy,macro avg,weighted avg,epoch,point,dev_loss,model-name
precision,0.2692307692307692,0.0,0.26666666666666666,0.0,0.0,0.0,0.26857142857142857,0.08931623931623932,0.14237362637362638,1,58,12.542865579778498,/jmain02/home/J2AD003/txk58/zxz22-txk58/BP-rationales/BP-rationales/trained_models/sst_conti/bert15.pt
recall,0.7777777777777778,0.0,0.25,0.0,0.0,0.0,0.26857142857142857,0.17129629629629628,0.26857142857142857,1,58,12.542865579778498,/jmain02/home/J2AD003/txk58/zxz22-txk58/BP-rationales/BP-rationales/trained_models/sst_conti/bert15.pt
f1-score,0.39999999999999997,0.0,0.2580645161290323,0.0,0.0,0.0,0.26857142857142857,0.10967741935483871,0.17364055299539172,1,58,12.542865579778498,/jmain02/home/J2AD003/txk58/zxz22-txk58/BP-rationales/BP-rationales/trained_models/sst_conti/bert15.pt
support,45.0,43.0,48.0,17.0,21.0,1.0,0.26857142857142857,175.0,175.0,1,58,12.542865579778498,/jmain02/home/J2AD003/txk58/zxz22-txk58/BP-rationales/BP-rationales/trained_models/sst_conti/bert15.pt
