,0,1,2,3,4,5,accuracy,macro avg,weighted avg
precision,0.2714819427148194,0.0,0.22593320235756384,0.0,0.0,0.0,0.24601867105985722,0.08290252417873055,0.11789890483916841
recall,0.5343137254901961,0.0,0.5,0.0,0.0,0.0,0.24601867105985722,0.17238562091503265,0.24601867105985722
f1-score,0.36003303055326175,0.0,0.3112313937753721,0.0,0.0,0.0,0.24601867105985722,0.11187740405477231,0.15928606128632727
support,408.0,478.0,460.0,286.0,171.0,18.0,0.24601867105985722,1821.0,1821.0
