,0,1,2,3,4,5,accuracy,macro avg,weighted avg
precision,0.23880597014925373,0.0,0.2491448118586089,0.0,0.0,0.0,0.2487644151565074,0.08132513033464377,0.11644121322122769
recall,0.0392156862745098,0.0,0.95,0.0,0.0,0.0,0.2487644151565074,0.16486928104575163,0.2487644151565074
f1-score,0.06736842105263158,0.0,0.3947606142728094,0.0,0.0,0.0,0.2487644151565074,0.07702150588757349,0.1148139474766425
support,408.0,478.0,460.0,286.0,171.0,18.0,0.2487644151565074,1821.0,1821.0
