,0,1,2,3,4,5,accuracy,macro avg,weighted avg
precision,0.23953823953823955,0.25,0.20649651972157773,0.0,0.0,0.0,0.2317408017572762,0.11600579320996955,0.17145524481248078
recall,0.8137254901960784,0.0020920502092050207,0.1934782608695652,0.0,0.0,0.0,0.2317408017572762,0.16821596687914142,0.2317408017572762
f1-score,0.3701226309921962,0.004149377593360996,0.19977553310886642,0.0,0.0,0.0,0.2317408017572762,0.09567459028240394,0.13448115385201603
support,408.0,478.0,460.0,286.0,171.0,18.0,0.2317408017572762,1821.0,1821.0
