,0,1,2,3,4,5,accuracy,macro avg,weighted avg,epoch,point,dev_loss,model-name
precision,0.27692307692307694,0.3225806451612903,0.31645569620253167,0.0,0.0,0.0,0.3028571428571429,0.1526599030478165,0.23727074069254553,2,0,12.453712463378906,/jmain02/home/J2AD003/txk58/zxz22-txk58/BP-rationales/BP-rationales/trained_models/sst_conti/bert10.pt
recall,0.4,0.23255813953488372,0.5208333333333334,0.0,0.0,0.0,0.3028571428571429,0.19223191214470284,0.3028571428571429,2,0,12.453712463378906,/jmain02/home/J2AD003/txk58/zxz22-txk58/BP-rationales/BP-rationales/trained_models/sst_conti/bert10.pt
f1-score,0.3272727272727273,0.2702702702702703,0.3937007874015748,0.0,0.0,0.0,0.3028571428571429,0.16520729749076205,0.2585516122523997,2,0,12.453712463378906,/jmain02/home/J2AD003/txk58/zxz22-txk58/BP-rationales/BP-rationales/trained_models/sst_conti/bert10.pt
support,45.0,43.0,48.0,17.0,21.0,1.0,0.3028571428571429,175.0,175.0,2,0,12.453712463378906,/jmain02/home/J2AD003/txk58/zxz22-txk58/BP-rationales/BP-rationales/trained_models/sst_conti/bert10.pt
