{
    "fixed-fixed-len_var-feat": {
        "comprehensiveness": {
            "mean": 0.5555232391897456,
            "std": 0.4437944685190829
        },
        "sufficiency": {
            "mean": 0.8004209765831223,
            "std": 0.34770857885256395
        }
    },
    "fixed-random": {
        "comprehensiveness": {
            "mean": 0.3470291393759973,
            "std": 0.4253990308736416
        },
        "sufficiency": {
            "mean": 0.6003189558226704,
            "std": 0.43722209883513075
        }
    },
    "fixed-scaled attention": {
        "comprehensiveness": {
            "mean": 0.570242406987047,
            "std": 0.4327861974479397
        },
        "sufficiency": {
            "mean": 0.8166430652108839,
            "std": 0.3404998059739827
        }
    },
    "fixed-attention": {
        "comprehensiveness": {
            "mean": 0.3150657297433795,
            "std": 0.4107517186323451
        },
        "sufficiency": {
            "mean": 0.6069772205116583,
            "std": 0.44211855950273227
        }
    },
    "fixed-gradients": {
        "comprehensiveness": {
            "mean": 0.3680263484992359,
            "std": 0.4324744391085032
        },
        "sufficiency": {
            "mean": 0.6198391614250127,
            "std": 0.4334303491115147
        }
    },
    "fixed-ig": {
        "comprehensiveness": {
            "mean": 0.44531489746875746,
            "std": 0.4414701276152259
        },
        "sufficiency": {
            "mean": 0.7053997021702344,
            "std": 0.40766764727314103
        }
    },
    "var-var-len_var-feat": {
        "comprehensiveness": {
            "mean": 0.6049956941591426,
            "std": 0.44219733164468283
        },
        "sufficiency": {
            "mean": 0.7495598052512626,
            "std": 0.3752221198838464
        }
    },
    "var-random": {
        "comprehensiveness": {
            "mean": 0.3780514477198549,
            "std": 0.4338246247198534
        },
        "sufficiency": {
            "mean": 0.567195747991004,
            "std": 0.43895193695124207
        }
    },
    "var-scaled attention": {
        "comprehensiveness": {
            "mean": 0.614774904224522,
            "std": 0.4207947171837497
        },
        "sufficiency": {
            "mean": 0.7742303241480792,
            "std": 0.36996214749786177
        }
    },
    "var-attention": {
        "comprehensiveness": {
            "mean": 0.2697411790811263,
            "std": 0.3917231019833035
        },
        "sufficiency": {
            "mean": 0.5270011069903632,
            "std": 0.44903092441232817
        }
    },
    "var-gradients": {
        "comprehensiveness": {
            "mean": 0.38831979729159366,
            "std": 0.4382582848276566
        },
        "sufficiency": {
            "mean": 0.5868515458330308,
            "std": 0.43628823376324777
        }
    },
    "var-ig": {
        "comprehensiveness": {
            "mean": 0.4902202167170663,
            "std": 0.44584075617791363
        },
        "sufficiency": {
            "mean": 0.6741933218870076,
            "std": 0.41723626794189317
        }
    }
}