{
    "fixed": {
        "gradients": {
            "f1 score - model labels": 79.156,
            "f1 score - actual labels": 77.39,
            "sufficiency": {
                "mean": 0.6198391614250127,
                "std": 0.4334303491115147
            },
            "comprehensiveness": {
                "mean": 0.3680263484992359,
                "std": 0.4324744391085032
            }
        },
        "gradients-ig": {
            "f1 score - model labels": 69.457,
            "f1 score - actual labels": 69.846,
            "sufficiency": {
                "mean": 0.7113815169715727,
                "std": 0.4018975827761129
            },
            "comprehensiveness": {
                "mean": 0.46736818763850163,
                "std": 0.447579024750289
            }
        },
        "gradients-attention-ig": {
            "f1 score - model labels": 68.025,
            "f1 score - actual labels": 68.514,
            "sufficiency": {
                "mean": 0.7365394146360645,
                "std": 0.3878369658050034
            },
            "comprehensiveness": {
                "mean": 0.47884743971457194,
                "std": 0.4486606173284326
            }
        },
        "gradients-attention-ig-scaled attention": {
            "f1 score - model labels": 61.229,
            "f1 score - actual labels": 63.463,
            "sufficiency": {
                "mean": 0.7931715062986149,
                "std": 0.35245043152698874
            },
            "comprehensiveness": {
                "mean": 0.5502511323069113,
                "std": 0.44671571181272574
            }
        }
    },
    "variable": {
        "gradients": {
            "f1 score - model labels": 75.328,
            "f1 score - actual labels": 76.214,
            "sufficiency": {
                "mean": 0.5868515458330308,
                "std": 0.43628823376324777
            },
            "comprehensiveness": {
                "mean": 0.38831979729159366,
                "std": 0.4382582848276566
            }
        },
        "gradients-ig": {
            "f1 score - model labels": 62.119,
            "f1 score - actual labels": 65.827,
            "sufficiency": {
                "mean": 0.6956935124480415,
                "std": 0.40660382597094963
            },
            "comprehensiveness": {
                "mean": 0.5252339526153698,
                "std": 0.4489106475472564
            }
        },
        "gradients-attention-ig": {
            "f1 score - model labels": 61.788,
            "f1 score - actual labels": 65.051,
            "sufficiency": {
                "mean": 0.6932718581476549,
                "std": 0.4052765938492237
            },
            "comprehensiveness": {
                "mean": 0.5237512984653814,
                "std": 0.45404328182174797
            }
        },
        "gradients-attention-ig-scaled attention": {
            "f1 score - model labels": 52.885,
            "f1 score - actual labels": 57.781,
            "sufficiency": {
                "mean": 0.7499828145520651,
                "std": 0.3749722046964705
            },
            "comprehensiveness": {
                "mean": 0.6046854782298671,
                "std": 0.44220466977762696
            }
        }
    }
}