{
    "fixed-deeplift": {
        "sufficiency": {
            "mean": 0.6094617076761336,
            "std": 0.4333111887471448
        },
        "comprehensiveness": {
            "mean": 0.3442652086349443,
            "std": 0.4245579485464822
        }
    },
    "fixed-lime": {
        "sufficiency": {
            "mean": 0.661021503472045,
            "std": 0.3922738336676893
        },
        "comprehensiveness": {
            "mean": 0.42814402763104237,
            "std": 0.46934698339209374
        }
    },
    "fixed-attention": {
        "sufficiency": {
            "mean": 0.6068527254067312,
            "std": 0.4421626782922692
        },
        "comprehensiveness": {
            "mean": 0.31518225544782663,
            "std": 0.410801150073289
        }
    },
    "fixed-ig": {
        "sufficiency": {
            "mean": 0.7051527959518913,
            "std": 0.4077897528768403
        },
        "comprehensiveness": {
            "mean": 0.4455785435228545,
            "std": 0.4415123551450734
        }
    },
    "fixed-gradients": {
        "sufficiency": {
            "mean": 0.6198391614250127,
            "std": 0.4334303491115147
        },
        "comprehensiveness": {
            "mean": 0.3680263484992359,
            "std": 0.4324744391085032
        }
    },
    "fixed-scaled attention": {
        "sufficiency": {
            "mean": 0.8170274827211997,
            "std": 0.3401750701316836
        },
        "comprehensiveness": {
            "mean": 0.5698823151979373,
            "std": 0.4327833921691285
        }
    },
    "fixed-random": {
        "sufficiency": {
            "mean": 0.591773173013309,
            "std": 0.4427345589027756
        },
        "comprehensiveness": {
            "mean": 0.3315673571597059,
            "std": 0.4202037270417424
        }
    },
    "fixed-fixed-len_var-feat": {
        "sufficiency": {
            "mean": 0.8047218167959247,
            "std": 0.34180607184943523
        },
        "comprehensiveness": {
            "mean": 0.5588561286666801,
            "std": 0.44453453762107775
        }
    },
    "fixed-fixed-len_var-feat_var-type": {
        "sufficiency": {
            "mean": 0.7915391055396556,
            "std": 0.35139488984366546
        },
        "comprehensiveness": {
            "mean": 0.684786172355935,
            "std": 0.41818751437712287
        }
    },
    "var-deeplift": {
        "sufficiency": {
            "mean": 0.5796690314833253,
            "std": 0.4361630244705978
        },
        "comprehensiveness": {
            "mean": 0.35685323874314345,
            "std": 0.4298357336197534
        }
    },
    "var-lime": {
        "sufficiency": {
            "mean": 0.6277591180082417,
            "std": 0.390205068194446
        },
        "comprehensiveness": {
            "mean": 0.4372964347096117,
            "std": 0.46861339600806595
        }
    },
    "var-attention": {
        "sufficiency": {
            "mean": 0.5323112469320204,
            "std": 0.4490512658277804
        },
        "comprehensiveness": {
            "mean": 0.2783140001117309,
            "std": 0.3956138950189612
        }
    },
    "var-ig": {
        "sufficiency": {
            "mean": 0.6776684905442766,
            "std": 0.41599027567114516
        },
        "comprehensiveness": {
            "mean": 0.49497107392773476,
            "std": 0.44327687069988825
        }
    },
    "var-gradients": {
        "sufficiency": {
            "mean": 0.594496513606918,
            "std": 0.43566713236760574
        },
        "comprehensiveness": {
            "mean": 0.4035743350989037,
            "std": 0.4382874761788492
        }
    },
    "var-scaled attention": {
        "sufficiency": {
            "mean": 0.7755975439433452,
            "std": 0.36882264773075746
        },
        "comprehensiveness": {
            "mean": 0.6175607552702578,
            "std": 0.4178239913424638
        }
    },
    "var-random": {
        "sufficiency": {
            "mean": 0.5837661865147373,
            "std": 0.4400853666153527
        },
        "comprehensiveness": {
            "mean": 0.38990572072205554,
            "std": 0.43212386652135143
        }
    },
    "var-var-len_var-feat": {
        "sufficiency": {
            "mean": 0.7492200019311637,
            "std": 0.3749442613905624
        },
        "comprehensiveness": {
            "mean": 0.6184093458303693,
            "std": 0.43989654590064725
        }
    },
    "var-var-len_var-feat_var-type": {
        "sufficiency": {
            "mean": 0.7302058341072638,
            "std": 0.38612066718967764
        },
        "comprehensiveness": {
            "mean": 0.706597708762362,
            "std": 0.41304459930116255
        }
    }
}