{
    "variable": {
        "gradients": {
            "f1 score - model labels": 77.241,
            "f1 score - actual labels": 77.705,
            "sufficiency": {
                "mean": 0.4939495466963042,
                "std": 0.4536078615732524
            },
            "comprehensiveness": {
                "mean": 0.3769058475077038,
                "std": 0.42855244088056105
            }
        },
        "ig-gradients": {
            "f1 score - model labels": 57.492,
            "f1 score - actual labels": 62.067,
            "sufficiency": {
                "mean": 0.5975682009187951,
                "std": 0.445278704246317
            },
            "comprehensiveness": {
                "mean": 0.5572609524594431,
                "std": 0.44446833915529865
            }
        },
        "deeplift-ig-gradients": {
            "f1 score - model labels": 50.708,
            "f1 score - actual labels": 55.92,
            "sufficiency": {
                "mean": 0.6278359461102669,
                "std": 0.4350659192644471
            },
            "comprehensiveness": {
                "mean": 0.6147285388010002,
                "std": 0.4355150781075282
            }
        },
        "deeplift-ig-gradients-attention": {
            "f1 score - model labels": 47.873,
            "f1 score - actual labels": 53.294,
            "sufficiency": {
                "mean": 0.6482229844246619,
                "std": 0.42624446728907583
            },
            "comprehensiveness": {
                "mean": 0.6355120920927398,
                "std": 0.42823996623908384
            }
        },
        "attention-deeplift-scaled attention-ig-gradients": {
            "f1 score - model labels": 39.184,
            "f1 score - actual labels": 45.236,
            "sufficiency": {
                "mean": 0.7145455270831231,
                "std": 0.399959329554945
            },
            "comprehensiveness": {
                "mean": 0.6948554976131525,
                "std": 0.4081023566047431
            }
        },
        "attention-deeplift-scaled attention-ig-lime-gradients": {
            "f1 score - model labels": 34.766,
            "f1 score - actual labels": 41.125,
            "sufficiency": {
                "mean": 0.7276323679392214,
                "std": 0.38959870014451886
            },
            "comprehensiveness": {
                "mean": 0.7095388346094128,
                "std": 0.404287128050758
            }
        }
    },
    "fixed": {
        "gradients": {
            "f1 score - model labels": 77.91,
            "f1 score - actual labels": 76.557,
            "sufficiency": {
                "mean": 0.5394054539274079,
                "std": 0.45512308918636535
            },
            "comprehensiveness": {
                "mean": 0.3972368408594925,
                "std": 0.4360792231760498
            }
        },
        "ig-gradients": {
            "f1 score - model labels": 56.301,
            "f1 score - actual labels": 59.952,
            "sufficiency": {
                "mean": 0.6704284287590221,
                "std": 0.4266195939729795
            },
            "comprehensiveness": {
                "mean": 0.5641759789428963,
                "std": 0.4424204993954848
            }
        },
        "deeplift-ig-gradients": {
            "f1 score - model labels": 48.959,
            "f1 score - actual labels": 53.246,
            "sufficiency": {
                "mean": 0.7021022851881661,
                "std": 0.4088454432305719
            },
            "comprehensiveness": {
                "mean": 0.619480205157361,
                "std": 0.43284183443832525
            }
        },
        "deeplift-ig-gradients-attention": {
            "f1 score - model labels": 46.659,
            "f1 score - actual labels": 51.045,
            "sufficiency": {
                "mean": 0.7248798632500248,
                "std": 0.39349546716320394
            },
            "comprehensiveness": {
                "mean": 0.6354539143295633,
                "std": 0.42994833473544064
            }
        },
        "attention-deeplift-scaled attention-ig-gradients": {
            "f1 score - model labels": 38.94,
            "f1 score - actual labels": 44.533,
            "sufficiency": {
                "mean": 0.7816877202671058,
                "std": 0.3623683753543802
            },
            "comprehensiveness": {
                "mean": 0.6839754385323963,
                "std": 0.41163701633453537
            }
        },
        "attention-deeplift-scaled attention-ig-lime-gradients": {
            "f1 score - model labels": 35.163,
            "f1 score - actual labels": 40.737,
            "sufficiency": {
                "mean": 0.7946605157323963,
                "std": 0.3492083263644172
            },
            "comprehensiveness": {
                "mean": 0.6907388091050726,
                "std": 0.4114740260071503
            }
        }
    }
}