{
    "fixed-deeplift": {
        "comprehensiveness": {
            "mean": 0.5527435786492905,
            "std": 0.4451164386234136
        },
        "sufficiency": {
            "mean": 0.633660537331949,
            "std": 0.4310316403442439
        }
    },
    "fixed-lime": {
        "comprehensiveness": {
            "mean": 0.49061622027554863,
            "std": 0.4907301324445965
        },
        "sufficiency": {
            "mean": 0.5815101315328395,
            "std": 0.3932859922879605
        }
    },
    "fixed-attention": {
        "comprehensiveness": {
            "mean": 0.5266540723652825,
            "std": 0.44935298959530273
        },
        "sufficiency": {
            "mean": 0.6658105247393955,
            "std": 0.4186953252820303
        }
    },
    "fixed-ig": {
        "comprehensiveness": {
            "mean": 0.5650045731789167,
            "std": 0.44004710415469084
        },
        "sufficiency": {
            "mean": 0.6903779434281564,
            "std": 0.41704213288776326
        }
    },
    "fixed-gradients": {
        "comprehensiveness": {
            "mean": 0.39128284332400654,
            "std": 0.42675258409867334
        },
        "sufficiency": {
            "mean": 0.5445988774523908,
            "std": 0.4467710665170105
        }
    },
    "fixed-scaled attention": {
        "comprehensiveness": {
            "mean": 0.6983982149096112,
            "std": 0.40308089662852475
        },
        "sufficiency": {
            "mean": 0.8254682797502829,
            "std": 0.33102180667664133
        }
    },
    "fixed-random": {
        "comprehensiveness": {
            "mean": 0.3853986365011224,
            "std": 0.43430536234921413
        },
        "sufficiency": {
            "mean": 0.5125106407437311,
            "std": 0.4540515013561861
        }
    },
    "fixed-fixed-len_var-feat": {
        "comprehensiveness": {
            "mean": 0.6998196990039814,
            "std": 0.4128317524850035
        },
        "sufficiency": {
            "mean": 0.7930790386504468,
            "std": 0.3463682902282317
        }
    },
    "fixed-fixed-len_var-feat_var-type": {
        "comprehensiveness": {
            "mean": 0.6930171490701201,
            "std": 0.4156029035211094
        },
        "sufficiency": {
            "mean": 0.7954122721508077,
            "std": 0.34330919442511854
        }
    },
    "var-deeplift": {
        "comprehensiveness": {
            "mean": 0.4951744565979517,
            "std": 0.4464422709840824
        },
        "sufficiency": {
            "mean": 0.5716203604867562,
            "std": 0.43969667275576163
        }
    },
    "var-lime": {
        "comprehensiveness": {
            "mean": 0.46802189314392667,
            "std": 0.4868228759897265
        },
        "sufficiency": {
            "mean": 0.5680746227813086,
            "std": 0.39082984822467887
        }
    },
    "var-attention": {
        "comprehensiveness": {
            "mean": 0.5037179647951142,
            "std": 0.4529826894135809
        },
        "sufficiency": {
            "mean": 0.5877031888556453,
            "std": 0.43979104930864116
        }
    },
    "var-ig": {
        "comprehensiveness": {
            "mean": 0.5507200098021412,
            "std": 0.44140294542024183
        },
        "sufficiency": {
            "mean": 0.6149869716017071,
            "std": 0.43497209534311965
        }
    },
    "var-gradients": {
        "comprehensiveness": {
            "mean": 0.38208634426415516,
            "std": 0.4259543898428635
        },
        "sufficiency": {
            "mean": 0.492802841244415,
            "std": 0.4526347810940236
        }
    },
    "var-scaled attention": {
        "comprehensiveness": {
            "mean": 0.688717321499073,
            "std": 0.4082214611483825
        },
        "sufficiency": {
            "mean": 0.758796602658449,
            "std": 0.3764817615265113
        }
    },
    "var-random": {
        "comprehensiveness": {
            "mean": 0.36504699395458656,
            "std": 0.4247967695359537
        },
        "sufficiency": {
            "mean": 0.4894250012439443,
            "std": 0.4534487879219449
        }
    },
    "var-var-len_var-feat": {
        "comprehensiveness": {
            "mean": 0.7185076122011171,
            "std": 0.4084236728821991
        },
        "sufficiency": {
            "mean": 0.7152287212837009,
            "std": 0.3953232509290885
        }
    },
    "var-var-len_var-feat_var-type": {
        "comprehensiveness": {
            "mean": 0.7114694990408296,
            "std": 0.41751536482187623
        },
        "sufficiency": {
            "mean": 0.729834147079617,
            "std": 0.38417679766028784
        }
    }
}