,0,1,2,3,4,5,accuracy,macro avg,weighted avg,epoch,point,dev_loss,model-name
precision,0.625,0.41509433962264153,1.0,0.6349206349206349,0.0,0.8333333333333334,0.5474452554744526,0.5847247179794349,0.5636841639286206,3,92,5.296103933879308,/jmain02/home/J2AD003/txk58/zxz22-txk58/BP-rationales/BP-rationales/trained_models/evinf_top/scibert15.pt
recall,0.38461538461538464,0.6285714285714286,0.5,0.6060606060606061,0.0,0.625,0.5474452554744526,0.45737456987456987,0.5474452554744526,3,92,5.296103933879308,/jmain02/home/J2AD003/txk58/zxz22-txk58/BP-rationales/BP-rationales/trained_models/evinf_top/scibert15.pt
f1-score,0.4761904761904762,0.5000000000000001,0.6666666666666666,0.62015503875969,0.0,0.7142857142857143,0.5474452554744526,0.49621631598375787,0.5425912004591347,3,92,5.296103933879308,/jmain02/home/J2AD003/txk58/zxz22-txk58/BP-rationales/BP-rationales/trained_models/evinf_top/scibert15.pt
support,13.0,35.0,6.0,66.0,9.0,8.0,0.5474452554744526,137.0,137.0,3,92,5.296103933879308,/jmain02/home/J2AD003/txk58/zxz22-txk58/BP-rationales/BP-rationales/trained_models/evinf_top/scibert15.pt
