,0,1,2,3,4,5,accuracy,macro avg,weighted avg
precision,0.0,0.42016806722689076,0.0,0.05823627287853577,0.0,0.0,0.11805555555555555,0.07973405668423776,0.17554931012893232
recall,0.0,0.1694915254237288,0.0,0.8333333333333334,0.0,0.0,0.11805555555555555,0.16713747645951038,0.11805555555555555
f1-score,0.0,0.24154589371980675,0.0,0.1088646967340591,0.0,0.0,0.11805555555555555,0.05840176507564431,0.10531716098635205
support,232.0,295.0,53.0,42.0,28.0,70.0,0.11805555555555555,720.0,720.0
