,0,1,2,3,4,5,accuracy,macro avg,weighted avg,epoch,point,dev_loss,model-name
precision,0.0,0.5454545454545454,0.0,0.5686274509803921,1.0,0.0,0.5620437956204379,0.352346999405823,0.47898044420156916,3,24,20.055391629536945,/jmain02/home/J2AD003/txk58/zxz22-txk58/BP-rationales/BP-rationales/trained_models/evinf_top/scibert10.pt
recall,0.0,0.5142857142857142,0.0,0.8787878787878788,0.1111111111111111,0.0,0.5620437956204379,0.2506974506974507,0.5620437956204379,3,24,20.055391629536945,/jmain02/home/J2AD003/txk58/zxz22-txk58/BP-rationales/BP-rationales/trained_models/evinf_top/scibert10.pt
f1-score,0.0,0.5294117647058822,0.0,0.6904761904761905,0.19999999999999998,0.0,0.5620437956204379,0.23664799253034544,0.4810280316506163,3,24,20.055391629536945,/jmain02/home/J2AD003/txk58/zxz22-txk58/BP-rationales/BP-rationales/trained_models/evinf_top/scibert10.pt
support,13.0,35.0,6.0,66.0,9.0,8.0,0.5620437956204379,137.0,137.0,3,24,20.055391629536945,/jmain02/home/J2AD003/txk58/zxz22-txk58/BP-rationales/BP-rationales/trained_models/evinf_top/scibert10.pt
