,0,1,2,3,4,5,accuracy,macro avg,weighted avg
precision,0.125,0.4444444444444444,0.0,0.07086614173228346,0.0,0.0,0.16666666666666666,0.10671843102945465,0.2265104014775931
recall,0.017241379310344827,0.2711864406779661,0.0,0.8571428571428571,0.0,0.0,0.16666666666666666,0.190928446188528,0.16666666666666666
f1-score,0.0303030303030303,0.33684210526315794,0.0,0.13090909090909092,0.0,0.0,0.16666666666666666,0.08300903774587985,0.15541236930710617
support,232.0,295.0,53.0,42.0,28.0,70.0,0.16666666666666666,720.0,720.0
