,0,1,2,3,4,5,accuracy,macro avg,weighted avg
precision,0.24324324324324326,0.3935018050541516,0.0,0.05555555555555555,0.0,0.25,0.19722222222222222,0.1570501006421584,0.26715110868991737
recall,0.03879310344827586,0.3694915254237288,0.0,0.5238095238095238,0.0,0.02857142857142857,0.19722222222222222,0.1601109302088262,0.19722222222222222
f1-score,0.06691449814126395,0.3811188811188811,0.0,0.10045662100456619,0.0,0.05128205128205128,0.19722222222222222,0.09996200859112708,0.1885599377371924
support,232.0,295.0,53.0,42.0,28.0,70.0,0.19722222222222222,720.0,720.0
