,0,1,2,3,4,5,accuracy,macro avg,weighted avg
precision,0.4,0.4065934065934066,0.2,0.055449330783938815,0.0,0.0,0.1486111111111111,0.17700712289622422,0.31343600949719497
recall,0.008620689655172414,0.25084745762711863,0.03773584905660377,0.6904761904761905,0.0,0.0,0.1486111111111111,0.16461336446918087,0.1486111111111111
f1-score,0.016877637130801686,0.31027253668763105,0.06349206349206349,0.10265486725663717,0.0,0.0,0.1486111111111111,0.08221618409452223,0.14322582489868788
support,232.0,295.0,53.0,42.0,28.0,70.0,0.1486111111111111,720.0,720.0
