,0,1,2,3,4,5,accuracy,macro avg,weighted avg,epoch,point,dev_loss,model-name
precision,0.4444444444444444,0.3902439024390244,1.0,0.5764705882352941,0.0,0.0,0.5182481751824818,0.40185982251979385,0.4633822860341098,3,24,19.665478812323677,/jmain02/home/J2AD003/txk58/zxz22-txk58/BP-rationales/BP-rationales/trained_models/evinf_top/scibert25.pt
recall,0.3076923076923077,0.45714285714285713,0.3333333333333333,0.7424242424242424,0.0,0.0,0.5182481751824818,0.30676545676545675,0.5182481751824818,3,24,19.665478812323677,/jmain02/home/J2AD003/txk58/zxz22-txk58/BP-rationales/BP-rationales/trained_models/evinf_top/scibert25.pt
f1-score,0.3636363636363637,0.42105263157894735,0.5,0.6490066225165563,0.0,0.0,0.5182481751824818,0.32228260295531125,0.47663176582940575,3,24,19.665478812323677,/jmain02/home/J2AD003/txk58/zxz22-txk58/BP-rationales/BP-rationales/trained_models/evinf_top/scibert25.pt
support,13.0,35.0,6.0,66.0,9.0,8.0,0.5182481751824818,137.0,137.0,3,24,19.665478812323677,/jmain02/home/J2AD003/txk58/zxz22-txk58/BP-rationales/BP-rationales/trained_models/evinf_top/scibert25.pt
