,0,1,2,3,4,5,accuracy,macro avg,weighted avg,epoch,point,dev_loss,model-name
precision,0.6,0.43137254901960786,1.0,0.631578947368421,0.0,1.0,0.5693430656934306,0.6104919160646715,0.573593063810234,3,24,19.920469284057617,/jmain02/home/J2AD003/txk58/zxz22-txk58/BP-rationales/BP-rationales/trained_models/evinf_top/scibert15.pt
recall,0.23076923076923078,0.6285714285714286,0.3333333333333333,0.7272727272727273,0.0,0.375,0.5693430656934306,0.38249111999112,0.5693430656934306,3,24,19.920469284057617,/jmain02/home/J2AD003/txk58/zxz22-txk58/BP-rationales/BP-rationales/trained_models/evinf_top/scibert15.pt
f1-score,0.33333333333333337,0.5116279069767442,0.5,0.676056338028169,0.0,0.5454545454545454,0.5693430656934306,0.42774535396546537,0.5417785748249262,3,24,19.920469284057617,/jmain02/home/J2AD003/txk58/zxz22-txk58/BP-rationales/BP-rationales/trained_models/evinf_top/scibert15.pt
support,13.0,35.0,6.0,66.0,9.0,8.0,0.5693430656934306,137.0,137.0,3,24,19.920469284057617,/jmain02/home/J2AD003/txk58/zxz22-txk58/BP-rationales/BP-rationales/trained_models/evinf_top/scibert15.pt
