,0,1,2,3,4,5,accuracy,macro avg,weighted avg
precision,0.0,0.38345864661654133,0.0,0.04948805460750853,0.0,0.0,0.1111111111111111,0.07215778353734165,0.1599983320074931
recall,0.0,0.17288135593220338,0.0,0.6904761904761905,0.0,0.0,0.1111111111111111,0.14389292440139897,0.1111111111111111
f1-score,0.0,0.2383177570093458,0.0,0.09235668789808918,0.0,0.0,0.1111111111111111,0.055112407484572495,0.1030315544576066
support,232.0,295.0,53.0,42.0,28.0,70.0,0.1111111111111111,720.0,720.0
