,0,1,2,3,4,5,accuracy,macro avg,weighted avg
precision,0.0,0.0,0.0,0.058333333333333334,0.0,0.0,0.058333333333333334,0.009722222222222222,0.003402777777777778
recall,0.0,0.0,0.0,1.0,0.0,0.0,0.058333333333333334,0.16666666666666666,0.058333333333333334
f1-score,0.0,0.0,0.0,0.11023622047244094,0.0,0.0,0.058333333333333334,0.01837270341207349,0.006430446194225722
support,232.0,295.0,53.0,42.0,28.0,70.0,0.058333333333333334,720.0,720.0
