,0,1,2,3,4,5,accuracy,macro avg,weighted avg
precision,0.2857142857142857,0.3588039867109635,0.0,0.037037037037037035,0.0,0.0,0.1763888888888889,0.11359255157704769,0.24123395266806116
recall,0.017241379310344827,0.36610169491525424,0.0,0.35714285714285715,0.0,0.0,0.1763888888888889,0.1234143218947427,0.1763888888888889
f1-score,0.032520325203252036,0.3624161073825503,0.0,0.06711409395973154,0.0,0.0,0.1763888888888889,0.07700842109092232,0.1628836931546049
support,232.0,295.0,53.0,42.0,28.0,70.0,0.1763888888888889,720.0,720.0
