,0,1,2,3,4,5,accuracy,macro avg,weighted avg,epoch,point,dev_loss,model-name
precision,0.0,0.4583333333333333,1.0,0.5714285714285714,0.0,0.5,0.5328467153284672,0.42162698412698413,0.46537191518943344,3,92,5.040519196646554,/jmain02/home/J2AD003/txk58/zxz22-txk58/BP-rationales/BP-rationales/trained_models/evinf_top/scibert10.pt
recall,0.0,0.6285714285714286,0.3333333333333333,0.7272727272727273,0.0,0.125,0.5328467153284672,0.30236291486291483,0.5328467153284672,3,92,5.040519196646554,/jmain02/home/J2AD003/txk58/zxz22-txk58/BP-rationales/BP-rationales/trained_models/evinf_top/scibert10.pt
f1-score,0.0,0.5301204819277109,0.5,0.64,0.0,0.2,0.5328467153284672,0.3116867469879518,0.4773300501275174,3,92,5.040519196646554,/jmain02/home/J2AD003/txk58/zxz22-txk58/BP-rationales/BP-rationales/trained_models/evinf_top/scibert10.pt
support,13.0,35.0,6.0,66.0,9.0,8.0,0.5328467153284672,137.0,137.0,3,92,5.040519196646554,/jmain02/home/J2AD003/txk58/zxz22-txk58/BP-rationales/BP-rationales/trained_models/evinf_top/scibert10.pt
