,0,1,2,3,4,5,accuracy,macro avg,weighted avg,epoch,point,dev_loss,model-name
precision,0.6666666666666666,0.42,0.6,0.6025641025641025,0.0,1.0,0.5401459854014599,0.5482051282051282,0.5455174995320982,3,46,5.214538182531085,/jmain02/home/J2AD003/txk58/zxz22-txk58/BP-rationales/BP-rationales/trained_models/evinf_top/scibert25.pt
recall,0.15384615384615385,0.6,0.5,0.7121212121212122,0.0,0.125,0.5401459854014599,0.34849456099456094,0.5401459854014599,3,46,5.214538182531085,/jmain02/home/J2AD003/txk58/zxz22-txk58/BP-rationales/BP-rationales/trained_models/evinf_top/scibert25.pt
f1-score,0.25,0.49411764705882355,0.5454545454545454,0.6527777777777778,0.0,0.2222222222222222,0.5401459854014599,0.3607620320855615,0.5012989491306366,3,46,5.214538182531085,/jmain02/home/J2AD003/txk58/zxz22-txk58/BP-rationales/BP-rationales/trained_models/evinf_top/scibert25.pt
support,13.0,35.0,6.0,66.0,9.0,8.0,0.5401459854014599,137.0,137.0,3,46,5.214538182531085,/jmain02/home/J2AD003/txk58/zxz22-txk58/BP-rationales/BP-rationales/trained_models/evinf_top/scibert25.pt
