{
    "fixed": {
        "gradients": {
            "f1 score - model labels": 59.006,
            "f1 score - actual labels": 57.045,
            "sufficiency": {
                "mean": 0.12010656009381071,
                "std": 0.1946172172888932
            },
            "comprehensiveness": {
                "mean": 0.5932120115396036,
                "std": 0.40306304334563103
            }
        },
        "ig-gradients": {
            "f1 score - model labels": 52.178,
            "f1 score - actual labels": 53.022,
            "sufficiency": {
                "mean": 0.12716940159121332,
                "std": 0.1981259796157592
            },
            "comprehensiveness": {
                "mean": 0.6486077288939461,
                "std": 0.3896526151143134
            }
        },
        "deeplift-ig-gradients": {
            "f1 score - model labels": 48.752,
            "f1 score - actual labels": 51.977,
            "sufficiency": {
                "mean": 0.13378776556127867,
                "std": 0.2041601774797139
            },
            "comprehensiveness": {
                "mean": 0.6785404753833489,
                "std": 0.37901205144770544
            }
        },
        "deeplift-ig-gradients-attention": {
            "f1 score - model labels": 43.569,
            "f1 score - actual labels": 49.401,
            "sufficiency": {
                "mean": 0.1496242633430775,
                "std": 0.21382686901982415
            },
            "comprehensiveness": {
                "mean": 0.7070924359536173,
                "std": 0.36615197793819626
            }
        },
        "ig-deeplift-scaled attention-gradients-attention": {
            "f1 score - model labels": 42.836,
            "f1 score - actual labels": 49.111,
            "sufficiency": {
                "mean": 0.15058546364570408,
                "std": 0.21408742567328712
            },
            "comprehensiveness": {
                "mean": 0.713014888999601,
                "std": 0.3625037445579564
            }
        },
        "ig-deeplift-lime-scaled attention-gradients-attention": {
            "f1 score - model labels": 41.641,
            "f1 score - actual labels": 48.351,
            "sufficiency": {
                "mean": 0.15334430508861116,
                "std": 0.21688169614302194
            },
            "comprehensiveness": {
                "mean": 0.7191918223378115,
                "std": 0.360435832696448
            }
        }
    },
    "variable": {
        "gradients": {
            "f1 score - model labels": 43.849,
            "f1 score - actual labels": 50.507,
            "sufficiency": {
                "mean": 0.09873427918423551,
                "std": 0.18239968132467735
            },
            "comprehensiveness": {
                "mean": 0.7022857872380514,
                "std": 0.3679877325651604
            }
        },
        "ig-gradients": {
            "f1 score - model labels": 35.964,
            "f1 score - actual labels": 46.554,
            "sufficiency": {
                "mean": 0.09707870393521119,
                "std": 0.18031381117244322
            },
            "comprehensiveness": {
                "mean": 0.7601228075753638,
                "std": 0.3376761267222876
            }
        },
        "deeplift-ig-gradients": {
            "f1 score - model labels": 33.011,
            "f1 score - actual labels": 45.369,
            "sufficiency": {
                "mean": 0.09821751598837218,
                "std": 0.1800633526934478
            },
            "comprehensiveness": {
                "mean": 0.7815441905742545,
                "std": 0.32482427130788116
            }
        },
        "deeplift-ig-gradients-attention": {
            "f1 score - model labels": 30.295,
            "f1 score - actual labels": 44.003,
            "sufficiency": {
                "mean": 0.10614778887750881,
                "std": 0.18687026090951875
            },
            "comprehensiveness": {
                "mean": 0.7969602708940674,
                "std": 0.3140567930165704
            }
        },
        "ig-deeplift-scaled attention-gradients-attention": {
            "f1 score - model labels": 29.657,
            "f1 score - actual labels": 43.696,
            "sufficiency": {
                "mean": 0.10574682609377324,
                "std": 0.1871621367913188
            },
            "comprehensiveness": {
                "mean": 0.803118535718979,
                "std": 0.3092798519066798
            }
        },
        "ig-deeplift-lime-scaled attention-gradients-attention": {
            "f1 score - model labels": 27.744,
            "f1 score - actual labels": 42.225,
            "sufficiency": {
                "mean": 0.09909143194538043,
                "std": 0.18306846210147804
            },
            "comprehensiveness": {
                "mean": 0.8083141515517097,
                "std": 0.3061891826786695
            }
        }
    }
}