{
    "fixed-deeplift": {
        "sufficiency": {
            "mean": 0.12635902115296146,
            "std": 0.20305647933234272
        },
        "comprehensiveness": {
            "mean": 0.5708503014596947,
            "std": 0.40622983297882476
        }
    },
    "fixed-lime": {
        "sufficiency": {
            "mean": 0.11110520351084904,
            "std": 0.19389510120352713
        },
        "comprehensiveness": {
            "mean": 0.5862558961329564,
            "std": 0.4143992123739367
        }
    },
    "fixed-attention": {
        "sufficiency": {
            "mean": 0.149572736610961,
            "std": 0.23021060780657382
        },
        "comprehensiveness": {
            "mean": 0.5481157222388134,
            "std": 0.4053917153418573
        }
    },
    "fixed-ig": {
        "sufficiency": {
            "mean": 0.11176561694157401,
            "std": 0.19336390089956032
        },
        "comprehensiveness": {
            "mean": 0.5829574974832881,
            "std": 0.4070752921781835
        }
    },
    "fixed-gradients": {
        "sufficiency": {
            "mean": 0.11300825692050266,
            "std": 0.1946987337861625
        },
        "comprehensiveness": {
            "mean": 0.5682874672562472,
            "std": 0.41445382396748404
        }
    },
    "fixed-scaled attention": {
        "sufficiency": {
            "mean": 0.11875628100944073,
            "std": 0.2032489100415157
        },
        "comprehensiveness": {
            "mean": 0.5510775623105245,
            "std": 0.4142298296661397
        }
    },
    "fixed-random": {
        "sufficiency": {
            "mean": 0.11277564690449358,
            "std": 0.1959607178687227
        },
        "comprehensiveness": {
            "mean": 0.5724729113991164,
            "std": 0.40804452837153943
        }
    },
    "fixed-fixed-len_var-feat": {
        "sufficiency": {
            "mean": 0.15783923853864062,
            "std": 0.2332351309064881
        },
        "comprehensiveness": {
            "mean": 0.7000729918152696,
            "std": 0.36526637172871246
        }
    },
    "fixed-fixed-len_var-feat_var-type": {
        "sufficiency": {
            "mean": 0.19201640544294724,
            "std": 0.2575262194232018
        },
        "comprehensiveness": {
            "mean": 0.7654150903741316,
            "std": 0.32629034894474807
        }
    },
    "var-deeplift": {
        "sufficiency": {
            "mean": 0.09913104061794796,
            "std": 0.18638433848862146
        },
        "comprehensiveness": {
            "mean": 0.6950117977377052,
            "std": 0.3665157533803039
        }
    },
    "var-lime": {
        "sufficiency": {
            "mean": 0.07882077196272741,
            "std": 0.1732383003169124
        },
        "comprehensiveness": {
            "mean": 0.690418165550114,
            "std": 0.3768391162111211
        }
    },
    "var-attention": {
        "sufficiency": {
            "mean": 0.10646980991082707,
            "std": 0.1879811908306006
        },
        "comprehensiveness": {
            "mean": 0.6444253303690068,
            "std": 0.3803914489986705
        }
    },
    "var-ig": {
        "sufficiency": {
            "mean": 0.08957254375963608,
            "std": 0.18021993597093366
        },
        "comprehensiveness": {
            "mean": 0.7023718166533063,
            "std": 0.3668205981511439
        }
    },
    "var-gradients": {
        "sufficiency": {
            "mean": 0.08615304340129534,
            "std": 0.1724751382025641
        },
        "comprehensiveness": {
            "mean": 0.6784823991487011,
            "std": 0.380255366077168
        }
    },
    "var-scaled attention": {
        "sufficiency": {
            "mean": 0.08675841270247682,
            "std": 0.17557677617865147
        },
        "comprehensiveness": {
            "mean": 0.6670649865539756,
            "std": 0.3786727713421751
        }
    },
    "var-random": {
        "sufficiency": {
            "mean": 0.08769420848486331,
            "std": 0.17464229106787685
        },
        "comprehensiveness": {
            "mean": 0.689725299378453,
            "std": 0.3689220519135686
        }
    },
    "var-var-len_var-feat": {
        "sufficiency": {
            "mean": 0.09696909203531619,
            "std": 0.18790881862426792
        },
        "comprehensiveness": {
            "mean": 0.8010740600608628,
            "std": 0.3067433536234869
        }
    },
    "var-var-len_var-feat_var-type": {
        "sufficiency": {
            "mean": 0.11293974731410708,
            "std": 0.19842736655841525
        },
        "comprehensiveness": {
            "mean": 0.8421239291347318,
            "std": 0.2695337460802865
        }
    }
}