{
    "fixed-deeplift": {
        "sufficiency": {
            "mean": 0.2974531175511684,
            "std": 0.3875298432749343
        },
        "comprehensiveness": {
            "mean": 0.13677675986192528,
            "std": 0.3132773182653238
        }
    },
    "fixed-lime": {
        "sufficiency": {
            "mean": 0.30042826885572627,
            "std": 0.39602149337932796
        },
        "comprehensiveness": {
            "mean": 0.18327243253393363,
            "std": 0.36092786192637616
        }
    },
    "fixed-attention": {
        "sufficiency": {
            "mean": 0.7073864686542479,
            "std": 0.39619747769638985
        },
        "comprehensiveness": {
            "mean": 0.48489822583125414,
            "std": 0.461149843597424
        }
    },
    "fixed-ig": {
        "sufficiency": {
            "mean": 0.4479516357311445,
            "std": 0.43494281098061255
        },
        "comprehensiveness": {
            "mean": 0.28722106037511824,
            "std": 0.42019194386805997
        }
    },
    "fixed-gradients": {
        "sufficiency": {
            "mean": 0.5021216994183088,
            "std": 0.43955008837953724
        },
        "comprehensiveness": {
            "mean": 0.30507084330820966,
            "std": 0.4284348093618626
        }
    },
    "fixed-scaled attention": {
        "sufficiency": {
            "mean": 0.7436868715384561,
            "std": 0.38272260226004057
        },
        "comprehensiveness": {
            "mean": 0.5164990178260788,
            "std": 0.4606308086253545
        }
    },
    "fixed-random": {
        "sufficiency": {
            "mean": 0.24916805913812423,
            "std": 0.3581470136569385
        },
        "comprehensiveness": {
            "mean": 0.1239269508958606,
            "std": 0.29835642568337767
        }
    },
    "fixed-fixed-len_var-feat": {
        "sufficiency": {
            "mean": 0.7302759811380872,
            "std": 0.3810085916735709
        },
        "comprehensiveness": {
            "mean": 0.5803659504292589,
            "std": 0.44982168421337465
        }
    },
    "fixed-fixed-len_var-feat_var-type": {
        "sufficiency": {
            "mean": 0.44979334569894247,
            "std": 0.4228963120251166
        },
        "comprehensiveness": {
            "mean": 0.8465609807384233,
            "std": 0.31088582436821655
        }
    },
    "var-deeplift": {
        "sufficiency": {
            "mean": 0.34230045512571694,
            "std": 0.39768551465725643
        },
        "comprehensiveness": {
            "mean": 0.25965838441807426,
            "std": 0.40569258862189395
        }
    },
    "var-lime": {
        "sufficiency": {
            "mean": 0.27795907956684535,
            "std": 0.381558779991395
        },
        "comprehensiveness": {
            "mean": 0.3149947068612115,
            "std": 0.4391846708188767
        }
    },
    "var-attention": {
        "sufficiency": {
            "mean": 0.5852456711233003,
            "std": 0.4191635856141539
        },
        "comprehensiveness": {
            "mean": 0.6268102414569672,
            "std": 0.4484020553530957
        }
    },
    "var-ig": {
        "sufficiency": {
            "mean": 0.4726843923135941,
            "std": 0.43912098014117806
        },
        "comprehensiveness": {
            "mean": 0.4829750182312153,
            "std": 0.4683520181933245
        }
    },
    "var-gradients": {
        "sufficiency": {
            "mean": 0.4916018069989309,
            "std": 0.4326126060301373
        },
        "comprehensiveness": {
            "mean": 0.45988166321430246,
            "std": 0.46206486421308335
        }
    },
    "var-scaled attention": {
        "sufficiency": {
            "mean": 0.6044929802303042,
            "std": 0.433062881621151
        },
        "comprehensiveness": {
            "mean": 0.6152298229152785,
            "std": 0.45107541566141596
        }
    },
    "var-random": {
        "sufficiency": {
            "mean": 0.2928412700169284,
            "std": 0.380323586578001
        },
        "comprehensiveness": {
            "mean": 0.21014942050777413,
            "std": 0.37157291658286573
        }
    },
    "var-var-len_var-feat": {
        "sufficiency": {
            "mean": 0.6240318984263685,
            "std": 0.4183179003923012
        },
        "comprehensiveness": {
            "mean": 0.6951120340657256,
            "std": 0.42098022956323916
        }
    },
    "var-var-len_var-feat_var-type": {
        "sufficiency": {
            "mean": 0.4431491810899079,
            "std": 0.4288652874164117
        },
        "comprehensiveness": {
            "mean": 0.8875136477283845,
            "std": 0.27706490580176235
        }
    }
}