{
    "fixed": {
        "gradients": {
            "f1 score - model labels": 76.792,
            "f1 score - actual labels": 70.792,
            "sufficiency": {
                "mean": 0.5483997871340964,
                "std": 0.44420940889010957
            },
            "comprehensiveness": {
                "mean": 0.3018211617992404,
                "std": 0.42854851631424445
            }
        },
        "gradients-ig": {
            "f1 score - model labels": 70.321,
            "f1 score - actual labels": 66.091,
            "sufficiency": {
                "mean": 0.6313880556990625,
                "std": 0.42743784369493854
            },
            "comprehensiveness": {
                "mean": 0.37563656333094414,
                "std": 0.4490361697908584
            }
        },
        "attention-gradients-ig": {
            "f1 score - model labels": 58.457,
            "f1 score - actual labels": 57.99,
            "sufficiency": {
                "mean": 0.7842290543912289,
                "std": 0.34909065500022535
            },
            "comprehensiveness": {
                "mean": 0.5156090901488318,
                "std": 0.4566283136033894
            }
        },
        "scaled attention-attention-gradients-ig": {
            "f1 score - model labels": 51.106,
            "f1 score - actual labels": 52.394,
            "sufficiency": {
                "mean": 0.828297312615905,
                "std": 0.31346649689904366
            },
            "comprehensiveness": {
                "mean": 0.5858746237831737,
                "std": 0.4478282635648834
            }
        },
        "scaled attention-attention-ig-gradients-lime": {
            "f1 score - model labels": 50.34,
            "f1 score - actual labels": 52.59,
            "sufficiency": {
                "mean": 0.8198930061926755,
                "std": 0.32152843757612415
            },
            "comprehensiveness": {
                "mean": 0.5909420929772751,
                "std": 0.44841930708867367
            }
        }
    },
    "variable": {
        "gradients": {
            "f1 score - model labels": 67.414,
            "f1 score - actual labels": 62.951,
            "sufficiency": {
                "mean": 0.5448374106666759,
                "std": 0.4399803505965918
            },
            "comprehensiveness": {
                "mean": 0.3974867242968584,
                "std": 0.45393990181231525
            }
        },
        "gradients-ig": {
            "f1 score - model labels": 59.029,
            "f1 score - actual labels": 57.295,
            "sufficiency": {
                "mean": 0.6431346290397212,
                "std": 0.41572896001954646
            },
            "comprehensiveness": {
                "mean": 0.4886212853729477,
                "std": 0.45871098335996885
            }
        },
        "attention-gradients-ig": {
            "f1 score - model labels": 47.897,
            "f1 score - actual labels": 49.568,
            "sufficiency": {
                "mean": 0.7332503137713603,
                "std": 0.37286137074748615
            },
            "comprehensiveness": {
                "mean": 0.6157202312869534,
                "std": 0.4392688502938807
            }
        },
        "scaled attention-attention-gradients-ig": {
            "f1 score - model labels": 41.325,
            "f1 score - actual labels": 45.379,
            "sufficiency": {
                "mean": 0.767886076355353,
                "std": 0.34910975097844227
            },
            "comprehensiveness": {
                "mean": 0.6621318658399509,
                "std": 0.4250052901660157
            }
        },
        "scaled attention-attention-ig-gradients-lime": {
            "f1 score - model labels": 40.759,
            "f1 score - actual labels": 45.631,
            "sufficiency": {
                "mean": 0.7653451390965428,
                "std": 0.3512243484711938
            },
            "comprehensiveness": {
                "mean": 0.6671981776727787,
                "std": 0.4256512662121973
            }
        }
    }
}