{
    "fixed-deeplift": {
        "comprehensiveness": {
            "mean": 0.20660057347718944,
            "std": 0.37173477275943445
        },
        "sufficiency": {
            "mean": 0.08787374562523954,
            "std": 0.17640694997470563
        }
    },
    "fixed-lime": {
        "comprehensiveness": {
            "mean": 0.2838691478181642,
            "std": 0.4335001362096138
        },
        "sufficiency": {
            "mean": 0.10770568669768872,
            "std": 0.21418555198983
        }
    },
    "fixed-attention": {
        "comprehensiveness": {
            "mean": 0.597682832421589,
            "std": 0.4311974939597245
        },
        "sufficiency": {
            "mean": 0.4207840942952912,
            "std": 0.41829042451836346
        }
    },
    "fixed-ig": {
        "comprehensiveness": {
            "mean": 0.3460357760701507,
            "std": 0.43301085665175976
        },
        "sufficiency": {
            "mean": 0.13416380552154264,
            "std": 0.24654346245716457
        }
    },
    "fixed-gradients": {
        "comprehensiveness": {
            "mean": 0.26014160584022233,
            "std": 0.41268564302526783
        },
        "sufficiency": {
            "mean": 0.13400391626000038,
            "std": 0.2411206629601672
        }
    },
    "fixed-scaled attention": {
        "comprehensiveness": {
            "mean": 0.8164253740500637,
            "std": 0.3350576337705719
        },
        "sufficiency": {
            "mean": 0.40672184824182545,
            "std": 0.40748549529624095
        }
    },
    "fixed-random": {
        "comprehensiveness": {
            "mean": 0.12469262289346061,
            "std": 0.29841368120175304
        },
        "sufficiency": {
            "mean": 0.10305398946293706,
            "std": 0.20274678720392791
        }
    },
    "fixed-fixed-len_var-feat": {
        "comprehensiveness": {
            "mean": 0.835475852732051,
            "std": 0.3206382305954397
        },
        "sufficiency": {
            "mean": 0.3757217597793849,
            "std": 0.39999868269004185
        }
    },
    "fixed-fixed-len_var-feat_var-type": {
        "comprehensiveness": {
            "mean": 0.8467701669725894,
            "std": 0.31389020854130345
        },
        "sufficiency": {
            "mean": 0.49068424951527484,
            "std": 0.42476303360736084
        }
    },
    "var-deeplift": {
        "comprehensiveness": {
            "mean": 0.2152456368319169,
            "std": 0.37626615788929985
        },
        "sufficiency": {
            "mean": 0.08543581095621486,
            "std": 0.17096897620360224
        }
    },
    "var-lime": {
        "comprehensiveness": {
            "mean": 0.29787461741761345,
            "std": 0.4413765019214645
        },
        "sufficiency": {
            "mean": 0.09677097450619106,
            "std": 0.191812262748778
        }
    },
    "var-attention": {
        "comprehensiveness": {
            "mean": 0.7013093663749901,
            "std": 0.40281488181136094
        },
        "sufficiency": {
            "mean": 0.3510011289899443,
            "std": 0.3851955100350225
        }
    },
    "var-ig": {
        "comprehensiveness": {
            "mean": 0.37962112715883334,
            "std": 0.4469399219950164
        },
        "sufficiency": {
            "mean": 0.12664211790898763,
            "std": 0.22574909212598004
        }
    },
    "var-gradients": {
        "comprehensiveness": {
            "mean": 0.2934540991532603,
            "std": 0.4281992040009765
        },
        "sufficiency": {
            "mean": 0.1268848915638338,
            "std": 0.22425583240453623
        }
    },
    "var-scaled attention": {
        "comprehensiveness": {
            "mean": 0.8394157912700276,
            "std": 0.3161056183794463
        },
        "sufficiency": {
            "mean": 0.36078970930026777,
            "std": 0.37980371448953454
        }
    },
    "var-random": {
        "comprehensiveness": {
            "mean": 0.12859104146553166,
            "std": 0.30222116471476695
        },
        "sufficiency": {
            "mean": 0.09827127116349993,
            "std": 0.1866400973753069
        }
    },
    "var-var-len_var-feat": {
        "comprehensiveness": {
            "mean": 0.8597399084175235,
            "std": 0.3001865730942564
        },
        "sufficiency": {
            "mean": 0.35217878892789706,
            "std": 0.3847796440055235
        }
    },
    "var-var-len_var-feat_var-type": {
        "comprehensiveness": {
            "mean": 0.8719781851749976,
            "std": 0.2893433552587658
        },
        "sufficiency": {
            "mean": 0.48048449226121326,
            "std": 0.4143398652878455
        }
    }
}