{
    "variable": {
        "gradients": {
            "f1 score - model labels": 72.611,
            "f1 score - actual labels": 67.504,
            "sufficiency": {
                "mean": 0.08256381729216729,
                "std": 0.16706736965369157
            },
            "comprehensiveness": {
                "mean": 0.36863314948827286,
                "std": 0.42993616759056946
            }
        },
        "lime": {
            "f1 score - model labels": 65.142,
            "f1 score - actual labels": 58.942,
            "sufficiency": {
                "mean": 0.06671779013526652,
                "std": 0.13548842488494853
            },
            "comprehensiveness": {
                "mean": 0.34770068091048517,
                "std": 0.42982173214214436
            }
        },
        "attention": {
            "f1 score - model labels": 40.923,
            "f1 score - actual labels": 40.992,
            "sufficiency": {
                "mean": 0.2477422516951467,
                "std": 0.3386099338700099
            },
            "comprehensiveness": {
                "mean": 0.734324590861474,
                "std": 0.36880205062314436
            }
        },
        "ig-gradients": {
            "f1 score - model labels": 57.888,
            "f1 score - actual labels": 57.129,
            "sufficiency": {
                "mean": 0.10585515066324863,
                "std": 0.1957756311100666
            },
            "comprehensiveness": {
                "mean": 0.5241722104245532,
                "std": 0.44216139589840286
            }
        },
        "attention-scaled attention": {
            "f1 score - model labels": 31.273,
            "f1 score - actual labels": 34.425,
            "sufficiency": {
                "mean": 0.2961499193946818,
                "std": 0.3633193407141286
            },
            "comprehensiveness": {
                "mean": 0.831345682224815,
                "std": 0.3058252516260143
            }
        },
        "scaled attention-lime": {
            "f1 score - model labels": 34.235,
            "f1 score - actual labels": 36.822,
            "sufficiency": {
                "mean": 0.2753217594405416,
                "std": 0.362663745696758
            },
            "comprehensiveness": {
                "mean": 0.7722530471109268,
                "std": 0.36309571387309547
            }
        },
        "attention-deeplift": {
            "f1 score - model labels": 39.404,
            "f1 score - actual labels": 39.474,
            "sufficiency": {
                "mean": 0.2328605595065811,
                "std": 0.3285021156890229
            },
            "comprehensiveness": {
                "mean": 0.7519947110193446,
                "std": 0.35636964232926793
            }
        },
        "ig-deeplift-gradients": {
            "f1 score - model labels": 50.538,
            "f1 score - actual labels": 49.844,
            "sufficiency": {
                "mean": 0.10676331544932004,
                "std": 0.1911695475456264
            },
            "comprehensiveness": {
                "mean": 0.5865269080238552,
                "std": 0.4371236372896044
            }
        },
        "attention-scaled attention-lime": {
            "f1 score - model labels": 30.506,
            "f1 score - actual labels": 33.088,
            "sufficiency": {
                "mean": 0.29143897268206476,
                "std": 0.3639920282209234
            },
            "comprehensiveness": {
                "mean": 0.8344738161252786,
                "std": 0.3073129409825679
            }
        },
        "scaled attention-deeplift-lime": {
            "f1 score - model labels": 33.639,
            "f1 score - actual labels": 36.25,
            "sufficiency": {
                "mean": 0.2716410928536789,
                "std": 0.35734702497815357
            },
            "comprehensiveness": {
                "mean": 0.776112816353432,
                "std": 0.3611965150342251
            }
        },
        "attention-ig-deeplift-gradients": {
            "f1 score - model labels": 38.984,
            "f1 score - actual labels": 39.517,
            "sufficiency": {
                "mean": 0.23343279666619815,
                "std": 0.32475188673067745
            },
            "comprehensiveness": {
                "mean": 0.7630265879415674,
                "std": 0.3507111470446779
            }
        },
        "scaled attention-lime-deeplift-gradients": {
            "f1 score - model labels": 33.724,
            "f1 score - actual labels": 36.993,
            "sufficiency": {
                "mean": 0.2659371266463293,
                "std": 0.3543571993203623
            },
            "comprehensiveness": {
                "mean": 0.7694446579494979,
                "std": 0.36825305061693664
            }
        },
        "deeplift-ig-attention-gradients-scaled attention": {
            "f1 score - model labels": 30.973,
            "f1 score - actual labels": 34.761,
            "sufficiency": {
                "mean": 0.2887063349357858,
                "std": 0.35930016193228187
            },
            "comprehensiveness": {
                "mean": 0.832561997175152,
                "std": 0.30446881386367625
            }
        },
        "deeplift-ig-attention-lime-gradients": {
            "f1 score - model labels": 36.786,
            "f1 score - actual labels": 37.114,
            "sufficiency": {
                "mean": 0.23420066939482542,
                "std": 0.3244444781491661
            },
            "comprehensiveness": {
                "mean": 0.7736301865192622,
                "std": 0.3483227126626776
            }
        },
        "deeplift-ig-attention-gradients-lime-scaled attention": {
            "f1 score - model labels": 30.292,
            "f1 score - actual labels": 33.523,
            "sufficiency": {
                "mean": 0.2846913115798897,
                "std": 0.3595720469277108
            },
            "comprehensiveness": {
                "mean": 0.8349469245472897,
                "std": 0.3058448096050675
            }
        }
    },
    "fixed": {
        "gradients": {
            "f1 score - model labels": 75.81,
            "f1 score - actual labels": 68.606,
            "sufficiency": {
                "mean": 0.10672421826360126,
                "std": 0.19374766774225974
            },
            "comprehensiveness": {
                "mean": 0.3531910494283895,
                "std": 0.417785801750748
            }
        },
        "lime": {
            "f1 score - model labels": 68.457,
            "f1 score - actual labels": 61.385,
            "sufficiency": {
                "mean": 0.08224139063867773,
                "std": 0.1549285959582959
            },
            "comprehensiveness": {
                "mean": 0.33437352131023396,
                "std": 0.41873447361098376
            }
        },
        "attention": {
            "f1 score - model labels": 49.438,
            "f1 score - actual labels": 46.518,
            "sufficiency": {
                "mean": 0.33941468419377796,
                "std": 0.37219871360963236
            },
            "comprehensiveness": {
                "mean": 0.6842206573909304,
                "std": 0.376089097226819
            }
        },
        "ig-gradients": {
            "f1 score - model labels": 59.995,
            "f1 score - actual labels": 57.279,
            "sufficiency": {
                "mean": 0.1348875146482088,
                "std": 0.2288564218866028
            },
            "comprehensiveness": {
                "mean": 0.49987210724915104,
                "std": 0.43333967542339197
            }
        },
        "attention-scaled attention": {
            "f1 score - model labels": 35.807,
            "f1 score - actual labels": 36.533,