{
    "fixed-deeplift": {
        "comprehensiveness": {
            "mean": 0.3986886631450842,
            "std": 0.4422179919958586
        },
        "sufficiency": {
            "mean": 0.10385108620668891,
            "std": 0.18359753137073806
        }
    },
    "fixed-lime": {
        "comprehensiveness": {
            "mean": 0.33437352131023396,
            "std": 0.41873447361098376
        },
        "sufficiency": {
            "mean": 0.08224139063867773,
            "std": 0.1549285959582959
        }
    },
    "fixed-attention": {
        "comprehensiveness": {
            "mean": 0.6842206573909304,
            "std": 0.376089097226819
        },
        "sufficiency": {
            "mean": 0.33941468419377796,
            "std": 0.37219871360963236
        }
    },
    "fixed-ig": {
        "comprehensiveness": {
            "mean": 0.43798333590182464,
            "std": 0.4301047085988954
        },
        "sufficiency": {
            "mean": 0.1404019556522447,
            "std": 0.2369697233770394
        }
    },
    "fixed-gradients": {
        "comprehensiveness": {
            "mean": 0.3531910494283895,
            "std": 0.417785801750748
        },
        "sufficiency": {
            "mean": 0.10672421826360126,
            "std": 0.19374766774225974
        }
    },
    "fixed-scaled attention": {
        "comprehensiveness": {
            "mean": 0.7479053014037264,
            "std": 0.37419744639171487
        },
        "sufficiency": {
            "mean": 0.34393562452132753,
            "std": 0.3733676457520778
        }
    },
    "fixed-random": {
        "comprehensiveness": {
            "mean": 0.21650422798791422,
            "std": 0.3516069192343922
        },
        "sufficiency": {
            "mean": 0.07975843333762088,
            "std": 0.1494216290907153
        }
    },
    "fixed-fixed-len_var-feat": {
        "comprehensiveness": {
            "mean": 0.8239302182971086,
            "std": 0.3170812271293943
        },
        "sufficiency": {
            "mean": 0.33257731146198544,
            "std": 0.37881802661563646
        }
    },
    "fixed-fixed-len_var-feat_var-type": {
        "comprehensiveness": {
            "mean": 0.824468277076691,
            "std": 0.318010032340401
        },
        "sufficiency": {
            "mean": 0.41063244883650135,
            "std": 0.40445282029980517
        }
    },
    "var-deeplift": {
        "comprehensiveness": {
            "mean": 0.3994317618057822,
            "std": 0.4434298277306811
        },
        "sufficiency": {
            "mean": 0.09179639941657014,
            "std": 0.1662998703305125
        }
    },
    "var-lime": {
        "comprehensiveness": {
            "mean": 0.34770068091048517,
            "std": 0.42982173214214436
        },
        "sufficiency": {
            "mean": 0.06671779013526652,
            "std": 0.13548842488494853
        }
    },
    "var-attention": {
        "comprehensiveness": {
            "mean": 0.734324590861474,
            "std": 0.36880205062314436
        },
        "sufficiency": {
            "mean": 0.2477422516951467,
            "std": 0.3386099338700099
        }
    },
    "var-ig": {
        "comprehensiveness": {
            "mean": 0.4559113729730598,
            "std": 0.4390848703938143
        },
        "sufficiency": {
            "mean": 0.11377487390531718,
            "std": 0.20506620127038044
        }
    },
    "var-gradients": {
        "comprehensiveness": {
            "mean": 0.36863314948827286,
            "std": 0.42993616759056946
        },
        "sufficiency": {
            "mean": 0.08256381729216729,
            "std": 0.16706736965369157
        }
    },
    "var-scaled attention": {
        "comprehensiveness": {
            "mean": 0.7562548161089783,
            "std": 0.37387301765322356
        },
        "sufficiency": {
            "mean": 0.28210344592532943,
            "std": 0.363060745928309
        }
    },
    "var-random": {
        "comprehensiveness": {
            "mean": 0.21706253934434144,
            "std": 0.35523485581754316
        },
        "sufficiency": {
            "mean": 0.07335838270600005,
            "std": 0.1444137585121665
        }
    },
    "var-var-len_var-feat": {
        "comprehensiveness": {
            "mean": 0.8344038213331563,
            "std": 0.3062226184026857
        },
        "sufficiency": {
            "mean": 0.2855641143994338,
            "std": 0.3594695349282401
        }
    },
    "var-var-len_var-feat_var-type": {
        "comprehensiveness": {
            "mean": 0.8323006876110514,
            "std": 0.31433337045427123
        },
        "sufficiency": {
            "mean": 0.38189807115138846,
            "std": 0.39778290389437293
        }
    }
}