{
    "fixed-deeplift": {
        "sufficiency": {
            "mean": 0.35445147554651557,
            "std": 0.4072924038639856
        },
        "comprehensiveness": {
            "mean": 0.11331005603848734,
            "std": 0.2817266519694634
        }
    },
    "fixed-lime": {
        "sufficiency": {
            "mean": 0.33853813229647484,
            "std": 0.4094693909913465
        },
        "comprehensiveness": {
            "mean": 0.21010765014600877,
            "std": 0.3881634250242778
        }
    },
    "fixed-attention": {
        "sufficiency": {
            "mean": 0.7958675481907326,
            "std": 0.3561843454813505
        },
        "comprehensiveness": {
            "mean": 0.47071540530407474,
            "std": 0.4651039211576639
        }
    },
    "fixed-ig": {
        "sufficiency": {
            "mean": 0.43859260465081085,
            "std": 0.43987519038057615
        },
        "comprehensiveness": {
            "mean": 0.2644646560070649,
            "std": 0.4120101628665573
        }
    },
    "fixed-gradients": {
        "sufficiency": {
            "mean": 0.5637296984702,
            "std": 0.44417890359200896
        },
        "comprehensiveness": {
            "mean": 0.31082240343721224,
            "std": 0.43472262449256344
        }
    },
    "fixed-scaled attention": {
        "sufficiency": {
            "mean": 0.8970273726821294,
            "std": 0.24647031673063038
        },
        "comprehensiveness": {
            "mean": 0.5698121728947142,
            "std": 0.4598182615091625
        }
    },
    "fixed-random": {
        "sufficiency": {
            "mean": 0.27600092664210163,
            "std": 0.3820445153255855
        },
        "comprehensiveness": {
            "mean": 0.123829682392803,
            "std": 0.3035672504430688
        }
    },
    "fixed-fixed-len_var-feat": {
        "sufficiency": {
            "mean": 0.8312248463214141,
            "std": 0.3238321444755555
        },
        "comprehensiveness": {
            "mean": 0.5940644697020935,
            "std": 0.4552817858458059
        }
    },
    "fixed-fixed-len_var-feat_var-type": {
        "sufficiency": {
            "mean": 0.4839349554270255,
            "std": 0.42461447973021144
        },
        "comprehensiveness": {
            "mean": 0.8453300695254314,
            "std": 0.315587037881948
        }
    },
    "var-deeplift": {
        "sufficiency": {
            "mean": 0.38559958626082497,
            "std": 0.41844130427378795
        },
        "comprehensiveness": {
            "mean": 0.16443159642311758,
            "std": 0.33335115561873657
        }
    },
    "var-lime": {
        "sufficiency": {
            "mean": 0.2997975407906919,
            "std": 0.39455478852000575
        },
        "comprehensiveness": {
            "mean": 0.2615133842047888,
            "std": 0.4161315562197763
        }
    },
    "var-attention": {
        "sufficiency": {
            "mean": 0.740749595335505,
            "std": 0.37124213908365933
        },
        "comprehensiveness": {
            "mean": 0.5506942475334845,
            "std": 0.4639067017804645
        }
    },
    "var-ig": {
        "sufficiency": {
            "mean": 0.5075526748476169,
            "std": 0.4436852596826115
        },
        "comprehensiveness": {
            "mean": 0.36963213576154086,
            "std": 0.44936196856569527
        }
    },
    "var-gradients": {
        "sufficiency": {
            "mean": 0.5712106286014125,
            "std": 0.4312704694489138
        },
        "comprehensiveness": {
            "mean": 0.3999050048021311,
            "std": 0.46502069142114905
        }
    },
    "var-scaled attention": {
        "sufficiency": {
            "mean": 0.8009036282818728,
            "std": 0.324829027592079
        },
        "comprehensiveness": {
            "mean": 0.6360593659937558,
            "std": 0.43962694761859467
        }
    },
    "var-random": {
        "sufficiency": {
            "mean": 0.2920097879301593,
            "std": 0.3811430133282549
        },
        "comprehensiveness": {
            "mean": 0.163419897755482,
            "std": 0.3397529947040023
        }
    },
    "var-var-len_var-feat": {
        "sufficiency": {
            "mean": 0.7870989934213144,
            "std": 0.3382558405638285
        },
        "comprehensiveness": {
            "mean": 0.6650283128655518,
            "std": 0.43362730488720536
        }
    },
    "var-var-len_var-feat_var-type": {
        "sufficiency": {
            "mean": 0.4726667045901546,
            "std": 0.41490760022150264
        },
        "comprehensiveness": {
            "mean": 0.8659104661912553,
            "std": 0.2972938089410484
        }
    }
}