,0,1,2,accuracy,macro avg,weighted avg,epoch,point,dev_loss,model-name
precision,0.0,0.3611111111111111,0.0,0.3611111111111111,0.12037037037037036,0.13040123456790123,2,0,4.348730928368038,/home/cass/PycharmProjects/BP-rationales/trained_models/evinf_FA/pretrained10.pt
recall,0.0,1.0,0.0,0.3611111111111111,0.3333333333333333,0.3611111111111111,2,0,4.348730928368038,/home/cass/PycharmProjects/BP-rationales/trained_models/evinf_FA/pretrained10.pt
f1-score,0.0,0.5306122448979591,0.0,0.3611111111111111,0.1768707482993197,0.19160997732426302,2,0,4.348730928368038,/home/cass/PycharmProjects/BP-rationales/trained_models/evinf_FA/pretrained10.pt
support,40.0,52.0,52.0,0.3611111111111111,144.0,144.0,2,0,4.348730928368038,/home/cass/PycharmProjects/BP-rationales/trained_models/evinf_FA/pretrained10.pt
