,0,1,2,accuracy,macro avg,weighted avg
precision,0.0,0.0,0.4097222222222222,0.4097222222222222,0.13657407407407407,0.16787229938271606
recall,0.0,0.0,1.0,0.4097222222222222,0.3333333333333333,0.4097222222222222
f1-score,0.0,0.0,0.5812807881773399,0.4097222222222222,0.19376026272577995,0.23816365626710453
support,39.0,46.0,59.0,0.4097222222222222,144.0,144.0
