,0,1,2,accuracy,macro avg,weighted avg
precision,0.0,0.32167832167832167,1.0,0.3263888888888889,0.4405594405594406,0.512480574980575
recall,0.0,1.0,0.01694915254237288,0.3263888888888889,0.3389830508474576,0.3263888888888889
f1-score,0.0,0.48677248677248675,0.03333333333333333,0.3263888888888889,0.17336860670194001,0.1691541740152851
support,39.0,46.0,59.0,0.3263888888888889,144.0,144.0
