,0,1,2,accuracy,macro avg,weighted avg
precision,0.5,0.42857142857142855,0.5324675324675324,0.4861111111111111,0.48701298701298706,0.48791486291486286
recall,0.045454545454545456,0.5625,0.7884615384615384,0.4861111111111111,0.4654720279720279,0.4861111111111111
f1-score,0.08333333333333334,0.4864864864864864,0.6356589147286822,0.4861111111111111,0.40182624484950064,0.41716862211048256
support,44.0,48.0,52.0,0.4861111111111111,144.0,144.0
