,0,1,2,accuracy,macro avg,weighted avg
precision,0.782608695652174,0.6818181818181818,0.48484848484848486,0.5625,0.6497584541062802,0.6352839994144343
recall,0.43902439024390244,0.3125,0.8727272727272727,0.5625,0.5414172209903917,0.5625
f1-score,0.5625,0.42857142857142855,0.6233766233766235,0.5625,0.5381493506493507,0.5411086309523809
support,41.0,48.0,55.0,0.5625,144.0,144.0
