,0,1,2,accuracy,macro avg,weighted avg,epoch,point,dev_loss,model-name
precision,0.3684210526315789,0.6551724137931034,0.41379310344827586,0.4444444444444444,0.4791288566243194,0.4883545069570478,3,0,4.382389134830898,/home/cass/PycharmProjects/BP-rationales/trained_models/evinf_FA/scibert10.pt
recall,0.525,0.36538461538461536,0.46153846153846156,0.4444444444444444,0.45064102564102565,0.4444444444444444,3,0,4.382389134830898,/home/cass/PycharmProjects/BP-rationales/trained_models/evinf_FA/scibert10.pt
f1-score,0.4329896907216495,0.4691358024691357,0.43636363636363634,0.4444444444444444,0.44616304318480715,0.447260822556737,3,0,4.382389134830898,/home/cass/PycharmProjects/BP-rationales/trained_models/evinf_FA/scibert10.pt
support,40.0,52.0,52.0,0.4444444444444444,144.0,144.0,3,0,4.382389134830898,/home/cass/PycharmProjects/BP-rationales/trained_models/evinf_FA/scibert10.pt
