,0,1,2,accuracy,macro avg,weighted avg
precision,0.6065573770491803,0.7307692307692307,0.6666666666666666,0.6527777777777778,0.6679977581616926,0.6691945728830974
recall,0.8604651162790697,0.41304347826086957,0.6909090909090909,0.6527777777777778,0.6548058951496768,0.6527777777777778
f1-score,0.7115384615384615,0.5277777777777778,0.6785714285714286,0.6527777777777778,0.6392958892958893,0.6402455569122236
support,43.0,46.0,55.0,0.6527777777777778,144.0,144.0
