,0,1,2,accuracy,macro avg,weighted avg,epoch,point,dev_loss,model-name
precision,0.0,0.0,0.4444444444444444,0.4444444444444444,0.14814814814814814,0.19753086419753085,3,0,4.290666401386261,/home/cass/PycharmProjects/BP-rationales/trained_models/evinf_FA/scibert25.pt
recall,0.0,0.0,1.0,0.4444444444444444,0.3333333333333333,0.4444444444444444,3,0,4.290666401386261,/home/cass/PycharmProjects/BP-rationales/trained_models/evinf_FA/scibert25.pt
f1-score,0.0,0.0,0.6153846153846153,0.4444444444444444,0.2051282051282051,0.2735042735042735,3,0,4.290666401386261,/home/cass/PycharmProjects/BP-rationales/trained_models/evinf_FA/scibert25.pt
support,34.0,46.0,64.0,0.4444444444444444,144.0,144.0,3,0,4.290666401386261,/home/cass/PycharmProjects/BP-rationales/trained_models/evinf_FA/scibert25.pt
