,0,1,2,accuracy,macro avg,weighted avg
precision,0.5925925925925926,0.6333333333333333,0.65,0.625,0.6253086419753086,0.6280992798353909
recall,0.7804878048780488,0.3958333333333333,0.7090909090909091,0.625,0.628470682434097,0.625
f1-score,0.6736842105263158,0.4871794871794872,0.6782608695652174,0.625,0.6130415224236735,0.6132639989047312
support,41.0,48.0,55.0,0.625,144.0,144.0
