,0,1,2,accuracy,macro avg,weighted avg
precision,0.0,0.0,0.3819444444444444,0.3819444444444444,0.1273148148148148,0.1458815586419753
recall,0.0,0.0,1.0,0.3819444444444444,0.3333333333333333,0.3819444444444444
f1-score,0.0,0.0,0.5527638190954773,0.3819444444444444,0.1842546063651591,0.21112506979341147
support,43.0,46.0,55.0,0.3819444444444444,144.0,144.0
