,0,1,2,accuracy,macro avg,weighted avg,epoch,point,dev_loss,model-name
precision,0.3333333333333333,0.4444444444444444,0.4594594594594595,0.4513888888888889,0.4124124124124124,0.4178762095428762,3,0,4.334603627522786,/home/cass/PycharmProjects/BP-rationales/trained_models/evinf_FA/scibert20.pt
recall,0.047619047619047616,0.2608695652173913,0.9107142857142857,0.4513888888888889,0.40640096618357485,0.4513888888888889,3,0,4.334603627522786,/home/cass/PycharmProjects/BP-rationales/trained_models/evinf_FA/scibert20.pt
f1-score,0.08333333333333333,0.32876712328767116,0.6107784431137725,0.4513888888888889,0.3409596332449256,0.3668533367055843,3,0,4.334603627522786,/home/cass/PycharmProjects/BP-rationales/trained_models/evinf_FA/scibert20.pt
support,42.0,46.0,56.0,0.4513888888888889,144.0,144.0,3,0,4.334603627522786,/home/cass/PycharmProjects/BP-rationales/trained_models/evinf_FA/scibert20.pt
