,0,1,2,accuracy,macro avg,weighted avg
precision,0.6428571428571429,0.7058823529411765,0.47474747474747475,0.5347222222222222,0.6078289901819314,0.5987816422865443
recall,0.4186046511627907,0.2608695652173913,0.8545454545454545,0.5347222222222222,0.5113398903085455,0.5347222222222222
f1-score,0.5070422535211269,0.380952380952381,0.6103896103896105,0.5347222222222222,0.4994614149543728,0.5062364930322677
support,43.0,46.0,55.0,0.5347222222222222,144.0,144.0
