,0,1,2,accuracy,macro avg,weighted avg
precision,0.6,0.6363636363636364,0.4444444444444444,0.4791666666666667,0.5602693602693603,0.552202581369248
recall,0.06976744186046512,0.30434782608695654,0.9454545454545454,0.4791666666666667,0.4398566044673224,0.4791666666666667
f1-score,0.125,0.411764705882353,0.6046511627906976,0.4791666666666667,0.3804719562243502,0.39980548905608754
support,43.0,46.0,55.0,0.4791666666666667,144.0,144.0
