{
    "fixed-attention": {
        "sufficiency": {
            "mean": 0.058867255861307845,
            "std": 0.1520486598364364
        },
        "comprehensiveness": {
            "mean": 0.29684280483742514,
            "std": 0.36713495001673024
        }
    },
    "fixed-fixed-len_var-feat": {
        "sufficiency": {
            "mean": 0.0719349187629083,
            "std": 0.16314751104291075
        },
        "comprehensiveness": {
            "mean": 0.5345249259766184,
            "std": 0.4208145102195276
        }
    },
    "fixed-ig": {
        "sufficiency": {
            "mean": 0.06771692389311515,
            "std": 0.16888684479178695
        },
        "comprehensiveness": {
            "mean": 0.380450958095117,
            "std": 0.4090616494925876
        }
    },
    "fixed-gradients": {
        "sufficiency": {
            "mean": 0.08696813869897883,
            "std": 0.1737676434006591
        },
        "comprehensiveness": {
            "mean": 0.3686173476409124,
            "std": 0.4149041060622896
        }
    },
    "fixed-random": {
        "sufficiency": {
            "mean": 0.05483942728818332,
            "std": 0.156617095115852
        },
        "comprehensiveness": {
            "mean": 0.28590257503430777,
            "std": 0.3647924301963392
        }
    },
    "fixed-scaled attention": {
        "sufficiency": {
            "mean": 0.09046746399100888,
            "std": 0.18319156386025578
        },
        "comprehensiveness": {
            "mean": 0.3275290182828053,
            "std": 0.3876309437894157
        }
    },
    "var-attention": {
        "sufficiency": {
            "mean": 0.04900162660513276,
            "std": 0.1410126785071646
        },
        "comprehensiveness": {
            "mean": 0.34224614713763485,
            "std": 0.38607047338693834
        }
    },
    "var-var-len_var-feat": {
        "sufficiency": {
            "mean": 0.05935425656373084,
            "std": 0.1520420466590798
        },
        "comprehensiveness": {
            "mean": 0.5773678342281483,
            "std": 0.417769166712438
        }
    },
    "var-ig": {
        "sufficiency": {
            "mean": 0.05641633603762489,
            "std": 0.15542132247096607
        },
        "comprehensiveness": {
            "mean": 0.43699992001047977,
            "std": 0.4233810295232435
        }
    },
    "var-gradients": {
        "sufficiency": {
            "mean": 0.06452468417590927,
            "std": 0.15616064204604269
        },
        "comprehensiveness": {
            "mean": 0.4334208905232077,
            "std": 0.42453553630963836
        }
    },
    "var-random": {
        "sufficiency": {
            "mean": 0.04660135420471797,
            "std": 0.14312671228257745
        },
        "comprehensiveness": {
            "mean": 0.33030000886130517,
            "std": 0.38383191387360444
        }
    },
    "var-scaled attention": {
        "sufficiency": {
            "mean": 0.07881901518596139,
            "std": 0.1681109305280719
        },
        "comprehensiveness": {
            "mean": 0.3616862984327947,
            "std": 0.4003010534811931
        }
    }
}