{
    "gradients": {
        "sufficiency": {
            "mean": 0.33028907176440175,
            "std": 0.3612276272078659
        },
        "comprehensiveness": {
            "mean": 0.2173063834841865,
            "std": 0.35936326747635294
        },
        "AOPC - sufficiency": {
            "mean": 0.29705383582161715,
            "std": 0.21434469451762656
        },
        "AOPC - comprehensiveness": {
            "mean": 0.18713440506210754,
            "std": 0.21666733761212287
        }
    },
    "random": {
        "sufficiency": {
            "mean": 0.31472184849849216,
            "std": 0.3501833124634353
        },
        "comprehensiveness": {
            "mean": 0.17743179685897384,
            "std": 0.3267601473467531
        },
        "AOPC - sufficiency": {
            "mean": 0.28124131020248505,
            "std": 0.21639456252891437
        },
        "AOPC - comprehensiveness": {
            "mean": 0.15800078553743424,
            "std": 0.19452110914983328
        }
    },
    "scaled attention": {
        "sufficiency": {
            "mean": 0.46170289701953293,
            "std": 0.3985211854745486
        },
        "comprehensiveness": {
            "mean": 0.3157866983702212,
            "std": 0.4061815140402606
        },
        "AOPC - sufficiency": {
            "mean": 0.3524452879031705,
            "std": 0.2010285145364428
        },
        "AOPC - comprehensiveness": {
            "mean": 0.21536917643006845,
            "std": 0.1770857321468194
        }
    },
    "ig": {
        "sufficiency": {
            "mean": 0.448247831429092,
            "std": 0.39424152241734006
        },
        "comprehensiveness": {
            "mean": 0.3472215745817257,
            "std": 0.42033607852470567
        },
        "AOPC - sufficiency": {
            "mean": 0.3743404216312603,
            "std": 0.22850595546633037
        },
        "AOPC - comprehensiveness": {
            "mean": 0.27829032281667065,
            "std": 0.23906526606907613
        }
    },
    "deeplift": {
        "sufficiency": {
            "mean": 0.38998910740293724,
            "std": 0.38834047167884883
        },
        "comprehensiveness": {
            "mean": 0.25685269106803116,
            "std": 0.3789585548785376
        },
        "AOPC - sufficiency": {
            "mean": 0.3311015479937179,
            "std": 0.23628425220973553
        },
        "AOPC - comprehensiveness": {
            "mean": 0.21292538236134628,
            "std": 0.20085705920873279
        }
    },
    "attention": {
        "sufficiency": {
            "mean": 0.4609097642730882,
            "std": 0.39752042146257993
        },
        "comprehensiveness": {
            "mean": 0.3144639193270095,
            "std": 0.4058701822491968
        },
        "AOPC - sufficiency": {
            "mean": 0.3528043381006192,
            "std": 0.20078515399271382
        },
        "AOPC - comprehensiveness": {
            "mean": 0.21440821997563175,
            "std": 0.17656017794151668
        }
    }
}