,feature,Soft_sufficiency,Suff_ratio,Soft_comprehensiveness,Comp_ratio
0,random,0.316210053589492,1.0,0.17679037095152603,1.0
1,attention,0.45857712370256204,1.4502294234385502,0.315873693198278,1.7867132214168333
2,scaled attention,0.46123429208688105,1.4586325983349706,0.316071797882904,1.787833784055849
3,gradients,0.331321424020216,1.0477890258680447,0.21688216292565002,1.2267758801474358
4,ig,0.44925023573412504,1.4207335618662762,0.346544944007515,1.9602025955504885
5,deeplift,0.38954909122499604,1.2319313911843983,0.25720619412857004,1.4548654021382939
