,feature,Soft_sufficiency,Suff_ratio,Soft_comprehensiveness,Comp_ratio
0,random,0.314224913544557,1.0,0.177642457809663,1.0
1,attention,0.45951656251925405,1.4623810611824537,0.315286415479256,1.7748370483427625
2,scaled attention,0.46263262064944105,1.472297710040868,0.315232496026894,1.7745335203853878
3,gradients,0.33308776507721805,1.0600297771423726,0.21622626576612902,1.217199246352508
4,ig,0.448247831429092,1.4265190699639754,0.34722157458172503,1.9546091562961794
5,deeplift,0.388670985497136,1.236919699055061,0.25781886374282004,1.4513358288425784
