,feature,Soft_sufficiency,Suff_ratio,Soft_comprehensiveness,Comp_ratio
0,random,0.9921186137550201,1.0,0.009363367826445,1.0
1,attention,0.9954806055543681,1.0033886994485703,0.0052447463923770005,0.5601346107075107
2,scaled attention,0.9976004925932691,1.005525426861513,0.002596008489109,0.27725157627334496
3,gradients,0.9971688277469881,1.0050903328714433,0.0031176019638920003,0.33295733134470523
4,ig,0.9938224912095821,1.0017174130501525,0.007063374848464,0.7543626373957969
5,deeplift,0.9965253081824571,1.004441701190101,0.003932322833206,0.41996885160272396
