{
    "attention": {
        "sufficiencies @ 0.01": {
            "mean": 0.1155446185306594,
            "std": 0.23611084655164757
        },
        "comprehensiveness @ 0.01": {
            "mean": 0.00027778460317444165,
            "std": 0.0021415423360478855
        },
        "sufficiencies @ 0.02": {
            "mean": 0.11557755502478136,
            "std": 0.23612113980741856
        },
        "comprehensiveness @ 0.02": {
            "mean": 0.8844553814693406,
            "std": 0.23611084655164757
        },
        "sufficiencies @ 0.05": {
            "mean": 0.13435528152285872,
            "std": 0.2574991726629857
        },
        "comprehensiveness @ 0.05": {
            "mean": 0.8844224449752186,
            "std": 0.23612113980741856
        },
        "sufficiencies @ 0.1": {
            "mean": 0.19774168326208577,
            "std": 0.2872264899813977
        },
        "comprehensiveness @ 0.1": {
            "mean": 0.8656447184771413,
            "std": 0.2574991726629857
        },
        "sufficiencies @ 0.2": {
            "mean": 0.4318773435656647,
            "std": 0.3818555676301301
        },
        "comprehensiveness @ 0.2": {
            "mean": 0.802258316737914,
            "std": 0.2872264899813977
        },
        "sufficiencies @ 0.5": {
            "mean": 0.8442819478208683,
            "std": 0.28643895770879596
        },
        "comprehensiveness @ 0.5": {
            "mean": 0.5681226564343352,
            "std": 0.3818555676301301
        },
        "sufficiencies @ 1.0": {
            "mean": 0.9997222153968255,
            "std": 0.0021415423360478815
        },
        "comprehensiveness @ 1.0": {
            "mean": 0.970873786407767,
            "std": 0.1681602725795026
        },
        "AOPC - sufficiency": {
            "mean": 0.40558580644624914,
            "std": 0.16748520811196616
        },
        "AOPC - comprehensiveness": {
            "mean": 0.7108650127292702,
            "std": 0.16949754760754684
        }
    },
    "scaled attention": {
        "sufficiencies @ 0.01": {
            "mean": 0.11577499507540276,
            "std": 0.23618301480574874
        },
        "comprehensiveness @ 0.01": {
            "mean": 3.473651317253066e-05,
            "std": 0.00026769105749976767
        },
        "sufficiencies @ 0.02": {
            "mean": 0.11580787196414102,
            "std": 0.2361933464953162
        },
        "comprehensiveness @ 0.02": {
            "mean": 0.8842250049245969,
            "std": 0.23618301480574874
        },
        "sufficiencies @ 0.05": {
            "mean": 0.13462017163907236,
            "std": 0.257556145083308
        },
        "comprehensiveness @ 0.05": {
            "mean": 0.8841921280358592,
            "std": 0.23619334649531623
        },
        "sufficiencies @ 0.1": {
            "mean": 0.19879130460202216,
            "std": 0.2868970843853439
        },
        "comprehensiveness @ 0.1": {
            "mean": 0.8653798283609275,
            "std": 0.257556145083308
        },
        "sufficiencies @ 0.2": {
            "mean": 0.43214412731538654,
            "std": 0.38156172252151166
        },
        "comprehensiveness @ 0.2": {
            "mean": 0.8012086953979779,
            "std": 0.28689708438534384
        },
        "sufficiencies @ 0.5": {
            "mean": 0.8443529119702049,
            "std": 0.2862989932568162
        },
        "comprehensiveness @ 0.5": {
            "mean": 0.5678558726846135,
            "std": 0.38156172252151166
        },
        "sufficiencies @ 1.0": {
            "mean": 0.9999652634868276,
            "std": 0.00026769105749977244
        },
        "comprehensiveness @ 1.0": {
            "mean": 0.1557180521791318,
            "std": 0.28643895770879596
        },
        "AOPC - sufficiency": {
            "mean": 0.40592237800757963,
            "std": 0.16747618330684455
        },
        "AOPC - comprehensiveness": {
            "mean": 0.5940877597280401,
            "std": 0.16748803338139814
        }
    },
    "gradients": {
        "sufficiencies @ 0.01": {
            "mean": 0.13685736053165526,
            "std": 0.2519287234746043
        },
        "comprehensiveness @ 0.01": {
            "mean": 1.8533284920678658e-05,
            "std": 0.00014276764876936342
        },
        "sufficiencies @ 0.02": {
            "mean": 0.13689405629512943,
            "std": 0.25194096470320276
        },
        "comprehensiveness @ 0.02": {
            "mean": 0.8631426394683448,
            "std": 0.2519287234746043
        },
        "sufficiencies @ 0.05": {
            "mean": 0.13983887450817856,
            "std": 0.25276596390621126
        },
        "comprehensiveness @ 0.05": {
            "mean": 0.8631059437048706,
            "std": 0.25194096470320276
        },
        "sufficiencies @ 0.1": {
            "mean": 0.1470949555335982,
            "std": 0.23884587641030022
        },
        "comprehensiveness @ 0.1": {
            "mean": 0.8601611254918214,
            "std": 0.25276596390621126
        },
        "sufficiencies @ 0.2": {
            "mean": 0.2354356288701077,
            "std": 0.31210030402154837
        },
        "comprehensiveness @ 0.2": {
            "mean": 0.8529050444664018,
            "std": 0.23884587641030022
        },
        "sufficiencies @ 0.5": {
            "mean": 0.6962096892588765,
            "std": 0.3620912095617665
        },
        "comprehensiveness @ 0.5": {
            "mean": 0.7645643711298923,
            "std": 0.31210030402154837
        },
        "sufficiencies @ 1.0": {
            "mean": 0.9999814667150793,
            "std": 0.00014276764876936578
        },
        "comprehensiveness @ 1.0": {
            "mean": 0.15564708802979493,
            "std": 0.2862989932568162
        },
        "AOPC - sufficiency": {
            "mean": 0.35604457595894645,
            "std": 0.1897807023837742
        },
        "AOPC - comprehensiveness": {
            "mean": 0.6227921065108637,
            "std": 0.17460146893420803
        }
    },
    "random": {
        "sufficiencies @ 0.01": {
            "mean": 0.1305838467704589,
            "std": 0.24434025438141885
        },
        "comprehensiveness @ 0.01": {
            "mean": 1.2641186824862148e-05,
            "std": 9.73409613394655e-05
        },
        "sufficiencies @ 0.02": {
            "mean": 0.13061877465892335,
            "std": 0.24435214757761647
        },
        "comprehensiveness @ 0.02": {
            "mean": 0.8694161532295409,
            "std": 0.2443402543814188
        },
        "sufficiencies @ 0.05": {
            "mean": 0.13548768603684871,
            "std": 0.24574351189193402
        },
        "comprehensiveness @ 0.05": {
            "mean": 0.8693812253410765,
            "std": 0.24435214757761647
        },
        "sufficiencies @ 0.1": {
            "mean": 0.16115042565867152,
            "std": 0.25717718683551694
        },
        "comprehensiveness @ 0.1": {
            "mean": 0.8645123139631512,
            "std": 0.24574351189193405
        },
        "sufficiencies @ 0.2": {
            "mean": 0.2956454033854995,
            "std": 0.3585516608215754
        },
        "comprehensiveness @ 0.2": {
            "mean": 0.8388495743413283,
            "std": 0.25717718683551694
        },
        "sufficiencies @ 0.5": {
            "mean": 0.6351574038057364,
            "std": 0.4036101172494199
        },
        "comprehensiveness @ 0.5": {
            "mean": 0.7043545966145005,
            "std": 0.3585516608215754
        },
        "sufficiencies @ 1.0": {
            "mean": 0.9999873588131752,
            "std": 9.734096133946291e-05
        },
        "comprehensiveness @ 1.0": {
            "mean": 0.3037903107411235,
            "std": 0.36209120956176655
        },
        "AOPC - sufficiency": {
            "mean": 0.35551869987561624,