,feature,Soft_sufficiency,Suff_ratio,Soft_comprehensiveness,Comp_ratio
0,random,0.31472184849849205,1.0,0.177431796858973,1.0
1,attention,0.46090976427308805,1.464498783519621,0.314463919327009,1.772308711819857
2,scaled attention,0.46170289701953204,1.4670188905608954,0.315786698370221,1.7797638527057005
3,gradients,0.33028907176440103,1.0494634336325195,0.21730638348418602,1.2247319101260428
4,ig,0.448247831429092,1.4242666455082154,0.34722157458172503,1.9569298216469337
5,deeplift,0.389989107402937,1.2391548577371985,0.25685269106803105,1.4476136499490204
