{
    "ig": {
        "sufficiency": {
            "mean": 0.43710248732643986,
            "std": 0.39491061625394197
        },
        "comprehensiveness": {
            "mean": 0.3517465720325889,
            "std": 0.4194847162214108
        },
        "AOPC - sufficiency": {
            "mean": 0.9230370224350251,
            "std": 0.04553793370547586
        },
        "AOPC - comprehensiveness": {
            "mean": 0.3670359071718887,
            "std": 0.23995021664485047
        }
    },
    "attention": {
        "sufficiency": {
            "mean": 0.43331639324140875,
            "std": 0.39154782690245166
        },
        "comprehensiveness": {
            "mean": 0.31656052904221155,
            "std": 0.40678867591349616
        },
        "AOPC - sufficiency": {
            "mean": 0.9230370224350251,
            "std": 0.04553793370547586
        },
        "AOPC - comprehensiveness": {
            "mean": 0.34396448147200426,
            "std": 0.18312452657637626
        }
    },
    "scaled attention": {
        "sufficiency": {
            "mean": 0.42733408940732376,
            "std": 0.39388937761878773
        },
        "comprehensiveness": {
            "mean": 0.3165573172345788,
            "std": 0.4063810475695037
        },
        "AOPC - sufficiency": {
            "mean": 0.9230370224350251,
            "std": 0.04553793370547586
        },
        "AOPC - comprehensiveness": {
            "mean": 0.3406111679445327,
            "std": 0.18298532982338264
        }
    },
    "gradients": {
        "sufficiency": {
            "mean": 0.32918355386815695,
            "std": 0.35992380444272304
        },
        "comprehensiveness": {
            "mean": 0.21816777258056294,
            "std": 0.35906199398502536
        },
        "AOPC - sufficiency": {
            "mean": 0.9230370224350251,
            "std": 0.04553793370547586
        },
        "AOPC - comprehensiveness": {
            "mean": 0.2953295205014362,
            "std": 0.21635310542010414
        }
    },
    "random": {
        "sufficiency": {
            "mean": 0.3110819563091657,
            "std": 0.3463222991775964
        },
        "comprehensiveness": {
            "mean": 0.18034809472910146,
            "std": 0.32790574866725913
        },
        "AOPC - sufficiency": {
            "mean": 0.9230370224350251,
            "std": 0.04553793370547586
        },
        "AOPC - comprehensiveness": {
            "mean": 0.26932843211621954,
            "std": 0.1973000309159674
        }
    },
    "deeplift": {
        "sufficiency": {
            "mean": 0.3871152074494301,
            "std": 0.3926960577419311
        },
        "comprehensiveness": {
            "mean": 0.26516630209575764,
            "std": 0.3833802233255475
        },
        "AOPC - sufficiency": {
            "mean": 0.9230370224350251,
            "std": 0.04553793370547586
        },
        "AOPC - comprehensiveness": {
            "mean": 0.31583342785224916,
            "std": 0.20823218689033798
        }
    }
}