{
    "ig": {
        "sufficiency": {
            "mean": 1.0,
            "std": 0.0
        },
        "comprehensiveness": {
            "mean": 2.3163240200252946e-08,
            "std": 9.695167219031198e-07
        }
    },
    "scaled attention": {
        "sufficiency": {
            "mean": 1.0,
            "std": 0.0
        },
        "comprehensiveness": {
            "mean": 2.168774775562881e-08,
            "std": 9.065962340174489e-07
        }
    },
    "attention": {
        "sufficiency": {
            "mean": 1.0,
            "std": 0.0
        },
        "comprehensiveness": {
            "mean": 2.0392092853040113e-08,
            "std": 8.513478043419603e-07
        }
    },
    "gradients": {
        "sufficiency": {
            "mean": 1.0,
            "std": 0.0
        },
        "comprehensiveness": {
            "mean": 1.9245277458865455e-08,
            "std": 8.024490118505802e-07
        }
    },
    "random": {
        "sufficiency": {
            "mean": 1.0,
            "std": 0.0
        },
        "comprehensiveness": {
            "mean": 1.822304053763713e-08,
            "std": 7.588648456798147e-07
        }
    },
    "deeplift": {
        "sufficiency": {
            "mean": 1.0,
            "std": 0.0
        },
        "comprehensiveness": {
            "mean": 1.7306122128801572e-08,
            "std": 7.1977364811235e-07
        }
    }
}