{
    "attention": {
        "sufficiency": {
            "mean": 0.4585771237025629,
            "std": 0.3979673551164766
        },
        "comprehensiveness": {
            "mean": 0.31587369319827885,
            "std": 0.4066538110103188
        },
        "AOPC - sufficiency": {
            "mean": 0.3511474850972146,
            "std": 0.2008285423640833
        },
        "AOPC - comprehensiveness": {
            "mean": 0.2172134999963552,
            "std": 0.17711322619988693
        }
    },
    "scaled attention": {
        "sufficiency": {
            "mean": 0.4612342920868811,
            "std": 0.3986157715840468
        },
        "comprehensiveness": {
            "mean": 0.3160717978829043,
            "std": 0.40634378718100694
        },
        "AOPC - sufficiency": {
            "mean": 0.35211313516786236,
            "std": 0.20103630460654998
        },
        "AOPC - comprehensiveness": {
            "mean": 0.21581697687690643,
            "std": 0.17709044604758423
        }
    },
    "gradients": {
        "sufficiency": {
            "mean": 0.33132142402021647,
            "std": 0.3612113461974888
        },
        "comprehensiveness": {
            "mean": 0.21688216292565016,
            "std": 0.3590432256523911
        },
        "AOPC - sufficiency": {
            "mean": 0.2979543953851012,
            "std": 0.2143827727140016
        },
        "AOPC - comprehensiveness": {
            "mean": 0.18663679343440198,
            "std": 0.21648048941097736
        }
    },
    "deeplift": {
        "sufficiency": {
            "mean": 0.38954909122499665,
            "std": 0.38837577487611796
        },
        "comprehensiveness": {
            "mean": 0.2572061941285703,
            "std": 0.37925726819986494
        },
        "AOPC - sufficiency": {
            "mean": 0.3307819439646766,
            "std": 0.23627973961095242
        },
        "AOPC - comprehensiveness": {
            "mean": 0.21319274145255798,
            "std": 0.20101038819135378
        }
    },
    "random": {
        "sufficiency": {
            "mean": 0.31621005358949245,
            "std": 0.35030275700346014
        },
        "comprehensiveness": {
            "mean": 0.17679037095152642,
            "std": 0.3261807104196874
        },
        "AOPC - sufficiency": {
            "mean": 0.2823307112701414,
            "std": 0.21652911877142228
        },
        "AOPC - comprehensiveness": {
            "mean": 0.1573780084424472,
            "std": 0.1940293490147244
        }
    },
    "ig": {
        "sufficiency": {
            "mean": 0.44925023573412565,
            "std": 0.3940542929097642
        },
        "comprehensiveness": {
            "mean": 0.3465449440075156,
            "std": 0.4199100746487936
        },
        "AOPC - sufficiency": {
            "mean": 0.3750594550168007,
            "std": 0.22849657142851915
        },
        "AOPC - comprehensiveness": {
            "mean": 0.27777316088111503,
            "std": 0.2388184947532013
        }
    }
}