{
    "scaled attention": {
        "sufficiencies @ 0.01": {
            "mean": 0.1155445922946464,
            "std": 0.23611066966165764
        },
        "comprehensiveness @ 0.01": {
            "mean": 0.006874626940913792,
            "std": 0.0625601159680912
        },
        "sufficiencies @ 0.02": {
            "mean": 0.11557752880050394,
            "std": 0.23612096298802307
        },
        "comprehensiveness @ 0.02": {
            "mean": 0.006873800412914709,
            "std": 0.06255289623979952
        },
        "sufficiencies @ 0.05": {
            "mean": 0.1343552921296711,
            "std": 0.25749910952889143
        },
        "comprehensiveness @ 0.05": {
            "mean": 0.03151708563566092,
            "std": 0.10950126396486501
        },
        "sufficiencies @ 0.1": {
            "mean": 0.1984283668414459,
            "std": 0.28683718653600365
        },
        "comprehensiveness @ 0.1": {
            "mean": 0.11392755857108353,
            "std": 0.2514683885265711
        },
        "sufficiencies @ 0.2": {
            "mean": 0.4317494276959962,
            "std": 0.381681940171618
        },
        "comprehensiveness @ 0.2": {
            "mean": 0.25594944128768304,
            "std": 0.37329940991535787
        },
        "sufficiencies @ 0.5": {
            "mean": 0.8442292484015261,
            "std": 0.28641200752623464
        },
        "comprehensiveness @ 0.5": {
            "mean": 0.5517423694579757,
            "std": 0.42932450266297023
        },
        "sufficiencies @ 1.0": {
            "mean": 1.0,
            "std": 0.0
        },
        "comprehensiveness @ 1.0": {
            "mean": 0.8934750168465685,
            "std": 0.2191245188567792
        },
        "AOPC - sufficiency": {
            "mean": 0.40569777945196983,
            "std": 0.16745645923644392
        },
        "AOPC - comprehensiveness": {
            "mean": 0.2657656998789715,
            "std": 0.13901785406062
        }
    },
    "attention": {
        "sufficiencies @ 0.01": {
            "mean": 0.1157749689213284,
            "std": 0.23618283840895957
        },
        "comprehensiveness @ 0.01": {
            "mean": 0.006868845490419105,
            "std": 0.06250961291248676
        },
        "sufficiencies @ 0.02": {
            "mean": 0.1158078458217322,
            "std": 0.23619317016880176
        },
        "comprehensiveness @ 0.02": {
            "mean": 0.006868020376877268,
            "std": 0.06250240485959135
        },
        "sufficiencies @ 0.05": {
            "mean": 0.13462018225997857,
            "std": 0.25755608204608066
        },
        "comprehensiveness @ 0.05": {
            "mean": 0.031436565711840884,
            "std": 0.10934290484535604
        },
        "sufficiencies @ 0.1": {
            "mean": 0.19809477474857398,
            "std": 0.2872914889940349
        },
        "comprehensiveness @ 0.1": {
            "mean": 0.11788971027532413,
            "std": 0.2552925424753262
        },
        "sufficiencies @ 0.2": {
            "mean": 0.43227212451685143,
            "std": 0.38173514839531725
        },
        "comprehensiveness @ 0.2": {
            "mean": 0.2558312649970281,
            "std": 0.3730312676719476
        },
        "sufficiencies @ 0.5": {
            "mean": 0.8444055873550851,
            "std": 0.28632605338670114
        },
        "comprehensiveness @ 0.5": {
            "mean": 0.5521490462272554,
            "std": 0.4286139425302519
        },
        "sufficiencies @ 1.0": {
            "mean": 1.0,
            "std": 0.0
        },
        "comprehensiveness @ 1.0": {
            "mean": 0.8932372508807257,
            "std": 0.2192106622063662
        },
        "AOPC - sufficiency": {
            "mean": 0.40585364051765,
            "std": 0.16751694299928643
        },
        "AOPC - comprehensiveness": {
            "mean": 0.2663258148513529,
            "std": 0.13962261426497113
        }
    },
    "random": {
        "sufficiencies @ 0.01": {
            "mean": 0.13034021417016145,
            "std": 0.24425642134434536
        },
        "comprehensiveness @ 0.01": {
            "mean": 0.05257121243351794,
            "std": 0.18889716539165816
        },
        "sufficiencies @ 0.02": {
            "mean": 0.1303740134409984,
            "std": 0.24426891992944258
        },
        "comprehensiveness @ 0.02": {
            "mean": 0.0525615528058686,
            "std": 0.1888754843711596
        },
        "sufficiencies @ 0.05": {
            "mean": 0.1352059395820836,
            "std": 0.24566218377805688
        },
        "comprehensiveness @ 0.05": {
            "mean": 0.051196474616217555,
            "std": 0.16634411617367112
        },
        "sufficiencies @ 0.1": {
            "mean": 0.16088302244184763,
            "std": 0.2570687752873297
        },
        "comprehensiveness @ 0.1": {
            "mean": 0.06066295374625629,
            "std": 0.1806053639558227
        },
        "sufficiencies @ 0.2": {
            "mean": 0.2953328821232086,
            "std": 0.35856809046879623
        },
        "comprehensiveness @ 0.2": {
            "mean": 0.12242777224336018,
            "std": 0.26145250495638594
        },
        "sufficiencies @ 0.5": {
            "mean": 0.6349465547842171,
            "std": 0.4036949241554262
        },
        "comprehensiveness @ 0.5": {
            "mean": 0.39528149775380805,
            "std": 0.4110891951174326
        },
        "sufficiencies @ 1.0": {
            "mean": 1.0,
            "std": 0.0
        },
        "comprehensiveness @ 1.0": {
            "mean": 0.8929999137844485,
            "std": 0.21929707927285672
        },
        "AOPC - sufficiency": {
            "mean": 0.3552975180775024,
            "std": 0.20511286095889786
        },
        "AOPC - comprehensiveness": {
            "mean": 0.2325287681976396,
            "std": 0.1342754978123956
        }
    },
    "ig": {
        "sufficiencies @ 0.01": {
            "mean": 0.19577206683925558,
            "std": 0.3211747089249976
        },
        "comprehensiveness @ 0.01": {
            "mean": 0.08787015661650566,
            "std": 0.2323358695308014
        },
        "sufficiencies @ 0.02": {
            "mean": 0.19580300826238525,
            "std": 0.32118377504293083
        },
        "comprehensiveness @ 0.02": {
            "mean": 0.08785948140627328,
            "std": 0.23231433232439047
        },
        "sufficiencies @ 0.05": {
            "mean": 0.20169719413673529,
            "std": 0.32439685074653196
        },
        "comprehensiveness @ 0.05": {
            "mean": 0.0953389452508047,
            "std": 0.23472414367723768
        },
        "sufficiencies @ 0.1": {
            "mean": 0.2978230199830108,
            "std": 0.36864689382726457
        },
        "comprehensiveness @ 0.1": {
            "mean": 0.11797644121258123,
            "std": 0.2701029760462248
        },
        "sufficiencies @ 0.2": {
            "mean": 0.4250000346654829,
            "std": 0.40913040544600565
        },
        "comprehensiveness @ 0.2": {
            "mean": 0.21332885358616627,
            "std": 0.3373316883851408
        },
        "sufficiencies @ 0.5": {
            "mean": 0.7847604042254769,
            "std": 0.35289239859128774
        },
        "comprehensiveness @ 0.5": {
            "mean": 0.636380236142874,
            "std": 0.3979451810717657
        },
        "sufficiencies @ 1.0": {
            "mean": 1.0,
            "std": 0.0
        },
        "comprehensiveness @ 1.0": {
            "mean": 0.8927630043322738,
            "std": 0.21938376786438976
        },
        "AOPC - sufficiency": {
            "mean": 0.44297938973033535,
            "std": 0.24379307594360386
        },
        "AOPC - comprehensiveness": {
            "mean": 0.3045024455067827,