,feature,Soft_sufficiency,Suff_ratio,Soft_comprehensiveness,Comp_ratio
0,random,0.311081956309165,1.0,0.18034809472910102,1.0
1,attention,0.433316393241408,1.3929332269299535,0.31656052904221105,1.7552751500797017
2,scaled attention,0.42733408940732304,1.3737025910388136,0.31655731723457803,1.7552573411439443
3,gradients,0.329183553868156,1.058189159454176,0.21816777258056202,1.2097037837204188
4,ig,0.437102487326439,1.405103955602073,0.351746572032588,1.9503758692928963
5,deeplift,0.38711520744943,1.2444154975825736,0.26516630209575703,1.470302763630858
