,feature,Soft_sufficiency,Suff_ratio,Soft_comprehensiveness,Comp_ratio
0,random,0.9938224912095821,1.0,0.007063374848464,1.0
1,attention,0.9954806055543681,1.0016684210303672,0.0052447463923770005,0.7425269796515928
2,scaled attention,0.9976004925932691,1.0038014850912549,0.002596008489109,0.36753089632125746
3,gradients,0.9921186137550201,0.9982855314005943,0.009363367826445,1.325622386936063
4,ig,0.9965253081824571,1.002719617433477,0.003932322833206,0.5567201115004001
5,deeplift,0.9971688277469881,1.003367137056169,0.0031176019638920003,0.44137569232502977
