{
    "deeplift": {
        "sufficiency": {
            "mean": 0.9999999998361543,
            "std": 6.989897804882323e-09
        },
        "comprehensiveness": {
            "mean": 2.1851620830653223e-08,
            "std": 9.066192687335612e-07
        },
        "AOPC - sufficiency": {
            "mean": null,
            "std": null
        },
        "AOPC - comprehensiveness": {
            "mean": null,
            "std": null
        }
    },
    "scaled attention": {
        "sufficiency": {
            "mean": 0.9999999998362089,
            "std": 6.98756595904066e-09
        },
        "comprehensiveness": {
            "mean": 1.940909585636344e-08,
            "std": 8.024755158442785e-07
        },
        "AOPC - sufficiency": {
            "mean": null,
            "std": null
        },
        "AOPC - comprehensiveness": {
            "mean": null,
            "std": null
        }
    },
    "gradients": {
        "sufficiency": {
            "mean": 0.9999999998362635,
            "std": 6.985235668581331e-09
        },
        "comprehensiveness": {
            "mean": 1.7469885885248136e-08,
            "std": 7.198036163284029e-07
        },
        "AOPC - sufficiency": {
            "mean": null,
            "std": null
        },
        "AOPC - comprehensiveness": {
            "mean": null,
            "std": null
        }
    },
    "attention": {
        "sufficiency": {
            "mean": 0.9999999998363182,
            "std": 6.982906933504336e-09
        },
        "comprehensiveness": {
            "mean": 1.5892906204361844e-08,
            "std": 6.525846928300686e-07
        },
        "AOPC - sufficiency": {
            "mean": null,
            "std": null
        },
        "AOPC - comprehensiveness": {
            "mean": null,
            "std": null
        }
    },
    "random": {
        "sufficiency": {
            "mean": 0.9999999998363727,
            "std": 6.980579751208701e-09
        },
        "comprehensiveness": {
            "mean": 1.4585296590837689e-08,
            "std": 5.968571950326077e-07
        },
        "AOPC - sufficiency": {
            "mean": null,
            "std": null
        },
        "AOPC - comprehensiveness": {
            "mean": null,
            "std": null
        }
    },
    "ig": {
        "sufficiency": {
            "mean": 0.9999999998364272,
            "std": 6.978254116492479e-09
        },
        "comprehensiveness": {
            "mean": 1.3483438770761104e-08,
            "std": 5.499070767774637e-07
        },
        "AOPC - sufficiency": {
            "mean": null,
            "std": null
        },
        "AOPC - comprehensiveness": {
            "mean": null,
            "std": null
        }
    }
}