{
    "gradients": {
        "sufficiency": {
            "mean": 0.33044665945149726,
            "std": 0.3612824802063962
        },
        "comprehensiveness": {
            "mean": 0.2172624177685053,
            "std": 0.35933984304195155
        },
        "AOPC - sufficiency": {
            "mean": 0.2972209039514159,
            "std": 0.21442488707284102
        },
        "AOPC - comprehensiveness": {
            "mean": 0.18694338948255135,
            "std": 0.21667570641192477
        }
    },
    "random": {
        "sufficiency": {
            "mean": 0.31483572011661864,
            "std": 0.3502732305914533
        },
        "comprehensiveness": {
            "mean": 0.17738603268040232,
            "std": 0.3267271976234417
        },
        "AOPC - sufficiency": {
            "mean": 0.281341132269014,
            "std": 0.2164956534412764
        },
        "AOPC - comprehensiveness": {
            "mean": 0.157904191924839,
            "std": 0.19447178564006484
        }
    },
    "scaled attention": {
        "sufficiency": {
            "mean": 0.461736280094018,
            "std": 0.39858841786519317
        },
        "comprehensiveness": {
            "mean": 0.3157411031149795,
            "std": 0.4061897110592564
        },
        "AOPC - sufficiency": {
            "mean": 0.3525296214383244,
            "std": 0.20113493746888755
        },
        "AOPC - comprehensiveness": {
            "mean": 0.21496085079642838,
            "std": 0.17717031848238346
        }
    },
    "ig": {
        "sufficiency": {
            "mean": 0.4483331736263515,
            "std": 0.3942994261432652
        },
        "comprehensiveness": {
            "mean": 0.34716380485912623,
            "std": 0.4202981282517836
        },
        "AOPC - sufficiency": {
            "mean": 0.3744394217942982,
            "std": 0.2286007176286017
        },
        "AOPC - comprehensiveness": {
            "mean": 0.2782097709503151,
            "std": 0.23901613698761132
        }
    },
    "attention": {
        "sufficiency": {
            "mean": 0.4604736684287554,
            "std": 0.3976803557031299
        },
        "comprehensiveness": {
            "mean": 0.3146899063609068,
            "std": 0.4060257555578721
        },
        "AOPC - sufficiency": {
            "mean": 0.3525547494878919,
            "std": 0.2009021680934951
        },
        "AOPC - comprehensiveness": {
            "mean": 0.2143855926617124,
            "std": 0.17666290313936653
        }
    },
    "deeplift": {
        "sufficiency": {
            "mean": 0.3904267403033392,
            "std": 0.3884236990653488
        },
        "comprehensiveness": {
            "mean": 0.2564703015809345,
            "std": 0.3787162405760034
        },
        "AOPC - sufficiency": {
            "mean": 0.33147880296444737,
            "std": 0.23640910923980732
        },
        "AOPC - comprehensiveness": {
            "mean": 0.21253557874492104,
            "std": 0.2006286011385136
        }
    }
}