{
    "random": {
        "sufficiency": {
            "mean": 0.31422491354455745,
            "std": 0.35014212482078183
        },
        "comprehensiveness": {
            "mean": 0.1776424578096638,
            "std": 0.32694175280765914
        },
        "AOPC - sufficiency": {
            "mean": 0.2808762441007189,
            "std": 0.2163502650795477
        },
        "AOPC - comprehensiveness": {
            "mean": 0.15835108976207174,
            "std": 0.19470156552864137
        }
    },
    "deeplift": {
        "sufficiency": {
            "mean": 0.3886709854971367,
            "std": 0.38844190845326904
        },
        "comprehensiveness": {
            "mean": 0.2578188637428205,
            "std": 0.3797631553128738
        },
        "AOPC - sufficiency": {
            "mean": 0.3301421725915675,
            "std": 0.23627003616603476
        },
        "AOPC - comprehensiveness": {
            "mean": 0.2138809961460589,
            "std": 0.2015075675939265
        }
    },
    "attention": {
        "sufficiency": {
            "mean": 0.4595165625192544,
            "std": 0.39778699121536404
        },
        "comprehensiveness": {
            "mean": 0.31528641547925684,
            "std": 0.4063390018356377
        },
        "AOPC - sufficiency": {
            "mean": 0.3518103659659806,
            "std": 0.2008151326387313
        },
        "AOPC - comprehensiveness": {
            "mean": 0.21512574197300713,
            "std": 0.17669038570224085
        }
    },
    "ig": {
        "sufficiency": {
            "mean": 0.448247831429092,
            "std": 0.39424152241734006
        },
        "comprehensiveness": {
            "mean": 0.3472215745817257,
            "std": 0.42033607852470567
        },
        "AOPC - sufficiency": {
            "mean": 0.3743404216312603,
            "std": 0.22850595546633037
        },
        "AOPC - comprehensiveness": {
            "mean": 0.27829032281667065,
            "std": 0.23906526606907613
        }
    },
    "scaled attention": {
        "sufficiency": {
            "mean": 0.46263262064944155,
            "std": 0.3983349708705377
        },
        "comprehensiveness": {
            "mean": 0.31523249602689424,
            "std": 0.4058645346466386
        },
        "AOPC - sufficiency": {
            "mean": 0.35311137257114683,
            "std": 0.201005349626053
        },
        "AOPC - comprehensiveness": {
            "mean": 0.21487201099014344,
            "std": 0.17702285846003374
        }
    },
    "gradients": {
        "sufficiency": {
            "mean": 0.3330877650772188,
            "std": 0.36109241400355435
        },
        "comprehensiveness": {
            "mean": 0.21622626576612963,
            "std": 0.3585002517670669
        },
        "AOPC - sufficiency": {
            "mean": 0.2991078224573962,
            "std": 0.214520152801315
        },
        "AOPC - comprehensiveness": {
            "mean": 0.18606458106242174,
            "std": 0.21608224880298982
        }
    }
}