,feature,Soft_sufficiency,Suff_ratio,Soft_comprehensiveness,Comp_ratio
0,random,0.9581586077180421,1.0,0.032446734412797,1.0
1,attention,0.949432942978895,0.990893298177503,0.026168088401873003,0.806493746611132
2,scaled attention,0.944272452734729,0.9855074568328678,0.023035260577060002,0.7099407997118775
3,gradients,0.9517360912261431,0.9932970215576367,0.036245327782614,1.1170716695705079
4,ig,0.9632196903785301,1.0052820927764157,0.038075942926020005,1.173490756931238
5,deeplift,0.960994699782393,1.0029599400782983,0.038703966545541,1.1928462831771491
