,feature, AOPC_sufficiency,Suff_ratio,AOPC_comprehensiveness,Comp_ratio
0,random,0.316706942762638,1.120318139643535,0.17658280493710402,1.123480165813193
1,attention,0.45857712370256204,1.6221692698873953,0.315873693198278,2.0096964103431754
2,scaled attention,0.46123429208688105,1.6315687289427372,0.316071797882904,2.0109568200643326
3,gradients,0.331902336399712,1.174070277131082,0.21667329691418202,1.378549579791428
4,ig,0.44774266357409104,1.5838434848279002,0.347482016182245,2.2107993657512783
5,deeplift,0.389989107402937,1.379546237527079,0.25685269106803105,1.634184619807461
