,feature, AOPC_sufficiency,Suff_ratio,AOPC_comprehensiveness,Comp_ratio
0,random,0.28269375595704305,1.0,0.15717483077174801,1.0
1,attention,0.35181036596598003,1.2444928780791311,0.21512574197300702,1.3687035062593216
2,scaled attention,0.351780417777591,1.2443869394520553,0.21745892594436203,1.383548020230794
3,gradients,0.297563935477599,1.0526017260983138,0.18682656447898202,1.188654465614121
4,ig,0.37434042163126,1.3241906258734035,0.27829032281667004,1.770578160957641
5,deeplift,0.33110154799371705,1.171237570751403,0.212925382361346,1.3547040662671996
