,feature,Soft_sufficiency,Suff_ratio,Soft_comprehensiveness,Comp_ratio
0,random,0.9599637548807971,1.0,0.037976019060458006,1.0
1,attention,0.949432942978895,0.9890299900924804,0.026168088401873003,0.6890687610044981
2,scaled attention,0.946230681033654,0.9856941746213654,0.021251815486945002,0.5596114604090547
3,gradients,0.9542775338974041,0.9940766295034763,0.033835603414906004,0.890972888997121
4,ig,0.960970718711987,1.001048960261333,0.032416838086887,0.8536133825738617
5,deeplift,0.960994699782393,1.0010739414861802,0.038703966545541,1.0191686096408394
