{
    "deeplift": {
        "sufficiencies @ 1.0": {
            "mean": 0.9978784247069769,
            "std": 0.009103065575356293
        },
        "comprehensiveness @ 1.0": {
            "mean": 0.0050389886334987,
            "std": 0.021669303296681746
        }
    },
    "ig": {
        "sufficiencies @ 1.0": {
            "mean": 0.999966913555017,
            "std": 0.00010606639615948522
        },
        "comprehensiveness @ 1.0": {
            "mean": 0.06298046965578769,
            "std": 0.2249037696652109
        }
    },
    "gradients": {
        "sufficiencies @ 1.0": {
            "mean": 0.9999036943515993,
            "std": 0.0004490533674510229
        },
        "comprehensiveness @ 1.0": {
            "mean": 0.03551207287349369,
            "std": 0.16359549298186193
        }
    },
    "scaled attention": {
        "sufficiencies @ 1.0": {
            "mean": 0.9865817523844489,
            "std": 0.11468867861125223
        },
        "comprehensiveness @ 1.0": {
            "mean": 0.048989731700130865,
            "std": 0.19960094116141142
        }
    },
    "attention": {
        "sufficiencies @ 1.0": {
            "mean": 0.9732683319630259,
            "std": 0.16109659459353434
        },
        "comprehensiveness @ 1.0": {
            "mean": 0.038862727876750214,
            "std": 0.16495741805373923
        }
    },
    "random": {
        "sufficiencies @ 1.0": {
            "mean": 0.9858414996469018,
            "std": 0.11463203843896946
        },
        "comprehensiveness @ 1.0": {
            "mean": 0.0349240503304008,
            "std": 0.1374458624246149
        }
    }
}