{
    "attention": {
        "sufficiencies @ 0.01": {
            "mean": 0.22986401176729507,
            "std": 0.3084964061032589
        },
        "comprehensiveness @ 0.01": {
            "mean": 0.033520508631391145,
            "std": 0.15612018954757334
        },
        "sufficiencies @ 0.02": {
            "mean": 0.22679000684796877,
            "std": 0.3043619926808307
        },
        "comprehensiveness @ 0.02": {
            "mean": 0.03336764680933576,
            "std": 0.15399507156058126
        },
        "sufficiencies @ 0.05": {
            "mean": 0.2285320294750431,
            "std": 0.3083211681426881
        },
        "comprehensiveness @ 0.05": {
            "mean": 0.08381301060952176,
            "std": 0.23938427149341826
        },
        "sufficiencies @ 0.1": {
            "mean": 0.27588692541075854,
            "std": 0.3374136371879184
        },
        "comprehensiveness @ 0.1": {
            "mean": 0.16684326241772027,
            "std": 0.3229512336881648
        },
        "sufficiencies @ 0.2": {
            "mean": 0.4346515776543745,
            "std": 0.3930137439336777
        },
        "comprehensiveness @ 0.2": {
            "mean": 0.3171799759182518,
            "std": 0.4063163093959095
        },
        "sufficiencies @ 0.5": {
            "mean": 0.7818452629131599,
            "std": 0.338168209489468
        },
        "comprehensiveness @ 0.5": {
            "mean": 0.5975173629799698,
            "std": 0.4083336285380847
        },
        "sufficiencies @ 1.0": {
            "mean": 0.9454687632206749,
            "std": 0.18888708256262668
        },
        "comprehensiveness @ 1.0": {
            "mean": 0.7819015361435995,
            "std": 0.29002811741557627
        },
        "AOPC - sufficiency": {
            "mean": 0.44614836818418213,
            "std": 0.2173417193719665
        },
        "AOPC - comprehensiveness": {
            "mean": 0.2877347576442557,
            "std": 0.15890740586054883
        }
    },
    "deeplift": {
        "sufficiencies @ 0.01": {
            "mean": 0.26021419945772456,
            "std": 0.33203785400601016
        },
        "comprehensiveness @ 0.01": {
            "mean": 0.08528321873651447,
            "std": 0.2434719517235092
        },
        "sufficiencies @ 0.02": {
            "mean": 0.26017934824319455,
            "std": 0.3327849927183118
        },
        "comprehensiveness @ 0.02": {
            "mean": 0.08470540660718506,
            "std": 0.24418451902687363
        },
        "sufficiencies @ 0.05": {
            "mean": 0.27238728620268804,
            "std": 0.3420906424681417
        },
        "comprehensiveness @ 0.05": {
            "mean": 0.11776316003084115,
            "std": 0.282108250918593
        },
        "sufficiencies @ 0.1": {
            "mean": 0.30217445758210937,
            "std": 0.3576973894211006
        },
        "comprehensiveness @ 0.1": {
            "mean": 0.16038658624012875,
            "std": 0.3197828744098222
        },
        "sufficiencies @ 0.2": {
            "mean": 0.3828828680445566,
            "std": 0.3924879264963045
        },
        "comprehensiveness @ 0.2": {
            "mean": 0.2665411304136705,
            "std": 0.38374744199443955
        },
        "sufficiencies @ 0.5": {
            "mean": 0.6300291831894608,
            "std": 0.4071773758100752
        },
        "comprehensiveness @ 0.5": {
            "mean": 0.5421762803280239,
            "std": 0.4188104282856715
        },
        "sufficiencies @ 1.0": {
            "mean": 0.685346712602987,
            "std": 0.40132825327229926
        },
        "comprehensiveness @ 1.0": {
            "mean": 0.6014189600689755,
            "std": 0.39804011978834924
        },
        "AOPC - sufficiency": {
            "mean": 0.39903057933181724,
            "std": 0.2995574857329179
        },
        "AOPC - comprehensiveness": {
            "mean": 0.26546782034647703,
            "std": 0.23701319870379928
        }
    },
    "gradients": {
        "sufficiencies @ 0.01": {
            "mean": 0.23881163020093524,
            "std": 0.3141214802052101
        },
        "comprehensiveness @ 0.01": {
            "mean": 0.10748891698877103,
            "std": 0.2817278624590824
        },
        "sufficiencies @ 0.02": {
            "mean": 0.24665559257452135,
            "std": 0.3163546508658677
        },
        "comprehensiveness @ 0.02": {
            "mean": 0.1059817294942125,
            "std": 0.2787191830508489
        },
        "sufficiencies @ 0.05": {
            "mean": 0.24542576714777564,
            "std": 0.3137074163233451
        },
        "comprehensiveness @ 0.05": {
            "mean": 0.12291570462719696,
            "std": 0.2942851143978153
        },
        "sufficiencies @ 0.1": {
            "mean": 0.2718237236058421,
            "std": 0.3297720597765614
        },
        "comprehensiveness @ 0.1": {
            "mean": 0.15677495067407313,
            "std": 0.32351246136041834
        },
        "sufficiencies @ 0.2": {
            "mean": 0.3287821194963707,
            "std": 0.36050539141806703
        },
        "comprehensiveness @ 0.2": {
            "mean": 0.2174974690323965,
            "std": 0.3604547146790118
        },
        "sufficiencies @ 0.5": {
            "mean": 0.6379826361819324,
            "std": 0.39406853962408744
        },
        "comprehensiveness @ 0.5": {
            "mean": 0.4629072671232309,
            "std": 0.40866983626638176
        },
        "sufficiencies @ 1.0": {
            "mean": 0.9466077990738566,
            "std": 0.1844572011852159
        },
        "comprehensiveness @ 1.0": {
            "mean": 0.7732607239736717,
            "std": 0.2974869230022428
        },
        "AOPC - sufficiency": {
            "mean": 0.41658418118303336,
            "std": 0.23041143999264857
        },
        "AOPC - comprehensiveness": {
            "mean": 0.27811810884479327,
            "std": 0.22406690100147225
        }
    },
    "ig": {
        "sufficiencies @ 0.01": {
            "mean": 0.28808683941065755,
            "std": 0.3395046356045761
        },
        "comprehensiveness @ 0.01": {
            "mean": 0.15515457511221914,
            "std": 0.3272452683917884
        },
        "sufficiencies @ 0.02": {
            "mean": 0.28917818603049594,
            "std": 0.3375345173954273
        },
        "comprehensiveness @ 0.02": {
            "mean": 0.15208553553818202,
            "std": 0.32357456159936787
        },
        "sufficiencies @ 0.05": {
            "mean": 0.2977940170389005,
            "std": 0.3431959530696183
        },
        "comprehensiveness @ 0.05": {
            "mean": 0.17677587680018267,
            "std": 0.3406641407864785
        },
        "sufficiencies @ 0.1": {
            "mean": 0.33529678578248234,
            "std": 0.36039865083489836
        },
        "comprehensiveness @ 0.1": {
            "mean": 0.23258664763469944,
            "std": 0.3755586725355618
        },
        "sufficiencies @ 0.2": {
            "mean": 0.4423820872629101,
            "std": 0.39234160154861625
        },
        "comprehensiveness @ 0.2": {
            "mean": 0.3476687582658145,
            "std": 0.4163081863717645
        },
        "sufficiencies @ 0.5": {
            "mean": 0.776821484448514,
            "std": 0.341535015599017
        },
        "comprehensiveness @ 0.5": {
            "mean": 0.6511991171691515,
            "std": 0.3946229536698956
        },
        "sufficiencies @ 1.0": {
            "mean": 0.8410077720582716,
            "std": 0.3102812118329294
        },
        "comprehensiveness @ 1.0": {
            "mean": 0.7405475456000231,
            "std": 0.34601209275166106
        },
        "AOPC - sufficiency": {
            "mean": 0.4672238817188903,
            "std": 0.2712290164934239
        },