{
    "attention": {
        "sufficiencies @ 0.01": {
            "mean": 0.2519591879361592,
            "std": 0.3270586953445746
        },
        "comprehensiveness @ 0.01": {
            "mean": 0.04214041184565067,
            "std": 0.16612567539243966
        },
        "sufficiencies @ 0.02": {
            "mean": 0.2520921125312712,
            "std": 0.3274494035060385
        },
        "comprehensiveness @ 0.02": {
            "mean": 0.04371151313695582,
            "std": 0.17202684293508244
        },
        "sufficiencies @ 0.05": {
            "mean": 0.2516174236683699,
            "std": 0.32903288936552894
        },
        "comprehensiveness @ 0.05": {
            "mean": 0.09600736771104929,
            "std": 0.25346792094253223
        },
        "sufficiencies @ 0.1": {
            "mean": 0.284528834129604,
            "std": 0.34862868919693324
        },
        "comprehensiveness @ 0.1": {
            "mean": 0.16855277266580873,
            "std": 0.32102196950860645
        },
        "sufficiencies @ 0.2": {
            "mean": 0.4360899510911357,
            "std": 0.3949512961213213
        },
        "comprehensiveness @ 0.2": {
            "mean": 0.32063722759116925,
            "std": 0.4069188970219106
        },
        "sufficiencies @ 0.5": {
            "mean": 0.7793079271535932,
            "std": 0.34230111869664104
        },
        "comprehensiveness @ 0.5": {
            "mean": 0.5972859316275949,
            "std": 0.4079457642641866
        },
        "sufficiencies @ 1.0": {
            "mean": 0.9554710220474025,
            "std": 0.1744937898988072
        },
        "comprehensiveness @ 1.0": {
            "mean": 0.7965825019701238,
            "std": 0.2806570849385266
        },
        "AOPC - sufficiency": {
            "mean": 0.45872377979393364,
            "std": 0.23590200954915264
        },
        "AOPC - comprehensiveness": {
            "mean": 0.29498824664976464,
            "std": 0.16121348131360438
        }
    },
    "ig": {
        "sufficiencies @ 0.01": {
            "mean": 0.29996809000899294,
            "std": 0.3454730628280084
        },
        "comprehensiveness @ 0.01": {
            "mean": 0.1627974323967306,
            "std": 0.3295249305647791
        },
        "sufficiencies @ 0.02": {
            "mean": 0.29577211645398876,
            "std": 0.3432090497772617
        },
        "comprehensiveness @ 0.02": {
            "mean": 0.1636703739410963,
            "std": 0.33225818463404694
        },
        "sufficiencies @ 0.05": {
            "mean": 0.307122554762346,
            "std": 0.34905437649285287
        },
        "comprehensiveness @ 0.05": {
            "mean": 0.18466962949131008,
            "std": 0.34666465589987067
        },
        "sufficiencies @ 0.1": {
            "mean": 0.34228532222260105,
            "std": 0.36298607790920073
        },
        "comprehensiveness @ 0.1": {
            "mean": 0.24205453165007285,
            "std": 0.3802678383017449
        },
        "sufficiencies @ 0.2": {
            "mean": 0.44670983632174155,
            "std": 0.3926120125772422
        },
        "comprehensiveness @ 0.2": {
            "mean": 0.35903563717167436,
            "std": 0.42098374760236495
        },
        "sufficiencies @ 0.5": {
            "mean": 0.7907501908643562,
            "std": 0.33145379562688887
        },
        "comprehensiveness @ 0.5": {
            "mean": 0.67568426547737,
            "std": 0.38635801379770696
        },
        "sufficiencies @ 1.0": {
            "mean": 0.9592519732156466,
            "std": 0.17067343921267308
        },
        "comprehensiveness @ 1.0": {
            "mean": 0.7893945894011115,
            "std": 0.28928296891492333
        },
        "AOPC - sufficiency": {
            "mean": 0.4916942976928105,
            "std": 0.25559872399178896
        },
        "AOPC - comprehensiveness": {
            "mean": 0.36818663707562366,
            "std": 0.24889287752039022
        }
    },
    "deeplift": {
        "sufficiencies @ 0.01": {
            "mean": 0.2682842256095007,
            "std": 0.34265320933705146
        },
        "comprehensiveness @ 0.01": {
            "mean": 0.09521561076588297,
            "std": 0.25696745444374175
        },
        "sufficiencies @ 0.02": {
            "mean": 0.26903736533268774,
            "std": 0.342547132385563
        },
        "comprehensiveness @ 0.02": {
            "mean": 0.09401394840502417,
            "std": 0.25234762438885366
        },
        "sufficiencies @ 0.05": {
            "mean": 0.27734589336109855,
            "std": 0.35021685883668036
        },
        "comprehensiveness @ 0.05": {
            "mean": 0.12754171578807755,
            "std": 0.28581157008311664
        },
        "sufficiencies @ 0.1": {
            "mean": 0.3029861125653753,
            "std": 0.3610456811945377
        },
        "comprehensiveness @ 0.1": {
            "mean": 0.16823135156712737,
            "std": 0.32375061461343535
        },
        "sufficiencies @ 0.2": {
            "mean": 0.38626504142294477,
            "std": 0.39401451310688723
        },
        "comprehensiveness @ 0.2": {
            "mean": 0.26464505629239526,
            "std": 0.38024702488630624
        },
        "sufficiencies @ 0.5": {
            "mean": 0.6893127315428179,
            "std": 0.38581228755526004
        },
        "comprehensiveness @ 0.5": {
            "mean": 0.5936737713372644,
            "std": 0.40924915770281484
        },
        "sufficiencies @ 1.0": {
            "mean": 0.9703252860622573,
            "std": 0.1418628279544703
        },
        "comprehensiveness @ 1.0": {
            "mean": 0.7776231478833476,
            "std": 0.2931296437093329
        },
        "AOPC - sufficiency": {
            "mean": 0.45193666512809744,
            "std": 0.26659038313406297
        },
        "AOPC - comprehensiveness": {
            "mean": 0.3029920860055885,
            "std": 0.19783995149079273
        }
    },
    "gradients": {
        "sufficiencies @ 0.01": {
            "mean": 0.2605758976134592,
            "std": 0.32968252702029166
        },
        "comprehensiveness @ 0.01": {
            "mean": 0.10973498468459224,
            "std": 0.2803853783931807
        },
        "sufficiencies @ 0.02": {
            "mean": 0.2591137447262559,
            "std": 0.33035446762351767
        },
        "comprehensiveness @ 0.02": {
            "mean": 0.111440194517797,
            "std": 0.2807277746490483
        },
        "sufficiencies @ 0.05": {
            "mean": 0.25804001058594356,
            "std": 0.3268996825098257
        },
        "comprehensiveness @ 0.05": {
            "mean": 0.12959853731325782,
            "std": 0.29892397963631134
        },
        "sufficiencies @ 0.1": {
            "mean": 0.277782617632848,
            "std": 0.33360797817522797
        },
        "comprehensiveness @ 0.1": {
            "mean": 0.1609266938747526,
            "std": 0.3234634393491408
        },
        "sufficiencies @ 0.2": {
            "mean": 0.33016441653936496,
            "std": 0.3608328784752734
        },
        "comprehensiveness @ 0.2": {
            "mean": 0.22472156389110265,
            "std": 0.3614183752162566
        },
        "sufficiencies @ 0.5": {
            "mean": 0.6427726250233992,
            "std": 0.3949070154204107
        },
        "comprehensiveness @ 0.5": {
            "mean": 0.4688420968239866,
            "std": 0.40832095208196756
        },
        "sufficiencies @ 1.0": {
            "mean": 0.9659045628386884,
            "std": 0.15078006815140377
        },
        "comprehensiveness @ 1.0": {
            "mean": 0.7886176151282579,
            "std": 0.28723646098097094
        },
        "AOPC - sufficiency": {
            "mean": 0.42776483927999415,
            "std": 0.2415864331801885
        },