{
    "gradients": {
        "sufficiencies @ 0.01": {
            "mean": 0.14980662961709063,
            "std": 0.238641285367474
        },
        "comprehensiveness @ 0.01": {
            "mean": 0.13380106677561532,
            "std": 0.2779620739202892
        },
        "sufficiencies @ 0.02": {
            "mean": 0.1413245650988419,
            "std": 0.24280530299950892
        },
        "comprehensiveness @ 0.02": {
            "mean": 0.12927858049221722,
            "std": 0.26638173934461906
        },
        "sufficiencies @ 0.05": {
            "mean": 0.18866875528020896,
            "std": 0.29613042437005793
        },
        "comprehensiveness @ 0.05": {
            "mean": 0.16036408979931735,
            "std": 0.2904701709218427
        },
        "sufficiencies @ 0.1": {
            "mean": 0.14413924322404154,
            "std": 0.24624434767657843
        },
        "comprehensiveness @ 0.1": {
            "mean": 0.11691554399723186,
            "std": 0.25513834509165184
        },
        "sufficiencies @ 0.2": {
            "mean": 0.19484207722915914,
            "std": 0.2820590526331429
        },
        "comprehensiveness @ 0.2": {
            "mean": 0.17589777303278895,
            "std": 0.29228476707866713
        },
        "sufficiencies @ 0.5": {
            "mean": 0.3994418680132361,
            "std": 0.3836577233409026
        },
        "comprehensiveness @ 0.5": {
            "mean": 0.5312227748061623,
            "std": 0.3884883104544936
        },
        "sufficiencies @ 1.0": {
            "mean": 0.6383119518888749,
            "std": 0.4011345579133211
        },
        "comprehensiveness @ 1.0": {
            "mean": 0.8664896111109102,
            "std": 0.20354967127283224
        },
        "AOPC - sufficiency": {
            "mean": 0.2652192986216362,
            "std": 0.17002860732393363
        },
        "AOPC - comprehensiveness": {
            "mean": 0.301995634287749,
            "std": 0.18678849068308287
        }
    },
    "ig": {
        "sufficiencies @ 0.01": {
            "mean": 0.17835549919071783,
            "std": 0.28116997961220924
        },
        "comprehensiveness @ 0.01": {
            "mean": 0.1485572194208435,
            "std": 0.26793078174102625
        },
        "sufficiencies @ 0.02": {
            "mean": 0.20238352256665773,
            "std": 0.3133244426511366
        },
        "comprehensiveness @ 0.02": {
            "mean": 0.15455476695934536,
            "std": 0.25290660631666917
        },
        "sufficiencies @ 0.05": {
            "mean": 0.20582164765192928,
            "std": 0.30899827098428534
        },
        "comprehensiveness @ 0.05": {
            "mean": 0.15950471260130897,
            "std": 0.27054025564660833
        },
        "sufficiencies @ 0.1": {
            "mean": 0.20954927756879196,
            "std": 0.32485355322061643
        },
        "comprehensiveness @ 0.1": {
            "mean": 0.19200609638884744,
            "std": 0.2980386461168893
        },
        "sufficiencies @ 0.2": {
            "mean": 0.25052683192596603,
            "std": 0.34606195958607466
        },
        "comprehensiveness @ 0.2": {
            "mean": 0.287206465948718,
            "std": 0.3595671617517977
        },
        "sufficiencies @ 0.5": {
            "mean": 0.5063913707428873,
            "std": 0.3925968819717137
        },
        "comprehensiveness @ 0.5": {
            "mean": 0.663930717364217,
            "std": 0.36227755263202227
        },
        "sufficiencies @ 1.0": {
            "mean": 0.6021966729387715,
            "std": 0.4343012883134412
        },
        "comprehensiveness @ 1.0": {
            "mean": 0.8653831589919039,
            "std": 0.20232545312822306
        },
        "AOPC - sufficiency": {
            "mean": 0.3078892603693888,
            "std": 0.2229377918386195
        },
        "AOPC - comprehensiveness": {
            "mean": 0.353020448239312,
            "std": 0.1902707704770649
        }
    },
    "deeplift": {
        "sufficiencies @ 0.01": {
            "mean": 0.18474819099052678,
            "std": 0.2889060698866984
        },
        "comprehensiveness @ 0.01": {
            "mean": 0.15944394338563883,
            "std": 0.27649358080257885
        },
        "sufficiencies @ 0.02": {
            "mean": 0.14867440381381763,
            "std": 0.2545610482772867
        },
        "comprehensiveness @ 0.02": {
            "mean": 0.1303485499443569,
            "std": 0.2716499181629802
        },
        "sufficiencies @ 0.05": {
            "mean": 0.19124626841954917,
            "std": 0.30321654515087615
        },
        "comprehensiveness @ 0.05": {
            "mean": 0.13568936625421918,
            "std": 0.28326167798895335
        },
        "sufficiencies @ 0.1": {
            "mean": 0.18234831239413646,
            "std": 0.28597758696420517
        },
        "comprehensiveness @ 0.1": {
            "mean": 0.18559617715783616,
            "std": 0.3025370820761161
        },
        "sufficiencies @ 0.2": {
            "mean": 0.2173259821816436,
            "std": 0.3043870894173954
        },
        "comprehensiveness @ 0.2": {
            "mean": 0.23080323778959672,
            "std": 0.3476697880267803
        },
        "sufficiencies @ 0.5": {
            "mean": 0.40880264726923143,
            "std": 0.3742332879367318
        },
        "comprehensiveness @ 0.5": {
            "mean": 0.5822302331882079,
            "std": 0.3713291715320325
        },
        "sufficiencies @ 1.0": {
            "mean": 0.6291730406136581,
            "std": 0.40554017630168315
        },
        "comprehensiveness @ 1.0": {
            "mean": 0.8584813215597341,
            "std": 0.21601382541013542
        },
        "AOPC - sufficiency": {
            "mean": 0.2803312636689376,
            "std": 0.1982260446133785
        },
        "AOPC - comprehensiveness": {
            "mean": 0.3260846898970842,
            "std": 0.19166110140941625
        }
    },
    "attention": {
        "sufficiencies @ 0.01": {
            "mean": 0.12629186926361682,
            "std": 0.21842555640283504
        },
        "comprehensiveness @ 0.01": {
            "mean": 0.10803759706883469,
            "std": 0.24150803959209902
        },
        "sufficiencies @ 0.02": {
            "mean": 0.13277409906977916,
            "std": 0.23100868117879877
        },
        "comprehensiveness @ 0.02": {
            "mean": 0.11036457075431556,
            "std": 0.24362882567103655
        },
        "sufficiencies @ 0.05": {
            "mean": 0.18591610463470987,
            "std": 0.26948201241704733
        },
        "comprehensiveness @ 0.05": {
            "mean": 0.11627653462568047,
            "std": 0.23520167888424878
        },
        "sufficiencies @ 0.1": {
            "mean": 0.14656784078680696,
            "std": 0.24925347253299807
        },
        "comprehensiveness @ 0.1": {
            "mean": 0.19834192507261877,
            "std": 0.32189387212924897
        },
        "sufficiencies @ 0.2": {
            "mean": 0.2064575758159864,
            "std": 0.30190495239525605
        },
        "comprehensiveness @ 0.2": {
            "mean": 0.31167000719482535,
            "std": 0.3848049346508042
        },
        "sufficiencies @ 0.5": {
            "mean": 0.437997414184118,
            "std": 0.4222353652102724
        },
        "comprehensiveness @ 0.5": {
            "mean": 0.5920168342079177,
            "std": 0.3771151721785296
        },
        "sufficiencies @ 1.0": {
            "mean": 0.6356790231407117,
            "std": 0.39780184300650084
        },
        "comprehensiveness @ 1.0": {
            "mean": 0.8642530999754789,
            "std": 0.22336573117451872
        },
        "AOPC - sufficiency": {
            "mean": 0.26738341812796124,
            "std": 0.17013513722796494
        },