{
    "gradients": {
        "sufficiencies @ 0.01": {
            "mean": 0.09725935092335916,
            "std": 0.23554826315843622
        },
        "comprehensiveness @ 0.01": {
            "mean": 0.04863432159959131,
            "std": 0.16122909220640816
        },
        "sufficiencies @ 0.02": {
            "mean": 0.11622184895579546,
            "std": 0.26937216860919244
        },
        "comprehensiveness @ 0.02": {
            "mean": 0.05632742055601251,
            "std": 0.17923773434753792
        },
        "sufficiencies @ 0.05": {
            "mean": 0.09810277144425265,
            "std": 0.21151372555485298
        },
        "comprehensiveness @ 0.05": {
            "mean": 0.08948073645237427,
            "std": 0.25118743465921756
        },
        "sufficiencies @ 0.1": {
            "mean": 0.11124231086717373,
            "std": 0.23383166493294874
        },
        "comprehensiveness @ 0.1": {
            "mean": 0.10406930594684596,
            "std": 0.2582116635655681
        },
        "sufficiencies @ 0.2": {
            "mean": 0.11323593157422739,
            "std": 0.23502476185086857
        },
        "comprehensiveness @ 0.2": {
            "mean": 0.12627955413443373,
            "std": 0.2805386804405592
        },
        "sufficiencies @ 0.5": {
            "mean": 0.5349032150316588,
            "std": 0.40409913168104256
        },
        "comprehensiveness @ 0.5": {
            "mean": 0.4201712116854142,
            "std": 0.4056058367626634
        },
        "sufficiencies @ 1.0": {
            "mean": 0.910877148299698,
            "std": 0.24897113288768313
        },
        "comprehensiveness @ 1.0": {
            "mean": 0.8644649440009529,
            "std": 0.20668347390944408
        },
        "AOPC - sufficiency": {
            "mean": 0.283120368156595,
            "std": 0.17367067119099483
        },
        "AOPC - comprehensiveness": {
            "mean": 0.2442039277679464,
            "std": 0.18172036031323915
        }
    },
    "scaled attention": {
        "sufficiencies @ 0.01": {
            "mean": 0.06916081842931641,
            "std": 0.20757523171281875
        },
        "comprehensiveness @ 0.01": {
            "mean": 0.015724785599560635,
            "std": 0.05930017194672759
        },
        "sufficiencies @ 0.02": {
            "mean": 0.09431886034144014,
            "std": 0.24161789942218595
        },
        "comprehensiveness @ 0.02": {
            "mean": 0.009142200661934979,
            "std": 0.022360456086364597
        },
        "sufficiencies @ 0.05": {
            "mean": 0.07468511995165167,
            "std": 0.1883216798437693
        },
        "comprehensiveness @ 0.05": {
            "mean": 0.013412047664382603,
            "std": 0.046730721740223496
        },
        "sufficiencies @ 0.1": {
            "mean": 0.10577793892289748,
            "std": 0.23838219435231534
        },
        "comprehensiveness @ 0.1": {
            "mean": 0.09641282300552291,
            "std": 0.24655871799078286
        },
        "sufficiencies @ 0.2": {
            "mean": 0.18166659262586304,
            "std": 0.28567696410561283
        },
        "comprehensiveness @ 0.2": {
            "mean": 0.20199524484669076,
            "std": 0.3434633933993148
        },
        "sufficiencies @ 0.5": {
            "mean": 0.7304835505156347,
            "std": 0.3650034050208376
        },
        "comprehensiveness @ 0.5": {
            "mean": 0.5485749032341316,
            "std": 0.42594194828512355
        },
        "sufficiencies @ 1.0": {
            "mean": 0.927449914127625,
            "std": 0.23556026238495628
        },
        "comprehensiveness @ 1.0": {
            "mean": 0.8700527072216709,
            "std": 0.2284905127461695
        },
        "AOPC - sufficiency": {
            "mean": 0.3119346849877755,
            "std": 0.13589959007472047
        },
        "AOPC - comprehensiveness": {
            "mean": 0.2507592446048421,
            "std": 0.13009875907269958
        }
    },
    "random": {
        "sufficiencies @ 0.01": {
            "mean": 0.12232987933511145,
            "std": 0.28684840170661585
        },
        "comprehensiveness @ 0.01": {
            "mean": 0.024810491856611376,
            "std": 0.10462581285209042
        },
        "sufficiencies @ 0.02": {
            "mean": 0.0812432665916781,
            "std": 0.2347958017834709
        },
        "comprehensiveness @ 0.02": {
            "mean": 0.009260659752436055,
            "std": 0.038089948007279516
        },
        "sufficiencies @ 0.05": {
            "mean": 0.13993151022772385,
            "std": 0.2886350617581509
        },
        "comprehensiveness @ 0.05": {
            "mean": 0.028288356037269494,
            "std": 0.1067987020516238
        },
        "sufficiencies @ 0.1": {
            "mean": 0.13038319707302454,
            "std": 0.2332574530444314
        },
        "comprehensiveness @ 0.1": {
            "mean": 0.08380971475286081,
            "std": 0.23488696034476075
        },
        "sufficiencies @ 0.2": {
            "mean": 0.19823842201462227,
            "std": 0.3514909373540771
        },
        "comprehensiveness @ 0.2": {
            "mean": 0.13791797276346016,
            "std": 0.2984420890538034
        },
        "sufficiencies @ 0.5": {
            "mean": 0.5240995268127423,
            "std": 0.3911385139687493
        },
        "comprehensiveness @ 0.5": {
            "mean": 0.39718250906043306,
            "std": 0.40237780380082383
        },
        "sufficiencies @ 1.0": {
            "mean": 0.9402603800426297,
            "std": 0.17612087332383955
        },
        "comprehensiveness @ 1.0": {
            "mean": 0.851938707596047,
            "std": 0.20348510805890674
        },
        "AOPC - sufficiency": {
            "mean": 0.30521231172821894,
            "std": 0.19738485887005575
        },
        "AOPC - comprehensiveness": {
            "mean": 0.21902977311701682,
            "std": 0.11354569930954603
        }
    },
    "attention": {
        "sufficiencies @ 0.01": {
            "mean": 0.10027172454478965,
            "std": 0.23744569930382525
        },
        "comprehensiveness @ 0.01": {
            "mean": 0.0035271266721149147,
            "std": 0.007824686570449503
        },
        "sufficiencies @ 0.02": {
            "mean": 0.06200986660620401,
            "std": 0.18787839444156806
        },
        "comprehensiveness @ 0.02": {
            "mean": 0.004054805158588894,
            "std": 0.01854929830674037
        },
        "sufficiencies @ 0.05": {
            "mean": 0.06562986795233522,
            "std": 0.22372261555296036
        },
        "comprehensiveness @ 0.05": {
            "mean": 0.033816570603313646,
            "std": 0.1438438348115917
        },
        "sufficiencies @ 0.1": {
            "mean": 0.12057925559528497,
            "std": 0.24221652888965708
        },
        "comprehensiveness @ 0.1": {
            "mean": 0.1082684841828802,
            "std": 0.27577405035348646
        },
        "sufficiencies @ 0.2": {
            "mean": 0.20211832300793112,
            "std": 0.30253338261662543
        },
        "comprehensiveness @ 0.2": {
            "mean": 0.1837162230987725,
            "std": 0.3219000897279047
        },
        "sufficiencies @ 0.5": {
            "mean": 0.7627583859168691,
            "std": 0.35632992897598353
        },
        "comprehensiveness @ 0.5": {
            "mean": 0.5566593644079353,
            "std": 0.4148389697463622
        },
        "sufficiencies @ 1.0": {
            "mean": 0.9411655991650554,
            "std": 0.19647496843391798
        },
        "comprehensiveness @ 1.0": {
            "mean": 0.8727493685363862,
            "std": 0.20227115859292705
        },
        "AOPC - sufficiency": {
            "mean": 0.3220761461126385,