,feature,Soft_sufficiency,Suff_ratio,Soft_comprehensiveness,Comp_ratio
0,random,0.9871293833751261,1.0,0.015822734696345,1.0
1,attention,0.9808561611563641,0.9936449848171746,0.014589177519754,0.92203893952188
2,scaled attention,0.9800053200105371,0.9927830500392655,0.010992420133823,0.6947231527785278
3,gradients,0.9825014824689061,0.9953117585352422,0.015475887846446,0.9780792096590534
4,ig,0.98576427768582,0.9986170954767463,0.016416067960986002,1.0374987810911132
5,deeplift,0.9862028456876031,0.9990613817163916,0.015558444291812001,0.9832967935312693
