{
    "attention": {
        "sufficiencies @ 1.0": {
            "mean": 0.9729765323879591,
            "std": 0.16106594262863747
        },
        "comprehensiveness @ 1.0": {
            "mean": NaN,
            "std": NaN
        }
    },
    "gradients": {
        "sufficiencies @ 1.0": {
            "mean": 0.9865925136524987,
            "std": 0.11468925416263719
        },
        "comprehensiveness @ 1.0": {
            "mean": 0.055726057523567116,
            "std": 0.2087118539172575
        }
    },
    "scaled attention": {
        "sufficiencies @ 1.0": {
            "mean": 0.9778766527742293,
            "std": 0.13624162418336372
        },
        "comprehensiveness @ 1.0": {
            "mean": 0.032605411676281865,
            "std": 0.16250990837903942
        }
    },
    "ig": {
        "sufficiencies @ 1.0": {
            "mean": 0.9729572403972628,
            "std": 0.1610589638031035
        },
        "comprehensiveness @ 1.0": {
            "mean": 0.05929012169047689,
            "std": 0.20963775042262778
        }
    },
    "deeplift": {
        "sufficiencies @ 1.0": {
            "mean": 0.9852011723947149,
            "std": 0.11477212121362898
        },
        "comprehensiveness @ 1.0": {
            "mean": 0.03575947323376452,
            "std": 0.16214923651002391
        }
    },
    "random": {
        "sufficiencies @ 1.0": {
            "mean": 0.972066973656377,
            "std": 0.16095698770710584
        },
        "comprehensiveness @ 1.0": {
            "mean": 0.042021137408017536,
            "std": 0.17422606179055258
        }
    }
}