{
    "gradients": {
        "sufficiencies @ 0.01": {
            "mean": 0.18836711215150756,
            "std": 0.24374270915453938
        },
        "comprehensiveness @ 0.01": {
            "mean": 0.08081048382562038,
            "std": 0.2569116172836965
        },
        "sufficiencies @ 0.02": {
            "mean": 0.1853271664501085,
            "std": 0.24737182190022772
        },
        "comprehensiveness @ 0.02": {
            "mean": 0.08058217509940638,
            "std": 0.25684813115409577
        },
        "sufficiencies @ 0.05": {
            "mean": 0.20557879916367516,
            "std": 0.27995897648873863
        },
        "comprehensiveness @ 0.05": {
            "mean": 0.07108524859140858,
            "std": 0.2270689642874497
        },
        "sufficiencies @ 0.1": {
            "mean": 0.2320855038996741,
            "std": 0.2903174797656443
        },
        "comprehensiveness @ 0.1": {
            "mean": 0.04769302799728451,
            "std": 0.17715508938542857
        },
        "sufficiencies @ 0.2": {
            "mean": 0.21412240553463366,
            "std": 0.27203285429153057
        },
        "comprehensiveness @ 0.2": {
            "mean": 0.10436993390982373,
            "std": 0.27496861775175174
        },
        "sufficiencies @ 0.5": {
            "mean": 0.37058018354247035,
            "std": 0.359906610932926
        },
        "comprehensiveness @ 0.5": {
            "mean": 0.38565574435505784,
            "std": 0.4405020599977251
        },
        "sufficiencies @ 1.0": {
            "mean": 0.6081635434211519,
            "std": 0.4032588810586419
        },
        "comprehensiveness @ 1.0": {
            "mean": 0.8604613684938021,
            "std": 0.2698104850358524
        },
        "AOPC - sufficiency": {
            "mean": 0.28631781630903164,
            "std": 0.15560548784741268
        },
        "AOPC - comprehensiveness": {
            "mean": 0.23295114032462905,
            "std": 0.186559841481381
        }
    },
    "scaled attention": {
        "sufficiencies @ 0.01": {
            "mean": 0.1702643372775089,
            "std": 0.2376032170512335
        },
        "comprehensiveness @ 0.01": {
            "mean": 0.02354727560168316,
            "std": 0.12989337509942983
        },
        "sufficiencies @ 0.02": {
            "mean": 0.20864027205970875,
            "std": 0.2633653420776755
        },
        "comprehensiveness @ 0.02": {
            "mean": 0.020509872348698634,
            "std": 0.1286719945746435
        },
        "sufficiencies @ 0.05": {
            "mean": 0.1921006685596469,
            "std": 0.26098416059167834
        },
        "comprehensiveness @ 0.05": {
            "mean": 0.037335105632448226,
            "std": 0.12209408052607622
        },
        "sufficiencies @ 0.1": {
            "mean": 0.21284446245575564,
            "std": 0.2591169140049812
        },
        "comprehensiveness @ 0.1": {
            "mean": 0.1275901182372607,
            "std": 0.29571459273590095
        },
        "sufficiencies @ 0.2": {
            "mean": 0.28884264499606777,
            "std": 0.31556826242067476
        },
        "comprehensiveness @ 0.2": {
            "mean": 0.2378728654139889,
            "std": 0.3957439896228856
        },
        "sufficiencies @ 0.5": {
            "mean": 0.5406643253499599,
            "std": 0.36477794658545476
        },
        "comprehensiveness @ 0.5": {
            "mean": 0.4672242088664726,
            "std": 0.4437255788532676
        },
        "sufficiencies @ 1.0": {
            "mean": 0.5879949082460385,
            "std": 0.40220094197784423
        },
        "comprehensiveness @ 1.0": {
            "mean": 0.8629976416558565,
            "std": 0.26851265032403854
        },
        "AOPC - sufficiency": {
            "mean": 0.31447880270638384,
            "std": 0.15183169998736518
        },
        "AOPC - comprehensiveness": {
            "mean": 0.2538681553937727,
            "std": 0.15671108731381228
        }
    },
    "attention": {
        "sufficiencies @ 0.01": {
            "mean": 0.19580356804975071,
            "std": 0.25325983494436305
        },
        "comprehensiveness @ 0.01": {
            "mean": 0.024882478359894104,
            "std": 0.13359278435824595
        },
        "sufficiencies @ 0.02": {
            "mean": 0.18094727315235648,
            "std": 0.25146811082208576
        },
        "comprehensiveness @ 0.02": {
            "mean": 0.018777743257641314,
            "std": 0.11909389800384242
        },
        "sufficiencies @ 0.05": {
            "mean": 0.21667488355989592,
            "std": 0.2533440570548976
        },
        "comprehensiveness @ 0.05": {
            "mean": 0.047816113153681485,
            "std": 0.15590014647394052
        },
        "sufficiencies @ 0.1": {
            "mean": 0.20439957319881974,
            "std": 0.25706121636292517
        },
        "comprehensiveness @ 0.1": {
            "mean": 0.12875818554485954,
            "std": 0.2960685755803978
        },
        "sufficiencies @ 0.2": {
            "mean": 0.3119234809350073,
            "std": 0.3193317643119639
        },
        "comprehensiveness @ 0.2": {
            "mean": 0.2381051025934887,
            "std": 0.39611085927487727
        },
        "sufficiencies @ 0.5": {
            "mean": 0.5020585477103765,
            "std": 0.3575673550537102
        },
        "comprehensiveness @ 0.5": {
            "mean": 0.4721405107707966,
            "std": 0.44392455651933077
        },
        "sufficiencies @ 1.0": {
            "mean": 0.5393673485961571,
            "std": 0.4161417815717023
        },
        "comprehensiveness @ 1.0": {
            "mean": 0.8636742703581717,
            "std": 0.26728811209294995
        },
        "AOPC - sufficiency": {
            "mean": 0.30731066788605194,
            "std": 0.15836619506088584
        },
        "AOPC - comprehensiveness": {
            "mean": 0.2563077720055048,
            "std": 0.15512675866434653
        }
    },
    "random": {
        "sufficiencies @ 0.01": {
            "mean": 0.304079019969389,
            "std": 0.3137633225733604
        },
        "comprehensiveness @ 0.01": {
            "mean": 0.06322644288979445,
            "std": 0.20051057885944545
        },
        "sufficiencies @ 0.02": {
            "mean": 0.29012869193145324,
            "std": 0.3306299377994125
        },
        "comprehensiveness @ 0.02": {
            "mean": 0.06488371160169788,
            "std": 0.2032644103128447
        },
        "sufficiencies @ 0.05": {
            "mean": 0.3018040501057798,
            "std": 0.324900097817313
        },
        "comprehensiveness @ 0.05": {
            "mean": 0.07614816176264415,
            "std": 0.2177650388901966
        },
        "sufficiencies @ 0.1": {
            "mean": 0.33165407616313,
            "std": 0.33690254356438604
        },
        "comprehensiveness @ 0.1": {
            "mean": 0.08750919205365058,
            "std": 0.23390852118075112
        },
        "sufficiencies @ 0.2": {
            "mean": 0.30981209956302824,
            "std": 0.3025028670546871
        },
        "comprehensiveness @ 0.2": {
            "mean": 0.16153505838371163,
            "std": 0.33529481878915907
        },
        "sufficiencies @ 0.5": {
            "mean": 0.32758332214419883,
            "std": 0.3237897173627229
        },
        "comprehensiveness @ 0.5": {
            "mean": 0.2845728763144312,
            "std": 0.39569106438271734
        },
        "sufficiencies @ 1.0": {
            "mean": 0.3385826676647096,
            "std": 0.3345066490766278
        },
        "comprehensiveness @ 1.0": {
            "mean": 0.8538400994532556,
            "std": 0.27207683173914926
        },
        "AOPC - sufficiency": {
            "mean": 0.3148062753630984,