{
    "gradients": {
        "sufficiencies @ 0.01": {
            "mean": 0.2400758743338327,
            "std": 0.31619342987394594
        },
        "comprehensiveness @ 0.01": {
            "mean": 0.1024732367027014,
            "std": 0.2739741783873656
        },
        "sufficiencies @ 0.02": {
            "mean": 0.2441834486557317,
            "std": 0.3140546447176148
        },
        "comprehensiveness @ 0.02": {
            "mean": 0.10665452777251258,
            "std": 0.27931128728883753
        },
        "sufficiencies @ 0.05": {
            "mean": 0.24921815972900968,
            "std": 0.31727797562371174
        },
        "comprehensiveness @ 0.05": {
            "mean": 0.12500630789195774,
            "std": 0.2975828480545019
        },
        "sufficiencies @ 0.1": {
            "mean": 0.2692189753471638,
            "std": 0.329618624753785
        },
        "comprehensiveness @ 0.1": {
            "mean": 0.15708284949854692,
            "std": 0.32420490869797003
        },
        "sufficiencies @ 0.2": {
            "mean": 0.3288601701279322,
            "std": 0.3588731224333509
        },
        "comprehensiveness @ 0.2": {
            "mean": 0.2193104906175074,
            "std": 0.36090761801437676
        },
        "sufficiencies @ 0.5": {
            "mean": 0.6325505080933252,
            "std": 0.3967021061061687
        },
        "comprehensiveness @ 0.5": {
            "mean": 0.46570289337624055,
            "std": 0.4084084637127636
        },
        "sufficiencies @ 1.0": {
            "mean": 0.9501887146585922,
            "std": 0.1731866318677526
        },
        "comprehensiveness @ 1.0": {
            "mean": 0.776257550322089,
            "std": 0.2951902849703351
        },
        "AOPC - sufficiency": {
            "mean": 0.4163279787065125,
            "std": 0.2298373011190118
        },
        "AOPC - comprehensiveness": {
            "mean": 0.27892683659736506,
            "std": 0.22294868138191468
        }
    },
    "scaled attention": {
        "sufficiencies @ 0.01": {
            "mean": 0.22807729362210635,
            "std": 0.30577928759127554
        },
        "comprehensiveness @ 0.01": {
            "mean": 0.024213297169358418,
            "std": 0.13366507308643844
        },
        "sufficiencies @ 0.02": {
            "mean": 0.2316413361481536,
            "std": 0.30818269603142995
        },
        "comprehensiveness @ 0.02": {
            "mean": 0.0277300371136224,
            "std": 0.14333631435909475
        },
        "sufficiencies @ 0.05": {
            "mean": 0.2362175917627294,
            "std": 0.3159340944939013
        },
        "comprehensiveness @ 0.05": {
            "mean": 0.07696174812773374,
            "std": 0.23171506696595842
        },
        "sufficiencies @ 0.1": {
            "mean": 0.2784711479704256,
            "std": 0.33998319740493027
        },
        "comprehensiveness @ 0.1": {
            "mean": 0.1643330537114726,
            "std": 0.321795854750551
        },
        "sufficiencies @ 0.2": {
            "mean": 0.434458417556744,
            "std": 0.391610111045085
        },
        "comprehensiveness @ 0.2": {
            "mean": 0.3176097765719087,
            "std": 0.4078084551858099
        },
        "sufficiencies @ 0.5": {
            "mean": 0.7695163309963955,
            "std": 0.3432528157315346
        },
        "comprehensiveness @ 0.5": {
            "mean": 0.5859625310030716,
            "std": 0.4124259652512413
        },
        "sufficiencies @ 1.0": {
            "mean": 0.9134095322114327,
            "std": 0.23254087815096838
        },
        "comprehensiveness @ 1.0": {
            "mean": 0.7982430873031354,
            "std": 0.27144277438379083
        },
        "AOPC - sufficiency": {
            "mean": 0.44168452146685533,
            "std": 0.22247779067722823
        },
        "AOPC - comprehensiveness": {
            "mean": 0.28500764728575756,
            "std": 0.1600943928261699
        }
    },
    "random": {
        "sufficiencies @ 0.01": {
            "mean": 0.24770223163484847,
            "std": 0.3172107803862054
        },
        "comprehensiveness @ 0.01": {
            "mean": 0.08426253479839671,
            "std": 0.24251117944196734
        },
        "sufficiencies @ 0.02": {
            "mean": 0.24917112525874496,
            "std": 0.31507262360686505
        },
        "comprehensiveness @ 0.02": {
            "mean": 0.08328358614185813,
            "std": 0.24020030631179273
        },
        "sufficiencies @ 0.05": {
            "mean": 0.24308922749347564,
            "std": 0.31304975744407443
        },
        "comprehensiveness @ 0.05": {
            "mean": 0.09729131365264455,
            "std": 0.2567838076447764
        },
        "sufficiencies @ 0.1": {
            "mean": 0.2598755805104897,
            "std": 0.3217527598207235
        },
        "comprehensiveness @ 0.1": {
            "mean": 0.12650528437325043,
            "std": 0.28632716101942796
        },
        "sufficiencies @ 0.2": {
            "mean": 0.3105758724981912,
            "std": 0.3464640504866027
        },
        "comprehensiveness @ 0.2": {
            "mean": 0.18075276214817138,
            "std": 0.3273687214785745
        },
        "sufficiencies @ 0.5": {
            "mean": 0.5235973894671214,
            "std": 0.40973234606100106
        },
        "comprehensiveness @ 0.5": {
            "mean": 0.3776809750058299,
            "std": 0.40211077071745704
        },
        "sufficiencies @ 1.0": {
            "mean": 0.5853591058519301,
            "std": 0.4130886737031269
        },
        "comprehensiveness @ 1.0": {
            "mean": 0.42683557740969197,
            "std": 0.4106921398415836
        },
        "AOPC - sufficiency": {
            "mean": 0.3456243618164002,
            "std": 0.27000596467633736
        },
        "AOPC - comprehensiveness": {
            "mean": 0.1966588619328347,
            "std": 0.2311949493114179
        }
    },
    "ig": {
        "sufficiencies @ 0.01": {
            "mean": 0.2909011573128505,
            "std": 0.34123909982288814
        },
        "comprehensiveness @ 0.01": {
            "mean": 0.15751450547973606,
            "std": 0.3291783017339235
        },
        "sufficiencies @ 0.02": {
            "mean": 0.2886830012550798,
            "std": 0.33915968005229374
        },
        "comprehensiveness @ 0.02": {
            "mean": 0.15086540601583492,
            "std": 0.324011535763413
        },
        "sufficiencies @ 0.05": {
            "mean": 0.29909225883433965,
            "std": 0.3446130149584263
        },
        "comprehensiveness @ 0.05": {
            "mean": 0.1768146777890482,
            "std": 0.34180849220018694
        },
        "sufficiencies @ 0.1": {
            "mean": 0.33720375222901483,
            "std": 0.3611556046867589
        },
        "comprehensiveness @ 0.1": {
            "mean": 0.2312295460240758,
            "std": 0.37460391819783495
        },
        "sufficiencies @ 0.2": {
            "mean": 0.4433891062388619,
            "std": 0.39278434755381075
        },
        "comprehensiveness @ 0.2": {
            "mean": 0.3526138052699071,
            "std": 0.41812911879168674
        },
        "sufficiencies @ 0.5": {
            "mean": 0.7740341413918397,
            "std": 0.34030521099062583
        },
        "comprehensiveness @ 0.5": {
            "mean": 0.6541172293695772,
            "std": 0.3931149505366459
        },
        "sufficiencies @ 1.0": {
            "mean": 0.8357323549140236,
            "std": 0.3187391522803042
        },
        "comprehensiveness @ 1.0": {
            "mean": 0.7421332829653182,
            "std": 0.34358794371002244
        },
        "AOPC - sufficiency": {
            "mean": 0.46700511031085856,
            "std": 0.2721817185804879
        },