{
    "random": {
        "sufficiency @ 0.01": {
            "mean": 0.24770223163484847,
            "std": 0.3172107803862054
        },
        "comprehensivenesses @ 0.01": {
            "mean": 0.08426253479839671,
            "std": 0.24251117944196734
        },
        "sufficiency @ 0.01 to Random RI": 1.0,
        "comprehensivenesses @ 0.01 to Random RI": 1.0,
        "sufficiency @ 0.02": {
            "mean": 0.24917112525874496,
            "std": 0.31507262360686505
        },
        "comprehensivenesses @ 0.02": {
            "mean": 0.08328358614185813,
            "std": 0.24020030631179273
        },
        "sufficiency @ 0.02 to Random RI": 1.0,
        "comprehensivenesses @ 0.02 to Random RI": 1.0,
        "sufficiency @ 0.05": {
            "mean": 0.24308922749347564,
            "std": 0.31304975744407443
        },
        "comprehensivenesses @ 0.05": {
            "mean": 0.09729131365264455,
            "std": 0.2567838076447764
        },
        "sufficiency @ 0.05 to Random RI": 1.0,
        "comprehensivenesses @ 0.05 to Random RI": 1.0,
        "sufficiency @ 0.1": {
            "mean": 0.2598755805104897,
            "std": 0.3217527598207235
        },
        "comprehensivenesses @ 0.1": {
            "mean": 0.12650528437325043,
            "std": 0.28632716101942796
        },
        "sufficiency @ 0.1 to Random RI": 1.0,
        "comprehensivenesses @ 0.1 to Random RI": 1.0,
        "sufficiency @ 0.2": {
            "mean": 0.3105758724981912,
            "std": 0.3464640504866027
        },
        "comprehensivenesses @ 0.2": {
            "mean": 0.18075276214817138,
            "std": 0.3273687214785745
        },
        "sufficiency @ 0.2 to Random RI": 1.0,
        "comprehensivenesses @ 0.2 to Random RI": 1.0,
        "sufficiency @ 0.5": {
            "mean": 0.5235973894671214,
            "std": 0.40973234606100106
        },
        "comprehensivenesses @ 0.5": {
            "mean": 0.3776809750058299,
            "std": 0.40211077071745704
        },
        "sufficiency @ 0.5 to Random RI": 1.0,
        "comprehensivenesses @ 0.5 to Random RI": 1.0,
        "[0.01, 0.02, 0.05, 0.1, 0.2, 0.5] - sufficiency": {
            "mean": 0.30566857114381185,
            "std": 0.3534163365703524
        },
        "[0.01, 0.02, 0.05, 0.1, 0.2, 0.5] - comprehensiveness": {
            "mean": 0.15829607602002518,
            "std": 0.315638635421782
        },
        "[0.01, 0.02, 0.05, 0.1, 0.2, 0.5] - sufficiency to Random RI": 1.0,
        "[0.01, 0.02, 0.05, 0.1, 0.2, 0.5] - comprehensiveness to Random RI": 1.0
    },
    "attention": {
        "sufficiency @ 0.01": {
            "mean": 0.23589693897145186,
            "std": 0.30803500876476564
        },
        "comprehensivenesses @ 0.01": {
            "mean": 0.029081294667268,
            "std": 0.14309961611349403
        },
        "sufficiency @ 0.01 to Random RI": 0.952340790046658,
        "comprehensivenesses @ 0.01 to Random RI": 0.345127223348393,
        "sufficiency @ 0.02": {
            "mean": 0.2303541849353231,
            "std": 0.3042746318599963
        },
        "comprehensivenesses @ 0.02": {
            "mean": 0.027548997747480566,
            "std": 0.13538457166559498
        },
        "sufficiency @ 0.02 to Random RI": 0.9244818583859509,
        "comprehensivenesses @ 0.02 to Random RI": 0.33078544072965305,
        "sufficiency @ 0.05": {
            "mean": 0.23735729808334927,
            "std": 0.31317970814498974
        },
        "comprehensivenesses @ 0.05": {
            "mean": 0.07983602427880292,
            "std": 0.2328182041590718
        },
        "sufficiency @ 0.05 to Random RI": 0.9764204713255744,
        "comprehensivenesses @ 0.05 to Random RI": 0.820587381149343,
        "sufficiency @ 0.1": {
            "mean": 0.2807200278241655,
            "std": 0.3384920086202135
        },
        "comprehensivenesses @ 0.1": {
            "mean": 0.16379930909736848,
            "std": 0.3199302651974602
        },
        "sufficiency @ 0.1 to Random RI": 1.0802093343003978,
        "comprehensivenesses @ 0.1 to Random RI": 1.2948021097212274,
        "sufficiency @ 0.2": {
            "mean": 0.4387460249922056,
            "std": 0.39175884625644175
        },
        "comprehensivenesses @ 0.2": {
            "mean": 0.3160579696056912,
            "std": 0.40603523100402295
        },
        "sufficiency @ 0.2 to Random RI": 1.41268547831178,
        "comprehensivenesses @ 0.2 to Random RI": 1.7485650888510569,
        "sufficiency @ 0.5": {
            "mean": 0.779082744033944,
            "std": 0.3383889853045497
        },
        "comprehensivenesses @ 0.5": {
            "mean": 0.592482111663825,
            "std": 0.40841876058508403
        },
        "sufficiency @ 0.5 to Random RI": 1.487942376540182,
        "comprehensivenesses @ 0.5 to Random RI": 1.5687369787548324,
        "[0.01, 0.02, 0.05, 0.1, 0.2, 0.5] - sufficiency": {
            "mean": 0.3670262031400732,
            "std": 0.38798202659512276
        },
        "[0.01, 0.02, 0.05, 0.1, 0.2, 0.5] - comprehensiveness": {
            "mean": 0.20146761784340605,
            "std": 0.3580590793742885
        },
        "[0.01, 0.02, 0.05, 0.1, 0.2, 0.5] - sufficiency to Random RI": 1.2007325508365518,
        "[0.01, 0.02, 0.05, 0.1, 0.2, 0.5] - comprehensiveness to Random RI": 1.2727265445159832
    },
    "scaled attention": {
        "sufficiency @ 0.01": {
            "mean": 0.22807729362210635,
            "std": 0.30577928759127554
        },
        "comprehensivenesses @ 0.01": {
            "mean": 0.024213297169358418,
            "std": 0.13366507308643844
        },
        "sufficiency @ 0.01 to Random RI": 0.9207720581150342,
        "comprehensivenesses @ 0.01 to Random RI": 0.2873554329606891,
        "sufficiency @ 0.02": {
            "mean": 0.2316413361481536,
            "std": 0.30818269603142995
        },
        "comprehensivenesses @ 0.02": {
            "mean": 0.0277300371136224,
            "std": 0.14333631435909475
        },
        "sufficiency @ 0.02 to Random RI": 0.9296475902158085,
        "comprehensivenesses @ 0.02 to Random RI": 0.3329592107908205,
        "sufficiency @ 0.05": {
            "mean": 0.2362175917627294,
            "std": 0.3159340944939013
        },
        "comprehensivenesses @ 0.05": {
            "mean": 0.07696174812773374,
            "std": 0.23171506696595842
        },
        "sufficiency @ 0.05 to Random RI": 0.9717320434080912,
        "comprehensivenesses @ 0.05 to Random RI": 0.7910443927451459,
        "sufficiency @ 0.1": {
            "mean": 0.2784711479704256,
            "std": 0.33998319740493027
        },
        "comprehensivenesses @ 0.1": {
            "mean": 0.1643330537114726,
            "std": 0.321795854750551
        },
        "sufficiency @ 0.1 to Random RI": 1.0715556553001535,
        "comprehensivenesses @ 0.1 to Random RI": 1.299021258484447,
        "sufficiency @ 0.2": {
            "mean": 0.434458417556744,
            "std": 0.391610111045085
        },
        "comprehensivenesses @ 0.2": {
            "mean": 0.3176097765719087,
            "std": 0.4078084551858099
        },
        "sufficiency @ 0.2 to Random RI": 1.3988801321302715,
        "comprehensivenesses @ 0.2 to Random RI": 1.7571503350612663,
        "sufficiency @ 0.5": {
            "mean": 0.7695163309963955,
            "std": 0.3432528157315346
        },
        "comprehensivenesses @ 0.5": {
            "mean": 0.5859625310030716,
            "std": 0.4124259652512413
        },
        "sufficiency @ 0.5 to Random RI": 1.4696718251012522,
        "comprehensivenesses @ 0.5 to Random RI": 1.5514748419457098,
        "[0.01, 0.02, 0.05, 0.1, 0.2, 0.5] - sufficiency": {
            "mean": 0.3630636863427591,
            "std": 0.38817981177428185
        },