{
    "deeplift": {
        "sufficiencies @ 0.01": {
            "mean": 0.16088170167282045,
            "std": 0.3065683380547567
        },
        "comprehensiveness @ 0.01": {
            "mean": 0.06133760838345927,
            "std": 0.19822379215378677
        },
        "sufficiencies @ 0.02": {
            "mean": 0.15008237178014724,
            "std": 0.2968517853633329
        },
        "comprehensiveness @ 0.02": {
            "mean": 0.052457568756977754,
            "std": 0.17312255954120642
        },
        "sufficiencies @ 0.05": {
            "mean": 0.15703842059288647,
            "std": 0.2965839500537403
        },
        "comprehensiveness @ 0.05": {
            "mean": 0.06407788290436538,
            "std": 0.2060918181031015
        },
        "sufficiencies @ 0.1": {
            "mean": 0.1624105224207096,
            "std": 0.30047449054852093
        },
        "comprehensiveness @ 0.1": {
            "mean": 0.09045399169901479,
            "std": 0.24763974006238498
        },
        "sufficiencies @ 0.2": {
            "mean": 0.25107187199237446,
            "std": 0.35431748311508887
        },
        "comprehensiveness @ 0.2": {
            "mean": 0.17587621155160782,
            "std": 0.3309514052975056
        },
        "sufficiencies @ 0.5": {
            "mean": 0.6667185765552136,
            "std": 0.3956993309712278
        },
        "comprehensiveness @ 0.5": {
            "mean": 0.5377991527241472,
            "std": 0.41760545878612887
        },
        "sufficiencies @ 1.0": {
            "mean": 0.9490706654570046,
            "std": 0.1993854960342216
        },
        "comprehensiveness @ 1.0": {
            "mean": 0.8740707346193869,
            "std": 0.23455467550475528
        },
        "AOPC - sufficiency": {
            "mean": 0.3567534472101652,
            "std": 0.21975107970779031
        },
        "AOPC - comprehensiveness": {
            "mean": 0.265153307234137,
            "std": 0.1580570540673474
        }
    },
    "ig": {
        "sufficiencies @ 0.01": {
            "mean": 0.17763630370062738,
            "std": 0.31307373406703515
        },
        "comprehensiveness @ 0.01": {
            "mean": 0.09525200528084966,
            "std": 0.260694031451973
        },
        "sufficiencies @ 0.02": {
            "mean": 0.16222393796101975,
            "std": 0.2965806931994116
        },
        "comprehensiveness @ 0.02": {
            "mean": 0.09120588948085853,
            "std": 0.25272285244661935
        },
        "sufficiencies @ 0.05": {
            "mean": 0.16873393928848712,
            "std": 0.3029226328191638
        },
        "comprehensiveness @ 0.05": {
            "mean": 0.12863230006707935,
            "std": 0.30331684606318227
        },
        "sufficiencies @ 0.1": {
            "mean": 0.17469189683623035,
            "std": 0.2944381711632157
        },
        "comprehensiveness @ 0.1": {
            "mean": 0.15380025749468146,
            "std": 0.3247810919555373
        },
        "sufficiencies @ 0.2": {
            "mean": 0.31847395498910636,
            "std": 0.3794260709314982
        },
        "comprehensiveness @ 0.2": {
            "mean": 0.22239022232829087,
            "std": 0.36405666716891544
        },
        "sufficiencies @ 0.5": {
            "mean": 0.7817009506689078,
            "std": 0.34267461963726864
        },
        "comprehensiveness @ 0.5": {
            "mean": 0.5952144783323363,
            "std": 0.40411016623334783
        },
        "sufficiencies @ 1.0": {
            "mean": 0.9543736273120689,
            "std": 0.1895470220603233
        },
        "comprehensiveness @ 1.0": {
            "mean": 0.8811119164840179,
            "std": 0.23436769476257732
        },
        "AOPC - sufficiency": {
            "mean": 0.39111923010806393,
            "std": 0.21591371474964846
        },
        "AOPC - comprehensiveness": {
            "mean": 0.3096581527811592,
            "std": 0.20290836148507105
        }
    },
    "gradients": {
        "sufficiencies @ 0.01": {
            "mean": 0.13290087699922665,
            "std": 0.26788909542050976
        },
        "comprehensiveness @ 0.01": {
            "mean": 0.07092301353157066,
            "std": 0.22776667462234076
        },
        "sufficiencies @ 0.02": {
            "mean": 0.14229164395155652,
            "std": 0.27669118664206993
        },
        "comprehensiveness @ 0.02": {
            "mean": 0.06027021878035446,
            "std": 0.20924457324162582
        },
        "sufficiencies @ 0.05": {
            "mean": 0.14392725523661887,
            "std": 0.2741438115147775
        },
        "comprehensiveness @ 0.05": {
            "mean": 0.0970226998613511,
            "std": 0.2650065443441354
        },
        "sufficiencies @ 0.1": {
            "mean": 0.1560723857586075,
            "std": 0.27425471793080314
        },
        "comprehensiveness @ 0.1": {
            "mean": 0.10828073254174955,
            "std": 0.2680529713751164
        },
        "sufficiencies @ 0.2": {
            "mean": 0.2274951255000328,
            "std": 0.31362185188335967
        },
        "comprehensiveness @ 0.2": {
            "mean": 0.16294013220474896,
            "std": 0.3173179921696133
        },
        "sufficiencies @ 0.5": {
            "mean": 0.6341416441264198,
            "std": 0.39584643727509805
        },
        "comprehensiveness @ 0.5": {
            "mean": 0.45810306245857046,
            "std": 0.4061642958563333
        },
        "sufficiencies @ 1.0": {
            "mean": 0.9319479491832331,
            "std": 0.2262338632489686
        },
        "comprehensiveness @ 1.0": {
            "mean": 0.8773421099073895,
            "std": 0.2301436795086553
        },
        "AOPC - sufficiency": {
            "mean": 0.33839669725081367,
            "std": 0.18890614567671413
        },
        "AOPC - comprehensiveness": {
            "mean": 0.2621259956122478,
            "std": 0.18862144845610285
        }
    },
    "scaled attention": {
        "sufficiencies @ 0.01": {
            "mean": 0.12033902605793807,
            "std": 0.2637020130496034
        },
        "comprehensiveness @ 0.01": {
            "mean": 0.023602625642536602,
            "std": 0.1403868288518236
        },
        "sufficiencies @ 0.02": {
            "mean": 0.121946480486843,
            "std": 0.26872831697751964
        },
        "comprehensiveness @ 0.02": {
            "mean": 0.022527261919445662,
            "std": 0.1355552652867667
        },
        "sufficiencies @ 0.05": {
            "mean": 0.12894751987471914,
            "std": 0.2811902214344496
        },
        "comprehensiveness @ 0.05": {
            "mean": 0.07357987133975225,
            "std": 0.22338503116656597
        },
        "sufficiencies @ 0.1": {
            "mean": 0.16624069531677158,
            "std": 0.3013572593832579
        },
        "comprehensiveness @ 0.1": {
            "mean": 0.13588632632283779,
            "std": 0.29370223482920815
        },
        "sufficiencies @ 0.2": {
            "mean": 0.35600266405640946,
            "std": 0.37977881318685536
        },
        "comprehensiveness @ 0.2": {
            "mean": 0.28547511873777137,
            "std": 0.39790138774427086
        },
        "sufficiencies @ 0.5": {
            "mean": 0.8120558690761257,
            "std": 0.3215417776206799
        },
        "comprehensiveness @ 0.5": {
            "mean": 0.5767323478877898,
            "std": 0.41362806120531737
        },
        "sufficiencies @ 1.0": {
            "mean": 0.9629606508147424,
            "std": 0.1655702709328046
        },
        "comprehensiveness @ 1.0": {
            "mean": 0.8775726024882583,
            "std": 0.2297702750178031
        },
        "AOPC - sufficiency": {
            "mean": 0.38121327224050705,
            "std": 0.18187184256381755
        },