{
    "attention": {
        "sufficiencies @ 0.01": {
            "mean": 0.26346215651751886,
            "std": 0.2759681252007168
        },
        "comprehensiveness @ 0.01": {
            "mean": 0.5592296030217013,
            "std": 0.36098583134884915
        },
        "sufficiencies @ 0.02": {
            "mean": 0.2805238582643078,
            "std": 0.27147656159683164
        },
        "comprehensiveness @ 0.02": {
            "mean": 0.5754367711191551,
            "std": 0.3441491079065486
        },
        "sufficiencies @ 0.05": {
            "mean": 0.2656011711031123,
            "std": 0.29485837519407504
        },
        "comprehensiveness @ 0.05": {
            "mean": 0.5483512595208477,
            "std": 0.3375499345732644
        },
        "sufficiencies @ 0.1": {
            "mean": 0.30542750331500795,
            "std": 0.29521603870957425
        },
        "comprehensiveness @ 0.1": {
            "mean": 0.5594455882801079,
            "std": 0.3520496164438453
        },
        "sufficiencies @ 0.2": {
            "mean": 0.34222480099655916,
            "std": 0.31811025858023934
        },
        "comprehensiveness @ 0.2": {
            "mean": 0.6439483566543066,
            "std": 0.3385334035821083
        },
        "sufficiencies @ 0.5": {
            "mean": 0.2731564804281161,
            "std": 0.27266909547132046
        },
        "comprehensiveness @ 0.5": {
            "mean": 0.6404369528298558,
            "std": 0.32988878979774683
        },
        "sufficiencies @ 1.0": {
            "mean": 0.19000559703177575,
            "std": 0.24226881972936667
        },
        "comprehensiveness @ 1.0": {
            "mean": 0.6973944630067164,
            "std": 0.29408293104902355
        },
        "AOPC - sufficiency": {
            "mean": 0.2743430810937711,
            "std": 0.17023046270823478
        },
        "AOPC - comprehensiveness": {
            "mean": 0.6034632849189558,
            "std": 0.16800750471337805
        }
    },
    "gradients": {
        "sufficiencies @ 0.01": {
            "mean": 0.2221303812602197,
            "std": 0.26369131623961234
        },
        "comprehensiveness @ 0.01": {
            "mean": 0.5486909869723884,
            "std": 0.35482733670146827
        },
        "sufficiencies @ 0.02": {
            "mean": 0.25914112824069885,
            "std": 0.30509934918381665
        },
        "comprehensiveness @ 0.02": {
            "mean": 0.5576760568461874,
            "std": 0.3408311068691882
        },
        "sufficiencies @ 0.05": {
            "mean": 0.26251200448891704,
            "std": 0.2874159409762029
        },
        "comprehensiveness @ 0.05": {
            "mean": 0.5820597834735611,
            "std": 0.3653402049860561
        },
        "sufficiencies @ 0.1": {
            "mean": 0.30641777316688684,
            "std": 0.2967510678107192
        },
        "comprehensiveness @ 0.1": {
            "mean": 0.5572737974812263,
            "std": 0.3363663018037027
        },
        "sufficiencies @ 0.2": {
            "mean": 0.30343031578092444,
            "std": 0.2964759028082482
        },
        "comprehensiveness @ 0.2": {
            "mean": 0.5488696905910557,
            "std": 0.3416741394579644
        },
        "sufficiencies @ 0.5": {
            "mean": 0.2929636786126267,
            "std": 0.30056119606747084
        },
        "comprehensiveness @ 0.5": {
            "mean": 0.6647323740315695,
            "std": 0.328737246123887
        },
        "sufficiencies @ 1.0": {
            "mean": 0.27327476851372634,
            "std": 0.2919750171953867
        },
        "comprehensiveness @ 1.0": {
            "mean": 0.720587307111325,
            "std": 0.30086166628900224
        },
        "AOPC - sufficiency": {
            "mean": 0.27426715000914287,
            "std": 0.17559109033073098
        },
        "AOPC - comprehensiveness": {
            "mean": 0.5971271423581875,
            "std": 0.18934570937584885
        }
    },
    "scaled attention": {
        "sufficiencies @ 0.01": {
            "mean": 0.25640277298540076,
            "std": 0.29321049728697796
        },
        "comprehensiveness @ 0.01": {
            "mean": 0.5549148068361548,
            "std": 0.35347111107726015
        },
        "sufficiencies @ 0.02": {
            "mean": 0.2509712653928124,
            "std": 0.2736031328664718
        },
        "comprehensiveness @ 0.02": {
            "mean": 0.5451871891085348,
            "std": 0.34256482319990894
        },
        "sufficiencies @ 0.05": {
            "mean": 0.23985249191364846,
            "std": 0.2591624358426444
        },
        "comprehensiveness @ 0.05": {
            "mean": 0.5523286483858222,
            "std": 0.3385652750590339
        },
        "sufficiencies @ 0.1": {
            "mean": 0.2860450360398025,
            "std": 0.29046016696889687
        },
        "comprehensiveness @ 0.1": {
            "mean": 0.5849096505761965,
            "std": 0.3582218058666003
        },
        "sufficiencies @ 0.2": {
            "mean": 0.2847416520597441,
            "std": 0.3089645940844545
        },
        "comprehensiveness @ 0.2": {
            "mean": 0.5569985224916958,
            "std": 0.33637027353619336
        },
        "sufficiencies @ 0.5": {
            "mean": 0.2760347375916739,
            "std": 0.2736416689217777
        },
        "comprehensiveness @ 0.5": {
            "mean": 0.7380445885368233,
            "std": 0.2839044394986387
        },
        "sufficiencies @ 1.0": {
            "mean": 0.27870263232763154,
            "std": 0.2840331897976893
        },
        "comprehensiveness @ 1.0": {
            "mean": 0.7456105026358955,
            "std": 0.295968302830913
        },
        "AOPC - sufficiency": {
            "mean": 0.267535798330102,
            "std": 0.16715756945492258
        },
        "AOPC - comprehensiveness": {
            "mean": 0.6111419869387318,
            "std": 0.1737486221548135
        }
    },
    "ig": {
        "sufficiencies @ 0.01": {
            "mean": 0.2751006727048756,
            "std": 0.298579708153039
        },
        "comprehensiveness @ 0.01": {
            "mean": 0.576423109735354,
            "std": 0.34550069566269764
        },
        "sufficiencies @ 0.02": {
            "mean": 0.24993432929126358,
            "std": 0.28987865808991287
        },
        "comprehensiveness @ 0.02": {
            "mean": 0.5244951149432117,
            "std": 0.3551000970163758
        },
        "sufficiencies @ 0.05": {
            "mean": 0.2705300552117302,
            "std": 0.27476606128190645
        },
        "comprehensiveness @ 0.05": {
            "mean": 0.5880289030356524,
            "std": 0.3488741497456382
        },
        "sufficiencies @ 0.1": {
            "mean": 0.2508352565893332,
            "std": 0.29635622437518744
        },
        "comprehensiveness @ 0.1": {
            "mean": 0.5691413005057823,
            "std": 0.34581602633294967
        },
        "sufficiencies @ 0.2": {
            "mean": 0.2737075621800824,
            "std": 0.2909323589196259
        },
        "comprehensiveness @ 0.2": {
            "mean": 0.6385289324097515,
            "std": 0.33406940659634055
        },
        "sufficiencies @ 0.5": {
            "mean": 0.2813321352506109,
            "std": 0.2910916354194032
        },
        "comprehensiveness @ 0.5": {
            "mean": 0.6828002035315027,
            "std": 0.3263531662817451
        },
        "sufficiencies @ 1.0": {
            "mean": 0.2652327359816595,
            "std": 0.2784842269759873
        },
        "comprehensiveness @ 1.0": {
            "mean": 0.7377570034015882,
            "std": 0.29879743365953126
        },
        "AOPC - sufficiency": {
            "mean": 0.2666675353156508,
            "std": 0.172033882137389
        },