{
    "scaled attention": {
        "sufficiencies @ 0.01": {
            "mean": 0.45241239401271965,
            "std": 0.2539693346149043
        },
        "comprehensiveness @ 0.01": {
            "mean": 0.07744740212057018,
            "std": 0.25596957686277316
        },
        "sufficiencies @ 0.02": {
            "mean": 0.5161146088849538,
            "std": 0.2574851112264092
        },
        "comprehensiveness @ 0.02": {
            "mean": 0.07334516883558666,
            "std": 0.2570474743251003
        },
        "sufficiencies @ 0.05": {
            "mean": 0.5479438025786109,
            "std": 0.281169710840359
        },
        "comprehensiveness @ 0.05": {
            "mean": 0.017407109984191847,
            "std": 0.041428703289911266
        },
        "sufficiencies @ 0.1": {
            "mean": 0.5487896915066596,
            "std": 0.2611376673021626
        },
        "comprehensiveness @ 0.1": {
            "mean": 0.15759779639579627,
            "std": 0.3359707772123876
        },
        "sufficiencies @ 0.2": {
            "mean": 0.608086371238828,
            "std": 0.28572674950416754
        },
        "comprehensiveness @ 0.2": {
            "mean": 0.39159624542738275,
            "std": 0.4432300923221591
        },
        "sufficiencies @ 0.5": {
            "mean": 0.9031544197617867,
            "std": 0.13835044405155572
        },
        "comprehensiveness @ 0.5": {
            "mean": 0.7068224046745536,
            "std": 0.3506322784425988
        },
        "sufficiencies @ 1.0": {
            "mean": 0.9145919289050485,
            "std": 0.2549678574610393
        },
        "comprehensiveness @ 1.0": {
            "mean": 0.7792200670336549,
            "std": 0.20653709454836677
        },
        "AOPC - sufficiency": {
            "mean": 0.641584745269801,
            "std": 0.15227929132100582
        },
        "AOPC - comprehensiveness": {
            "mean": 0.3147765992102481,
            "std": 0.15455653616907744
        }
    },
    "gradients": {
        "sufficiencies @ 0.01": {
            "mean": 0.4092719277442492,
            "std": 0.2730427160501655
        },
        "comprehensiveness @ 0.01": {
            "mean": 0.07778576013291841,
            "std": 0.2559662202209774
        },
        "sufficiencies @ 0.02": {
            "mean": 0.43846885659590173,
            "std": 0.2550404720033384
        },
        "comprehensiveness @ 0.02": {
            "mean": 0.08113041568288148,
            "std": 0.2563569562748681
        },
        "sufficiencies @ 0.05": {
            "mean": 0.4585451040040023,
            "std": 0.27111832886142107
        },
        "comprehensiveness @ 0.05": {
            "mean": 0.0839020282937879,
            "std": 0.2554574343015027
        },
        "sufficiencies @ 0.1": {
            "mean": 0.40344897153483855,
            "std": 0.26415683916229016
        },
        "comprehensiveness @ 0.1": {
            "mean": 0.07911606205284143,
            "std": 0.2556716876454312
        },
        "sufficiencies @ 0.2": {
            "mean": 0.4107839742447221,
            "std": 0.26214674137539656
        },
        "comprehensiveness @ 0.2": {
            "mean": 0.19445978234850275,
            "std": 0.3045741209408013
        },
        "sufficiencies @ 0.5": {
            "mean": 0.7220167787569933,
            "std": 0.3374196375149216
        },
        "comprehensiveness @ 0.5": {
            "mean": 0.3426968633225787,
            "std": 0.38324702727027626
        },
        "sufficiencies @ 1.0": {
            "mean": 0.9896871748847188,
            "std": 0.015586062882387465
        },
        "comprehensiveness @ 1.0": {
            "mean": 0.5899115520458366,
            "std": 0.26571946942488583
        },
        "AOPC - sufficiency": {
            "mean": 0.5474603982522037,
            "std": 0.18016775162381718
        },
        "AOPC - comprehensiveness": {
            "mean": 0.20700035198276392,
            "std": 0.19561752685912928
        }
    },
    "ig": {
        "sufficiencies @ 0.01": {
            "mean": 0.5493741035613555,
            "std": 0.22281500859051084
        },
        "comprehensiveness @ 0.01": {
            "mean": 0.0944123368623661,
            "std": 0.256105463429638
        },
        "sufficiencies @ 0.02": {
            "mean": 0.5108749725427951,
            "std": 0.25976499978623213
        },
        "comprehensiveness @ 0.02": {
            "mean": 0.08024772366245955,
            "std": 0.2555048631132559
        },
        "sufficiencies @ 0.05": {
            "mean": 0.5208102262531648,
            "std": 0.2638876194739062
        },
        "comprehensiveness @ 0.05": {
            "mean": 0.08076089952488218,
            "std": 0.2554922534835772
        },
        "sufficiencies @ 0.1": {
            "mean": 0.534424526059782,
            "std": 0.26899638128209297
        },
        "comprehensiveness @ 0.1": {
            "mean": 0.09368669628024011,
            "std": 0.2560518369385985
        },
        "sufficiencies @ 0.2": {
            "mean": 0.5466618661926752,
            "std": 0.2685331100526432
        },
        "comprehensiveness @ 0.2": {
            "mean": 0.3916162651695969,
            "std": 0.4249257206477679
        },
        "sufficiencies @ 0.5": {
            "mean": 0.7930416394917671,
            "std": 0.31405767919711686
        },
        "comprehensiveness @ 0.5": {
            "mean": 0.7513031261025819,
            "std": 0.3315868683518184
        },
        "sufficiencies @ 1.0": {
            "mean": 0.8639831913560311,
            "std": 0.25394341457463754
        },
        "comprehensiveness @ 1.0": {
            "mean": 0.8811548813994605,
            "std": 0.22130965083682555
        },
        "AOPC - sufficiency": {
            "mean": 0.6170243607796531,
            "std": 0.1347690774909305
        },
        "AOPC - comprehensiveness": {
            "mean": 0.3390259898573695,
            "std": 0.21012684788605515
        }
    },
    "deeplift": {
        "sufficiencies @ 0.01": {
            "mean": 0.49736951332224055,
            "std": 0.30073280263108215
        },
        "comprehensiveness @ 0.01": {
            "mean": 0.10936571942280017,
            "std": 0.2664086370126813
        },
        "sufficiencies @ 0.02": {
            "mean": 0.4613932469124889,
            "std": 0.27264984148387045
        },
        "comprehensiveness @ 0.02": {
            "mean": 0.007271073238226877,
            "std": 0.01038751760351347
        },
        "sufficiencies @ 0.05": {
            "mean": 0.4207166957044586,
            "std": 0.2628240300216989
        },
        "comprehensiveness @ 0.05": {
            "mean": 0.0822021666902336,
            "std": 0.25503088427217746
        },
        "sufficiencies @ 0.1": {
            "mean": 0.4142533883943317,
            "std": 0.3004931096733138
        },
        "comprehensiveness @ 0.1": {
            "mean": 0.028703175851859403,
            "std": 0.04026957592558739
        },
        "sufficiencies @ 0.2": {
            "mean": 0.4314008607617271,
            "std": 0.32818215667244544
        },
        "comprehensiveness @ 0.2": {
            "mean": 0.22756395754630518,
            "std": 0.3321890656348357
        },
        "sufficiencies @ 0.5": {
            "mean": 0.6813490045619115,
            "std": 0.32976653684167995
        },
        "comprehensiveness @ 0.5": {
            "mean": 0.4820654325671458,
            "std": 0.41408883409234154
        },
        "sufficiencies @ 1.0": {
            "mean": 0.7213730750318185,
            "std": 0.3462394988145037
        },
        "comprehensiveness @ 1.0": {
            "mean": 0.6151878841386758,
            "std": 0.3712777349686396
        },
        "AOPC - sufficiency": {
            "mean": 0.5182651120984252,
            "std": 0.23770721219914973
        },