,feature,Soft_sufficiency,Suff_ratio,Soft_comprehensiveness,Comp_ratio
0,random,0.9360145553919821,1.0,0.06340340994879201,1.0
1,attention,0.8816310227496911,0.9418988387210321,0.029154865213453004,0.4598311863194745
2,scaled attention,0.874126880383972,0.9338817172751198,0.029836179338870002,0.47057688794604735
3,gradients,0.899021928842877,0.9604785776716759,0.054378527935954005,0.8576593590135454
4,ig,0.9339930911777141,0.9978403495943272,0.072547583186979,1.1442221048611156
5,deeplift,0.9255721502270391,0.9888437577121117,0.08834366109672101,1.3933581990002128
