{
    "ig": {
        "sufficiencies @ 1.0": {
            "mean": 0.9713127262979007,
            "std": 0.16090747910773612
        },
        "comprehensiveness @ 1.0": {
            "mean": NaN,
            "std": NaN
        }
    },
    "random": {
        "sufficiencies @ 1.0": {
            "mean": 0.9846968505498499,
            "std": 0.1146443360197745
        },
        "comprehensiveness @ 1.0": {
            "mean": 0.03869425758472905,
            "std": 0.17407932517674846
        }
    },
    "attention": {
        "sufficiencies @ 1.0": {
            "mean": 0.9809210303193936,
            "std": 0.1164524664953409
        },
        "comprehensiveness @ 1.0": {
            "mean": 0.032581763994817554,
            "std": 0.16247365981901368
        }
    },
    "deeplift": {
        "sufficiencies @ 1.0": {
            "mean": 0.9975308200402452,
            "std": 0.006958021981124236
        },
        "comprehensiveness @ 1.0": {
            "mean": 0.04581116435982079,
            "std": 0.19606774743229596
        }
    },
    "scaled attention": {
        "sufficiencies @ 1.0": {
            "mean": 0.9670257500298178,
            "std": 0.1649059462042146
        },
        "comprehensiveness @ 1.0": {
            "mean": 0.0024107041797550976,
            "std": 0.009431228938663406
        }
    },
    "gradients": {
        "sufficiencies @ 1.0": {
            "mean": 0.9790604567151866,
            "std": 0.11909259651905794
        },
        "comprehensiveness @ 1.0": {
            "mean": 0.03223996831910212,
            "std": 0.16263152380719945
        }
    }
}