{
    "ig": {
        "sufficiencies @ 0.01": {
            "mean": 0.1339916558811045,
            "std": 0.27516626773924907
        },
        "comprehensiveness @ 0.01": {
            "mean": 0.08169880566959409,
            "std": 0.23890672203153632
        },
        "sufficiencies @ 0.02": {
            "mean": 0.13964145862132998,
            "std": 0.2840160521698194
        },
        "comprehensiveness @ 0.02": {
            "mean": 0.07436276598421881,
            "std": 0.23163365960550386
        },
        "sufficiencies @ 0.05": {
            "mean": 0.1369448091000363,
            "std": 0.28090519954321924
        },
        "comprehensiveness @ 0.05": {
            "mean": 0.10408278300515966,
            "std": 0.2658064946770157
        },
        "sufficiencies @ 0.1": {
            "mean": 0.15603446129906515,
            "std": 0.2903072499803357
        },
        "comprehensiveness @ 0.1": {
            "mean": 0.1442280137377583,
            "std": 0.3165041902893184
        },
        "sufficiencies @ 0.2": {
            "mean": 0.2760543107898708,
            "std": 0.3488988365782142
        },
        "comprehensiveness @ 0.2": {
            "mean": 0.23238795274021315,
            "std": 0.3782039440887853
        },
        "sufficiencies @ 0.5": {
            "mean": 0.7689614118163268,
            "std": 0.3531329209852833
        },
        "comprehensiveness @ 0.5": {
            "mean": 0.5930287497012909,
            "std": 0.4077999956362319
        },
        "sufficiencies @ 1.0": {
            "mean": 0.9489730592746262,
            "std": 0.18479353998876802
        },
        "comprehensiveness @ 1.0": {
            "mean": 0.8940351413581602,
            "std": 0.22407880813132033
        },
        "AOPC - sufficiency": {
            "mean": 0.36580016668319426,
            "std": 0.20945145142308078
        },
        "AOPC - comprehensiveness": {
            "mean": 0.30340345888519926,
            "std": 0.19222883723934625
        }
    },
    "gradients": {
        "sufficiencies @ 0.01": {
            "mean": 0.14817132385997642,
            "std": 0.28218589649324033
        },
        "comprehensiveness @ 0.01": {
            "mean": 0.0708409745930237,
            "std": 0.2185778862364552
        },
        "sufficiencies @ 0.02": {
            "mean": 0.12099112858328193,
            "std": 0.26113117198222285
        },
        "comprehensiveness @ 0.02": {
            "mean": 0.07160004574528105,
            "std": 0.22091115827975888
        },
        "sufficiencies @ 0.05": {
            "mean": 0.12838429194419687,
            "std": 0.26010004161412364
        },
        "comprehensiveness @ 0.05": {
            "mean": 0.11278590133063547,
            "std": 0.2884193982660632
        },
        "sufficiencies @ 0.1": {
            "mean": 0.11447123850077683,
            "std": 0.2275587523043653
        },
        "comprehensiveness @ 0.1": {
            "mean": 0.12942416837528356,
            "std": 0.2978926213763311
        },
        "sufficiencies @ 0.2": {
            "mean": 0.19209819369341588,
            "std": 0.2869841374738679
        },
        "comprehensiveness @ 0.2": {
            "mean": 0.14783570236500185,
            "std": 0.30472868358686134
        },
        "sufficiencies @ 0.5": {
            "mean": 0.6499142795503932,
            "std": 0.38816022105515874
        },
        "comprehensiveness @ 0.5": {
            "mean": 0.4762360292321746,
            "std": 0.40928553676946466
        },
        "sufficiencies @ 1.0": {
            "mean": 0.9492381500142265,
            "std": 0.1823244582887329
        },
        "comprehensiveness @ 1.0": {
            "mean": 0.8942172163755305,
            "std": 0.20818259057138574
        },
        "AOPC - sufficiency": {
            "mean": 0.3290383723066097,
            "std": 0.18416784434012407
        },
        "AOPC - comprehensiveness": {
            "mean": 0.27184857685956154,
            "std": 0.19149705432179684
        }
    },
    "deeplift": {
        "sufficiencies @ 0.01": {
            "mean": 0.14615135780730326,
            "std": 0.3084626532226375
        },
        "comprehensiveness @ 0.01": {
            "mean": 0.04833189233427782,
            "std": 0.17597944829749376
        },
        "sufficiencies @ 0.02": {
            "mean": 0.16736808293447886,
            "std": 0.3289198536501258
        },
        "comprehensiveness @ 0.02": {
            "mean": 0.04033743597099903,
            "std": 0.15349598628113884
        },
        "sufficiencies @ 0.05": {
            "mean": 0.16060921624401975,
            "std": 0.3170736451719505
        },
        "comprehensiveness @ 0.05": {
            "mean": 0.04899236636394093,
            "std": 0.15980893358612566
        },
        "sufficiencies @ 0.1": {
            "mean": 0.1548334622836171,
            "std": 0.30160533409337137
        },
        "comprehensiveness @ 0.1": {
            "mean": 0.07622452872510718,
            "std": 0.21608285612153433
        },
        "sufficiencies @ 0.2": {
            "mean": 0.23351365719499712,
            "std": 0.33102096319597657
        },
        "comprehensiveness @ 0.2": {
            "mean": 0.16870155034414464,
            "std": 0.3210733890552044
        },
        "sufficiencies @ 0.5": {
            "mean": 0.6399246892780274,
            "std": 0.40348519854264386
        },
        "comprehensiveness @ 0.5": {
            "mean": 0.5261986791633272,
            "std": 0.4181314921544467
        },
        "sufficiencies @ 1.0": {
            "mean": 0.9522251584504653,
            "std": 0.17467861755755942
        },
        "comprehensiveness @ 1.0": {
            "mean": 0.8956142387856703,
            "std": 0.2132909115811985
        },
        "AOPC - sufficiency": {
            "mean": 0.3506608034561299,
            "std": 0.2317692477235764
        },
        "AOPC - comprehensiveness": {
            "mean": 0.2577715273839238,
            "std": 0.14928533081808976
        }
    },
    "attention": {
        "sufficiencies @ 0.01": {
            "mean": 0.11193478524080339,
            "std": 0.2575449499601802
        },
        "comprehensiveness @ 0.01": {
            "mean": 0.012671358108549658,
            "std": 0.09964416925829214
        },
        "sufficiencies @ 0.02": {
            "mean": 0.09856226058050675,
            "std": 0.23817225666637434
        },
        "comprehensiveness @ 0.02": {
            "mean": 0.03729435224162645,
            "std": 0.18046466071984674
        },
        "sufficiencies @ 0.05": {
            "mean": 0.11944334983153328,
            "std": 0.2698326540075153
        },
        "comprehensiveness @ 0.05": {
            "mean": 0.04491341149904707,
            "std": 0.16633885653660638
        },
        "sufficiencies @ 0.1": {
            "mean": 0.13349062446323318,
            "std": 0.2752640694133192
        },
        "comprehensiveness @ 0.1": {
            "mean": 0.1789131823664226,
            "std": 0.35774854218961816
        },
        "sufficiencies @ 0.2": {
            "mean": 0.30919139399435575,
            "std": 0.3672231486899158
        },
        "comprehensiveness @ 0.2": {
            "mean": 0.27951943524736605,
            "std": 0.40202183235890043
        },
        "sufficiencies @ 0.5": {
            "mean": 0.7738667209986712,
            "std": 0.3550147130559416
        },
        "comprehensiveness @ 0.5": {
            "mean": 0.5950675344249519,
            "std": 0.40947177535763135
        },
        "sufficiencies @ 1.0": {
            "mean": 0.9685271927957237,
            "std": 0.15389648004572054
        },
        "comprehensiveness @ 1.0": {
            "mean": 0.8945051662044539,
            "std": 0.22623227604166832
        },
        "AOPC - sufficiency": {
            "mean": 0.35928804684354676,
            "std": 0.16596086256357998
        },