{
    "gradients": {
        "sufficiencies @ 0.01": {
            "mean": 0.24234723814007939,
            "std": 0.3087441553162622
        },
        "comprehensiveness @ 0.01": {
            "mean": 0.10762638118262424,
            "std": 0.2809344485598264
        },
        "sufficiencies @ 0.02": {
            "mean": 0.24255386253346603,
            "std": 0.3088042881391302
        },
        "comprehensiveness @ 0.02": {
            "mean": 0.1076119442254837,
            "std": 0.2809110067568117
        },
        "sufficiencies @ 0.05": {
            "mean": 0.24201000047682,
            "std": 0.30768303068443403
        },
        "comprehensiveness @ 0.05": {
            "mean": 0.12660062832719868,
            "std": 0.2997122535416154
        },
        "sufficiencies @ 0.1": {
            "mean": 0.25663373786378135,
            "std": 0.3155915759325996
        },
        "comprehensiveness @ 0.1": {
            "mean": 0.1557604267909687,
            "std": 0.32433844575595655
        },
        "sufficiencies @ 0.2": {
            "mean": 0.32426886269856814,
            "std": 0.3581020607941581
        },
        "comprehensiveness @ 0.2": {
            "mean": 0.2144315999346213,
            "std": 0.3600175460357764
        },
        "sufficiencies @ 0.5": {
            "mean": 0.6585935374844865,
            "std": 0.39063860280330814
        },
        "comprehensiveness @ 0.5": {
            "mean": 0.46348910906796015,
            "std": 0.4106782887044145
        },
        "sufficiencies @ 1.0": {
            "mean": 0.9999313689928228,
            "std": 0.0008205306679672884
        },
        "comprehensiveness @ 1.0": {
            "mean": 0.7782550711081643,
            "std": 0.2923065545569456
        },
        "AOPC - sufficiency": {
            "mean": 0.4237626583128606,
            "std": 0.22908291111897436
        },
        "AOPC - comprehensiveness": {
            "mean": 0.27911073723386015,
            "std": 0.22581508552290538
        }
    },
    "scaled attention": {
        "sufficiencies @ 0.01": {
            "mean": 0.22429412229805382,
            "std": 0.2939522871980743
        },
        "comprehensiveness @ 0.01": {
            "mean": 0.007123102573764653,
            "std": 0.07228283617902549
        },
        "sufficiencies @ 0.02": {
            "mean": 0.22434956695099542,
            "std": 0.29397389269990243
        },
        "comprehensiveness @ 0.02": {
            "mean": 0.007121145492289298,
            "std": 0.0722735534253043
        },
        "sufficiencies @ 0.05": {
            "mean": 0.22796025784768867,
            "std": 0.30192771669633006
        },
        "comprehensiveness @ 0.05": {
            "mean": 0.06610952945523772,
            "std": 0.21565056074322025
        },
        "sufficiencies @ 0.1": {
            "mean": 0.2766675777834054,
            "std": 0.33649090612826615
        },
        "comprehensiveness @ 0.1": {
            "mean": 0.1582314286438425,
            "std": 0.31613402028961274
        },
        "sufficiencies @ 0.2": {
            "mean": 0.4612101847396865,
            "std": 0.3986939932418452
        },
        "comprehensiveness @ 0.2": {
            "mean": 0.3160195589491804,
            "std": 0.40635471500766823
        },
        "sufficiencies @ 0.5": {
            "mean": 0.79863013897575,
            "std": 0.3326118718917302
        },
        "comprehensiveness @ 0.5": {
            "mean": 0.5943146963412574,
            "std": 0.4089995862455584
        },
        "sufficiencies @ 1.0": {
            "mean": 0.9999908264839293,
            "std": 0.00010409925818257319
        },
        "comprehensiveness @ 1.0": {
            "mean": 0.7778655041136537,
            "std": 0.2924594051113471
        },
        "AOPC - sufficiency": {
            "mean": 0.45901466786850126,
            "std": 0.21453757375660235
        },
        "AOPC - comprehensiveness": {
            "mean": 0.27525499508131795,
            "std": 0.1485084880551802
        }
    },
    "deeplift": {
        "sufficiencies @ 0.01": {
            "mean": 0.2595077169554372,
            "std": 0.32760826880318544
        },
        "comprehensiveness @ 0.01": {
            "mean": 0.06949018413516711,
            "std": 0.22322238881457337
        },
        "sufficiencies @ 0.02": {
            "mean": 0.2595607761276774,
            "std": 0.32762413678337715
        },
        "comprehensiveness @ 0.02": {
            "mean": 0.06947579649939181,
            "std": 0.22319048758210305
        },
        "sufficiencies @ 0.05": {
            "mean": 0.2694969938352922,
            "std": 0.33886189199819805
        },
        "comprehensiveness @ 0.05": {
            "mean": 0.10492215142171303,
            "std": 0.26709125226194186
        },
        "sufficiencies @ 0.1": {
            "mean": 0.2988858146605752,
            "std": 0.35165926504687367
        },
        "comprehensiveness @ 0.1": {
            "mean": 0.15299228185906041,
            "std": 0.3143341004344792
        },
        "sufficiencies @ 0.2": {
            "mean": 0.3889992967073459,
            "std": 0.388537055023517
        },
        "comprehensiveness @ 0.2": {
            "mean": 0.2575172896952391,
            "std": 0.3795984654686294
        },
        "sufficiencies @ 0.5": {
            "mean": 0.7048370623657169,
            "std": 0.3783000284908281
        },
        "comprehensiveness @ 0.5": {
            "mean": 0.5861934300957282,
            "std": 0.41140019863308347
        },
        "sufficiencies @ 1.0": {
            "mean": 0.9999949160620248,
            "std": 5.6062845111095463e-05
        },
        "comprehensiveness @ 1.0": {
            "mean": 0.7774773584500332,
            "std": 0.2926127483638518
        },
        "AOPC - sufficiency": {
            "mean": 0.4544689395305813,
            "std": 0.25533539206861583
        },
        "AOPC - comprehensiveness": {
            "mean": 0.28829549887947614,
            "std": 0.19288311363168653
        }
    },
    "ig": {
        "sufficiencies @ 0.01": {
            "mean": 0.2889854196072483,
            "std": 0.33497851405426193
        },
        "comprehensiveness @ 0.01": {
            "mean": 0.15254788834768773,
            "std": 0.32548504729448646
        },
        "sufficiencies @ 0.02": {
            "mean": 0.2890475840192846,
            "std": 0.3349960542653326
        },
        "comprehensiveness @ 0.02": {
            "mean": 0.1525102703719536,
            "std": 0.3254355540082548
        },
        "sufficiencies @ 0.05": {
            "mean": 0.29437949151619597,
            "std": 0.3392210232731604
        },
        "comprehensiveness @ 0.05": {
            "mean": 0.17522096577752713,
            "std": 0.34217420760445477
        },
        "sufficiencies @ 0.1": {
            "mean": 0.33938151622526797,
            "std": 0.35877671330950645
        },
        "comprehensiveness @ 0.1": {
            "mean": 0.2342307538889349,
            "std": 0.37859649631088826
        },
        "sufficiencies @ 0.2": {
            "mean": 0.4488378820487562,
            "std": 0.3972000020607422
        },
        "comprehensiveness @ 0.2": {
            "mean": 0.34254824343512524,
            "std": 0.4172100412775714
        },
        "sufficiencies @ 0.5": {
            "mean": 0.8032298270560102,
            "std": 0.3228465906999613
        },
        "comprehensiveness @ 0.5": {
            "mean": 0.6574013670279758,
            "std": 0.394606588598854
        },
        "sufficiencies @ 1.0": {
            "mean": 0.999996427339111,
            "std": 3.8490703900854975e-05
        },
        "comprehensiveness @ 1.0": {
            "mean": 0.7770906243119596,
            "std": 0.2927665697229255
        },
        "AOPC - sufficiency": {
            "mean": 0.4948368782588392,
            "std": 0.2510435921208519
        },