{
    "random": {
        "sufficiency @ 0.02": {
            "mean": 0.2432194953061869,
            "std": 0.3083674365029418
        },
        "comprehensivenesses @ 0.02": {
            "mean": 0.07476017307020334,
            "std": 0.2292867329348496
        },
        "sufficiency @ 0.02 to Random RI": 1.0,
        "comprehensivenesses @ 0.02 to Random RI": 1.0,
        "sufficiency @ 0.1": {
            "mean": 0.25269382956399294,
            "std": 0.31329268968115415
        },
        "comprehensivenesses @ 0.1": {
            "mean": 0.12094448743160113,
            "std": 0.28245020825909123
        },
        "sufficiency @ 0.1 to Random RI": 1.0,
        "comprehensivenesses @ 0.1 to Random RI": 1.0,
        "sufficiency @ 0.2": {
            "mean": 0.3153438516888243,
            "std": 0.3502325224369725
        },
        "comprehensivenesses @ 0.2": {
            "mean": 0.1771610714128109,
            "std": 0.32651196607725963
        },
        "sufficiency @ 0.2 to Random RI": 1.0,
        "comprehensivenesses @ 0.2 to Random RI": 1.0,
        "sufficiency @ 0.5": {
            "mean": 0.5971098063302526,
            "std": 0.40756375658376265
        },
        "comprehensivenesses @ 0.5": {
            "mean": 0.4159415412004067,
            "std": 0.4080442189464288
        },
        "sufficiency @ 0.5 to Random RI": 1.0,
        "comprehensivenesses @ 0.5 to Random RI": 1.0,
        "[0.02, 0.1, 0.2, 0.5] - sufficiency": {
            "mean": 0.35209174572231416,
            "std": 0.37587604045201567
        },
        "[0.02, 0.1, 0.2, 0.5] - comprehensiveness": {
            "mean": 0.19720181827875552,
            "std": 0.34442579373533955
        },
        "[0.02, 0.1, 0.2, 0.5] - sufficiency to Random RI": 1.0,
        "[0.02, 0.1, 0.2, 0.5] - comprehensiveness to Random RI": 1.0
    },
    "ig": {
        "sufficiency @ 0.02": {
            "mean": 0.28747005268548603,
            "std": 0.3335791291985002
        },
        "comprehensivenesses @ 0.02": {
            "mean": 0.14858700917540202,
            "std": 0.32198179199058685
        },
        "sufficiency @ 0.02 to Random RI": 1.1819367206711473,
        "comprehensivenesses @ 0.02 to Random RI": 1.9875155858169533,
        "sufficiency @ 0.1": {
            "mean": 0.337420917129276,
            "std": 0.35814994690511803
        },
        "comprehensivenesses @ 0.1": {
            "mean": 0.22944073921759617,
            "std": 0.3748313402566044
        },
        "sufficiency @ 0.1 to Random RI": 1.3352954352366824,
        "comprehensivenesses @ 0.1 to Random RI": 1.8970747992739556,
        "sufficiency @ 0.2": {
            "mean": 0.4487506712663622,
            "std": 0.3941468208898842
        },
        "comprehensivenesses @ 0.2": {
            "mean": 0.3469000073594334,
            "std": 0.42013411288238556
        },
        "sufficiency @ 0.2 to Random RI": 1.4230519125807515,
        "comprehensivenesses @ 0.2 to Random RI": 1.9581051559070008,
        "sufficiency @ 0.5": {
            "mean": 0.7997452472150551,
            "std": 0.32505425703568014
        },
        "comprehensivenesses @ 0.5": {
            "mean": 0.6652891800644403,
            "std": 0.3917890157567833
        },
        "sufficiency @ 0.5 to Random RI": 1.3393604304209465,
        "comprehensivenesses @ 0.5 to Random RI": 1.5994776048201789,
        "[0.02, 0.1, 0.2, 0.5] - sufficiency": {
            "mean": 0.4683467220740448,
            "std": 0.4063943066598057
        },
        "[0.02, 0.1, 0.2, 0.5] - comprehensiveness": {
            "mean": 0.3475542339542179,
            "std": 0.42681283715885204
        },
        "[0.02, 0.1, 0.2, 0.5] - sufficiency to Random RI": 1.330183759671032,
        "[0.02, 0.1, 0.2, 0.5] - comprehensiveness to Random RI": 1.762429155003688
    },
    "attention": {
        "sufficiency @ 0.02": {
            "mean": 0.22675454597482178,
            "std": 0.29492120212788986
        },
        "comprehensivenesses @ 0.02": {
            "mean": 0.0071275042269023535,
            "std": 0.06819575192073046
        },
        "sufficiency @ 0.02 to Random RI": 0.9323041546869525,
        "comprehensivenesses @ 0.02 to Random RI": 0.09533825209592933,
        "sufficiency @ 0.1": {
            "mean": 0.2785248215312237,
            "std": 0.3360754239664696
        },
        "comprehensivenesses @ 0.1": {
            "mean": 0.15733311641926756,
            "std": 0.3144620162438945
        },
        "sufficiency @ 0.1 to Random RI": 1.1022224880275093,
        "comprehensivenesses @ 0.1 to Random RI": 1.300870504811107,
        "sufficiency @ 0.2": {
            "mean": 0.46205459655974246,
            "std": 0.397304358863591
        },
        "comprehensivenesses @ 0.2": {
            "mean": 0.3137955043188229,
            "std": 0.40549495608603764
        },
        "sufficiency @ 0.2 to Random RI": 1.4652405432520996,
        "comprehensivenesses @ 0.2 to Random RI": 1.771244110325084,
        "sufficiency @ 0.5": {
            "mean": 0.8006664379037676,
            "std": 0.33084187212330124
        },
        "comprehensivenesses @ 0.5": {
            "mean": 0.591328176257154,
            "std": 0.40890018184921173
        },
        "sufficiency @ 0.5 to Random RI": 1.3409031796421893,
        "comprehensivenesses @ 0.5 to Random RI": 1.421661742538583,
        "[0.02, 0.1, 0.2, 0.5] - sufficiency": {
            "mean": 0.44200010049238897,
            "std": 0.4090632114834076
        },
        "[0.02, 0.1, 0.2, 0.5] - comprehensiveness": {
            "mean": 0.26739607530553666,
            "std": 0.39436690892414755
        },
        "[0.02, 0.1, 0.2, 0.5] - sufficiency to Random RI": 1.255354906391311,
        "[0.02, 0.1, 0.2, 0.5] - comprehensiveness to Random RI": 1.3559513681945758
    },
    "deeplift": {
        "sufficiency @ 0.02": {
            "mean": 0.25865296011169925,
            "std": 0.32727632205211704
        },
        "comprehensivenesses @ 0.02": {
            "mean": 0.07361499480042394,
            "std": 0.229572889097527
        },
        "sufficiency @ 0.02 to Random RI": 1.0634548837710698,
        "comprehensivenesses @ 0.02 to Random RI": 0.9846819740678766,
        "sufficiency @ 0.1": {
            "mean": 0.2981387233859307,
            "std": 0.35144880820144736
        },
        "comprehensivenesses @ 0.1": {
            "mean": 0.15401540610303135,
            "std": 0.3147107133761236
        },
        "sufficiency @ 0.1 to Random RI": 1.179841723481535,
        "comprehensivenesses @ 0.1 to Random RI": 1.2734388261402416,
        "sufficiency @ 0.2": {
            "mean": 0.3884507063822993,
            "std": 0.38845866723066597
        },
        "comprehensivenesses @ 0.2": {
            "mean": 0.2579533696439591,
            "std": 0.379845399371498
        },
        "sufficiency @ 0.2 to Random RI": 1.2318321866811457,
        "comprehensivenesses @ 0.2 to Random RI": 1.4560386634989944,
        "sufficiency @ 0.5": {
            "mean": 0.7045598863676729,
            "std": 0.37840060402975484
        },
        "comprehensivenesses @ 0.5": {
            "mean": 0.5868291127525072,
            "std": 0.4114713081345742
        },
        "sufficiency @ 0.5 to Random RI": 1.1799502853550379,
        "comprehensivenesses @ 0.5 to Random RI": 1.4108451660272239,
        "[0.02, 0.1, 0.2, 0.5] - sufficiency": {
            "mean": 0.41245056906190053,
            "std": 0.4022865764243872
        },
        "[0.02, 0.1, 0.2, 0.5] - comprehensiveness": {
            "mean": 0.2681032208249804,
            "std": 0.3930230980992618
        },
        "[0.02, 0.1, 0.2, 0.5] - sufficiency to Random RI": 1.1714292484072883,
        "[0.02, 0.1, 0.2, 0.5] - comprehensiveness to Random RI": 1.3595372657568596
    },
    "gradients": {
        "sufficiency @ 0.02": {
            "mean": 0.24236429049226665,
            "std": 0.3084036265917973
        },