{
    "scaled attention": {
        "sufficiency": {
            "mean": 0.4607652988991345,
            "std": 0.3987088455385558
        },
        "comprehensiveness": {
            "mean": 0.31637758081909767,
            "std": 0.4064994404873754
        },
        "AOPC - sufficiency": {
            "mean": 0.3517804177775912,
            "std": 0.201044183176048
        },
        "AOPC - comprehensiveness": {
            "mean": 0.21745892594436206,
            "std": 0.17750517609085203
        }
    },
    "gradients": {
        "sufficiency": {
            "mean": 0.33080670963154707,
            "std": 0.36121833679556553
        },
        "comprehensiveness": {
            "mean": 0.2170921930086911,
            "std": 0.359200169442514
        },
        "AOPC - sufficiency": {
            "mean": 0.2975639354775995,
            "std": 0.21433866392690162
        },
        "AOPC - comprehensiveness": {
            "mean": 0.18682656447898213,
            "std": 0.21657087387467525
        }
    },
    "attention": {
        "sufficiency": {
            "mean": 0.4595165625192544,
            "std": 0.39778699121536404
        },
        "comprehensiveness": {
            "mean": 0.31528641547925684,
            "std": 0.4063390018356377
        },
        "AOPC - sufficiency": {
            "mean": 0.3518103659659806,
            "std": 0.2008151326387313
        },
        "AOPC - comprehensiveness": {
            "mean": 0.21512574197300713,
            "std": 0.17669038570224085
        }
    },
    "ig": {
        "sufficiency": {
            "mean": 0.448247831429092,
            "std": 0.39424152241734006
        },
        "comprehensiveness": {
            "mean": 0.3472215745817257,
            "std": 0.42033607852470567
        },
        "AOPC - sufficiency": {
            "mean": 0.3743404216312603,
            "std": 0.22850595546633037
        },
        "AOPC - comprehensiveness": {
            "mean": 0.27829032281667065,
            "std": 0.23906526606907613
        }
    },
    "deeplift": {
        "sufficiency": {
            "mean": 0.38998910740293724,
            "std": 0.38834047167884883
        },
        "comprehensiveness": {
            "mean": 0.25685269106803116,
            "std": 0.3789585548785376
        },
        "AOPC - sufficiency": {
            "mean": 0.3311015479937179,
            "std": 0.23628425220973553
        },
        "AOPC - comprehensiveness": {
            "mean": 0.21292538236134628,
            "std": 0.20085705920873279
        }
    },
    "random": {
        "sufficiency": {
            "mean": 0.3167069427626387,
            "std": 0.35033970730880204
        },
        "comprehensiveness": {
            "mean": 0.17658280493710446,
            "std": 0.32599946945836666
        },
        "AOPC - sufficiency": {
            "mean": 0.28269375595704377,
            "std": 0.21657143525323466
        },
        "AOPC - comprehensiveness": {
            "mean": 0.15717483077174846,
            "std": 0.19386662745549332
        }
    }
}