{
    "deeplift": {
        "sufficiencies @ 0.01": {
            "mean": 0.25854638849684924,
            "std": 0.3272445292909445
        },
        "comprehensiveness @ 0.01": {
            "mean": 0.07489991680136832,
            "std": 0.23222438052105032
        },
        "sufficiencies @ 0.02": {
            "mean": 0.25865296011169925,
            "std": 0.32727632205211704
        },
        "comprehensiveness @ 0.02": {
            "mean": 0.07361499480042394,
            "std": 0.229572889097527
        },
        "sufficiencies @ 0.05": {
            "mean": 0.26864714246604876,
            "std": 0.33858513739505935
        },
        "comprehensiveness @ 0.05": {
            "mean": 0.10707822887474007,
            "std": 0.26877275112594173
        },
        "sufficiencies @ 0.1": {
            "mean": 0.2981387233859307,
            "std": 0.35144880820144736
        },
        "comprehensiveness @ 0.1": {
            "mean": 0.15401540610303135,
            "std": 0.3147107133761236
        },
        "sufficiencies @ 0.2": {
            "mean": 0.3884507063822993,
            "std": 0.38845866723066597
        },
        "comprehensiveness @ 0.2": {
            "mean": 0.2579533696439591,
            "std": 0.379845399371498
        },
        "sufficiencies @ 0.5": {
            "mean": 0.7045598863676729,
            "std": 0.37840060402975484
        },
        "comprehensiveness @ 0.5": {
            "mean": 0.5868291127525072,
            "std": 0.4114713081345742
        },
        "sufficiencies @ 1.0": {
            "mean": 0.9979107763472795,
            "std": 0.0224404120671706
        },
        "comprehensiveness @ 1.0": {
            "mean": 0.7777926470101361,
            "std": 0.29239510570203725
        },
        "AOPC - sufficiency": {
            "mean": 0.45355808336539716,
            "std": 0.25497130244779026
        },
        "AOPC - comprehensiveness": {
            "mean": 0.29031195371230945,
            "std": 0.1948138440036179
        }
    },
    "random": {
        "sufficiencies @ 0.01": {
            "mean": 0.24310409074427933,
            "std": 0.30833251679039375
        },
        "comprehensiveness @ 0.01": {
            "mean": 0.07481206360747535,
            "std": 0.22934958942226372
        },
        "sufficiencies @ 0.02": {
            "mean": 0.2432194953061869,
            "std": 0.3083674365029418
        },
        "comprehensiveness @ 0.02": {
            "mean": 0.07476017307020334,
            "std": 0.2292867329348496
        },
        "sufficiencies @ 0.05": {
            "mean": 0.2384568579766039,
            "std": 0.3049307494065648
        },
        "comprehensiveness @ 0.05": {
            "mean": 0.09116360275609058,
            "std": 0.25099507721108893
        },
        "sufficiencies @ 0.1": {
            "mean": 0.25269382956399294,
            "std": 0.31329268968115415
        },
        "comprehensiveness @ 0.1": {
            "mean": 0.12094448743160113,
            "std": 0.28245020825909123
        },
        "sufficiencies @ 0.2": {
            "mean": 0.3153438516888243,
            "std": 0.3502325224369725
        },
        "comprehensiveness @ 0.2": {
            "mean": 0.1771610714128109,
            "std": 0.32651196607725963
        },
        "sufficiencies @ 0.5": {
            "mean": 0.5971098063302526,
            "std": 0.40756375658376265
        },
        "comprehensiveness @ 0.5": {
            "mean": 0.4159415412004067,
            "std": 0.4080442189464288
        },
        "sufficiencies @ 1.0": {
            "mean": 0.9988604748821649,
            "std": 0.011697248097237937
        },
        "comprehensiveness @ 1.0": {
            "mean": 0.7770177900955685,
            "std": 0.2927024920306749
        },
        "AOPC - sufficiency": {
            "mean": 0.41268405807032926,
            "std": 0.2302951250224792
        },
        "AOPC - comprehensiveness": {
            "mean": 0.2474001042248795,
            "std": 0.19675692321427984
        }
    },
    "ig": {
        "sufficiencies @ 0.01": {
            "mean": 0.2873487443033913,
            "std": 0.33354933742030113
        },
        "comprehensiveness @ 0.01": {
            "mean": 0.14866566387700617,
            "std": 0.3220680870853492
        },
        "sufficiencies @ 0.02": {
            "mean": 0.28747005268548603,
            "std": 0.3335791291985002
        },
        "comprehensiveness @ 0.02": {
            "mean": 0.14858700917540202,
            "std": 0.32198179199058685
        },
        "sufficiencies @ 0.05": {
            "mean": 0.295566023469281,
            "std": 0.339737350290913
        },
        "comprehensiveness @ 0.05": {
            "mean": 0.17177737106605295,
            "std": 0.33877828095365314
        },
        "sufficiencies @ 0.1": {
            "mean": 0.337420917129276,
            "std": 0.35814994690511803
        },
        "comprehensiveness @ 0.1": {
            "mean": 0.22944073921759617,
            "std": 0.3748313402566044
        },
        "sufficiencies @ 0.2": {
            "mean": 0.4487506712663622,
            "std": 0.3941468208898842
        },
        "comprehensiveness @ 0.2": {
            "mean": 0.3469000073594334,
            "std": 0.42013411288238556
        },
        "sufficiencies @ 0.5": {
            "mean": 0.7997452472150551,
            "std": 0.32505425703568014
        },
        "comprehensiveness @ 0.5": {
            "mean": 0.6652891800644403,
            "std": 0.3917890157567833
        },
        "sufficiencies @ 1.0": {
            "mean": 0.9991902228567003,
            "std": 0.008046519033798695
        },
        "comprehensiveness @ 1.0": {
            "mean": 0.7762485428133382,
            "std": 0.2930117413990103
        },
        "AOPC - sufficiency": {
            "mean": 0.4936416969893646,
            "std": 0.2499169746183042
        },
        "AOPC - comprehensiveness": {
            "mean": 0.35527264479618126,
            "std": 0.2484395483970197
        }
    },
    "scaled attention": {
        "sufficiencies @ 0.01": {
            "mean": 0.2260192745877132,
            "std": 0.29454385125968685
        },
        "comprehensiveness @ 0.01": {
            "mean": 0.007780984505854261,
            "std": 0.0722420127317905
        },
        "sufficiencies @ 0.02": {
            "mean": 0.22612841746972692,
            "std": 0.294587674872715
        },
        "comprehensiveness @ 0.02": {
            "mean": 0.007752926683559847,
            "std": 0.07219990200749471
        },
        "sufficiencies @ 0.05": {
            "mean": 0.22982995164097617,
            "std": 0.3024447335256703
        },
        "comprehensiveness @ 0.05": {
            "mean": 0.06623651438588145,
            "std": 0.21505780388987586
        },
        "sufficiencies @ 0.1": {
            "mean": 0.2787181069120923,
            "std": 0.3366751059665733
        },
        "comprehensiveness @ 0.1": {
            "mean": 0.15759567287656304,
            "std": 0.3151082907109441
        },
        "sufficiencies @ 0.2": {
            "mean": 0.4634374433157904,
            "std": 0.3981760487636144
        },
        "comprehensiveness @ 0.2": {
            "mean": 0.314755539632029,
            "std": 0.40559280206853465
        },
        "sufficiencies @ 0.5": {
            "mean": 0.8000525187076335,
            "std": 0.3312248163506369
        },
        "comprehensiveness @ 0.5": {
            "mean": 0.5923874441057662,
            "std": 0.40885630786538296
        },
        "sufficiencies @ 1.0": {
            "mean": 0.9993605660961793,
            "std": 0.006181488827873933
        },
        "comprehensiveness @ 1.0": {
            "mean": 0.7754848288681203,
            "std": 0.2933227426152254
        },
        "AOPC - sufficiency": {
            "mean": 0.4605066112471588,
            "std": 0.21459238791916402
        },