{
    "ig": {
        "sufficiencies @ 0.01": {
            "mean": 0.02417105079936313,
            "std": 0.15180681331971005
        },
        "comprehensiveness @ 0.01": {
            "mean": 0.1533933876521715,
            "std": 0.32681266206933635
        },
        "sufficiencies @ 0.02": {
            "mean": 0.024699790395277865,
            "std": 0.15183934162367455
        },
        "comprehensiveness @ 0.02": {
            "mean": 0.1533666266531035,
            "std": 0.3267732701203705
        },
        "sufficiencies @ 0.05": {
            "mean": 0.02520760396504768,
            "std": 0.15190352444980976
        },
        "comprehensiveness @ 0.05": {
            "mean": 0.17607640890758242,
            "std": 0.3433324696622561
        },
        "sufficiencies @ 0.1": {
            "mean": 0.025699429167444138,
            "std": 0.15198323193744862
        },
        "comprehensiveness @ 0.1": {
            "mean": 0.2352165086047804,
            "std": 0.3795922531792877
        },
        "sufficiencies @ 0.2": {
            "mean": 0.02617852580847853,
            "std": 0.1520705995948868
        },
        "comprehensiveness @ 0.2": {
            "mean": 0.3432875662128495,
            "std": 0.41751696823556333
        },
        "sufficiencies @ 0.5": {
            "mean": 0.026647159745926248,
            "std": 0.15216159866308723
        },
        "comprehensiveness @ 0.5": {
            "mean": 0.6584820067657741,
            "std": 0.39453276395507864
        },
        "sufficiencies @ 1.0": {
            "mean": 0.027106972610267607,
            "std": 0.15225409498737857
        },
        "comprehensiveness @ 1.0": {
            "mean": 0.77797674863817,
            "std": 0.29241554794721497
        },
        "AOPC - sufficiency": {
            "mean": 0.02567293321311503,
            "std": 0.15193973233965896
        },
        "AOPC - comprehensiveness": {
            "mean": 0.35682846477634733,
            "std": 0.25322217517933526
        }
    },
    "gradients": {
        "sufficiencies @ 0.01": {
            "mean": 0.027559194901449452,
            "std": 0.15234693650311787
        },
        "comprehensiveness @ 0.01": {
            "mean": 0.10755454695542477,
            "std": 0.28081832779607646
        },
        "sufficiencies @ 0.02": {
            "mean": 0.028004775437393114,
            "std": 0.15243949944003976
        },
        "comprehensiveness @ 0.02": {
            "mean": 0.10754028994891444,
            "std": 0.280795437111692
        },
        "sufficiencies @ 0.05": {
            "mean": 0.02844446351743903,
            "std": 0.15253145214074468
        },
        "comprehensiveness @ 0.05": {
            "mean": 0.1265157230756445,
            "std": 0.29958450978870943
        },
        "sufficiencies @ 0.1": {
            "mean": 0.028878863050646988,
            "std": 0.15262262752114192
        },
        "comprehensiveness @ 0.1": {
            "mean": 0.15566217063848403,
            "std": 0.3242175031195765
        },
        "sufficiencies @ 0.2": {
            "mean": 0.029308469372858102,
            "std": 0.15271295212687802
        },
        "comprehensiveness @ 0.2": {
            "mean": 0.21429127322284294,
            "std": 0.35990390182942483
        },
        "sufficiencies @ 0.5": {
            "mean": 0.029733694993133455,
            "std": 0.15280240574201262
        },
        "comprehensiveness @ 0.5": {
            "mean": 0.4632353032760586,
            "std": 0.41061225020461556
        },
        "sufficiencies @ 1.0": {
            "mean": 0.030154888040980998,
            "std": 0.15289099798966785
        },
        "comprehensiveness @ 1.0": {
            "mean": 0.7775881979241807,
            "std": 0.2925687521927965
        },
        "AOPC - sufficiency": {
            "mean": 0.028869192759128737,
            "std": 0.1526026173290432
        },
        "AOPC - comprehensiveness": {
            "mean": 0.2789125007202214,
            "std": 0.22574983963581893
        }
    },
    "deeplift": {
        "sufficiencies @ 0.01": {
            "mean": 0.03057234577007111,
            "std": 0.15297875461986446
        },
        "comprehensiveness @ 0.01": {
            "mean": 0.069517220104394,
            "std": 0.2232872095779455
        },
        "sufficiencies @ 0.02": {
            "mean": 0.030986324633330297,
            "std": 0.15306570943294012
        },
        "comprehensiveness @ 0.02": {
            "mean": 0.06950283603866016,
            "std": 0.22325490365974157
        },
        "sufficiencies @ 0.05": {
            "mean": 0.03139704792912547,
            "std": 0.15315189953437056
        },
        "comprehensiveness @ 0.05": {
            "mean": 0.1049507737190769,
            "std": 0.2671347691210529
        },
        "sufficiencies @ 0.1": {
            "mean": 0.03180471169371142,
            "std": 0.15323736258234205
        },
        "comprehensiveness @ 0.1": {
            "mean": 0.15302916302696618,
            "std": 0.31437390723897884
        },
        "sufficiencies @ 0.2": {
            "mean": 0.032209489305516904,
            "std": 0.15332213523627117
        },
        "comprehensiveness @ 0.2": {
            "mean": 0.2575803959190221,
            "std": 0.3796407344312712
        },
        "sufficiencies @ 0.5": {
            "mean": 0.03261153512841053,
            "std": 0.1534062523309476
        },
        "comprehensiveness @ 0.5": {
            "mean": 0.5863005920042604,
            "std": 0.4114120998196148
        },
        "sufficiencies @ 1.0": {
            "mean": 0.033010987427778034,
            "std": 0.15348974648760721
        },
        "comprehensiveness @ 1.0": {
            "mean": 0.7772010615245992,
            "std": 0.29272243867911757
        },
        "AOPC - sufficiency": {
            "mean": 0.03179892026970625,
            "std": 0.15322572165070816
        },
        "AOPC - comprehensiveness": {
            "mean": 0.2882974346195684,
            "std": 0.19291349137680674
        }
    },
    "random": {
        "sufficiencies @ 0.01": {
            "mean": 0.033407970729174,
            "std": 0.15357264798509226
        },
        "comprehensiveness @ 0.01": {
            "mean": 0.0723781340509092,
            "std": 0.21844815010702776
        },
        "sufficiencies @ 0.02": {
            "mean": 0.03380259774457048,
            "std": 0.15365498478221942
        },
        "comprehensiveness @ 0.02": {
            "mean": 0.07234386654721545,
            "std": 0.21837768066685165
        },
        "sufficiencies @ 0.05": {
            "mean": 0.03419497095949253,
            "std": 0.15373678262423895
        },
        "comprehensiveness @ 0.05": {
            "mean": 0.08783909812149823,
            "std": 0.24065968269749885
        },
        "sufficiencies @ 0.1": {
            "mean": 0.034585183951501064,
            "std": 0.1538180651921668
        },
        "comprehensiveness @ 0.1": {
            "mean": 0.1141229378029888,
            "std": 0.26981129940088505
        },
        "sufficiencies @ 0.2": {
            "mean": 0.03497332249384046,
            "std": 0.1538988542699303
        },
        "comprehensiveness @ 0.2": {
            "mean": 0.191012683547883,
            "std": 0.3377362915077242
        },
        "sufficiencies @ 0.5": {
            "mean": 0.03535946548578635,
            "std": 0.15397916991439117
        },
        "comprehensiveness @ 0.5": {
            "mean": 0.42556285670622757,
            "std": 0.4057734156698719
        },
        "sufficiencies @ 1.0": {
            "mean": 0.035743685742061576,
            "std": 0.1540590306196508
        },
        "comprehensiveness @ 1.0": {
            "mean": 0.7768153297131145,
            "std": 0.2928765930287483
        },
        "AOPC - sufficiency": {
            "mean": 0.034581028158060925,