{
    "deeplift": {
        "sufficiencies @ 0.01": {
            "mean": 0.25876596802277296,
            "std": 0.32738406898749595
        },
        "comprehensiveness @ 0.01": {
            "mean": 0.06969333076301971,
            "std": 0.22369071142996935
        },
        "sufficiencies @ 0.02": {
            "mean": 0.2588191039686651,
            "std": 0.3274000333459054
        },
        "comprehensiveness @ 0.02": {
            "mean": 0.06967839841249564,
            "std": 0.22365590636831947
        },
        "sufficiencies @ 0.05": {
            "mean": 0.2687501927225827,
            "std": 0.3386925790849849
        },
        "comprehensiveness @ 0.05": {
            "mean": 0.10513168087552385,
            "std": 0.26740115403688697
        },
        "sufficiencies @ 0.1": {
            "mean": 0.2981129585037807,
            "std": 0.3515444882340777
        },
        "comprehensiveness @ 0.1": {
            "mean": 0.15325273728109798,
            "std": 0.3146080205859879
        },
        "sufficiencies @ 0.2": {
            "mean": 0.3882304035103467,
            "std": 0.38859482473370094
        },
        "comprehensiveness @ 0.2": {
            "mean": 0.25796257459456523,
            "std": 0.37989715877653446
        },
        "sufficiencies @ 0.5": {
            "mean": 0.7043197258993628,
            "std": 0.3785971150767981
        },
        "comprehensiveness @ 0.5": {
            "mean": 0.5869460822704078,
            "std": 0.41148412563690484
        },
        "sufficiencies @ 1.0": {
            "mean": 0.9999999783122523,
            "std": 9.065962340180108e-07
        },
        "comprehensiveness @ 1.0": {
            "mean": 0.7782551562139626,
            "std": 0.29230641971124627
        },
        "AOPC - sufficiency": {
            "mean": 0.4538569044199662,
            "std": 0.2552667504138168
        },
        "AOPC - comprehensiveness": {
            "mean": 0.2887028514872961,
            "std": 0.1930954483041501
        }
    },
    "attention": {
        "sufficiencies @ 0.01": {
            "mean": 0.22415900055716353,
            "std": 0.29398226143605916
        },
        "comprehensiveness @ 0.01": {
            "mean": 0.006640192409212353,
            "std": 0.06852443424585417
        },
        "sufficiencies @ 0.02": {
            "mean": 0.22421445989703068,
            "std": 0.2940038031756075
        },
        "comprehensiveness @ 0.02": {
            "mean": 0.006638966181151832,
            "std": 0.0685145372314926
        },
        "sufficiencies @ 0.05": {
            "mean": 0.22807740331888918,
            "std": 0.30194758158661666
        },
        "comprehensiveness @ 0.05": {
            "mean": 0.06635278584559118,
            "std": 0.2153427472633352
        },
        "sufficiencies @ 0.1": {
            "mean": 0.275685875167177,
            "std": 0.3357550485227371
        },
        "comprehensiveness @ 0.1": {
            "mean": 0.1583513204129033,
            "std": 0.31590936526953484
        },
        "sufficiencies @ 0.2": {
            "mean": 0.45901818170373426,
            "std": 0.39795863201249193
        },
        "comprehensiveness @ 0.2": {
            "mean": 0.31551167240902017,
            "std": 0.4065049535031626
        },
        "sufficiencies @ 0.5": {
            "mean": 0.798759731302285,
            "std": 0.3326654911791772
        },
        "comprehensiveness @ 0.5": {
            "mean": 0.5939492579445108,
            "std": 0.4090793694713154
        },
        "sufficiencies @ 1.0": {
            "mean": 0.9999999849537432,
            "std": 6.234417019391502e-07
        },
        "comprehensiveness @ 1.0": {
            "mean": 0.777865589259162,
            "std": 0.29245927053041354
        },
        "AOPC - sufficiency": {
            "mean": 0.45855923384286035,
            "std": 0.21435323363598832
        },
        "AOPC - comprehensiveness": {
            "mean": 0.2750442549230788,
            "std": 0.1478914144591014
        }
    },
    "scaled attention": {
        "sufficiencies @ 0.01": {
            "mean": 0.22468154764423057,
            "std": 0.29410360831167226
        },
        "comprehensiveness @ 0.01": {
            "mean": 0.007106784257676336,
            "std": 0.07221858548820671
        },
        "sufficiencies @ 0.02": {
            "mean": 0.22473679016352296,
            "std": 0.2941252838568695
        },
        "comprehensiveness @ 0.02": {
            "mean": 0.007105584329733936,
            "std": 0.07220940800422133
        },
        "sufficiencies @ 0.05": {
            "mean": 0.22835305347316517,
            "std": 0.3020554320085142
        },
        "comprehensiveness @ 0.05": {
            "mean": 0.06605137768438403,
            "std": 0.2155477224526571
        },
        "sufficiencies @ 0.1": {
            "mean": 0.2770673521600626,
            "std": 0.3365546778178295
        },
        "comprehensiveness @ 0.1": {
            "mean": 0.15810618793104658,
            "std": 0.3160117729012475
        },
        "sufficiencies @ 0.2": {
            "mean": 0.46161973337306733,
            "std": 0.3986117102396207
        },
        "comprehensiveness @ 0.2": {
            "mean": 0.31577578745844737,
            "std": 0.40621019147358783
        },
        "sufficiencies @ 0.5": {
            "mean": 0.7988835962284223,
            "std": 0.33237231144668
        },
        "comprehensiveness @ 0.5": {
            "mean": 0.5939544355535145,
            "std": 0.40897071110179245
        },
        "sufficiencies @ 1.0": {
            "mean": 0.9999999884344438,
            "std": 4.751275791821242e-07
        },
        "comprehensiveness @ 1.0": {
            "mean": 0.7774774436339145,
            "std": 0.2926126140435465
        },
        "AOPC - sufficiency": {
            "mean": 0.45933458021098783,
            "std": 0.21458494945859413
        },
        "AOPC - comprehensiveness": {
            "mean": 0.2750825144069596,
            "std": 0.1484713519593348
        }
    },
    "gradients": {
        "sufficiencies @ 0.01": {
            "mean": 0.24401450150984233,
            "std": 0.30950654979726483
        },
        "comprehensiveness @ 0.01": {
            "mean": 0.10732927119384626,
            "std": 0.2804602739672524
        },
        "sufficiencies @ 0.02": {
            "mean": 0.24407636418562595,
            "std": 0.3095263110087855
        },
        "comprehensiveness @ 0.02": {
            "mean": 0.10731541628852953,
            "std": 0.2804385391408753
        },
        "sufficiencies @ 0.05": {
            "mean": 0.24349013451416054,
            "std": 0.3083280729320688
        },
        "comprehensiveness @ 0.05": {
            "mean": 0.12624857691676217,
            "std": 0.2991877448476961
        },
        "sufficiencies @ 0.1": {
            "mean": 0.2582153522725215,
            "std": 0.31623746861168145
        },
        "comprehensiveness @ 0.1": {
            "mean": 0.15535243528587755,
            "std": 0.32384140326493266
        },
        "sufficiencies @ 0.2": {
            "mean": 0.32571949097993613,
            "std": 0.35802808993670665
        },
        "comprehensiveness @ 0.2": {
            "mean": 0.21385353320928316,
            "std": 0.35955656154719706
        },
        "sufficiencies @ 0.5": {
            "mean": 0.6595184966955604,
            "std": 0.3901440871449795
        },
        "comprehensiveness @ 0.5": {
            "mean": 0.4624269356593571,
            "std": 0.41040131712104444
        },
        "sufficiencies @ 1.0": {
            "mean": 0.9999999905776311,
            "std": 3.8387032358576443e-07
        },
        "comprehensiveness @ 1.0": {
            "mean": 0.7770907095328966,
            "std": 0.2927664356592091
        },
        "AOPC - sufficiency": {
            "mean": 0.42500490439075395,