{
    "deeplift": {
        "sufficiencies @ 0.01": {
            "mean": 0.2587659563918757,
            "std": 0.3273840893896715
        },
        "comprehensiveness @ 0.01": {
            "mean": 0.06970467341062865,
            "std": 0.22368739780560412
        },
        "sufficiencies @ 0.02": {
            "mean": 0.2588190923673593,
            "std": 0.32740005373903913
        },
        "comprehensiveness @ 0.02": {
            "mean": 0.06968616364804213,
            "std": 0.22365366281872426
        },
        "sufficiencies @ 0.05": {
            "mean": 0.26875015126301943,
            "std": 0.338692572695959
        },
        "comprehensiveness @ 0.05": {
            "mean": 0.10513609342490363,
            "std": 0.26739947465018116
        },
        "sufficiencies @ 0.1": {
            "mean": 0.29811291707501353,
            "std": 0.351544463772113
        },
        "comprehensiveness @ 0.1": {
            "mean": 0.15325471388569428,
            "std": 0.3146070793043031
        },
        "sufficiencies @ 0.2": {
            "mean": 0.3882303519791158,
            "std": 0.3885947861265861
        },
        "comprehensiveness @ 0.2": {
            "mean": 0.2579627898890302,
            "std": 0.3798970812676677
        },
        "sufficiencies @ 0.5": {
            "mean": 0.7043197032488855,
            "std": 0.37859710736810576
        },
        "comprehensiveness @ 0.5": {
            "mean": 0.5869461363129375,
            "std": 0.4114841323242838
        },
        "sufficiencies @ 1.0": {
            "mean": 0.9999313689928228,
            "std": 0.0008205306679672884
        },
        "comprehensiveness @ 1.0": {
            "mean": 0.7782550711081643,
            "std": 0.2923065545569456
        },
        "AOPC - sufficiency": {
            "mean": 0.45384707733115603,
            "std": 0.25526211642531976
        },
        "AOPC - comprehensiveness": {
            "mean": 0.2887065202399144,
            "std": 0.19309562794728294
        }
    },
    "scaled attention": {
        "sufficiencies @ 0.01": {
            "mean": 0.22429412229805382,
            "std": 0.2939522871980743
        },
        "comprehensiveness @ 0.01": {
            "mean": 0.007123102573764653,
            "std": 0.07228283617902549
        },
        "sufficiencies @ 0.02": {
            "mean": 0.22434956695099542,
            "std": 0.29397389269990243
        },
        "comprehensiveness @ 0.02": {
            "mean": 0.007121145492289298,
            "std": 0.0722735534253043
        },
        "sufficiencies @ 0.05": {
            "mean": 0.22796025784768867,
            "std": 0.30192771669633006
        },
        "comprehensiveness @ 0.05": {
            "mean": 0.06610952945523772,
            "std": 0.21565056074322025
        },
        "sufficiencies @ 0.1": {
            "mean": 0.2766675777834054,
            "std": 0.33649090612826615
        },
        "comprehensiveness @ 0.1": {
            "mean": 0.1582314286438425,
            "std": 0.31613402028961274
        },
        "sufficiencies @ 0.2": {
            "mean": 0.4612101847396865,
            "std": 0.3986939932418452
        },
        "comprehensiveness @ 0.2": {
            "mean": 0.3160195589491804,
            "std": 0.40635471500766823
        },
        "sufficiencies @ 0.5": {
            "mean": 0.79863013897575,
            "std": 0.3326118718917302
        },
        "comprehensiveness @ 0.5": {
            "mean": 0.5943146963412574,
            "std": 0.4089995862455584
        },
        "sufficiencies @ 1.0": {
            "mean": 0.9999908264839293,
            "std": 0.00010409925818257319
        },
        "comprehensiveness @ 1.0": {
            "mean": 0.7778655041136537,
            "std": 0.2924594051113471
        },
        "AOPC - sufficiency": {
            "mean": 0.45901466786850126,
            "std": 0.21453757375660235
        },
        "AOPC - comprehensiveness": {
            "mean": 0.27525499508131795,
            "std": 0.1485084880551802
        }
    },
    "ig": {
        "sufficiencies @ 0.01": {
            "mean": 0.2885435225347443,
            "std": 0.33484617100280906
        },
        "comprehensiveness @ 0.01": {
            "mean": 0.15285702737381163,
            "std": 0.3259407035154583
        },
        "sufficiencies @ 0.02": {
            "mean": 0.28860761931573686,
            "std": 0.3348665027579921
        },
        "comprehensiveness @ 0.02": {
            "mean": 0.15280601939243874,
            "std": 0.32585713393409604
        },
        "sufficiencies @ 0.05": {
            "mean": 0.29393365796185034,
            "std": 0.3391102445658023
        },
        "comprehensiveness @ 0.05": {
            "mean": 0.1755034291439107,
            "std": 0.34251502073254875
        },
        "sufficiencies @ 0.1": {
            "mean": 0.3388967411447227,
            "std": 0.3586815039325227
        },
        "comprehensiveness @ 0.1": {
            "mean": 0.2345398594225998,
            "std": 0.3788672975285437
        },
        "sufficiencies @ 0.2": {
            "mean": 0.4484006142804871,
            "std": 0.39729052888148786
        },
        "comprehensiveness @ 0.2": {
            "mean": 0.3427715131219056,
            "std": 0.41730205545321014
        },
        "sufficiencies @ 0.5": {
            "mean": 0.803004734444006,
            "std": 0.32306196708148044
        },
        "comprehensiveness @ 0.5": {
            "mean": 0.6577283463768315,
            "std": 0.3945827861018053
        },
        "sufficiencies @ 1.0": {
            "mean": 0.9999949160620248,
            "std": 5.6062845111095463e-05
        },
        "comprehensiveness @ 1.0": {
            "mean": 0.7774773584500332,
            "std": 0.2926127483638518
        },
        "AOPC - sufficiency": {
            "mean": 0.4944831151062246,
            "std": 0.2510015634994964
        },
        "AOPC - comprehensiveness": {
            "mean": 0.35624050761164733,
            "std": 0.2527649444874841
        }
    },
    "random": {
        "sufficiencies @ 0.01": {
            "mean": 0.24848154220206084,
            "std": 0.31067757238430344
        },
        "comprehensiveness @ 0.01": {
            "mean": 0.07231121985493409,
            "std": 0.21831260923285734
        },
        "sufficiencies @ 0.02": {
            "mean": 0.24854019641775443,
            "std": 0.3106953159190082
        },
        "comprehensiveness @ 0.02": {
            "mean": 0.0722795051086494,
            "std": 0.21825099440657303
        },
        "sufficiencies @ 0.05": {
            "mean": 0.24795815691284895,
            "std": 0.3108127113128537
        },
        "comprehensiveness @ 0.05": {
            "mean": 0.0877754198044736,
            "std": 0.24055328040980584
        },
        "sufficiencies @ 0.1": {
            "mean": 0.2667255842955523,
            "std": 0.31876416791361073
        },
        "comprehensiveness @ 0.1": {
            "mean": 0.11405333693756542,
            "std": 0.2697143994928826
        },
        "sufficiencies @ 0.2": {
            "mean": 0.3388927769911026,
            "std": 0.3624153766488496
        },
        "comprehensiveness @ 0.2": {
            "mean": 0.19095957607418293,
            "std": 0.3376939610142533
        },
        "sufficiencies @ 0.5": {
            "mean": 0.6201813370344782,
            "std": 0.4025774394518197
        },
        "comprehensiveness @ 0.5": {
            "mean": 0.42546612334182343,
            "std": 0.4057453826869588
        },
        "sufficiencies @ 1.0": {
            "mean": 0.999996427339111,
            "std": 3.8490703900854975e-05
        },
        "comprehensiveness @ 1.0": {
            "mean": 0.7770906243119596,
            "std": 0.2927665697229255
        },
        "AOPC - sufficiency": {
            "mean": 0.4243965744561298,
            "std": 0.23234931769728798
        },