{
    "random": {
        "sufficiencies @ 0.01": {
            "mean": 0.14516523830620445,
            "std": 0.25978777610300247
        },
        "comprehensiveness @ 0.01": {
            "mean": 0.047392151883947395,
            "std": 0.18794494753998298
        },
        "sufficiencies @ 0.02": {
            "mean": 0.14520106328076401,
            "std": 0.2598025190598006
        },
        "comprehensiveness @ 0.02": {
            "mean": 0.0473888448119008,
            "std": 0.18794244878167946
        },
        "sufficiencies @ 0.05": {
            "mean": 0.14539943973476654,
            "std": 0.26189501188555603
        },
        "comprehensiveness @ 0.05": {
            "mean": 0.05515747198977259,
            "std": 0.19020346444221825
        },
        "sufficiencies @ 0.1": {
            "mean": 0.18778311059402442,
            "std": 0.28276817064739035
        },
        "comprehensiveness @ 0.1": {
            "mean": 0.07557049550079101,
            "std": 0.21317528384092177
        },
        "sufficiencies @ 0.2": {
            "mean": 0.29880679727406806,
            "std": 0.3559957703456281
        },
        "comprehensiveness @ 0.2": {
            "mean": 0.12873287099245195,
            "std": 0.2843964974375637
        },
        "sufficiencies @ 0.5": {
            "mean": 0.6226405354727107,
            "std": 0.4105749501322398
        },
        "comprehensiveness @ 0.5": {
            "mean": 0.3963228154112034,
            "std": 0.40106894602454435
        },
        "sufficiencies @ 1.0": {
            "mean": 0.9985798788322106,
            "std": 0.013373678573234044
        },
        "comprehensiveness @ 1.0": {
            "mean": 0.8841010891997065,
            "std": 0.23869873465203664
        },
        "AOPC - sufficiency": {
            "mean": 0.3633680090706784,
            "std": 0.20987845398396407
        },
        "AOPC - comprehensiveness": {
            "mean": 0.23352367711282482,
            "std": 0.1484934961205058
        }
    },
    "gradients": {
        "sufficiencies @ 0.01": {
            "mean": 0.14170224595365047,
            "std": 0.25397520519042227
        },
        "comprehensiveness @ 0.01": {
            "mean": 0.06371326000172024,
            "std": 0.21549158848898498
        },
        "sufficiencies @ 0.02": {
            "mean": 0.1420790983041572,
            "std": 0.25428159471636197
        },
        "comprehensiveness @ 0.02": {
            "mean": 0.06370709464161861,
            "std": 0.21547836800491063
        },
        "sufficiencies @ 0.05": {
            "mean": 0.15549042392360377,
            "std": 0.26672928342902646
        },
        "comprehensiveness @ 0.05": {
            "mean": 0.09770681986412376,
            "std": 0.2652697734151899
        },
        "sufficiencies @ 0.1": {
            "mean": 0.17297574850039396,
            "std": 0.2615600455056441
        },
        "comprehensiveness @ 0.1": {
            "mean": 0.10631725996014119,
            "std": 0.26717213726327776
        },
        "sufficiencies @ 0.2": {
            "mean": 0.27260585085796635,
            "std": 0.3267674717944291
        },
        "comprehensiveness @ 0.2": {
            "mean": 0.15946864815670836,
            "std": 0.31226284296383316
        },
        "sufficiencies @ 0.5": {
            "mean": 0.7164604006931153,
            "std": 0.3619043305285311
        },
        "comprehensiveness @ 0.5": {
            "mean": 0.45623507420546505,
            "std": 0.4049290207059444
        },
        "sufficiencies @ 1.0": {
            "mean": 0.997411258935593,
            "std": 0.025066256052391874
        },
        "comprehensiveness @ 1.0": {
            "mean": 0.8843197940307675,
            "std": 0.2385826581434959
        },
        "AOPC - sufficiency": {
            "mean": 0.37124643245263994,
            "std": 0.19133103188016962
        },
        "AOPC - comprehensiveness": {
            "mean": 0.2616382786943635,
            "std": 0.18372169345535816
        }
    },
    "deeplift": {
        "sufficiencies @ 0.01": {
            "mean": 0.16411402439791453,
            "std": 0.3000988877161572
        },
        "comprehensiveness @ 0.01": {
            "mean": 0.0371181133725549,
            "std": 0.14603288490263974
        },
        "sufficiencies @ 0.02": {
            "mean": 0.164143990755004,
            "std": 0.3001081823738675
        },
        "comprehensiveness @ 0.02": {
            "mean": 0.0370966725010373,
            "std": 0.14601314980230812
        },
        "sufficiencies @ 0.05": {
            "mean": 0.16736435540067154,
            "std": 0.30174335802586943
        },
        "comprehensiveness @ 0.05": {
            "mean": 0.05693725646664625,
            "std": 0.1928301022768928
        },
        "sufficiencies @ 0.1": {
            "mean": 0.19267365649505147,
            "std": 0.3107232151038261
        },
        "comprehensiveness @ 0.1": {
            "mean": 0.08545039701568957,
            "std": 0.2405909110954402
        },
        "sufficiencies @ 0.2": {
            "mean": 0.30342463664083774,
            "std": 0.3658584677898546
        },
        "comprehensiveness @ 0.2": {
            "mean": 0.17342805136116135,
            "std": 0.3293687707759348
        },
        "sufficiencies @ 0.5": {
            "mean": 0.7057453538500813,
            "std": 0.3802117185539081
        },
        "comprehensiveness @ 0.5": {
            "mean": 0.5429161215665481,
            "std": 0.42135357688077785
        },
        "sufficiencies @ 1.0": {
            "mean": 0.9990054690731064,
            "std": 0.009125064658784082
        },
        "comprehensiveness @ 1.0": {
            "mean": 0.8838828788941646,
            "std": 0.23881489568303466
        },
        "AOPC - sufficiency": {
            "mean": 0.38521021237323816,
            "std": 0.22889515289531695
        },
        "AOPC - comprehensiveness": {
            "mean": 0.25954707016825745,
            "std": 0.14699540194739252
        }
    },
    "attention": {
        "sufficiencies @ 0.01": {
            "mean": 0.11645944607835101,
            "std": 0.23890583641584615
        },
        "comprehensiveness @ 0.01": {
            "mean": 0.0007952803515390594,
            "std": 0.006716198810103492
        },
        "sufficiencies @ 0.02": {
            "mean": 0.11649121931418303,
            "std": 0.23892214683243437
        },
        "comprehensiveness @ 0.02": {
            "mean": 0.0007736140174737078,
            "std": 0.00650191022988608
        },
        "sufficiencies @ 0.05": {
            "mean": 0.13023063866285425,
            "std": 0.25879036144629053
        },
        "comprehensiveness @ 0.05": {
            "mean": 0.04957708669868165,
            "std": 0.1751129271197231
        },
        "sufficiencies @ 0.1": {
            "mean": 0.1869955856904738,
            "std": 0.29813657085468026
        },
        "comprehensiveness @ 0.1": {
            "mean": 0.13598593373424048,
            "std": 0.2985296674398007
        },
        "sufficiencies @ 0.2": {
            "mean": 0.4253896332859106,
            "std": 0.3837476559779231
        },
        "comprehensiveness @ 0.2": {
            "mean": 0.2784506718040501,
            "std": 0.3969008281588138
        },
        "sufficiencies @ 0.5": {
            "mean": 0.8294488611346509,
            "std": 0.3187312804293011
        },
        "comprehensiveness @ 0.5": {
            "mean": 0.5866043835826856,
            "std": 0.41219992855643683
        },
        "sufficiencies @ 1.0": {
            "mean": 0.9992260592953625,
            "std": 0.006929679850050947
        },
        "comprehensiveness @ 1.0": {
            "mean": 0.8836651610515748,
            "std": 0.238931139069096
        },
        "AOPC - sufficiency": {
            "mean": 0.4006059204945408,