{
    "fixed-deeplift": {
        "comprehensiveness": {
            "mean": 0.22217181400050315,
            "std": 0.3500127235978875
        },
        "sufficiency": {
            "mean": 0.3241882827050168,
            "std": 0.38015945356620245
        }
    },
    "fixed-lime": {
        "comprehensiveness": {
            "mean": 0.30441245915635423,
            "std": 0.4045069286543796
        },
        "sufficiency": {
            "mean": 0.3887039581479274,
            "std": 0.403665393198288
        }
    },
    "fixed-attention": {
        "comprehensiveness": {
            "mean": 0.36047107537302003,
            "std": 0.4166292721423339
        },
        "sufficiency": {
            "mean": 0.5062911579200631,
            "std": 0.3938712100770531
        }
    },
    "fixed-ig": {
        "comprehensiveness": {
            "mean": 0.39182160104997954,
            "std": 0.4321070355669289
        },
        "sufficiency": {
            "mean": 0.45700274075198827,
            "std": 0.3977460853486239
        }
    },
    "fixed-gradients": {
        "comprehensiveness": {
            "mean": 0.23493843165616973,
            "std": 0.3637323951337555
        },
        "sufficiency": {
            "mean": 0.31384108370768626,
            "std": 0.3577266504131848
        }
    },
    "fixed-scaled attention": {
        "comprehensiveness": {
            "mean": 0.36274687489117396,
            "std": 0.4177932156999107
        },
        "sufficiency": {
            "mean": 0.5051503089114603,
            "std": 0.39426495327454875
        }
    },
    "fixed-random": {
        "comprehensiveness": {
            "mean": 0.21277968710328715,
            "std": 0.3504516625130614
        },
        "sufficiency": {
            "mean": 0.316907873325538,
            "std": 0.3536935975058748
        }
    },
    "fixed-fixed-len_var-feat": {
        "comprehensiveness": {
            "mean": 0.5097352132019016,
            "std": 0.44366183463212633
        },
        "sufficiency": {
            "mean": 0.5697010219704713,
            "std": 0.38752687490915083
        }
    },
    "fixed-fixed-len_var-feat_var-type": {
        "comprehensiveness": {
            "mean": 0.5103963252562792,
            "std": 0.44594412948874523
        },
        "sufficiency": {
            "mean": 0.6115843613791961,
            "std": 0.38441002510275785
        }
    },
    "var-deeplift": {
        "comprehensiveness": {
            "mean": 0.19631561833376537,
            "std": 0.3432546603319543
        },
        "sufficiency": {
            "mean": 0.29088528948080933,
            "std": 0.3578030562735704
        }
    },
    "var-lime": {
        "comprehensiveness": {
            "mean": 0.27583745966319073,
            "std": 0.39477796963452527
        },
        "sufficiency": {
            "mean": 0.3662015605392682,
            "std": 0.3827877401814254
        }
    },
    "var-attention": {
        "comprehensiveness": {
            "mean": 0.3047815932939045,
            "std": 0.4039909417568802
        },
        "sufficiency": {
            "mean": 0.38521166241243415,
            "std": 0.3778412777951066
        }
    },
    "var-ig": {
        "comprehensiveness": {
            "mean": 0.3486295508346594,
            "std": 0.42360670830127506
        },
        "sufficiency": {
            "mean": 0.37378290350444254,
            "std": 0.38302158687737237
        }
    },
    "var-gradients": {
        "comprehensiveness": {
            "mean": 0.21415545503279662,
            "std": 0.35854126576647766
        },
        "sufficiency": {
            "mean": 0.2703096647655244,
            "std": 0.33135140204223723
        }
    },
    "var-scaled attention": {
        "comprehensiveness": {
            "mean": 0.3044271330829388,
            "std": 0.4031053509521839
        },
        "sufficiency": {
            "mean": 0.38752407362675795,
            "std": 0.3772447904616739
        }
    },
    "var-random": {
        "comprehensiveness": {
            "mean": 0.19473841879888198,
            "std": 0.33857188015855916
        },
        "sufficiency": {
            "mean": 0.28183072438536194,
            "std": 0.33434500055255234
        }
    },
    "var-var-len_var-feat": {
        "comprehensiveness": {
            "mean": 0.47717244365698197,
            "std": 0.44653727412651434
        },
        "sufficiency": {
            "mean": 0.4990571812954048,
            "std": 0.3858688270623798
        }
    },
    "var-var-len_var-feat_var-type": {
        "comprehensiveness": {
            "mean": 0.491930298447638,
            "std": 0.4488232630150104
        },
        "sufficiency": {
            "mean": 0.5515701108422011,
            "std": 0.384564309515357
        }
    }
}