{
    "deeplift": {
        "sufficiencies @ 0.01": {
            "mean": 0.2584897144377632,
            "std": 0.3272175161176687
        },
        "comprehensiveness @ 0.01": {
            "mean": 0.07313035541236174,
            "std": 0.22993930948563246
        },
        "sufficiencies @ 0.02": {
            "mean": 0.2585430603452481,
            "std": 0.3272333790088051
        },
        "comprehensiveness @ 0.02": {
            "mean": 0.07225665765122292,
            "std": 0.2278941513322443
        },
        "sufficiencies @ 0.05": {
            "mean": 0.26848352396200514,
            "std": 0.3385324396839585
        },
        "comprehensiveness @ 0.05": {
            "mean": 0.1069636565618046,
            "std": 0.2692140369262298
        },
        "sufficiencies @ 0.1": {
            "mean": 0.2979041102181102,
            "std": 0.3514082662689122
        },
        "comprehensiveness @ 0.1": {
            "mean": 0.15463255829914577,
            "std": 0.3154625779969292
        },
        "sufficiencies @ 0.2": {
            "mean": 0.3881831392059305,
            "std": 0.38847385828390796
        },
        "comprehensiveness @ 0.2": {
            "mean": 0.2583592121420244,
            "std": 0.37996233153230063
        },
        "sufficiencies @ 0.5": {
            "mean": 0.7043335998037015,
            "std": 0.37852603537708257
        },
        "comprehensiveness @ 0.5": {
            "mean": 0.5871587885775883,
            "std": 0.41150662463348214
        },
        "sufficiencies @ 1.0": {
            "mean": 0.9962955866607855,
            "std": 0.04465894164059188
        },
        "comprehensiveness @ 1.0": {
            "mean": 0.7781914388409323,
            "std": 0.2922330037734854
        },
        "AOPC - sufficiency": {
            "mean": 0.45317610494764915,
            "std": 0.2550057011662192
        },
        "AOPC - comprehensiveness": {
            "mean": 0.29009895249786855,
            "std": 0.19470950557083036
        }
    },
    "gradients": {
        "sufficiencies @ 0.01": {
            "mean": 0.23817524739653245,
            "std": 0.3067101630101365
        },
        "comprehensiveness @ 0.01": {
            "mean": 0.10295656773911346,
            "std": 0.2763114845705861
        },
        "sufficiencies @ 0.02": {
            "mean": 0.23827885308923583,
            "std": 0.3067362037674352
        },
        "comprehensiveness @ 0.02": {
            "mean": 0.10293142277372457,
            "std": 0.2762855435415022
        },
        "sufficiencies @ 0.05": {
            "mean": 0.23960584898867865,
            "std": 0.30639678739289594
        },
        "comprehensiveness @ 0.05": {
            "mean": 0.12162557150607098,
            "std": 0.2933890528907236
        },
        "sufficiencies @ 0.1": {
            "mean": 0.2614052809824585,
            "std": 0.31990961931979445
        },
        "comprehensiveness @ 0.1": {
            "mean": 0.15520124059310123,
            "std": 0.3233825310786615
        },
        "sufficiencies @ 0.2": {
            "mean": 0.33067855654498207,
            "std": 0.36121160552196346
        },
        "comprehensiveness @ 0.2": {
            "mean": 0.2171481728061666,
            "std": 0.3592334903629637
        },
        "sufficiencies @ 0.5": {
            "mean": 0.6567021421029701,
            "std": 0.3950517944147875
        },
        "comprehensiveness @ 0.5": {
            "mean": 0.4590777152736591,
            "std": 0.4077887014678275
        },
        "sufficiencies @ 1.0": {
            "mean": 0.9980134346210948,
            "std": 0.023798931546413125
        },
        "comprehensiveness @ 1.0": {
            "mean": 0.7778017830849601,
            "std": 0.2923858234986374
        },
        "AOPC - sufficiency": {
            "mean": 0.42326562338942175,
            "std": 0.22902009704614903
        },
        "AOPC - comprehensiveness": {
            "mean": 0.27667749625382804,
            "std": 0.22322646058466322
        }
    },
    "scaled attention": {
        "sufficiencies @ 0.01": {
            "mean": 0.2244143384888591,
            "std": 0.29390415517620266
        },
        "comprehensiveness @ 0.01": {
            "mean": 0.009094477942915688,
            "std": 0.07590376950918423
        },
        "sufficiencies @ 0.02": {
            "mean": 0.22446976605773386,
            "std": 0.2939257659473099
        },
        "comprehensiveness @ 0.02": {
            "mean": 0.008970440397605308,
            "std": 0.07542639552094117
        },
        "sufficiencies @ 0.05": {
            "mean": 0.22809650132316525,
            "std": 0.30187293362957146
        },
        "comprehensiveness @ 0.05": {
            "mean": 0.06738675825398578,
            "std": 0.2159879216559423
        },
        "sufficiencies @ 0.1": {
            "mean": 0.2768669817012999,
            "std": 0.33638471887468785
        },
        "comprehensiveness @ 0.1": {
            "mean": 0.15855723696175905,
            "std": 0.3159632313218259
        },
        "sufficiencies @ 0.2": {
            "mean": 0.4615322578282496,
            "std": 0.3985464274977005
        },
        "comprehensiveness @ 0.2": {
            "mean": 0.31594637484242893,
            "std": 0.40620279015714655
        },
        "sufficiencies @ 0.5": {
            "mean": 0.798802662302732,
            "std": 0.33244409522179363
        },
        "comprehensiveness @ 0.5": {
            "mean": 0.5941273204828749,
            "std": 0.40898387976598366
        },
        "sufficiencies @ 1.0": {
            "mean": 0.9986289223183007,
            "std": 0.015911944816780235
        },
        "comprehensiveness @ 1.0": {
            "mean": 0.7774135504763873,
            "std": 0.292539141294999
        },
        "AOPC - sufficiency": {
            "mean": 0.45897306143147715,
            "std": 0.21440144105446893
        },
        "AOPC - comprehensiveness": {
            "mean": 0.27592802276542244,
            "std": 0.14856129490874398
        }
    },
    "random": {
        "sufficiencies @ 0.01": {
            "mean": 0.2434531946915446,
            "std": 0.30843334537352013
        },
        "comprehensiveness @ 0.01": {
            "mean": 0.07461776597369901,
            "std": 0.2291892568193438
        },
        "sufficiencies @ 0.02": {
            "mean": 0.24351071738432348,
            "std": 0.3084508525677859
        },
        "comprehensiveness @ 0.02": {
            "mean": 0.07460026904307922,
            "std": 0.22916359460261768
        },
        "sufficiencies @ 0.05": {
            "mean": 0.23869258723141826,
            "std": 0.3049959696454984
        },
        "comprehensiveness @ 0.05": {
            "mean": 0.09112291246177252,
            "std": 0.25091617793722015
        },
        "sufficiencies @ 0.1": {
            "mean": 0.25286915330159904,
            "std": 0.31333005528912544
        },
        "comprehensiveness @ 0.1": {
            "mean": 0.12088410235783248,
            "std": 0.28236266962629414
        },
        "sufficiencies @ 0.2": {
            "mean": 0.3154750402766984,
            "std": 0.3502373658046185
        },
        "comprehensiveness @ 0.2": {
            "mean": 0.17710593850398204,
            "std": 0.32646622857176394
        },
        "sufficiencies @ 0.5": {
            "mean": 0.5971436637879894,
            "std": 0.40754841369393807
        },
        "comprehensiveness @ 0.5": {
            "mean": 0.41590900553546095,
            "std": 0.40803187165201016
        },
        "sufficiencies @ 1.0": {
            "mean": 0.998938742604661,
            "std": 0.011973478495492651
        },
        "comprehensiveness @ 1.0": {
            "mean": 0.7770267311852153,
            "std": 0.2926929424522494
        },
        "AOPC - sufficiency": {
            "mean": 0.4128690141826049,
            "std": 0.2303557297761145
        },