{
    "gradients": {
        "sufficiencies @ 0.01": {
            "mean": 0.2379945410257195,
            "std": 0.30677264697621753
        },
        "comprehensiveness @ 0.01": {
            "mean": 0.1029172141795321,
            "std": 0.27641168605413363
        },
        "sufficiencies @ 0.02": {
            "mean": 0.23832893834416027,
            "std": 0.3069262185927994
        },
        "comprehensiveness @ 0.02": {
            "mean": 0.10288351473258801,
            "std": 0.2763666009517019
        },
        "sufficiencies @ 0.05": {
            "mean": 0.2397397514871616,
            "std": 0.30668934787903246
        },
        "comprehensiveness @ 0.05": {
            "mean": 0.12159309983482082,
            "std": 0.29347247131417137
        },
        "sufficiencies @ 0.1": {
            "mean": 0.2615390415421175,
            "std": 0.32018936179387536
        },
        "comprehensiveness @ 0.1": {
            "mean": 0.15515734152796865,
            "std": 0.3234337799789459
        },
        "sufficiencies @ 0.2": {
            "mean": 0.3307042029627152,
            "std": 0.3612788075680422
        },
        "comprehensiveness @ 0.2": {
            "mean": 0.21715630279944692,
            "std": 0.35926035293961905
        },
        "sufficiencies @ 0.5": {
            "mean": 0.6566782106684076,
            "std": 0.3950735807796396
        },
        "comprehensiveness @ 0.5": {
            "mean": 0.45911025081793333,
            "std": 0.4078119905838738
        },
        "sufficiencies @ 1.0": {
            "mean": 0.9999941504470683,
            "std": 6.35110382520821e-05
        },
        "comprehensiveness @ 1.0": {
            "mean": 0.7775881947603216,
            "std": 0.29256892071943175
        },
        "AOPC - sufficiency": {
            "mean": 0.42356840521105,
            "std": 0.22918072675652623
        },
        "AOPC - comprehensiveness": {
            "mean": 0.276629416950373,
            "std": 0.22329891769519508
        }
    },
    "ig": {
        "sufficiencies @ 0.01": {
            "mean": 0.28666877339624436,
            "std": 0.3334669611378439
        },
        "comprehensiveness @ 0.01": {
            "mean": 0.14908415079774906,
            "std": 0.3229936706325754
        },
        "sufficiencies @ 0.02": {
            "mean": 0.2867904522068318,
            "std": 0.3334969941429684
        },
        "comprehensiveness @ 0.02": {
            "mean": 0.1489759252142667,
            "std": 0.32280887711523437
        },
        "sufficiencies @ 0.05": {
            "mean": 0.29483307326682523,
            "std": 0.3397027717029345
        },
        "comprehensiveness @ 0.05": {
            "mean": 0.17221900421893363,
            "std": 0.33931456212818195
        },
        "sufficiencies @ 0.1": {
            "mean": 0.33668597134007144,
            "std": 0.35821605015946006
        },
        "comprehensiveness @ 0.1": {
            "mean": 0.22986667741916686,
            "std": 0.37519250775190766
        },
        "sufficiencies @ 0.2": {
            "mean": 0.44795583651739335,
            "std": 0.3943697614895891
        },
        "comprehensiveness @ 0.2": {
            "mean": 0.3473585496921998,
            "std": 0.420383109831128
        },
        "sufficiencies @ 0.5": {
            "mean": 0.799303011749576,
            "std": 0.3254633506466875
        },
        "comprehensiveness @ 0.5": {
            "mean": 0.66590812227203,
            "std": 0.3916962026591354
        },
        "sufficiencies @ 1.0": {
            "mean": 0.9999969176789045,
            "std": 3.233773363231535e-05
        },
        "comprehensiveness @ 1.0": {
            "mean": 0.7768153249589854,
            "std": 0.29287675903909555
        },
        "AOPC - sufficiency": {
            "mean": 0.4931762908794067,
            "std": 0.250005588673039
        },
        "AOPC - comprehensiveness": {
            "mean": 0.3557468220819045,
            "std": 0.24876209811862496
        }
    },
    "attention": {
        "sufficiencies @ 0.01": {
            "mean": 0.2253176018919974,
            "std": 0.2944368775925602
        },
        "comprehensiveness @ 0.01": {
            "mean": 0.006619014596789415,
            "std": 0.06833093115046829
        },
        "sufficiencies @ 0.02": {
            "mean": 0.2254272879404564,
            "std": 0.2944803795712278
        },
        "comprehensiveness @ 0.02": {
            "mean": 0.006616466883660982,
            "std": 0.06831214466467604
        },
        "sufficiencies @ 0.05": {
            "mean": 0.22936537144569163,
            "std": 0.30236779959869775
        },
        "comprehensiveness @ 0.05": {
            "mean": 0.06618301313844102,
            "std": 0.21501126706826973
        },
        "sufficiencies @ 0.1": {
            "mean": 0.27705171439314863,
            "std": 0.33597509923926494
        },
        "comprehensiveness @ 0.1": {
            "mean": 0.15794297448542718,
            "std": 0.3155023282364243
        },
        "sufficiencies @ 0.2": {
            "mean": 0.46047351986370555,
            "std": 0.39768029869403154
        },
        "comprehensiveness @ 0.2": {
            "mean": 0.3146900031385567,
            "std": 0.40602571787644376
        },
        "sufficiencies @ 0.5": {
            "mean": 0.7997113285562027,
            "std": 0.3317419911353824
        },
        "comprehensiveness @ 0.5": {
            "mean": 0.5926843340030313,
            "std": 0.40899719166099757
        },
        "sufficiencies @ 1.0": {
            "mean": 0.9999978616865165,
            "std": 2.176943991982658e-05
        },
        "comprehensiveness @ 1.0": {
            "mean": 0.7760480351838001,
            "std": 0.293186412856506
        },
        "AOPC - sufficiency": {
            "mean": 0.459620669396817,
            "std": 0.21448149304049138
        },
        "AOPC - comprehensiveness": {
            "mean": 0.27439769163281524,
            "std": 0.1477826686722426
        }
    },
    "random": {
        "sufficiencies @ 0.01": {
            "mean": 0.24490820071590216,
            "std": 0.30896874242814454
        },
        "comprehensiveness @ 0.01": {
            "mean": 0.07392971638139832,
            "std": 0.2278133641470301
        },
        "sufficiencies @ 0.02": {
            "mean": 0.2450231692801795,
            "std": 0.3090030310259259
        },
        "comprehensiveness @ 0.02": {
            "mean": 0.07388832792352107,
            "std": 0.22773999105817277
        },
        "sufficiencies @ 0.05": {
            "mean": 0.24031386006921854,
            "std": 0.30556527384182275
        },
        "comprehensiveness @ 0.05": {
            "mean": 0.09036395804587136,
            "std": 0.24955511962542665
        },
        "sufficiencies @ 0.1": {
            "mean": 0.2545832575051253,
            "std": 0.3138411923562943
        },
        "comprehensiveness @ 0.1": {
            "mean": 0.12007095793373557,
            "std": 0.2810510310539139
        },
        "sufficiencies @ 0.2": {
            "mean": 0.3171867638889901,
            "std": 0.35046191109787994
        },
        "comprehensiveness @ 0.2": {
            "mean": 0.176387391357329,
            "std": 0.3258422405559841
        },
        "sufficiencies @ 0.5": {
            "mean": 0.598400166547821,
            "std": 0.4071364912880376
        },
        "comprehensiveness @ 0.5": {
            "mean": 0.4146067421630743,
            "std": 0.4076170701304697
        },
        "sufficiencies @ 1.0": {
            "mean": 0.9999983406791576,
            "std": 1.6441287736223225e-05
        },
        "comprehensiveness @ 1.0": {
            "mean": 0.7752862497706258,
            "std": 0.2934977729074917
        },
        "AOPC - sufficiency": {
            "mean": 0.41434482266948486,
            "std": 0.23077002916769943
        },