{
    "gradients": {
        "sufficiencies @ 0.01": {
            "mean": 0.14223164504130306,
            "std": 0.24650050618526345
        },
        "comprehensiveness @ 0.01": {
            "mean": 0.062450867679319205,
            "std": 0.20864107425116338
        },
        "sufficiencies @ 0.02": {
            "mean": 0.14228352490681137,
            "std": 0.24650558278781023
        },
        "comprehensiveness @ 0.02": {
            "mean": 0.06244205948571899,
            "std": 0.20861510763631366
        },
        "sufficiencies @ 0.05": {
            "mean": 0.15794541224361025,
            "std": 0.26586630862853167
        },
        "comprehensiveness @ 0.05": {
            "mean": 0.08293347111186591,
            "std": 0.24617917981265605
        },
        "sufficiencies @ 0.1": {
            "mean": 0.15088631874052189,
            "std": 0.22113806747475226
        },
        "comprehensiveness @ 0.1": {
            "mean": 0.09332677380875241,
            "std": 0.25642179080156197
        },
        "sufficiencies @ 0.2": {
            "mean": 0.3118012031056645,
            "std": 0.3268008232978878
        },
        "comprehensiveness @ 0.2": {
            "mean": 0.11108379430419574,
            "std": 0.2635552137377779
        },
        "sufficiencies @ 0.5": {
            "mean": 0.6643969388018156,
            "std": 0.37903711210886376
        },
        "comprehensiveness @ 0.5": {
            "mean": 0.44845504082782434,
            "std": 0.41279495227999985
        },
        "sufficiencies @ 1.0": {
            "mean": 0.999988228927922,
            "std": 6.428012795057276e-05
        },
        "comprehensiveness @ 1.0": {
            "mean": 0.9065043436556631,
            "std": 0.21091881150168595
        },
        "AOPC - sufficiency": {
            "mean": 0.3670761816810927,
            "std": 0.18039168680561254
        },
        "AOPC - comprehensiveness": {
            "mean": 0.25245662155333426,
            "std": 0.1770430754411499
        }
    },
    "scaled attention": {
        "sufficiencies @ 0.01": {
            "mean": 0.0940477944800461,
            "std": 0.2108849421837864
        },
        "comprehensiveness @ 0.01": {
            "mean": 0.00019027942867540782,
            "std": 0.0010624073276278645
        },
        "sufficiencies @ 0.02": {
            "mean": 0.09408049967273525,
            "std": 0.21089560087112325
        },
        "comprehensiveness @ 0.02": {
            "mean": 0.00019024694447911895,
            "std": 0.0010622332929817505
        },
        "sufficiencies @ 0.05": {
            "mean": 0.0943037022442337,
            "std": 0.21157984403608468
        },
        "comprehensiveness @ 0.05": {
            "mean": 0.006544373902336316,
            "std": 0.028721413773397264
        },
        "sufficiencies @ 0.1": {
            "mean": 0.12374672790534864,
            "std": 0.20157011907874933
        },
        "comprehensiveness @ 0.1": {
            "mean": 0.10833604082642317,
            "std": 0.2796603714452802
        },
        "sufficiencies @ 0.2": {
            "mean": 0.40836039130724466,
            "std": 0.361175500292331
        },
        "comprehensiveness @ 0.2": {
            "mean": 0.18490978171528258,
            "std": 0.33421281685551685
        },
        "sufficiencies @ 0.5": {
            "mean": 0.7896703115484067,
            "std": 0.3473065678736999
        },
        "comprehensiveness @ 0.5": {
            "mean": 0.5646501029503566,
            "std": 0.4293383530421938
        },
        "sufficiencies @ 1.0": {
            "mean": 0.9999882548332689,
            "std": 6.412638720441912e-05
        },
        "comprehensiveness @ 1.0": {
            "mean": 0.9062954547517915,
            "std": 0.2110010388247833
        },
        "AOPC - sufficiency": {
            "mean": 0.3720282402844692,
            "std": 0.13674529871272603
        },
        "AOPC - comprehensiveness": {
            "mean": 0.25301661150276344,
            "std": 0.12458007137179247
        }
    },
    "attention": {
        "sufficiencies @ 0.01": {
            "mean": 0.09427655764922185,
            "std": 0.21095969735338704
        },
        "comprehensiveness @ 0.01": {
            "mean": 0.00019005228466186463,
            "std": 0.0010611902875053171
        },
        "sufficiencies @ 0.02": {
            "mean": 0.0943092051455826,
            "std": 0.21097040409242707
        },
        "comprehensiveness @ 0.02": {
            "mean": 0.00019001988218825277,
            "std": 0.001061016653392328
        },
        "sufficiencies @ 0.05": {
            "mean": 0.09453211831771649,
            "std": 0.21165359110962154
        },
        "comprehensiveness @ 0.05": {
            "mean": 0.006533068746911828,
            "std": 0.02867383874379197
        },
        "sufficiencies @ 0.1": {
            "mean": 0.12409833559411698,
            "std": 0.20170749528554255
        },
        "comprehensiveness @ 0.1": {
            "mean": 0.1082576164161971,
            "std": 0.27951726002376126
        },
        "sufficiencies @ 0.2": {
            "mean": 0.4067087723330405,
            "std": 0.36355698278724125
        },
        "comprehensiveness @ 0.2": {
            "mean": 0.17775407292038778,
            "std": 0.33397138290056877
        },
        "sufficiencies @ 0.5": {
            "mean": 0.7897488724957225,
            "std": 0.3472832069540097
        },
        "comprehensiveness @ 0.5": {
            "mean": 0.5644363439618973,
            "std": 0.4292740651782766
        },
        "sufficiencies @ 1.0": {
            "mean": 0.9999882806210332,
            "std": 6.397338191812483e-05
        },
        "comprehensiveness @ 1.0": {
            "mean": 0.9060869285931679,
            "std": 0.2110835264885039
        },
        "AOPC - sufficiency": {
            "mean": 0.3719517345937763,
            "std": 0.13589686138174467
        },
        "AOPC - comprehensiveness": {
            "mean": 0.25192115754363026,
            "std": 0.12517304592617073
        }
    },
    "random": {
        "sufficiencies @ 0.01": {
            "mean": 0.1398853873920981,
            "std": 0.26206639606582527
        },
        "comprehensiveness @ 0.01": {
            "mean": 0.009228964734581763,
            "std": 0.045130095394513896
        },
        "sufficiencies @ 0.02": {
            "mean": 0.13992014963160831,
            "std": 0.26207513357337103
        },
        "comprehensiveness @ 0.02": {
            "mean": 0.009227212929217054,
            "std": 0.045120976672941446
        },
        "sufficiencies @ 0.05": {
            "mean": 0.14398032613605488,
            "std": 0.2654096938868766
        },
        "comprehensiveness @ 0.05": {
            "mean": 0.010335682877539405,
            "std": 0.04519932410658091
        },
        "sufficiencies @ 0.1": {
            "mean": 0.2176781647399304,
            "std": 0.31059169473657444
        },
        "comprehensiveness @ 0.1": {
            "mean": 0.06319928756269205,
            "std": 0.21318685197659723
        },
        "sufficiencies @ 0.2": {
            "mean": 0.3125946337458165,
            "std": 0.3601396152279306
        },
        "comprehensiveness @ 0.2": {
            "mean": 0.13600626313602945,
            "std": 0.303407528551333
        },
        "sufficiencies @ 0.5": {
            "mean": 0.6385426374613865,
            "std": 0.41361880249433536
        },
        "comprehensiveness @ 0.5": {
            "mean": 0.4350595051349411,
            "std": 0.41539210156781864
        },
        "sufficiencies @ 1.0": {
            "mean": 0.999988306292029,
            "std": 6.382110682053286e-05
        },
        "comprehensiveness @ 1.0": {
            "mean": 0.9058787641977487,
            "std": 0.21116627246944436
        },
        "AOPC - sufficiency": {
            "mean": 0.37036994362841774,