{
    "attention": {
        "sufficiency": {
            "mean": 0.4585771237025629,
            "std": 0.3979673551164766
        },
        "comprehensiveness": {
            "mean": 0.31587369319827885,
            "std": 0.4066538110103188
        },
        "AOPC - sufficiency": {
            "mean": 0.3511474850972146,
            "std": 0.2008285423640833
        },
        "AOPC - comprehensiveness": {
            "mean": 0.2172134999963552,
            "std": 0.17711322619988693
        }
    },
    "ig": {
        "sufficiency": {
            "mean": 0.4472376772291173,
            "std": 0.39443136719673594
        },
        "comprehensiveness": {
            "mean": 0.34774288400332,
            "std": 0.4205640254205507
        },
        "AOPC - sufficiency": {
            "mean": 0.3736083955130185,
            "std": 0.22851592983793628
        },
        "AOPC - comprehensiveness": {
            "mean": 0.27889914225571555,
            "std": 0.2394921343870861
        }
    },
    "scaled attention": {
        "sufficiency": {
            "mean": 0.46170289701953293,
            "std": 0.3985211854745486
        },
        "comprehensiveness": {
            "mean": 0.3157866983702212,
            "std": 0.4061815140402606
        },
        "AOPC - sufficiency": {
            "mean": 0.3524452879031705,
            "std": 0.2010285145364428
        },
        "AOPC - comprehensiveness": {
            "mean": 0.21536917643006845,
            "std": 0.1770857321468194
        }
    },
    "deeplift": {
        "sufficiency": {
            "mean": 0.38954909122499665,
            "std": 0.38837577487611796
        },
        "comprehensiveness": {
            "mean": 0.2572061941285703,
            "std": 0.37925726819986494
        },
        "AOPC - sufficiency": {
            "mean": 0.3307819439646766,
            "std": 0.23627973961095242
        },
        "AOPC - comprehensiveness": {
            "mean": 0.21319274145255798,
            "std": 0.20101038819135378
        }
    },
    "random": {
        "sufficiency": {
            "mean": 0.31621005358949245,
            "std": 0.35030275700346014
        },
        "comprehensiveness": {
            "mean": 0.17679037095152642,
            "std": 0.3261807104196874
        },
        "AOPC - sufficiency": {
            "mean": 0.2823307112701414,
            "std": 0.21652911877142228
        },
        "AOPC - comprehensiveness": {
            "mean": 0.1573780084424472,
            "std": 0.1940293490147244
        }
    },
    "gradients": {
        "sufficiency": {
            "mean": 0.3330877650772188,
            "std": 0.36109241400355435
        },
        "comprehensiveness": {
            "mean": 0.21622626576612963,
            "std": 0.3585002517670669
        },
        "AOPC - sufficiency": {
            "mean": 0.2991078224573962,
            "std": 0.214520152801315
        },
        "AOPC - comprehensiveness": {
            "mean": 0.18606458106242174,
            "std": 0.21608224880298982
        }
    }
}