{
    "attention": {
        "sufficiencies @ 0.01": {
            "mean": 0.22345362409062686,
            "std": 0.29361892169842224
        },
        "comprehensiveness @ 0.01": {
            "mean": 0.5540911587040088,
            "std": 0.497065535467968
        },
        "sufficiencies @ 0.02": {
            "mean": 0.22345362967867574,
            "std": 0.29361892383886745
        },
        "comprehensiveness @ 0.02": {
            "mean": 0.5540911587040088,
            "std": 0.497065535467968
        },
        "sufficiencies @ 0.05": {
            "mean": 0.22725744346496785,
            "std": 0.3015879505547075
        },
        "comprehensiveness @ 0.05": {
            "mean": 0.6655683690280065,
            "std": 0.4717913894693351
        },
        "sufficiencies @ 0.1": {
            "mean": 0.2748679190418543,
            "std": 0.33550027921106607
        },
        "comprehensiveness @ 0.1": {
            "mean": 0.7884215484955666,
            "std": 0.40829065488760463
        },
        "sufficiencies @ 0.2": {
            "mean": 0.4582279076982038,
            "std": 0.39802938967428697
        },
        "comprehensiveness @ 0.2": {
            "mean": 0.8830313014827018,
            "std": 0.32138298350172123
        },
        "sufficiencies @ 0.5": {
            "mean": 0.7982080151904549,
            "std": 0.3331923892303913
        },
        "comprehensiveness @ 0.5": {
            "mean": 0.9450851180669961,
            "std": 0.22781404187470114
        },
        "sufficiencies @ 1.0": {
            "mean": 0.9864428560766215,
            "std": 0.11439371123635604
        },
        "comprehensiveness @ 1.0": {
            "mean": 0.9681493684788578,
            "std": 0.17560230292580628
        },
        "AOPC - sufficiency": {
            "mean": 0.45598734217734355,
            "std": 0.21439412068076666
        },
        "AOPC - comprehensiveness": {
            "mean": 0.7654911461371636,
            "std": 0.23832228877075556
        }
    },
    "scaled attention": {
        "sufficiencies @ 0.01": {
            "mean": 0.2235892839953554,
            "std": 0.29358940857724747
        },
        "comprehensiveness @ 0.01": {
            "mean": 0.5551894563426688,
            "std": 0.49694478959800015
        },
        "sufficiencies @ 0.02": {
            "mean": 0.2235892895819251,
            "std": 0.29358941072406036
        },
        "comprehensiveness @ 0.02": {
            "mean": 0.5551894563426688,
            "std": 0.49694478959800015
        },
        "sufficiencies @ 0.05": {
            "mean": 0.22713999368965668,
            "std": 0.30156655572490876
        },
        "comprehensiveness @ 0.05": {
            "mean": 0.6655683690280065,
            "std": 0.4717913894693351
        },
        "sufficiencies @ 0.1": {
            "mean": 0.27584334698093826,
            "std": 0.3362366653842411
        },
        "comprehensiveness @ 0.1": {
            "mean": 0.7878723996762365,
            "std": 0.40867802731462666
        },
        "sufficiencies @ 0.2": {
            "mean": 0.4604168213959283,
            "std": 0.39877361256418453
        },
        "comprehensiveness @ 0.2": {
            "mean": 0.8830313014827018,
            "std": 0.32138298350172123
        },
        "sufficiencies @ 0.5": {
            "mean": 0.7980690455391272,
            "std": 0.33315151751920413
        },
        "comprehensiveness @ 0.5": {
            "mean": 0.9445359692476661,
            "std": 0.22888375225218163
        },
        "sufficiencies @ 1.0": {
            "mean": 0.9864428633141178,
            "std": 0.11439368950054897
        },
        "comprehensiveness @ 1.0": {
            "mean": 0.9681493684788578,
            "std": 0.17560230292580628
        },
        "AOPC - sufficiency": {
            "mean": 0.4564415206424355,
            "std": 0.21458323656308945
        },
        "AOPC - comprehensiveness": {
            "mean": 0.7656480457998295,
            "std": 0.23861751851053328
        }
    },
    "gradients": {
        "sufficiencies @ 0.01": {
            "mean": 0.2375850703313606,
            "std": 0.3066237443571657
        },
        "comprehensiveness @ 0.01": {
            "mean": 0.6754530477759473,
            "std": 0.4682053267810301
        },
        "sufficiencies @ 0.02": {
            "mean": 0.23758507610891183,
            "std": 0.3066237462209006
        },
        "comprehensiveness @ 0.02": {
            "mean": 0.6754530477759473,
            "std": 0.4682053267810301
        },
        "sufficiencies @ 0.05": {
            "mean": 0.2387860228889059,
            "std": 0.306260814413886
        },
        "comprehensiveness @ 0.05": {
            "mean": 0.7171883580450302,
            "std": 0.450365648256729
        },
        "sufficiencies @ 0.1": {
            "mean": 0.26012142543939226,
            "std": 0.3195383539329847
        },
        "comprehensiveness @ 0.1": {
            "mean": 0.7797913234486545,
            "std": 0.414387276979941
        },
        "sufficiencies @ 0.2": {
            "mean": 0.32989878657181093,
            "std": 0.36123640642489524
        },
        "comprehensiveness @ 0.2": {
            "mean": 0.8401976935749588,
            "std": 0.36642261022796946
        },
        "sufficiencies @ 0.5": {
            "mean": 0.6561470653987261,
            "std": 0.39532980449853605
        },
        "comprehensiveness @ 0.5": {
            "mean": 0.942888522789676,
            "std": 0.23205550280305492
        },
        "sufficiencies @ 1.0": {
            "mean": 0.9864428705512169,
            "std": 0.11439366776667874
        },
        "comprehensiveness @ 1.0": {
            "mean": 0.9681493684788578,
            "std": 0.17560230292580628
        },
        "AOPC - sufficiency": {
            "mean": 0.42093804532718926,
            "std": 0.22874320499467485
        },
        "AOPC - comprehensiveness": {
            "mean": 0.7998744802698673,
            "std": 0.26578654661854784
        }
    },
    "random": {
        "sufficiencies @ 0.01": {
            "mean": 0.24217622166109268,
            "std": 0.30805483772308745
        },
        "comprehensiveness @ 0.01": {
            "mean": 0.7342119714442614,
            "std": 0.44175191276574294
        },
        "sufficiencies @ 0.02": {
            "mean": 0.24217622748142767,
            "std": 0.3080548394544452
        },
        "comprehensiveness @ 0.02": {
            "mean": 0.7342119714442614,
            "std": 0.44175191276574294
        },
        "sufficiencies @ 0.05": {
            "mean": 0.23726812570025535,
            "std": 0.30458470061432086
        },
        "comprehensiveness @ 0.05": {
            "mean": 0.7666117517847336,
            "std": 0.4229872028918553
        },
        "sufficiencies @ 0.1": {
            "mean": 0.2513314620233002,
            "std": 0.312966449619667
        },
        "comprehensiveness @ 0.1": {
            "mean": 0.7948240544616162,
            "std": 0.4036708123233679
        },
        "sufficiencies @ 0.2": {
            "mean": 0.3138534181142668,
            "std": 0.3501095920785944
        },
        "comprehensiveness @ 0.2": {
            "mean": 0.8406370126304228,
            "std": 0.36589419483660623
        },
        "sufficiencies @ 0.5": {
            "mean": 0.5959165380519849,
            "std": 0.4079663620991385
        },
        "comprehensiveness @ 0.5": {
            "mean": 0.9236683141131247,
            "std": 0.265528076889324
        },
        "sufficiencies @ 1.0": {
            "mean": 0.9864428777879188,
            "std": 0.11439364603474517
        },
        "comprehensiveness @ 1.0": {
            "mean": 0.9681493684788578,
            "std": 0.17560230292580628
        },
        "AOPC - sufficiency": {
            "mean": 0.4098806958314638,
            "std": 0.23043698265343934
        },