{
    "ig": {
        "sufficiencies @ 0.01": {
            "mean": 0.2856905941042913,
            "std": 0.3332269094965967
        },
        "comprehensiveness @ 0.01": {
            "mean": 0.14958993648320187,
            "std": 0.32382039652016614
        },
        "sufficiencies @ 0.02": {
            "mean": 0.2856906002438184,
            "std": 0.33322691099706847
        },
        "comprehensiveness @ 0.02": {
            "mean": 0.14958993648320187,
            "std": 0.32382039652016614
        },
        "sufficiencies @ 0.05": {
            "mean": 0.293567068579734,
            "std": 0.33947895404697565
        },
        "comprehensiveness @ 0.05": {
            "mean": 0.17290320040534626,
            "std": 0.34025671426938287
        },
        "sufficiencies @ 0.1": {
            "mean": 0.33506786857664916,
            "std": 0.35794029117762394
        },
        "comprehensiveness @ 0.1": {
            "mean": 0.2306973605468332,
            "std": 0.37601317944379054
        },
        "sufficiencies @ 0.2": {
            "mean": 0.4464363501550119,
            "std": 0.394654906691071
        },
        "comprehensiveness @ 0.2": {
            "mean": 0.3481123896119754,
            "std": 0.42071371491631604
        },
        "sufficiencies @ 0.5": {
            "mean": 0.7985049530783382,
            "std": 0.32608037442700066
        },
        "comprehensiveness @ 0.5": {
            "mean": 0.6670697990615474,
            "std": 0.39156094876284897
        },
        "sufficiencies @ 1.0": {
            "mean": 0.9999999998360997,
            "std": 6.992229572694772e-09
        },
        "comprehensiveness @ 1.0": {
            "mean": 0.7783109252054549,
            "std": 0.2922846250271241
        },
        "AOPC - sufficiency": {
            "mean": 0.49213677636770614,
            "std": 0.24994626842348452
        },
        "AOPC - comprehensiveness": {
            "mean": 0.35661050682822293,
            "std": 0.24924722378507053
        }
    },
    "random": {
        "sufficiencies @ 0.01": {
            "mean": 0.24236846557454106,
            "std": 0.30820796264707057
        },
        "comprehensiveness @ 0.01": {
            "mean": 0.0748077946168546,
            "std": 0.2296450179606321
        },
        "sufficiencies @ 0.02": {
            "mean": 0.24236847137993076,
            "std": 0.30820796438217046
        },
        "comprehensiveness @ 0.02": {
            "mean": 0.0748077946168546,
            "std": 0.2296450179606321
        },
        "sufficiencies @ 0.05": {
            "mean": 0.23747538459972578,
            "std": 0.30473655344021583
        },
        "comprehensiveness @ 0.05": {
            "mean": 0.0913846101916763,
            "std": 0.2513848541035952
        },
        "sufficiencies @ 0.1": {
            "mean": 0.2515020484362529,
            "std": 0.3131054834132673
        },
        "comprehensiveness @ 0.1": {
            "mean": 0.1213276610966702,
            "std": 0.2829444602252641
        },
        "sufficiencies @ 0.2": {
            "mean": 0.3139654455739483,
            "std": 0.35020114789622037
        },
        "comprehensiveness @ 0.2": {
            "mean": 0.17773013866884577,
            "std": 0.3270264321435617
        },
        "sufficiencies @ 0.5": {
            "mean": 0.5959458099978866,
            "std": 0.4079610493626388
        },
        "comprehensiveness @ 0.5": {
            "mean": 0.4170412646505256,
            "std": 0.4084064638959719
        },
        "sufficiencies @ 1.0": {
            "mean": 0.9999999998360997,
            "std": 6.992230389400547e-09
        },
        "comprehensiveness @ 1.0": {
            "mean": 0.7783109252054549,
            "std": 0.2922846250271241
        },
        "AOPC - sufficiency": {
            "mean": 0.411946517914055,
            "std": 0.2303250250098738
        },
        "AOPC - comprehensiveness": {
            "mean": 0.2479157412924117,
            "std": 0.1970311760582994
        }
    },
    "scaled attention": {
        "sufficiencies @ 0.01": {
            "mean": 0.22379381369566195,
            "std": 0.29375819827162575
        },
        "comprehensiveness @ 0.01": {
            "mean": 0.00712626129630662,
            "std": 0.07236871303948471
        },
        "sufficiencies @ 0.02": {
            "mean": 0.22379381926777878,
            "std": 0.2937582004223443
        },
        "comprehensiveness @ 0.02": {
            "mean": 0.00712626129630662,
            "std": 0.07236871303948471
        },
        "sufficiencies @ 0.05": {
            "mean": 0.22734003493769822,
            "std": 0.3017281304070719
        },
        "comprehensiveness @ 0.05": {
            "mean": 0.06619090911469087,
            "std": 0.21581758744962687
        },
        "sufficiencies @ 0.1": {
            "mean": 0.2759822458796406,
            "std": 0.336380588618869
        },
        "comprehensiveness @ 0.1": {
            "mean": 0.1584444527852762,
            "std": 0.316344788671673
        },
        "sufficiencies @ 0.2": {
            "mean": 0.4604474002423588,
            "std": 0.39884593933123486
        },
        "comprehensiveness @ 0.2": {
            "mean": 0.31647744008343826,
            "std": 0.4066314381663334
        },
        "sufficiencies @ 0.5": {
            "mean": 0.7981160574971093,
            "std": 0.333103411935163
        },
        "comprehensiveness @ 0.5": {
            "mean": 0.5949869873805214,
            "std": 0.40900946199429167
        },
        "sufficiencies @ 1.0": {
            "mean": 0.9999999998360997,
            "std": 6.992228753388024e-09
        },
        "comprehensiveness @ 1.0": {
            "mean": 0.7783109252054549,
            "std": 0.2922846250271241
        },
        "AOPC - sufficiency": {
            "mean": 0.45849619590804963,
            "std": 0.21448606691570102
        },
        "AOPC - comprehensiveness": {
            "mean": 0.27552331959457066,
            "std": 0.14857121788359057
        }
    },
    "attention": {
        "sufficiencies @ 0.01": {
            "mean": 0.22365867877271423,
            "std": 0.29378889237051015
        },
        "comprehensiveness @ 0.01": {
            "mean": 0.006651323992124485,
            "std": 0.06861467922618797
        },
        "sufficiencies @ 0.02": {
            "mean": 0.22365868434629912,
            "std": 0.29378889451480933
        },
        "comprehensiveness @ 0.02": {
            "mean": 0.006651323992124485,
            "std": 0.06861467922618797
        },
        "sufficiencies @ 0.05": {
            "mean": 0.2274564130847867,
            "std": 0.30174876157531993
        },
        "comprehensiveness @ 0.05": {
            "mean": 0.06643981096728487,
            "std": 0.21551222633093106
        },
        "sufficiencies @ 0.1": {
            "mean": 0.27500518443259525,
            "std": 0.33564083386741295
        },
        "comprehensiveness @ 0.1": {
            "mean": 0.15856684798110884,
            "std": 0.31612382116650617
        },
        "sufficiencies @ 0.2": {
            "mean": 0.45825377150012103,
            "std": 0.39810464450006056
        },
        "comprehensiveness @ 0.2": {
            "mean": 0.3159666857530653,
            "std": 0.40677897294281573
        },
        "sufficiencies @ 0.5": {
            "mean": 0.7982506976067009,
            "std": 0.33314601328270266
        },
        "comprehensiveness @ 0.5": {
            "mean": 0.5946139236718153,
            "std": 0.4090851879673356
        },
        "sufficiencies @ 1.0": {
            "mean": 0.9999999998360997,
            "std": 6.99222793668225e-09
        },
        "comprehensiveness @ 1.0": {
            "mean": 0.7783109252054549,
            "std": 0.2922846250271241
        },
        "AOPC - sufficiency": {
            "mean": 0.45804048993990243,
            "std": 0.21430067241467096
        },