{
    "attention": {
        "sufficiencies @ 0.01": {
            "mean": 0.22345362409062686,
            "std": 0.29361892169842224
        },
        "comprehensiveness @ 0.01": {
            "mean": 0.01965035826202921,
            "std": 0.1307066602334744
        },
        "sufficiencies @ 0.02": {
            "mean": 0.22345362967867574,
            "std": 0.29361892383886745
        },
        "comprehensiveness @ 0.02": {
            "mean": 0.01965035826202921,
            "std": 0.1307066602334744
        },
        "sufficiencies @ 0.05": {
            "mean": 0.22725744346496785,
            "std": 0.3015879505547075
        },
        "comprehensiveness @ 0.05": {
            "mean": 0.07715203019235405,
            "std": 0.23542355555619543
        },
        "sufficiencies @ 0.1": {
            "mean": 0.2748679190418543,
            "std": 0.33550027921106607
        },
        "comprehensiveness @ 0.1": {
            "mean": 0.16410776249615341,
            "std": 0.32195103425124094
        },
        "sufficiencies @ 0.2": {
            "mean": 0.4582279076982038,
            "std": 0.39802938967428697
        },
        "comprehensiveness @ 0.2": {
            "mean": 0.31656020335686597,
            "std": 0.4070319675881231
        },
        "sufficiencies @ 0.5": {
            "mean": 0.7982080151904549,
            "std": 0.3331923892303913
        },
        "comprehensiveness @ 0.5": {
            "mean": 0.594665948394009,
            "std": 0.40907872657854144
        },
        "sufficiencies @ 1.0": {
            "mean": 0.9864428560766215,
            "std": 0.11439371123635604
        },
        "comprehensiveness @ 1.0": {
            "mean": 0.7785172480896276,
            "std": 0.2921114449249298
        },
        "AOPC - sufficiency": {
            "mean": 0.45598734217734355,
            "std": 0.21439412068076666
        },
        "AOPC - comprehensiveness": {
            "mean": 0.28147198700758125,
            "std": 0.1543879602715535
        }
    },
    "deeplift": {
        "sufficiencies @ 0.01": {
            "mean": 0.2584397324580054,
            "std": 0.3272128068372611
        },
        "comprehensiveness @ 0.01": {
            "mean": 0.076423508785516,
            "std": 0.23594007759460064
        },
        "sufficiencies @ 0.02": {
            "mean": 0.2584397377961238,
            "std": 0.3272128084225692
        },
        "comprehensiveness @ 0.02": {
            "mean": 0.076423508785516,
            "std": 0.23594007759460064
        },
        "sufficiencies @ 0.05": {
            "mean": 0.2683263239800631,
            "std": 0.33851245906524385
        },
        "comprehensiveness @ 0.05": {
            "mean": 0.11075218643369833,
            "std": 0.27544262475610404
        },
        "sufficiencies @ 0.1": {
            "mean": 0.2976960840919975,
            "std": 0.35138253417679677
        },
        "comprehensiveness @ 0.1": {
            "mean": 0.15725457020750847,
            "std": 0.318907435369643
        },
        "sufficiencies @ 0.2": {
            "mean": 0.38789890494379875,
            "std": 0.3885008136801203
        },
        "comprehensiveness @ 0.2": {
            "mean": 0.2587715623082025,
            "std": 0.38040185861497966
        },
        "sufficiencies @ 0.5": {
            "mean": 0.704113898081667,
            "std": 0.37865615700235916
        },
        "comprehensiveness @ 0.5": {
            "mean": 0.5874250653027463,
            "std": 0.4115396802179979
        },
        "sufficiencies @ 1.0": {
            "mean": 0.9864428633141178,
            "std": 0.11439368950054897
        },
        "comprehensiveness @ 1.0": {
            "mean": 0.7785172480896276,
            "std": 0.2921114449249298
        },
        "AOPC - sufficiency": {
            "mean": 0.45162250638082485,
            "std": 0.25480269782513154
        },
        "AOPC - comprehensiveness": {
            "mean": 0.292223949987545,
            "std": 0.1979819751334584
        }
    },
    "scaled attention": {
        "sufficiencies @ 0.01": {
            "mean": 0.22358932310133683,
            "std": 0.2935894236049398
        },
        "comprehensiveness @ 0.01": {
            "mean": 0.020125469943052907,
            "std": 0.13266949724502627
        },
        "sufficiencies @ 0.02": {
            "mean": 0.22358932868790446,
            "std": 0.29358942575175345
        },
        "comprehensiveness @ 0.02": {
            "mean": 0.020125469943052907,
            "std": 0.13266949724502627
        },
        "sufficiencies @ 0.05": {
            "mean": 0.22714003337470434,
            "std": 0.3015665683481222
        },
        "comprehensiveness @ 0.05": {
            "mean": 0.07690433101838018,
            "std": 0.23571692698234945
        },
        "sufficiencies @ 0.1": {
            "mean": 0.27584338705801653,
            "std": 0.3362366718596926
        },
        "comprehensiveness @ 0.1": {
            "mean": 0.16398868333037872,
            "std": 0.3221736866457614
        },
        "sufficiencies @ 0.2": {
            "mean": 0.4604168618836917,
            "std": 0.39877360527841715
        },
        "comprehensiveness @ 0.2": {
            "mean": 0.3170652239753669,
            "std": 0.4068780624788684
        },
        "sufficiencies @ 0.5": {
            "mean": 0.7980690714641522,
            "std": 0.3331514926239036
        },
        "comprehensiveness @ 0.5": {
            "mean": 0.5950365719844871,
            "std": 0.40899711608756967
        },
        "sufficiencies @ 1.0": {
            "mean": 0.9864428705512169,
            "std": 0.11439366776667874
        },
        "comprehensiveness @ 1.0": {
            "mean": 0.7785172480896276,
            "std": 0.2921114449249298
        },
        "AOPC - sufficiency": {
            "mean": 0.45644155373157475,
            "std": 0.2145832428938696
        },
        "AOPC - comprehensiveness": {
            "mean": 0.28168042832633516,
            "std": 0.15497030679993778
        }
    },
    "gradients": {
        "sufficiencies @ 0.01": {
            "mean": 0.2375851107742118,
            "std": 0.3066237574033124
        },
        "comprehensiveness @ 0.01": {
            "mean": 0.10351894365615634,
            "std": 0.2772419392872686
        },
        "sufficiencies @ 0.02": {
            "mean": 0.2375851165517606,
            "std": 0.30662375926704794
        },
        "comprehensiveness @ 0.02": {
            "mean": 0.10351894365615634,
            "std": 0.2772419392872686
        },
        "sufficiencies @ 0.05": {
            "mean": 0.23878606491304133,
            "std": 0.3062608264433696
        },
        "comprehensiveness @ 0.05": {
            "mean": 0.1222403867710871,
            "std": 0.29431576850515184
        },
        "sufficiencies @ 0.1": {
            "mean": 0.260121504634595,
            "std": 0.3195383545639461
        },
        "comprehensiveness @ 0.1": {
            "mean": 0.15586770958366908,
            "std": 0.3242042498861394
        },
        "sufficiencies @ 0.2": {
            "mean": 0.32989883223005484,
            "std": 0.3612364053059494
        },
        "comprehensiveness @ 0.2": {
            "mean": 0.21743989250874235,
            "std": 0.359462964352968
        },
        "sufficiencies @ 0.5": {
            "mean": 0.6561470953544727,
            "std": 0.395329789377928
        },
        "comprehensiveness @ 0.5": {
            "mean": 0.45969394795805774,
            "std": 0.4079262899208034
        },
        "sufficiencies @ 1.0": {
            "mean": 0.9864428777879188,
            "std": 0.11439364603474517
        },
        "comprehensiveness @ 1.0": {
            "mean": 0.7785172480896276,
            "std": 0.2921114449249298
        },
        "AOPC - sufficiency": {
            "mean": 0.4209380860351507,
            "std": 0.22874321117773205
        },