{
    "ig": {
        "sufficiencies @ 0.01": {
            "mean": 0.2855752024453235,
            "std": 0.33311755196854603
        },
        "comprehensiveness @ 0.01": {
            "mean": NaN,
            "std": NaN
        },
        "sufficiencies @ 0.02": {
            "mean": 0.2856367730554255,
            "std": 0.33313246521503115
        },
        "comprehensiveness @ 0.02": {
            "mean": 0.15127687134613288,
            "std": 0.3254873067938513
        },
        "sufficiencies @ 0.05": {
            "mean": 0.2935919206286856,
            "std": 0.33939910269331913
        },
        "comprehensiveness @ 0.05": {
            "mean": 0.17330627543337623,
            "std": 0.3404257648154327
        },
        "sufficiencies @ 0.1": {
            "mean": 0.3349966914914038,
            "std": 0.35779171583325703
        },
        "comprehensiveness @ 0.1": {
            "mean": 0.23094117685183396,
            "std": 0.3759936337595299
        },
        "sufficiencies @ 0.2": {
            "mean": 0.44666732335657416,
            "std": 0.394537773330827
        },
        "comprehensiveness @ 0.2": {
            "mean": 0.3480368914896266,
            "std": 0.4206911635585906
        },
        "sufficiencies @ 0.5": {
            "mean": 0.7986955384836367,
            "std": 0.3258848722556876
        },
        "comprehensiveness @ 0.5": {
            "mean": 0.6668625996832045,
            "std": 0.3916036303880725
        },
        "sufficiencies @ 1.0": {
            "mean": 0.9960675667206166,
            "std": 0.04385452230899112
        },
        "comprehensiveness @ 1.0": {
            "mean": 0.7781821252871114,
            "std": 0.29224228917293205
        },
        "AOPC - sufficiency": {
            "mean": 0.4916044308830952,
            "std": 0.24984089991094352
        },
        "AOPC - comprehensiveness": {
            "mean": NaN,
            "std": NaN
        }
    },
    "deeplift": {
        "sufficiencies @ 0.01": {
            "mean": 0.2588658427286338,
            "std": 0.3273401634365881
        },
        "comprehensiveness @ 0.01": {
            "mean": 0.0717941013136242,
            "std": 0.22528566258197116
        },
        "sufficiencies @ 0.02": {
            "mean": 0.25891901554912344,
            "std": 0.32735608940751
        },
        "comprehensiveness @ 0.02": {
            "mean": 0.0715197721372786,
            "std": 0.2247566367223379
        },
        "sufficiencies @ 0.05": {
            "mean": 0.2688613699744848,
            "std": 0.33863332416377917
        },
        "comprehensiveness @ 0.05": {
            "mean": 0.10617353196162392,
            "std": 0.2675491744634293
        },
        "sufficiencies @ 0.1": {
            "mean": 0.2983048639586371,
            "std": 0.3514730902840167
        },
        "comprehensiveness @ 0.1": {
            "mean": 0.15373635785518083,
            "std": 0.3145121212488538
        },
        "sufficiencies @ 0.2": {
            "mean": 0.38856082657523733,
            "std": 0.38845033905378973
        },
        "comprehensiveness @ 0.2": {
            "mean": 0.25788547558234454,
            "std": 0.3798044712536274
        },
        "sufficiencies @ 0.5": {
            "mean": 0.7045968215707,
            "std": 0.37837953076521
        },
        "comprehensiveness @ 0.5": {
            "mean": 0.5867751435920198,
            "std": 0.41146510653615975
        },
        "sufficiencies @ 1.0": {
            "mean": 0.9979107437140295,
            "std": 0.022440409276444116
        },
        "comprehensiveness @ 1.0": {
            "mean": 0.77779256898499,
            "std": 0.29239524742632866
        },
        "AOPC - sufficiency": {
            "mean": 0.453717069152978,
            "std": 0.2550051396288775
        },
        "AOPC - comprehensiveness": {
            "mean": 0.2893824216324374,
            "std": 0.19359698032636258
        }
    },
    "attention": {
        "sufficiencies @ 0.01": {
            "mean": 0.22428861189618765,
            "std": 0.2939413243293919
        },
        "comprehensiveness @ 0.01": {
            "mean": 0.00846981227724332,
            "std": 0.07111676637851501
        },
        "sufficiencies @ 0.02": {
            "mean": 0.2243440400507761,
            "std": 0.29396289187881197
        },
        "comprehensiveness @ 0.02": {
            "mean": 0.00836019273177256,
            "std": 0.07077869375334575
        },
        "sufficiencies @ 0.05": {
            "mean": 0.22821808993852527,
            "std": 0.3018952968776865
        },
        "comprehensiveness @ 0.05": {
            "mean": 0.06732648835410614,
            "std": 0.21534028812990097
        },
        "sufficiencies @ 0.1": {
            "mean": 0.2758916479358015,
            "std": 0.33567038758967566
        },
        "comprehensiveness @ 0.1": {
            "mean": 0.15866749218876838,
            "std": 0.31572782434177954
        },
        "sufficiencies @ 0.2": {
            "mean": 0.45934085931977015,
            "std": 0.3978211756192408
        },
        "comprehensiveness @ 0.2": {
            "mean": 0.31539175686545007,
            "std": 0.4063991205217479
        },
        "sufficiencies @ 0.5": {
            "mean": 0.7989318256886478,
            "std": 0.3325125923530876
        },
        "comprehensiveness @ 0.5": {
            "mean": 0.593760655712377,
            "std": 0.4090671206007076
        },
        "sufficiencies @ 1.0": {
            "mean": 0.9985393281623521,
            "std": 0.015295844262723941
        },
        "comprehensiveness @ 1.0": {
            "mean": 0.7774044345700927,
            "std": 0.29254870033105523
        },
        "AOPC - sufficiency": {
            "mean": 0.45850777185600866,
            "std": 0.21422287194299103
        },
        "AOPC - comprehensiveness": {
            "mean": 0.27562583324283,
            "std": 0.14761107443209986
        }
    },
    "gradients": {
        "sufficiencies @ 0.01": {
            "mean": 0.23935004884264052,
            "std": 0.30738502626667935
        },
        "comprehensiveness @ 0.01": {
            "mean": 0.10271993084835403,
            "std": 0.2759615453054162
        },
        "sufficiencies @ 0.02": {
            "mean": 0.23940939241051098,
            "std": 0.30740831920736006
        },
        "comprehensiveness @ 0.02": {
            "mean": 0.10270487886907598,
            "std": 0.27593964332589155
        },
        "sufficiencies @ 0.05": {
            "mean": 0.24072135133750727,
            "std": 0.3070340360318288
        },
        "comprehensiveness @ 0.05": {
            "mean": 0.12134101861807572,
            "std": 0.2929930387403829
        },
        "sufficiencies @ 0.1": {
            "mean": 0.2625055505997766,
            "std": 0.32040286523587874
        },
        "comprehensiveness @ 0.1": {
            "mean": 0.1549056458811133,
            "std": 0.3230742525912969
        },
        "sufficiencies @ 0.2": {
            "mean": 0.331589573985368,
            "std": 0.361198091272228
        },
        "comprehensiveness @ 0.2": {
            "mean": 0.21677726688805593,
            "std": 0.3589638370002781
        },
        "sufficiencies @ 0.5": {
            "mean": 0.6573038610811714,
            "std": 0.39473566503937657
        },
        "comprehensiveness @ 0.5": {
            "mean": 0.45836106555653083,
            "std": 0.4076260904901747
        },
        "sufficiencies @ 1.0": {
            "mean": 0.9988604441159445,
            "std": 0.011697245521879361
        },
        "comprehensiveness @ 1.0": {
            "mean": 0.777017712234112,
            "std": 0.29270263325570683
        },
        "AOPC - sufficiency": {
            "mean": 0.42424860319613134,
            "std": 0.2291858479981957
        },
        "AOPC - comprehensiveness": {
            "mean": 0.2762610741279026,