{
    "ig": {
        "sufficiencies @ 1.0": {
            "mean": 0.41045820063855915,
            "std": 0.40206074794164415
        },
        "comprehensiveness @ 1.0": {
            "mean": 0.22693390703124958,
            "std": 0.29489534186059907
        },
        "AOPC - sufficiency": {
            "mean": 0.3646105014879955,
            "std": 0.2777225688598763
        },
        "AOPC - comprehensiveness": {
            "mean": 0.25149063200778365,
            "std": 0.30102392408008466
        }
    },
    "scaled attention": {
        "sufficiencies @ 1.0": {
            "mean": 0.1844746694147429,
            "std": 0.25996819091816986
        },
        "comprehensiveness @ 1.0": {
            "mean": 0.2663150467871207,
            "std": 0.3359419338456239
        },
        "AOPC - sufficiency": {
            "mean": 0.17045702029746243,
            "std": 0.18944454759353968
        },
        "AOPC - comprehensiveness": {
            "mean": 0.2591989683090702,
            "std": 0.31655055417728034
        }
    },
    "deeplift": {
        "sufficiencies @ 1.0": {
            "mean": 0.42791771714068216,
            "std": 0.37793204194246727
        },
        "comprehensiveness @ 1.0": {
            "mean": 0.4096313327077972,
            "std": 0.3713035947962345
        },
        "AOPC - sufficiency": {
            "mean": 0.44921331423914573,
            "std": 0.3582282990060753
        },
        "AOPC - comprehensiveness": {
            "mean": 0.4159883732763813,
            "std": 0.3407101123788464
        }
    },
    "attention": {
        "sufficiencies @ 1.0": {
            "mean": 0.16438570389376383,
            "std": 0.24250427512469827
        },
        "comprehensiveness @ 1.0": {
            "mean": 0.2782106817061906,
            "std": 0.3500629116638549
        },
        "AOPC - sufficiency": {
            "mean": 0.213719200232501,
            "std": 0.20332065507611477
        },
        "AOPC - comprehensiveness": {
            "mean": 0.2672920504675403,
            "std": 0.31389301017069543
        }
    },
    "random": {
        "sufficiencies @ 1.0": {
            "mean": 0.7155750386990452,
            "std": 0.37542844744902826
        },
        "comprehensiveness @ 1.0": {
            "mean": 0.40113555306390386,
            "std": 0.3989579805946591
        },
        "AOPC - sufficiency": {
            "mean": 0.7295506325303307,
            "std": 0.31528105123664213
        },
        "AOPC - comprehensiveness": {
            "mean": 0.37905217556012016,
            "std": 0.35371428363403584
        }
    },
    "gradients": {
        "sufficiencies @ 1.0": {
            "mean": 0.3062995077390429,
            "std": 0.35156962026795363
        },
        "comprehensiveness @ 1.0": {
            "mean": 0.2737931478719119,
            "std": 0.3438120164581585
        },
        "AOPC - sufficiency": {
            "mean": 0.30171843132861825,
            "std": 0.26363288255192086
        },
        "AOPC - comprehensiveness": {
            "mean": 0.2709125042034096,
            "std": 0.31455366753943875
        }
    }
}