{
    "ig": {
        "sufficiency": {
            "mean": 0.607432146332935,
            "std": 0.38311509367831764
        },
        "comprehensiveness": {
            "mean": 0.4565982252640432,
            "std": 0.43386325896881633
        },
        "AOPC - sufficiency": {
            "mean": 0.0,
            "std": 0.0
        },
        "AOPC - comprehensiveness": {
            "mean": 0.0,
            "std": 0.0
        }
    },
    "deeplift": {
        "sufficiency": {
            "mean": 0.41184498467249464,
            "std": 0.3898131329782566
        },
        "comprehensiveness": {
            "mean": 0.5726497156616063,
            "std": 0.40003027260587926
        },
        "AOPC - sufficiency": {
            "mean": 0.0,
            "std": 0.0
        },
        "AOPC - comprehensiveness": {
            "mean": 0.0,
            "std": 0.0
        }
    },
    "attention": {
        "sufficiency": {
            "mean": 0.2922868523634506,
            "std": 0.3188499690278749
        },
        "comprehensiveness": {
            "mean": 0.3746707138605881,
            "std": 0.3752541482475157
        },
        "AOPC - sufficiency": {
            "mean": 0.0,
            "std": 0.0
        },
        "AOPC - comprehensiveness": {
            "mean": 0.0,
            "std": 0.0
        }
    },
    "scaled attention": {
        "sufficiency": {
            "mean": 0.2173070426958108,
            "std": 0.2679394887074667
        },
        "comprehensiveness": {
            "mean": 0.330959885695681,
            "std": 0.36444695058897303
        },
        "AOPC - sufficiency": {
            "mean": 0.0,
            "std": 0.0
        },
        "AOPC - comprehensiveness": {
            "mean": 0.0,
            "std": 0.0
        }
    },
    "gradients": {
        "sufficiency": {
            "mean": 0.29977802498748984,
            "std": 0.31260896143222333
        },
        "comprehensiveness": {
            "mean": 0.2637030438998823,
            "std": 0.3750010794551999
        },
        "AOPC - sufficiency": {
            "mean": 0.0,
            "std": 0.0
        },
        "AOPC - comprehensiveness": {
            "mean": 0.0,
            "std": 0.0
        }
    },
    "random": {
        "sufficiency": {
            "mean": 0.6745345775619037,
            "std": 0.40076818243758594
        },
        "comprehensiveness": {
            "mean": 0.3022540282048245,
            "std": 0.38621905788139044
        },
        "AOPC - sufficiency": {
            "mean": 0.0,
            "std": 0.0
        },
        "AOPC - comprehensiveness": {
            "mean": 0.0,
            "std": 0.0
        }
    }
}