{
    "ig": {
        "sufficiencies @ 0.01": {
            "mean": 0.13094149278967326,
            "std": 0.26919462097312225
        },
        "comprehensiveness @ 0.01": {
            "mean": 0.2414033433985675,
            "std": 0.30759424685320397
        },
        "sufficiencies @ 0.02": {
            "mean": 0.13009765952450086,
            "std": 0.2796495410905332
        },
        "comprehensiveness @ 0.02": {
            "mean": 0.25200459196590025,
            "std": 0.3128734754160471
        },
        "sufficiencies @ 0.05": {
            "mean": 0.12606067598504508,
            "std": 0.24555180308823937
        },
        "comprehensiveness @ 0.05": {
            "mean": 0.2581811730325429,
            "std": 0.3259598726656842
        },
        "sufficiencies @ 0.1": {
            "mean": 0.1654138652210349,
            "std": 0.3004180245732521
        },
        "comprehensiveness @ 0.1": {
            "mean": 0.2665310458337435,
            "std": 0.3160512138021643
        },
        "sufficiencies @ 0.2": {
            "mean": 0.14091430726296159,
            "std": 0.27876164233540573
        },
        "comprehensiveness @ 0.2": {
            "mean": 0.33681582793587866,
            "std": 0.3485299804848618
        },
        "sufficiencies @ 0.5": {
            "mean": 0.186023336448207,
            "std": 0.3040079446262902
        },
        "comprehensiveness @ 0.5": {
            "mean": 0.5848973465482639,
            "std": 0.33588137037739446
        },
        "sufficiencies @ 1.0": {
            "mean": 0.2070648880221879,
            "std": 0.32877783594367693
        },
        "comprehensiveness @ 1.0": {
            "mean": 0.6606171396124971,
            "std": 0.21371513207898965
        },
        "AOPC - sufficiency": {
            "mean": 0.15521660360765865,
            "std": 0.23244451886390574
        },
        "AOPC - comprehensiveness": {
            "mean": 0.3714929240467705,
            "std": 0.255713736204007
        }
    },
    "scaled attention": {
        "sufficiencies @ 0.01": {
            "mean": 0.07816797891901922,
            "std": 0.1888020556477396
        },
        "comprehensiveness @ 0.01": {
            "mean": 0.20939709709943236,
            "std": 0.29760938191697306
        },
        "sufficiencies @ 0.02": {
            "mean": 0.09914656267104961,
            "std": 0.24053492233334636
        },
        "comprehensiveness @ 0.02": {
            "mean": 0.19593185059485657,
            "std": 0.29489122485901664
        },
        "sufficiencies @ 0.05": {
            "mean": 0.10595605635840125,
            "std": 0.23397809235085368
        },
        "comprehensiveness @ 0.05": {
            "mean": 0.21981543967766834,
            "std": 0.3182827134745428
        },
        "sufficiencies @ 0.1": {
            "mean": 0.08719215029408249,
            "std": 0.20098681789288783
        },
        "comprehensiveness @ 0.1": {
            "mean": 0.2683880698664217,
            "std": 0.3288847385763188
        },
        "sufficiencies @ 0.2": {
            "mean": 0.12149530811755303,
            "std": 0.2324140551475224
        },
        "comprehensiveness @ 0.2": {
            "mean": 0.36872664969094704,
            "std": 0.3848825798496951
        },
        "sufficiencies @ 0.5": {
            "mean": 0.1905754418078658,
            "std": 0.3018499700064087
        },
        "comprehensiveness @ 0.5": {
            "mean": 0.5316515275545138,
            "std": 0.36024372303234103
        },
        "sufficiencies @ 1.0": {
            "mean": 0.23693841638245094,
            "std": 0.35185791320690213
        },
        "comprehensiveness @ 1.0": {
            "mean": 0.6639618379997281,
            "std": 0.21967870774317155
        },
        "AOPC - sufficiency": {
            "mean": 0.13135313065006035,
            "std": 0.1754940244075453
        },
        "AOPC - comprehensiveness": {
            "mean": 0.351124638926224,
            "std": 0.2595563336553545
        }
    },
    "attention": {
        "sufficiencies @ 0.01": {
            "mean": 0.09138443815850825,
            "std": 0.20345507381185893
        },
        "comprehensiveness @ 0.01": {
            "mean": 0.2067477065045232,
            "std": 0.30000937101916797
        },
        "sufficiencies @ 0.02": {
            "mean": 0.08132999984054165,
            "std": 0.2145141333698905
        },
        "comprehensiveness @ 0.02": {
            "mean": 0.21123614581445954,
            "std": 0.30946338164479936
        },
        "sufficiencies @ 0.05": {
            "mean": 0.09759019024175264,
            "std": 0.2291438166949828
        },
        "comprehensiveness @ 0.05": {
            "mean": 0.22658436161468193,
            "std": 0.31630712430770963
        },
        "sufficiencies @ 0.1": {
            "mean": 0.08277300674477384,
            "std": 0.2149666245446154
        },
        "comprehensiveness @ 0.1": {
            "mean": 0.2703182411288581,
            "std": 0.3292002980231637
        },
        "sufficiencies @ 0.2": {
            "mean": 0.13135311243051642,
            "std": 0.26958892693978653
        },
        "comprehensiveness @ 0.2": {
            "mean": 0.370550127993202,
            "std": 0.39006668778607195
        },
        "sufficiencies @ 0.5": {
            "mean": 0.14757604206905997,
            "std": 0.2689453929744116
        },
        "comprehensiveness @ 0.5": {
            "mean": 0.5307561941687161,
            "std": 0.3490352667489563
        },
        "sufficiencies @ 1.0": {
            "mean": 0.2522796107719519,
            "std": 0.36892776973395136
        },
        "comprehensiveness @ 1.0": {
            "mean": 0.654578977681125,
            "std": 0.22271722453581652
        },
        "AOPC - sufficiency": {
            "mean": 0.1263266286081578,
            "std": 0.17735252156002954
        },
        "AOPC - comprehensiveness": {
            "mean": 0.352967393557938,
            "std": 0.26072519021324864
        }
    },
    "gradients": {
        "sufficiencies @ 0.01": {
            "mean": 0.11527827119208231,
            "std": 0.25098000659056374
        },
        "comprehensiveness @ 0.01": {
            "mean": 0.20309265606432286,
            "std": 0.3034161370443155
        },
        "sufficiencies @ 0.02": {
            "mean": 0.1309964116957161,
            "std": 0.27600480317944437
        },
        "comprehensiveness @ 0.02": {
            "mean": 0.2134631082026404,
            "std": 0.311135138894597
        },
        "sufficiencies @ 0.05": {
            "mean": 0.10796887679635937,
            "std": 0.23382768904291187
        },
        "comprehensiveness @ 0.05": {
            "mean": 0.21762621574592894,
            "std": 0.3068761314190268
        },
        "sufficiencies @ 0.1": {
            "mean": 0.11540793685535596,
            "std": 0.25195063225745284
        },
        "comprehensiveness @ 0.1": {
            "mean": 0.19082607695182505,
            "std": 0.2645851852178384
        },
        "sufficiencies @ 0.2": {
            "mean": 0.09594485019806177,
            "std": 0.22398374855779837
        },
        "comprehensiveness @ 0.2": {
            "mean": 0.24521121169472979,
            "std": 0.320453427590212
        },
        "sufficiencies @ 0.5": {
            "mean": 0.19295920251542642,
            "std": 0.31232247517004497
        },
        "comprehensiveness @ 0.5": {
            "mean": 0.45490820032300755,
            "std": 0.3473112164380088
        },
        "sufficiencies @ 1.0": {
            "mean": 0.2772490083210025,
            "std": 0.37216374469918834
        },
        "comprehensiveness @ 1.0": {
            "mean": 0.6589456043468338,
            "std": 0.2179665483600056
        },
        "AOPC - sufficiency": {
            "mean": 0.1479720796534292,
            "std": 0.19162312154591188
        },