{
    "attention": {
        "sufficiencies @ 0.01": {
            "mean": 0.1637153127904745,
            "std": 0.2259420191690911
        },
        "comprehensiveness @ 0.01": {
            "mean": 0.3110451078053146,
            "std": 0.33983980275775705
        },
        "sufficiencies @ 0.02": {
            "mean": 0.16377356789179576,
            "std": 0.225963494343727
        },
        "comprehensiveness @ 0.02": {
            "mean": 0.3109724411605983,
            "std": 0.33978703259527565
        },
        "sufficiencies @ 0.05": {
            "mean": 0.16384372557494561,
            "std": 0.22597379770128279
        },
        "comprehensiveness @ 0.05": {
            "mean": 0.3440216381324213,
            "std": 0.3554445458302748
        },
        "sufficiencies @ 0.1": {
            "mean": 0.16391438514269227,
            "std": 0.22598599457706836
        },
        "comprehensiveness @ 0.1": {
            "mean": 0.39709868524064335,
            "std": 0.37506321873637444
        },
        "sufficiencies @ 0.2": {
            "mean": 0.16399753125616587,
            "std": 0.22599270468058227
        },
        "comprehensiveness @ 0.2": {
            "mean": 0.5084244701310491,
            "std": 0.3978056261867116
        },
        "sufficiencies @ 0.5": {
            "mean": 0.16405481772431896,
            "std": 0.22601261204851297
        },
        "comprehensiveness @ 0.5": {
            "mean": 0.7027193961492236,
            "std": 0.3499829939269277
        },
        "sufficiencies @ 1.0": {
            "mean": 0.16365582026480674,
            "std": 0.2259222197866116
        },
        "comprehensiveness @ 1.0": {
            "mean": 0.3081334450584382,
            "std": 0.33821358632071835
        },
        "AOPC - sufficiency": {
            "mean": 0.16385073723502855,
            "std": 0.22596960977058567
        },
        "AOPC - comprehensiveness": {
            "mean": 0.4117735976682412,
            "std": 0.31164054848997
        }
    },
    "gradients": {
        "sufficiencies @ 0.01": {
            "mean": 0.1641941500236715,
            "std": 0.22604181102107698
        },
        "comprehensiveness @ 0.01": {
            "mean": 0.32994263433600657,
            "std": 0.3533092659667654
        },
        "sufficiencies @ 0.02": {
            "mean": 0.16426527352712314,
            "std": 0.22605617544509812
        },
        "comprehensiveness @ 0.02": {
            "mean": 0.3298746501173833,
            "std": 0.3532662400089029
        },
        "sufficiencies @ 0.05": {
            "mean": 0.16433247013383742,
            "std": 0.2260731981528793
        },
        "comprehensiveness @ 0.05": {
            "mean": 0.34433629405455146,
            "std": 0.3573804733006229
        },
        "sufficiencies @ 0.1": {
            "mean": 0.16446012062282467,
            "std": 0.2262167565790551
        },
        "comprehensiveness @ 0.1": {
            "mean": 0.37219535418447847,
            "std": 0.36910664574157737
        },
        "sufficiencies @ 0.2": {
            "mean": 0.1644698561299087,
            "std": 0.2261064438897594
        },
        "comprehensiveness @ 0.2": {
            "mean": 0.42552893187045215,
            "std": 0.38509950852388136
        },
        "sufficiencies @ 0.5": {
            "mean": 0.16453174621150707,
            "std": 0.22611860136435682
        },
        "comprehensiveness @ 0.5": {
            "mean": 0.6118279597544553,
            "std": 0.37207430673892944
        },
        "sufficiencies @ 1.0": {
            "mean": 0.16414567841198346,
            "std": 0.22607635987926514
        },
        "comprehensiveness @ 1.0": {
            "mean": 0.30762474089178005,
            "std": 0.3378399029748076
        },
        "AOPC - sufficiency": {
            "mean": 0.16434275643726515,
            "std": 0.2260957626298821
        },
        "AOPC - comprehensiveness": {
            "mean": 0.38876150931558684,
            "std": 0.3250036715368071
        }
    },
    "deeplift": {
        "sufficiencies @ 0.01": {
            "mean": 0.16467433349934468,
            "std": 0.2261592031634919
        },
        "comprehensiveness @ 0.01": {
            "mean": 0.34144519994409117,
            "std": 0.35642747083611664
        },
        "sufficiencies @ 0.02": {
            "mean": 0.16474035739162377,
            "std": 0.22617804199339078
        },
        "comprehensiveness @ 0.02": {
            "mean": 0.34137923722307995,
            "std": 0.35638919260444285
        },
        "sufficiencies @ 0.05": {
            "mean": 0.1647922131716064,
            "std": 0.22616940051677592
        },
        "comprehensiveness @ 0.05": {
            "mean": 0.3665435300590234,
            "std": 0.3652862885608653
        },
        "sufficiencies @ 0.1": {
            "mean": 0.16485840730736792,
            "std": 0.2262086110203344
        },
        "comprehensiveness @ 0.1": {
            "mean": 0.4024913581960264,
            "std": 0.3741718975783662
        },
        "sufficiencies @ 0.2": {
            "mean": 0.1649442887986392,
            "std": 0.2262338099039519
        },
        "comprehensiveness @ 0.2": {
            "mean": 0.4788672098810829,
            "std": 0.3934099981873775
        },
        "sufficiencies @ 0.5": {
            "mean": 0.16498972886276728,
            "std": 0.22622877736355168
        },
        "comprehensiveness @ 0.5": {
            "mean": 0.6880639601092693,
            "std": 0.3652272354491726
        },
        "sufficiencies @ 1.0": {
            "mean": 0.16461276352002774,
            "std": 0.2261368783129938
        },
        "comprehensiveness @ 1.0": {
            "mean": 0.3071179271254458,
            "std": 0.337468160328463
        },
        "AOPC - sufficiency": {
            "mean": 0.16480172750733957,
            "std": 0.22618677088479439
        },
        "AOPC - comprehensiveness": {
            "mean": 0.41798691750543127,
            "std": 0.3242821674175587
        }
    },
    "scaled attention": {
        "sufficiencies @ 0.01": {
            "mean": 0.16514496311271348,
            "std": 0.22629222013059094
        },
        "comprehensiveness @ 0.01": {
            "mean": 0.309781291839547,
            "std": 0.33909554799244784
        },
        "sufficiencies @ 0.02": {
            "mean": 0.1652116223515573,
            "std": 0.22631210151086556
        },
        "comprehensiveness @ 0.02": {
            "mean": 0.3097092420518823,
            "std": 0.339045121011597
        },
        "sufficiencies @ 0.05": {
            "mean": 0.16527285643453205,
            "std": 0.22633133876768358
        },
        "comprehensiveness @ 0.05": {
            "mean": 0.34216318556775144,
            "std": 0.354419043149731
        },
        "sufficiencies @ 0.1": {
            "mean": 0.165401950192346,
            "std": 0.2264217407472553
        },
        "comprehensiveness @ 0.1": {
            "mean": 0.39534020722301166,
            "std": 0.37421899271493647
        },
        "sufficiencies @ 0.2": {
            "mean": 0.16542734685854174,
            "std": 0.2263948129028054
        },
        "comprehensiveness @ 0.2": {
            "mean": 0.5061242296456522,
            "std": 0.39752406596222867
        },
        "sufficiencies @ 0.5": {
            "mean": 0.16546203098024656,
            "std": 0.22639515969534013
        },
        "comprehensiveness @ 0.5": {
            "mean": 0.7028965036718623,
            "std": 0.34954937811171366
        },
        "sufficiencies @ 1.0": {
            "mean": 0.1650782312730269,
            "std": 0.22627255136330204
        },
        "comprehensiveness @ 1.0": {
            "mean": 0.30661442987751936,
            "std": 0.33710122942104487
        },
        "AOPC - sufficiency": {
            "mean": 0.16528557160042345,
            "std": 0.22634344739423615
        },