{
    "random": {
        "sufficiency": {
            "mean": 0.7111611179847509,
            "std": 0.3789215821559693
        },
        "comprehensiveness": {
            "mean": 0.2830454002685758,
            "std": 0.3753888084327303
        }
    },
    "gradients": {
        "sufficiency": {
            "mean": 0.3015274428579896,
            "std": 0.3027688715253446
        },
        "comprehensiveness": {
            "mean": 0.2438751069662428,
            "std": 0.36229330719490926
        }
    },
    "attention": {
        "sufficiency": {
            "mean": 0.29801263249404064,
            "std": 0.27331417419405923
        },
        "comprehensiveness": {
            "mean": 0.33621195956781785,
            "std": 0.3614319090361551
        }
    },
    "scaled attention": {
        "sufficiency": {
            "mean": 0.2518488289249125,
            "std": 0.27586523623514014
        },
        "comprehensiveness": {
            "mean": 0.29115934467107224,
            "std": 0.3425475334016302
        }
    },
    "ig": {
        "sufficiency": {
            "mean": 0.6430786456587319,
            "std": 0.3654833468417767
        },
        "comprehensiveness": {
            "mean": 0.4233653960144169,
            "std": 0.4220689435251474
        }
    },
    "deeplift": {
        "sufficiency": {
            "mean": 0.4504844876905813,
            "std": 0.3902574191821869
        },
        "comprehensiveness": {
            "mean": 0.519977028340595,
            "std": 0.38907598766555446
        }
    }
}