{
    "attention": {
        "sufficiencies @ 0.01": {
            "mean": 0.1637153127904745,
            "std": 0.2259420191690911
        },
        "comprehensiveness @ 0.01": {
            "mean": 0.3110451078053146,
            "std": 0.33983980275775705
        },
        "sufficiencies @ 0.02": {
            "mean": 0.16377356789179576,
            "std": 0.225963494343727
        },
        "comprehensiveness @ 0.02": {
            "mean": 0.3109724411605983,
            "std": 0.33978703259527565
        },
        "sufficiencies @ 0.05": {
            "mean": 0.16384372557494561,
            "std": 0.22597379770128279
        },
        "comprehensiveness @ 0.05": {
            "mean": 0.3440216381324213,
            "std": 0.3554445458302748
        },
        "sufficiencies @ 0.1": {
            "mean": 0.16391438514269227,
            "std": 0.22598599457706836
        },
        "comprehensiveness @ 0.1": {
            "mean": 0.39709868524064335,
            "std": 0.37506321873637444
        },
        "sufficiencies @ 0.2": {
            "mean": 0.16399753125616587,
            "std": 0.22599270468058227
        },
        "comprehensiveness @ 0.2": {
            "mean": 0.5084244701310491,
            "std": 0.3978056261867116
        },
        "sufficiencies @ 0.5": {
            "mean": 0.16405481772431896,
            "std": 0.22601261204851297
        },
        "comprehensiveness @ 0.5": {
            "mean": 0.7027193961492236,
            "std": 0.3499829939269277
        },
        "sufficiencies @ 1.0": {
            "mean": 0.16365582026480674,
            "std": 0.2259222197866116
        },
        "comprehensiveness @ 1.0": {
            "mean": 0.7927017423057783,
            "std": 0.2558452150076369
        },
        "AOPC - sufficiency": {
            "mean": 0.16385073723502855,
            "std": 0.22596960977058567
        },
        "AOPC - comprehensiveness": {
            "mean": 0.48099764013214685,
            "std": 0.28845829593327216
        }
    },
    "ig": {
        "sufficiencies @ 0.01": {
            "mean": 0.1641941500236715,
            "std": 0.22604181102107698
        },
        "comprehensiveness @ 0.01": {
            "mean": 0.37107277473934547,
            "std": 0.37231600854542557
        },
        "sufficiencies @ 0.02": {
            "mean": 0.16426527352712314,
            "std": 0.22605617544509812
        },
        "comprehensiveness @ 0.02": {
            "mean": 0.37101167091527804,
            "std": 0.372284973116139
        },
        "sufficiencies @ 0.05": {
            "mean": 0.16433247013383742,
            "std": 0.2260731981528793
        },
        "comprehensiveness @ 0.05": {
            "mean": 0.3941239903428112,
            "std": 0.37614472311336433
        },
        "sufficiencies @ 0.1": {
            "mean": 0.16446012062282467,
            "std": 0.2262167565790551
        },
        "comprehensiveness @ 0.1": {
            "mean": 0.43551592077455786,
            "std": 0.38782244735984
        },
        "sufficiencies @ 0.2": {
            "mean": 0.1644698561299087,
            "std": 0.2261064438897594
        },
        "comprehensiveness @ 0.2": {
            "mean": 0.519979413482402,
            "std": 0.4011092452651729
        },
        "sufficiencies @ 0.5": {
            "mean": 0.16453174621150707,
            "std": 0.22611860136435682
        },
        "comprehensiveness @ 0.5": {
            "mean": 0.7316820306991706,
            "std": 0.33693912541952015
        },
        "sufficiencies @ 1.0": {
            "mean": 0.16414567841198346,
            "std": 0.22607635987926514
        },
        "comprehensiveness @ 1.0": {
            "mean": 0.7922802260666565,
            "std": 0.255973465378001
        },
        "AOPC - sufficiency": {
            "mean": 0.16434275643726515,
            "std": 0.2260957626298821
        },
        "AOPC - comprehensiveness": {
            "mean": 0.5165237181457459,
            "std": 0.30865004523031003
        }
    },
    "scaled attention": {
        "sufficiencies @ 0.01": {
            "mean": 0.16467433349934468,
            "std": 0.2261592031634919
        },
        "comprehensiveness @ 0.01": {
            "mean": 0.31028300628440736,
            "std": 0.33945526707247764
        },
        "sufficiencies @ 0.02": {
            "mean": 0.16474035739162377,
            "std": 0.22617804199339078
        },
        "comprehensiveness @ 0.02": {
            "mean": 0.31021106425768175,
            "std": 0.33940344459313404
        },
        "sufficiencies @ 0.05": {
            "mean": 0.1647922131716064,
            "std": 0.22616940051677592
        },
        "comprehensiveness @ 0.05": {
            "mean": 0.34267610689386097,
            "std": 0.35473876936256704
        },
        "sufficiencies @ 0.1": {
            "mean": 0.16485840730736792,
            "std": 0.2262086110203344
        },
        "comprehensiveness @ 0.1": {
            "mean": 0.39583598614700954,
            "std": 0.3744507400068389
        },
        "sufficiencies @ 0.2": {
            "mean": 0.1649442887986392,
            "std": 0.2262338099039519
        },
        "comprehensiveness @ 0.2": {
            "mean": 0.5065756177785229,
            "std": 0.3976205317631775
        },
        "sufficiencies @ 0.5": {
            "mean": 0.16498972886276728,
            "std": 0.22622877736355168
        },
        "comprehensiveness @ 0.5": {
            "mean": 0.7032511108233525,
            "std": 0.34950674554630623
        },
        "sufficiencies @ 1.0": {
            "mean": 0.16461276352002774,
            "std": 0.2261368783129938
        },
        "comprehensiveness @ 1.0": {
            "mean": 0.79186013426134,
            "std": 0.2561026918756284
        },
        "AOPC - sufficiency": {
            "mean": 0.16480172750733957,
            "std": 0.22618677088479439
        },
        "AOPC - comprehensiveness": {
            "mean": 0.48009900377802506,
            "std": 0.28817004445464073
        }
    },
    "gradients": {
        "sufficiencies @ 0.01": {
            "mean": 0.16514496311271348,
            "std": 0.22629222013059094
        },
        "comprehensiveness @ 0.01": {
            "mean": 0.32899819287055676,
            "std": 0.3527185347711306
        },
        "sufficiencies @ 0.02": {
            "mean": 0.1652116223515573,
            "std": 0.22631210151086556
        },
        "comprehensiveness @ 0.02": {
            "mean": 0.3289312964383472,
            "std": 0.35267698811316606
        },
        "sufficiencies @ 0.05": {
            "mean": 0.16527285643453205,
            "std": 0.22633133876768358
        },
        "comprehensiveness @ 0.05": {
            "mean": 0.34335575492560744,
            "std": 0.3567979721763452
        },
        "sufficiencies @ 0.1": {
            "mean": 0.165401950192346,
            "std": 0.2264217407472553
        },
        "comprehensiveness @ 0.1": {
            "mean": 0.37126223645892514,
            "std": 0.36864452568280526
        },
        "sufficiencies @ 0.2": {
            "mean": 0.16542187426784208,
            "std": 0.22639082687182122
        },
        "comprehensiveness @ 0.2": {
            "mean": 0.42469190575219756,
            "std": 0.38483298750087747
        },
        "sufficiencies @ 0.5": {
            "mean": 0.1654622659431055,
            "std": 0.2263951148856883
        },
        "comprehensiveness @ 0.5": {
            "mean": 0.6110309324485286,
            "std": 0.3720588778895171
        },
        "sufficiencies @ 1.0": {
            "mean": 0.1650782312730269,
            "std": 0.22627255136330204
        },
        "comprehensiveness @ 1.0": {
            "mean": 0.7914414567638194,
            "std": 0.25623287618091445
        },
        "AOPC - sufficiency": {
            "mean": 0.16528482336787476,
            "std": 0.2263428932449763
        },