{
    "deeplift": {
        "sufficiency": {
            "mean": 0.3370152435145595,
            "std": 0.3640264553628536
        },
        "comprehensiveness": {
            "mean": 0.5207750536593966,
            "std": 0.38779360035448457
        },
        "AOPC - sufficiency": {
            "mean": 0.2718272786067236,
            "std": 0.2749251364038417
        },
        "AOPC - comprehensiveness": {
            "mean": 0.4151710347586739,
            "std": 0.3048599018455092
        }
    },
    "scaled attention": {
        "sufficiency": {
            "mean": 0.25971868115854707,
            "std": 0.3019786158067666
        },
        "comprehensiveness": {
            "mean": 0.2925038243434774,
            "std": 0.343304569160839
        },
        "AOPC - sufficiency": {
            "mean": 0.20465737558514135,
            "std": 0.2226635649998362
        },
        "AOPC - comprehensiveness": {
            "mean": 0.23459126905131122,
            "std": 0.2656750122582332
        }
    },
    "ig": {
        "sufficiency": {
            "mean": 0.38649670824096055,
            "std": 0.3757985918825336
        },
        "comprehensiveness": {
            "mean": 0.4254317990634216,
            "std": 0.4215945596281348
        },
        "AOPC - sufficiency": {
            "mean": 0.31760321081488385,
            "std": 0.23018746466418671
        },
        "AOPC - comprehensiveness": {
            "mean": 0.334264691443587,
            "std": 0.3052081369825782
        }
    },
    "gradients": {
        "sufficiency": {
            "mean": 0.27751156753804906,
            "std": 0.31624618780733177
        },
        "comprehensiveness": {
            "mean": 0.2310923935167511,
            "std": 0.3483038198715281
        },
        "AOPC - sufficiency": {
            "mean": 0.2172293673386152,
            "std": 0.2037919777845583
        },
        "AOPC - comprehensiveness": {
            "mean": 0.1877797215799041,
            "std": 0.26058613156709076
        }
    },
    "attention": {
        "sufficiency": {
            "mean": 0.28479631672402517,
            "std": 0.3126270404812211
        },
        "comprehensiveness": {
            "mean": 0.33215003280832756,
            "std": 0.35763374375225404
        },
        "AOPC - sufficiency": {
            "mean": 0.23531571452961864,
            "std": 0.21896884486120566
        },
        "AOPC - comprehensiveness": {
            "mean": 0.2658337979148431,
            "std": 0.26496621486245114
        }
    },
    "random": {
        "sufficiency": {
            "mean": 0.3627986585009561,
            "std": 0.3737121938807384
        },
        "comprehensiveness": {
            "mean": 0.286919369999043,
            "std": 0.3797401655320729
        },
        "AOPC - sufficiency": {
            "mean": 0.29684792467931354,
            "std": 0.23233721399195154
        },
        "AOPC - comprehensiveness": {
            "mean": 0.22737717577669753,
            "std": 0.2637317207767759
        }
    }
}