{
    "gradients": {
        "sufficiencies @ 1.0": {
            "mean": 0.751202085769689,
            "std": 0.2837074409972339
        },
        "comprehensiveness @ 1.0": {
            "mean": 1.0,
            "std": 0.0
        },
        "AOPC - sufficiency": {
            "mean": 0.7479785597647762,
            "std": 0.27389813395296947
        },
        "AOPC - comprehensiveness": {
            "mean": 0.9990363733915508,
            "std": 0.004108661415418164
        }
    },
    "attention": {
        "sufficiencies @ 1.0": {
            "mean": 0.7470101083804563,
            "std": 0.2861502902146991
        },
        "comprehensiveness @ 1.0": {
            "mean": 0.997786583078595,
            "std": 0.008842938915883447
        },
        "AOPC - sufficiency": {
            "mean": 0.7465170526740366,
            "std": 0.277470624639346
        },
        "AOPC - comprehensiveness": {
            "mean": 0.9968895544432137,
            "std": 0.011573633412400542
        }
    },
    "ig": {
        "sufficiencies @ 1.0": {
            "mean": 0.7529176866147199,
            "std": 0.2833779087312376
        },
        "comprehensiveness @ 1.0": {
            "mean": 0.9957136485223048,
            "std": 0.014832714082005323
        },
        "AOPC - sufficiency": {
            "mean": 0.7564491257730844,
            "std": 0.269148737396682
        },
        "AOPC - comprehensiveness": {
            "mean": 0.9948564020137305,
            "std": 0.016825516715529874
        }
    },
    "deeplift": {
        "sufficiencies @ 1.0": {
            "mean": 0.5643678551334017,
            "std": 0.3584692007401825
        },
        "comprehensiveness @ 1.0": {
            "mean": 0.9937266177815124,
            "std": 0.019260010475990234
        },
        "AOPC - sufficiency": {
            "mean": 0.5620219765269924,
            "std": 0.32748341073283194
        },
        "AOPC - comprehensiveness": {
            "mean": 0.9928962001657929,
            "std": 0.020808998153189477
        }
    },
    "random": {
        "sufficiencies @ 1.0": {
            "mean": 0.6490522063841594,
            "std": 0.33059606862078134
        },
        "comprehensiveness @ 1.0": {
            "mean": 0.9917984747123119,
            "std": 0.022733077336018842
        },
        "AOPC - sufficiency": {
            "mean": 0.6544213495999622,
            "std": 0.2887806705408015
        },
        "AOPC - comprehensiveness": {
            "mean": 0.9909877366381561,
            "std": 0.023993109881531933
        }
    },
    "scaled attention": {
        "sufficiencies @ 1.0": {
            "mean": 0.7505211807202886,
            "std": 0.28230246454181857
        },
        "comprehensiveness @ 1.0": {
            "mean": 0.9899140475087184,
            "std": 0.025577840763831735
        },
        "AOPC - sufficiency": {
            "mean": 0.7507988114390095,
            "std": 0.27945924386502485
        },
        "AOPC - comprehensiveness": {
            "mean": 0.9891186553092497,
            "std": 0.026638454658386795
        }
    }
}