{
    "ig": {
        "sufficiencies @ 1.0": {
            "mean": 0.6448435277823693,
            "std": 0.41518312490505593
        },
        "comprehensiveness @ 1.0": {
            "mean": 0.05341800095000557,
            "std": 0.17443685389543448
        },
        "AOPC - sufficiency": {
            "mean": 0.6764554333884802,
            "std": 0.3162644404850019
        },
        "AOPC - comprehensiveness": {
            "mean": 0.07966287018980446,
            "std": 0.16208192058443588
        }
    },
    "scaled attention": {
        "sufficiencies @ 1.0": {
            "mean": 0.6579303704573063,
            "std": 0.3911126021819396
        },
        "comprehensiveness @ 1.0": {
            "mean": 0.08674571933133322,
            "std": 0.24038445230898403
        },
        "AOPC - sufficiency": {
            "mean": 0.6621516718533168,
            "std": 0.3223477352922334
        },
        "AOPC - comprehensiveness": {
            "mean": 0.0831486852974374,
            "std": 0.18762411846838628
        }
    },
    "random": {
        "sufficiencies @ 1.0": {
            "mean": 0.7543847572520227,
            "std": 0.36343237139568546
        },
        "comprehensiveness @ 1.0": {
            "mean": 0.10128876843889253,
            "std": 0.2541522233040973
        },
        "AOPC - sufficiency": {
            "mean": 0.7541302038017335,
            "std": 0.2926729781733116
        },
        "AOPC - comprehensiveness": {
            "mean": 0.1089078436034468,
            "std": 0.2123961899297378
        }
    },
    "deeplift": {
        "sufficiencies @ 1.0": {
            "mean": 0.6932585657699762,
            "std": 0.39962013496536875
        },
        "comprehensiveness @ 1.0": {
            "mean": 0.09902502229485977,
            "std": 0.2507911857753207
        },
        "AOPC - sufficiency": {
            "mean": 0.7159034423475807,
            "std": 0.3216610927061473
        },
        "AOPC - comprehensiveness": {
            "mean": 0.0971282979205128,
            "std": 0.19033717704609465
        }
    },
    "attention": {
        "sufficiencies @ 1.0": {
            "mean": 0.65201049092583,
            "std": 0.4101654223583748
        },
        "comprehensiveness @ 1.0": {
            "mean": 0.08033811903884672,
            "std": 0.22581227763857115
        },
        "AOPC - sufficiency": {
            "mean": 0.6736148049994591,
            "std": 0.31561353337055426
        },
        "AOPC - comprehensiveness": {
            "mean": 0.07864198484916923,
            "std": 0.1730438342705859
        }
    },
    "gradients": {
        "sufficiencies @ 1.0": {
            "mean": 0.6440245387984995,
            "std": 0.41915406178348336
        },
        "comprehensiveness @ 1.0": {
            "mean": 0.08573109057171038,
            "std": 0.22974222734360455
        },
        "AOPC - sufficiency": {
            "mean": 0.6760050138190702,
            "std": 0.31668935932636694
        },
        "AOPC - comprehensiveness": {
            "mean": 0.07989267033285606,
            "std": 0.18430610220151947
        }
    }
}