{
    "random": {
        "sufficiencies @ 1.0": {
            "mean": 0.9790911606550747,
            "std": 0.11694555334321838
        },
        "comprehensiveness @ 1.0": {
            "mean": 0.7810585185066065,
            "std": 0.2768622332927698
        },
        "AOPC - sufficiency": {
            "mean": 0.9616194363944347,
            "std": 0.12955172412316326
        },
        "AOPC - comprehensiveness": {
            "mean": 0.7839739220707519,
            "std": 0.20546993380645312
        }
    },
    "ig": {
        "sufficiencies @ 1.0": {
            "mean": 0.9664950463126142,
            "std": 0.16481299269412
        },
        "comprehensiveness @ 1.0": {
            "mean": 0.7847721917707886,
            "std": 0.26371095007458467
        },
        "AOPC - sufficiency": {
            "mean": 0.9655254980252937,
            "std": 0.14021252658860953
        },
        "AOPC - comprehensiveness": {
            "mean": 0.7811211000995886,
            "std": 0.21844925550229893
        }
    },
    "gradients": {
        "sufficiencies @ 1.0": {
            "mean": 0.965863171561967,
            "std": 0.16401132893925735
        },
        "comprehensiveness @ 1.0": {
            "mean": 0.7782322631792212,
            "std": 0.27967919090051707
        },
        "AOPC - sufficiency": {
            "mean": 0.9709662142023887,
            "std": 0.11203668212000008
        },
        "AOPC - comprehensiveness": {
            "mean": 0.7927983503699944,
            "std": 0.21113343568068074
        }
    },
    "scaled attention": {
        "sufficiencies @ 1.0": {
            "mean": 0.9747281088328636,
            "std": 0.1388427360187139
        },
        "comprehensiveness @ 1.0": {
            "mean": 0.7559140619330047,
            "std": 0.2705085204072075
        },
        "AOPC - sufficiency": {
            "mean": 0.9670424947915899,
            "std": 0.14235320221047237
        },
        "AOPC - comprehensiveness": {
            "mean": 0.7880007371057715,
            "std": 0.22170776392520164
        }
    },
    "attention": {
        "sufficiencies @ 1.0": {
            "mean": 0.9959320063122035,
            "std": 0.011711979170173827
        },
        "comprehensiveness @ 1.0": {
            "mean": 0.792448629102311,
            "std": 0.2681835651473049
        },
        "AOPC - sufficiency": {
            "mean": 0.9741780383180926,
            "std": 0.09237125321587665
        },
        "AOPC - comprehensiveness": {
            "mean": 0.7848602237928058,
            "std": 0.2324671007982365
        }
    },
    "deeplift": {
        "sufficiencies @ 1.0": {
            "mean": 0.9276909242249567,
            "std": 0.17598588323835074
        },
        "comprehensiveness @ 1.0": {
            "mean": 0.8112472044920958,
            "std": 0.24036970843297864
        },
        "AOPC - sufficiency": {
            "mean": 0.9178750160535945,
            "std": 0.16722931425623483
        },
        "AOPC - comprehensiveness": {
            "mean": 0.8076337466083777,
            "std": 0.21650688514932132
        }
    }
}