{
    "scaled attention": {
        "sufficiencies @ 0.01": {
            "mean": 0.24430650461752582,
            "std": 0.2850558384703327
        },
        "comprehensiveness @ 0.01": {
            "mean": 0.29599387219958123,
            "std": 0.34710332625270685
        },
        "sufficiencies @ 0.02": {
            "mean": 0.24553191785583414,
            "std": 0.28474586883628533
        },
        "comprehensiveness @ 0.02": {
            "mean": 0.291884466922222,
            "std": 0.34564446875241417
        },
        "sufficiencies @ 0.05": {
            "mean": 0.24667779907417187,
            "std": 0.28933196498798264
        },
        "comprehensiveness @ 0.05": {
            "mean": 0.3179597034894,
            "std": 0.35134610096175783
        },
        "sufficiencies @ 0.1": {
            "mean": 0.25366796547314363,
            "std": 0.2970239635984659
        },
        "comprehensiveness @ 0.1": {
            "mean": 0.3686144479342266,
            "std": 0.3653782596400512
        },
        "sufficiencies @ 0.2": {
            "mean": 0.263630329763278,
            "std": 0.3037990173685083
        },
        "comprehensiveness @ 0.2": {
            "mean": 0.48232275810070374,
            "std": 0.3773724838200722
        },
        "sufficiencies @ 0.5": {
            "mean": 0.26954860769622213,
            "std": 0.29436309586501536
        },
        "comprehensiveness @ 0.5": {
            "mean": 0.6871730216188163,
            "std": 0.34059205987992947
        },
        "sufficiencies @ 1.0": {
            "mean": 0.2594289897500278,
            "std": 0.28036363913743273
        },
        "comprehensiveness @ 1.0": {
            "mean": 0.6668785601172726,
            "std": 0.3737291670818931
        },
        "AOPC - sufficiency": {
            "mean": 0.2546845877471719,
            "std": 0.2722570033139052
        },
        "AOPC - comprehensiveness": {
            "mean": 0.444403832911746,
            "std": 0.25826791314596403
        }
    },
    "ig": {
        "sufficiencies @ 0.01": {
            "mean": 0.2894976564961488,
            "std": 0.32801298472396767
        },
        "comprehensiveness @ 0.01": {
            "mean": 0.4098042312966708,
            "std": 0.41861252308879027
        },
        "sufficiencies @ 0.02": {
            "mean": 0.2805241780602319,
            "std": 0.3237879066494891
        },
        "comprehensiveness @ 0.02": {
            "mean": 0.41095327531681625,
            "std": 0.41800161899098404
        },
        "sufficiencies @ 0.05": {
            "mean": 0.29608656622719975,
            "std": 0.33075978096528924
        },
        "comprehensiveness @ 0.05": {
            "mean": 0.4329046476512481,
            "std": 0.42031759516894346
        },
        "sufficiencies @ 0.1": {
            "mean": 0.3207445412609227,
            "std": 0.34751738634058627
        },
        "comprehensiveness @ 0.1": {
            "mean": 0.4552614670345703,
            "std": 0.4234038343491407
        },
        "sufficiencies @ 0.2": {
            "mean": 0.3836156419305194,
            "std": 0.3707664383064029
        },
        "comprehensiveness @ 0.2": {
            "mean": 0.5100134810294151,
            "std": 0.4187722107145183
        },
        "sufficiencies @ 0.5": {
            "mean": 0.5853523006169307,
            "std": 0.3712337443355052
        },
        "comprehensiveness @ 0.5": {
            "mean": 0.6978975670680914,
            "std": 0.36495338953927303
        },
        "sufficiencies @ 1.0": {
            "mean": 0.6341351235669042,
            "std": 0.36349517778245005
        },
        "comprehensiveness @ 1.0": {
            "mean": 0.7545749106367434,
            "std": 0.32984075420450176
        },
        "AOPC - sufficiency": {
            "mean": 0.39856514402269394,
            "std": 0.2675674027264114
        },
        "AOPC - comprehensiveness": {
            "mean": 0.5244870828619365,
            "std": 0.3125303428524274
        }
    },
    "random": {
        "sufficiencies @ 0.01": {
            "mean": 0.28823008031739583,
            "std": 0.33709739820013734
        },
        "comprehensiveness @ 0.01": {
            "mean": 0.2882200085729381,
            "std": 0.38218377002655607
        },
        "sufficiencies @ 0.02": {
            "mean": 0.28928622029140943,
            "std": 0.3365115793774424
        },
        "comprehensiveness @ 0.02": {
            "mean": 0.2892006831999952,
            "std": 0.380215116057505
        },
        "sufficiencies @ 0.05": {
            "mean": 0.29217207762430336,
            "std": 0.33660643729439954
        },
        "comprehensiveness @ 0.05": {
            "mean": 0.2856427214270852,
            "std": 0.3803623587806719
        },
        "sufficiencies @ 0.1": {
            "mean": 0.3133146990750797,
            "std": 0.3540112149608294
        },
        "comprehensiveness @ 0.1": {
            "mean": 0.2808600308886864,
            "std": 0.3704601481453175
        },
        "sufficiencies @ 0.2": {
            "mean": 0.36114947142854686,
            "std": 0.36856510864713155
        },
        "comprehensiveness @ 0.2": {
            "mean": 0.306020359930872,
            "std": 0.3837103438912601
        },
        "sufficiencies @ 0.5": {
            "mean": 0.5144520685587135,
            "std": 0.407399215225713
        },
        "comprehensiveness @ 0.5": {
            "mean": 0.413885170627348,
            "std": 0.4032272757170822
        },
        "sufficiencies @ 1.0": {
            "mean": 0.5637511446931354,
            "std": 0.4101485085751323
        },
        "comprehensiveness @ 1.0": {
            "mean": 0.45683356081589976,
            "std": 0.41181908054935934
        },
        "AOPC - sufficiency": {
            "mean": 0.3746222517126549,
            "std": 0.27567192105731514
        },
        "AOPC - comprehensiveness": {
            "mean": 0.33152321935183204,
            "std": 0.31253297451680534
        }
    },
    "deeplift": {
        "sufficiencies @ 0.01": {
            "mean": 0.3289992634764793,
            "std": 0.37361571949321376
        },
        "comprehensiveness @ 0.01": {
            "mean": 0.5185846961997933,
            "std": 0.3884569711233169
        },
        "sufficiencies @ 0.02": {
            "mean": 0.3298452629286511,
            "std": 0.3739496517599824
        },
        "comprehensiveness @ 0.02": {
            "mean": 0.5178255705000588,
            "std": 0.3877542183678916
        },
        "sufficiencies @ 0.05": {
            "mean": 0.3304149451255757,
            "std": 0.3736894329566552
        },
        "comprehensiveness @ 0.05": {
            "mean": 0.5233079019710191,
            "std": 0.38803061366181546
        },
        "sufficiencies @ 0.1": {
            "mean": 0.3343151205648569,
            "std": 0.3719411615511896
        },
        "comprehensiveness @ 0.1": {
            "mean": 0.5274758458886564,
            "std": 0.38283733737004677
        },
        "sufficiencies @ 0.2": {
            "mean": 0.3394958453055251,
            "std": 0.36680081335383935
        },
        "comprehensiveness @ 0.2": {
            "mean": 0.5612464512741353,
            "std": 0.3743959900631347
        },
        "sufficiencies @ 0.5": {
            "mean": 0.36692209153112854,
            "std": 0.3551782850324529
        },
        "comprehensiveness @ 0.5": {
            "mean": 0.6899472443106219,
            "std": 0.328361399625454
        },
        "sufficiencies @ 1.0": {
            "mean": 0.3973053540710967,
            "std": 0.35999600326878045
        },
        "comprehensiveness @ 1.0": {
            "mean": 0.7076216638393594,
            "std": 0.3208294280383064
        },
        "AOPC - sufficiency": {
            "mean": 0.34675684042904475,
            "std": 0.3354666335211333
        },