{
<<<<<<< HEAD
    "scaled attention": {
        "sufficiency": {
            "mean": 0.26246878339313756,
            "std": 0.3007871826702893
        },
        "comprehensiveness": {
            "mean": 0.4818855948821946,
            "std": 0.37794273206705703
        },
        "AOPC - sufficiency": {
            "mean": 0.20469048641656673,
            "std": 0.22158111180153187
        },
        "AOPC - comprehensiveness": {
            "mean": 0.3672561776249941,
            "std": 0.22093024833834918
=======
    "gradients": {
        "sufficiencies @ 0.01": {
            "mean": 0.23405228723770188,
            "std": 0.28555545186688464
        },
        "comprehensiveness @ 0.01": {
            "mean": 0.23541338361528638,
            "std": 0.35532625138568474
        },
        "sufficiencies @ 0.02": {
            "mean": 0.22585667293517322,
            "std": 0.2784901693058239
        },
        "comprehensiveness @ 0.02": {
            "mean": 0.23056834838724088,
            "std": 0.3502151042765054
        },
        "sufficiencies @ 0.05": {
            "mean": 0.23747167621897994,
            "std": 0.28695393550386306
        },
        "comprehensiveness @ 0.05": {
            "mean": 0.24527751639822803,
            "std": 0.3573355131411983
        },
        "sufficiencies @ 0.1": {
            "mean": 0.25524464510445105,
            "std": 0.30211796238047406
        },
        "comprehensiveness @ 0.1": {
            "mean": 0.2648316910283221,
            "std": 0.3684973433965392
        },
        "sufficiencies @ 0.2": {
            "mean": 0.26968314353845163,
            "std": 0.3078504174580469
        },
        "comprehensiveness @ 0.2": {
            "mean": 0.318859121074496,
            "std": 0.38905465602422484
        },
        "sufficiencies @ 0.5": {
            "mean": 0.3148949375476371,
            "std": 0.3184711661527709
        },
        "comprehensiveness @ 0.5": {
            "mean": 0.5097029339338157,
            "std": 0.4041027632501775
        },
        "AOPC - sufficiency": {
            "mean": 0.2562005604303991,
            "std": 0.2462844432445289
        },
        "AOPC - comprehensiveness": {
            "mean": 0.30077549907289813,
            "std": 0.3045867618732185
>>>>>>> 650696422f9f8c46d0e027e637ba4eed131666d3
        }
    },
    "attention": {
        "sufficiencies @ 0.01": {
            "mean": 0.2713401335302634,
            "std": 0.3042551400001866
        },
        "comprehensiveness @ 0.01": {
            "mean": 0.33267052866667135,
            "std": 0.3579004764861679
        },
        "sufficiencies @ 0.02": {
            "mean": 0.2674205686650957,
            "std": 0.30147014404095873
        },
        "comprehensiveness @ 0.02": {
            "mean": 0.33902659004853003,
            "std": 0.3632594916244872
        },
        "sufficiencies @ 0.05": {
            "mean": 0.2729255039949009,
            "std": 0.3075887327001652
        },
        "comprehensiveness @ 0.05": {
            "mean": 0.35782582848459793,
            "std": 0.3671478340660044
        },
        "sufficiencies @ 0.1": {
            "mean": 0.2744968500407921,
            "std": 0.3094352251154584
        },
        "comprehensiveness @ 0.1": {
            "mean": 0.4035353179081691,
            "std": 0.3697859395921427
        },
        "sufficiencies @ 0.2": {
            "mean": 0.28924651623320907,
            "std": 0.3122048491747542
        },
        "comprehensiveness @ 0.2": {
            "mean": 0.5025218750539375,
            "std": 0.3755554943985256
        },
        "sufficiencies @ 0.5": {
            "mean": 0.3375798611549929,
            "std": 0.3006170548211492
        },
        "comprehensiveness @ 0.5": {
            "mean": 0.698221038274003,
            "std": 0.32978687561046016
        },
        "AOPC - sufficiency": {
            "mean": 0.2855015722698757,
            "std": 0.2742194180828276
        },
        "AOPC - comprehensiveness": {
            "mean": 0.4389668630726515,
            "std": 0.2882748484849023
        }
    },
<<<<<<< HEAD
    "attention": {
        "sufficiency": {
            "mean": 0.2810863255261298,
            "std": 0.3063194842160818
        },
        "comprehensiveness": {
            "mean": 0.5026784210949017,
            "std": 0.37728066369647195
        },
        "AOPC - sufficiency": {
            "mean": 0.2327306416140035,
            "std": 0.21533643464372962
        },
        "AOPC - comprehensiveness": {
            "mean": 0.3853424563439436,
            "std": 0.2245836526640254
        }
    },
    "deeplift": {
        "sufficiency": {
            "mean": 0.3368665992161585,
            "std": 0.3621097657241644
        },
        "comprehensiveness": {
            "mean": 0.56103847253149,
            "std": 0.37623221659355705
        },
        "AOPC - sufficiency": {
            "mean": 0.27243334796090257,
            "std": 0.2734172780337934
        },
        "AOPC - comprehensiveness": {
            "mean": 0.4607396126247127,
            "std": 0.2599774552628306
        }
    },
    "gradients": {
        "sufficiency": {
            "mean": 0.2791009435192135,
            "std": 0.31421810692226576
        },
        "comprehensiveness": {
            "mean": 0.31243140446661893,
            "std": 0.38864021286828954
        },
        "AOPC - sufficiency": {
            "mean": 0.21715032881958374,
            "std": 0.20361008349530002
        },
        "AOPC - comprehensiveness": {
            "mean": 0.26200933415490596,
            "std": 0.24500886113500162
        }
    },
    "random": {
        "sufficiency": {
            "mean": 0.3627986585009561,
            "std": 0.3737121938807384
        },
        "comprehensiveness": {
            "mean": 0.3145049598419856,
            "std": 0.3845321939162254
        },
        "AOPC - sufficiency": {
            "mean": 0.29684792467931354,
            "std": 0.23233721399195154
        },
        "AOPC - comprehensiveness": {
            "mean": 0.26034271239141965,
            "std": 0.2600192531151831
=======
    "scaled attention": {
        "sufficiencies @ 0.01": {
            "mean": 0.24808693492712947,
            "std": 0.2891547738300846
        },
        "comprehensiveness @ 0.01": {
            "mean": 0.2979009725850365,
            "std": 0.3484579304956256
        },
        "sufficiencies @ 0.02": {
            "mean": 0.24531971533210284,
            "std": 0.28645563666623475
        },
        "comprehensiveness @ 0.02": {
            "mean": 0.29099254002881864,
            "std": 0.343074052749764
        },
        "sufficiencies @ 0.05": {
            "mean": 0.24849421313757852,
            "std": 0.2929196729143883
        },
        "comprehensiveness @ 0.05": {
            "mean": 0.3161263494415776,
            "std": 0.35099392115390854
        },
        "sufficiencies @ 0.1": {
            "mean": 0.2543269960981078,
            "std": 0.29743279520841953
        },
        "comprehensiveness @ 0.1": {
            "mean": 0.3671553016278542,
            "std": 0.3654411243114381
        },
        "sufficiencies @ 0.2": {
            "mean": 0.2640959849541813,
            "std": 0.30225639086350964
        },
        "comprehensiveness @ 0.2": {
            "mean": 0.4806704120430111,
            "std": 0.3780301061674445
        },
        "sufficiencies @ 0.5": {
            "mean": 0.269222475479496,
            "std": 0.2966714367450782
        },
        "comprehensiveness @ 0.5": {
            "mean": 0.6826270585510016,
            "std": 0.34289981681814186
        },
        "AOPC - sufficiency": {
            "mean": 0.254924386654766,
            "std": 0.27920274630160324
        },
        "AOPC - comprehensiveness": {
            "mean": 0.40591210571288333,
            "std": 0.2806440813878368
        }
    },