{
    "random": {
        "sufficiencies @ 0.01": {
            "mean": 0.34122362805217143,
            "std": 0.25300921563067613
        },
        "comprehensiveness @ 0.01": {
            "mean": 0.1341806594668256,
            "std": 0.19850162983010078
        },
        "sufficiencies @ 0.02": {
            "mean": 0.34131054439105524,
            "std": 0.2529866747519986
        },
        "comprehensiveness @ 0.02": {
            "mean": 0.1341514832838501,
            "std": 0.19845429435702133
        },
        "sufficiencies @ 0.05": {
            "mean": 0.341397429362508,
            "std": 0.252964161785163
        },
        "comprehensiveness @ 0.05": {
            "mean": 0.1361458721281891,
            "std": 0.1987012615236358
        },
        "sufficiencies @ 0.1": {
            "mean": 0.341484282984679,
            "std": 0.25294167670320866
        },
        "comprehensiveness @ 0.1": {
            "mean": 0.16908669532217335,
            "std": 0.24291233795959555
        },
        "sufficiencies @ 0.2": {
            "mean": 0.34157110527570284,
            "std": 0.25291921947920143
        },
        "comprehensiveness @ 0.2": {
            "mean": 0.22201504939179448,
            "std": 0.2807090915494086
        },
        "sufficiencies @ 0.5": {
            "mean": 0.341657896253699,
            "std": 0.2528967900862334
        },
        "comprehensiveness @ 0.5": {
            "mean": 0.3598457166492235,
            "std": 0.29365845813352526
        },
        "sufficiencies @ 1.0": {
            "mean": 0.3411366803276924,
            "std": 0.2530317844481828
        },
        "comprehensiveness @ 1.0": {
            "mean": 0.5958201624098636,
            "std": 0.19408512504611086
        },
        "AOPC - sufficiency": {
            "mean": 0.3413973666639297,
            "std": 0.2529641869955866
        },
        "AOPC - comprehensiveness": {
            "mean": 0.2501779483788457,
            "std": 0.17611456036917272
        }
    },
    "ig": {
        "sufficiencies @ 0.01": {
            "mean": 0.34183138434301413,
            "std": 0.25285201468591517
        },
        "comprehensiveness @ 0.01": {
            "mean": 0.17143973095799933,
            "std": 0.24901068345191904
        },
        "sufficiencies @ 0.02": {
            "mean": 0.34191808149049874,
            "std": 0.2528296686248809
        },
        "comprehensiveness @ 0.02": {
            "mean": 0.17140697599525376,
            "std": 0.2489667645815861
        },
        "sufficiencies @ 0.05": {
            "mean": 0.34200474739728726,
            "std": 0.2528073502875176
        },
        "comprehensiveness @ 0.05": {
            "mean": 0.20487237971556976,
            "std": 0.28865575482959493
        },
        "sufficiencies @ 0.1": {
            "mean": 0.3420913820814259,
            "std": 0.25278505964704895
        },
        "comprehensiveness @ 0.1": {
            "mean": 0.21942776259562877,
            "std": 0.2953335890116682
        },
        "sufficiencies @ 0.2": {
            "mean": 0.3421779855609459,
            "std": 0.2527627966767248
        },
        "comprehensiveness @ 0.2": {
            "mean": 0.2833207289685971,
            "std": 0.31029523329195663
        },
        "sufficiencies @ 0.5": {
            "mean": 0.34226455785386434,
            "std": 0.2527405613498212
        },
        "comprehensiveness @ 0.5": {
            "mean": 0.49838797265919765,
            "std": 0.3290218508634503
        },
        "sufficiencies @ 1.0": {
            "mean": 0.3417446559367728,
            "std": 0.252874388497423
        },
        "comprehensiveness @ 1.0": {
            "mean": 0.5951191446120988,
            "std": 0.1938129251937397
        },
        "AOPC - sufficiency": {
            "mean": 0.3420046849519727,
            "std": 0.2528073752634123
        },
        "AOPC - comprehensiveness": {
            "mean": 0.30628209935776357,
            "std": 0.22435283618227414
        }
    },
    "deeplift": {
        "sufficiencies @ 0.01": {
            "mean": 0.34243760895188957,
            "std": 0.2526961735195105
        },
        "comprehensiveness @ 0.01": {
            "mean": 0.15763799155002284,
            "std": 0.24291738143741362
        },
        "sufficiencies @ 0.02": {
            "mean": 0.3425240877929568,
            "std": 0.2526740209627863
        },
        "comprehensiveness @ 0.02": {
            "mean": 0.1576146148404396,
            "std": 0.2428943557062894
        },
        "sufficiencies @ 0.05": {
            "mean": 0.3426105355193429,
            "std": 0.2526518959428481
        },
        "comprehensiveness @ 0.05": {
            "mean": 0.1709098163189574,
            "std": 0.26229033273582797
        },
        "sufficiencies @ 0.1": {
            "mean": 0.3426969521489917,
            "std": 0.25262979843310257
        },
        "comprehensiveness @ 0.1": {
            "mean": 0.18532805938572444,
            "std": 0.2490567933051613
        },
        "sufficiencies @ 0.2": {
            "mean": 0.34278333769983205,
            "std": 0.2526077284069823
        },
        "comprehensiveness @ 0.2": {
            "mean": 0.22442168537293544,
            "std": 0.27121986501540957
        },
        "sufficiencies @ 0.5": {
            "mean": 0.34286969218977875,
            "std": 0.25258568583794605
        },
        "comprehensiveness @ 0.5": {
            "mean": 0.42084329789464886,
            "std": 0.3283198612505456
        },
        "sufficiencies @ 1.0": {
            "mean": 0.34235109897818305,
            "std": 0.2527183536396403
        },
        "comprehensiveness @ 1.0": {
            "mean": 0.5944201610683557,
            "std": 0.19354286230277953
        },
        "AOPC - sufficiency": {
            "mean": 0.34261047332585354,
            "std": 0.2526519206862498
        },
        "AOPC - comprehensiveness": {
            "mean": 0.2730250894901549,
            "std": 0.2147753297823024
        }
    },
    "scaled attention": {
        "sufficiencies @ 0.01": {
            "mean": 0.3430423080585762,
            "std": 0.25254168296508944
        },
        "comprehensiveness @ 0.01": {
            "mean": 0.13172856347541692,
            "std": 0.2046376346630557
        },
        "sufficiencies @ 0.02": {
            "mean": 0.34312856947318354,
            "std": 0.25251972260831623
        },
        "comprehensiveness @ 0.02": {
            "mean": 0.13169928545251025,
            "std": 0.20458586907485965
        },
        "sufficiencies @ 0.05": {
            "mean": 0.34321479989841,
            "std": 0.2524977896027209
        },
        "comprehensiveness @ 0.05": {
            "mean": 0.14254033076467812,
            "std": 0.21872272971359236
        },
        "sufficiencies @ 0.1": {
            "mean": 0.34330099935209746,
            "std": 0.25247588392189163
        },
        "comprehensiveness @ 0.1": {
            "mean": 0.18973117443482262,
            "std": 0.29242180894717795
        },
        "sufficiencies @ 0.2": {
            "mean": 0.3433871678520737,
            "std": 0.2524540055394425
        },
        "comprehensiveness @ 0.2": {
            "mean": 0.26161621116136013,
            "std": 0.3053196041913177
        },
        "sufficiencies @ 0.5": {
            "mean": 0.3434733054161516,
            "std": 0.2524321544290135
        },
        "comprehensiveness @ 0.5": {
            "mean": 0.474113806737578,
            "std": 0.3594500691846057
        },
        "sufficiencies @ 1.0": {
            "mean": 0.3429560156367316,
            "std": 0.2525636706994782
        },
        "comprehensiveness @ 1.0": {
            "mean": 0.5937232021009045,
            "std": 0.1932749215029393
        },
        "AOPC - sufficiency": {
            "mean": 0.3432147379553177,
            "std": 0.25249781411564703
        },