{
    "attention": {
        "sufficiencies @ 0.01": {
            "mean": 0.27057069474991247,
            "std": 0.30395135303325777
        },
        "comprehensiveness @ 0.01": {
            "mean": 0.34164590257465843,
            "std": 0.3602354693896123
        },
        "sufficiencies @ 0.02": {
            "mean": 0.2676374482475093,
            "std": 0.30281165932192433
        },
        "comprehensiveness @ 0.02": {
            "mean": 0.33275762238270534,
            "std": 0.3549130449960624
        },
        "sufficiencies @ 0.05": {
            "mean": 0.2747271096074878,
            "std": 0.3076532190741222
        },
        "comprehensiveness @ 0.05": {
            "mean": 0.35573422197095483,
            "std": 0.36246657182582864
        },
        "sufficiencies @ 0.1": {
            "mean": 0.2715818510545765,
            "std": 0.30670768448004354
        },
        "comprehensiveness @ 0.1": {
            "mean": 0.3976842863287097,
            "std": 0.3707432309644097
        },
        "sufficiencies @ 0.2": {
            "mean": 0.2856703004107863,
            "std": 0.3082345051106061
        },
        "comprehensiveness @ 0.2": {
            "mean": 0.49842890736118706,
            "std": 0.37732709709221995
        },
        "sufficiencies @ 0.5": {
            "mean": 0.3328507200262507,
            "std": 0.30212292537618535
        },
        "comprehensiveness @ 0.5": {
            "mean": 0.70467691474092,
            "std": 0.32617638474501204
        },
        "sufficiencies @ 1.0": {
            "mean": 0.2998552753068554,
            "std": 0.2743357953313992
        },
        "comprehensiveness @ 1.0": {
            "mean": 0.6229181915762964,
            "std": 0.3966087977892284
        },
        "AOPC - sufficiency": {
            "mean": 0.286127628486197,
            "std": 0.24858930488735695
        },
        "AOPC - comprehensiveness": {
            "mean": 0.4648351495622045,
            "std": 0.26198740170420115
        }
    },
    "random": {
        "sufficiencies @ 0.01": {
            "mean": 0.2891924620744207,
            "std": 0.33534800269821463
        },
        "comprehensiveness @ 0.01": {
            "mean": 0.29133291635950825,
            "std": 0.38285760688872345
        },
        "sufficiencies @ 0.02": {
            "mean": 0.2897838539141786,
            "std": 0.33670688677637334
        },
        "comprehensiveness @ 0.02": {
            "mean": 0.2873669157027028,
            "std": 0.3793163929715802
        },
        "sufficiencies @ 0.05": {
            "mean": 0.2944194803299549,
            "std": 0.3378768571645219
        },
        "comprehensiveness @ 0.05": {
            "mean": 0.2901910925663906,
            "std": 0.382182675470113
        },
        "sufficiencies @ 0.1": {
            "mean": 0.31213859141438427,
            "std": 0.3528047027956508
        },
        "comprehensiveness @ 0.1": {
            "mean": 0.2848644006082775,
            "std": 0.3756992820189966
        },
        "sufficiencies @ 0.2": {
            "mean": 0.3492899786916326,
            "std": 0.3747287333941128
        },
        "comprehensiveness @ 0.2": {
            "mean": 0.31026163902083626,
            "std": 0.3824116723214649
        },
        "sufficiencies @ 0.5": {
            "mean": 0.5155787569962899,
            "std": 0.4088352363382124
        },
        "comprehensiveness @ 0.5": {
            "mean": 0.421711808983087,
            "std": 0.40242641055776374
        },
        "sufficiencies @ 1.0": {
            "mean": 0.556102076588955,
            "std": 0.4124475676805632
        },
        "comprehensiveness @ 1.0": {
            "mean": 0.4536090662802975,
            "std": 0.4068692994437888
        },
        "AOPC - sufficiency": {
            "mean": 0.37235788571568795,
            "std": 0.2726969047686266
        },
        "AOPC - comprehensiveness": {
            "mean": 0.3341911199315857,
            "std": 0.31249537175764114
        }
    },
    "deeplift": {
        "sufficiencies @ 0.01": {
            "mean": 0.3306680176259647,
            "std": 0.3749890769361529
        },
        "comprehensiveness @ 0.01": {
            "mean": 0.5201714395739645,
            "std": 0.38923267009690876
        },
        "sufficiencies @ 0.02": {
            "mean": 0.32962260550719674,
            "std": 0.37281490230988584
        },
        "comprehensiveness @ 0.02": {
            "mean": 0.5201881774689971,
            "std": 0.3857508438205502
        },
        "sufficiencies @ 0.05": {
            "mean": 0.33300869344316886,
            "std": 0.3748699418725212
        },
        "comprehensiveness @ 0.05": {
            "mean": 0.5225366526955837,
            "std": 0.38618566859937775
        },
        "sufficiencies @ 0.1": {
            "mean": 0.32968431210569416,
            "std": 0.37055003165577294
        },
        "comprehensiveness @ 0.1": {
            "mean": 0.5333528562981489,
            "std": 0.3812499744275238
        },
        "sufficiencies @ 0.2": {
            "mean": 0.3392889537912031,
            "std": 0.36385597209773424
        },
        "comprehensiveness @ 0.2": {
            "mean": 0.5605416405466805,
            "std": 0.37374183104453035
        },
        "sufficiencies @ 0.5": {
            "mean": 0.36983791245525455,
            "std": 0.35612285246763975
        },
        "comprehensiveness @ 0.5": {
            "mean": 0.6925793963988928,
            "std": 0.324380349641083
        },
        "sufficiencies @ 1.0": {
            "mean": 0.3959519463112104,
            "std": 0.36071597082894313
        },
        "comprehensiveness @ 1.0": {
            "mean": 0.7091600679792538,
            "std": 0.32111966125379476
        },
        "AOPC - sufficiency": {
            "mean": 0.3468660630342418,
            "std": 0.3355538065713067
        },
        "AOPC - comprehensiveness": {
            "mean": 0.579790032994503,
            "std": 0.3160471284511098
        }
    },
    "gradients": {
        "sufficiencies @ 0.01": {
            "mean": 0.23628442944176334,
            "std": 0.28576859881748967
        },
        "comprehensiveness @ 0.01": {
            "mean": 0.2366276921832141,
            "std": 0.3541457846267873
        },
        "sufficiencies @ 0.02": {
            "mean": 0.23761471860986802,
            "std": 0.2856698173106777
        },
        "comprehensiveness @ 0.02": {
            "mean": 0.236143053524851,
            "std": 0.35500030737577426
        },
        "sufficiencies @ 0.05": {
            "mean": 0.24352886364107945,
            "std": 0.2929058625161692
        },
        "comprehensiveness @ 0.05": {
            "mean": 0.24562031769213882,
            "std": 0.35853076505275544
        },
        "sufficiencies @ 0.1": {
            "mean": 0.2538182573075652,
            "std": 0.3004406084589539
        },
        "comprehensiveness @ 0.1": {
            "mean": 0.26256530689570445,
            "std": 0.37035499079064205
        },
        "sufficiencies @ 0.2": {
            "mean": 0.27970380308489395,
            "std": 0.3102028084683825
        },
        "comprehensiveness @ 0.2": {
            "mean": 0.31238729791432707,
            "std": 0.3881083145246215
        },
        "sufficiencies @ 0.5": {
            "mean": 0.3216952173037807,
            "std": 0.3184558901944282
        },
        "comprehensiveness @ 0.5": {
            "mean": 0.5082950670364024,
            "std": 0.40683187818861366
        },
        "sufficiencies @ 1.0": {
            "mean": 0.30500070799254453,
            "std": 0.3020631204177014
        },
        "comprehensiveness @ 1.0": {
            "mean": 0.6396040364690673,
            "std": 0.3830394968141293
        },
        "AOPC - sufficiency": {
            "mean": 0.26823514248307073,
            "std": 0.23813123354560795
        },