{
    "deeplift": {
        "sufficiencies @ 0.01": {
            "mean": 0.16423785515196335,
            "std": 0.22666445071408586
        },
        "comprehensiveness @ 0.01": {
            "mean": NaN,
            "std": NaN
        },
        "sufficiencies @ 0.02": {
            "mean": 0.16430460565405708,
            "std": 0.22668358762695173
        },
        "comprehensiveness @ 0.02": {
            "mean": 0.3424931846473511,
            "std": 0.3570559559812038
        },
        "sufficiencies @ 0.05": {
            "mean": 0.1643711240105221,
            "std": 0.22670310021460197
        },
        "comprehensiveness @ 0.05": {
            "mean": 0.36769902487654343,
            "std": 0.3659051424588793
        },
        "sufficiencies @ 0.1": {
            "mean": 0.16443741943158655,
            "std": 0.22672295631181874
        },
        "comprehensiveness @ 0.1": {
            "mean": 0.40363422764717144,
            "std": 0.3746866324886018
        },
        "sufficiencies @ 0.2": {
            "mean": 0.16450350059368268,
            "std": 0.2267431265471438
        },
        "comprehensiveness @ 0.2": {
            "mean": 0.4799405851971019,
            "std": 0.3937562831223429
        },
        "sufficiencies @ 0.5": {
            "mean": 0.16456937567764393,
            "std": 0.22676358407770686
        },
        "comprehensiveness @ 0.5": {
            "mean": 0.6886692240321587,
            "std": 0.36520245613878904
        },
        "sufficiencies @ 1.0": {
            "mean": 0.164635052403668,
            "std": 0.2267843043519257
        },
        "comprehensiveness @ 1.0": {
            "mean": 0.307848217269739,
            "std": 0.3380315201739933
        },
        "AOPC - sufficiency": {
            "mean": 0.16443699041758908,
            "std": 0.22672287716663447
        },
        "AOPC - comprehensiveness": {
            "mean": NaN,
            "std": NaN
        }
    },
    "ig": {
        "sufficiencies @ 0.01": {
            "mean": 0.16470053806336105,
            "std": 0.2268052648968457
        },
        "comprehensiveness @ 0.01": {
            "mean": 0.37167561739960847,
            "std": 0.37197943736999506
        },
        "sufficiencies @ 0.02": {
            "mean": 0.16476583954914378,
            "std": 0.22682644512729744
        },
        "comprehensiveness @ 0.02": {
            "mean": 0.37161429236701665,
            "std": 0.37194929376728464
        },
        "sufficiencies @ 0.05": {
            "mean": 0.16483142806013137,
            "std": 0.2268474885793113
        },
        "comprehensiveness @ 0.05": {
            "mean": 0.3942125386177242,
            "std": 0.3767594334611506
        },
        "sufficiencies @ 0.1": {
            "mean": 0.1648985115655969,
            "std": 0.22686750547594212
        },
        "comprehensiveness @ 0.1": {
            "mean": 0.437518600713823,
            "std": 0.3892437636059808
        },
        "sufficiencies @ 0.2": {
            "mean": 0.16496542852055304,
            "std": 0.2268876917374626
        },
        "comprehensiveness @ 0.2": {
            "mean": 0.5218045513704952,
            "std": 0.39946101142360857
        },
        "sufficiencies @ 0.5": {
            "mean": 0.16503218447081727,
            "std": 0.2269080327822006
        },
        "comprehensiveness @ 0.5": {
            "mean": 0.734349927001623,
            "std": 0.33635271672335915
        },
        "sufficiencies @ 1.0": {
            "mean": 0.16509878467835223,
            "std": 0.2269285152122502
        },
        "comprehensiveness @ 1.0": {
            "mean": 0.30733959210380946,
            "std": 0.33765675189165845
        },
        "AOPC - sufficiency": {
            "mean": 0.1648989592725651,
            "std": 0.22686678468874508
        },
        "AOPC - comprehensiveness": {
            "mean": 0.44835930279630004,
            "std": 0.32935200003096365
        }
    },
    "scaled attention": {
        "sufficiencies @ 0.01": {
            "mean": 0.1651652341392584,
            "std": 0.22694912671113632
        },
        "comprehensiveness @ 0.01": {
            "mean": 0.3105040736125769,
            "std": 0.33963783409703935
        },
        "sufficiencies @ 0.02": {
            "mean": 0.16523153760041567,
            "std": 0.22696985595118635
        },
        "comprehensiveness @ 0.02": {
            "mean": 0.3104320238187503,
            "std": 0.3395859075273129
        },
        "sufficiencies @ 0.05": {
            "mean": 0.16529769957489,
            "std": 0.22699069250959625
        },
        "comprehensiveness @ 0.05": {
            "mean": 0.34290275741340104,
            "std": 0.35491208349142556
        },
        "sufficiencies @ 0.1": {
            "mean": 0.16536372435621094,
            "std": 0.22701162679229472
        },
        "comprehensiveness @ 0.1": {
            "mean": 0.3960355660295902,
            "std": 0.37458996954343776
        },
        "sufficiencies @ 0.2": {
            "mean": 0.1654296160316156,
            "std": 0.22703264996480957
        },
        "comprehensiveness @ 0.2": {
            "mean": 0.5067174735120065,
            "std": 0.3976790359665137
        },
        "sufficiencies @ 0.5": {
            "mean": 0.16549537849434498,
            "std": 0.22705375388942967
        },
        "comprehensiveness @ 0.5": {
            "mean": 0.7031844102704445,
            "std": 0.3495745976540533
        },
        "sufficiencies @ 1.0": {
            "mean": 0.16556101545507093,
            "std": 0.22707493106803356
        },
        "comprehensiveness @ 1.0": {
            "mean": 0.30683540658474157,
            "std": 0.33728912408066825
        },
        "AOPC - sufficiency": {
            "mean": 0.16536345795025809,
            "std": 0.2270114471724193
        },
        "AOPC - comprehensiveness": {
            "mean": 0.4109445301773587,
            "std": 0.31133672538475193
        }
    },
    "attention": {
        "sufficiencies @ 0.01": {
            "mean": 0.1660819858850071,
            "std": 0.2272462596198579
        },
        "comprehensiveness @ 0.01": {
            "mean": 0.30924925162141875,
            "std": 0.33857029003989264
        },
        "sufficiencies @ 0.02": {
            "mean": 0.16614663491393405,
            "std": 0.2272678416997277
        },
        "comprehensiveness @ 0.02": {
            "mean": 0.3091784155044785,
            "std": 0.33852023722345054
        },
        "sufficiencies @ 0.05": {
            "mean": 0.16621118752304356,
            "std": 0.22728944774186782
        },
        "comprehensiveness @ 0.05": {
            "mean": 0.34218709045834633,
            "std": 0.35432783854299155
        },
        "sufficiencies @ 0.1": {
            "mean": 0.16627564597995906,
            "std": 0.227311074672731
        },
        "comprehensiveness @ 0.1": {
            "mean": 0.39529886184039625,
            "std": 0.37425072673491067
        },
        "sufficiencies @ 0.2": {
            "mean": 0.16634001245945676,
            "std": 0.22733271965905238
        },
        "comprehensiveness @ 0.2": {
            "mean": 0.5067458883218715,
            "std": 0.3974750148587271
        },
        "sufficiencies @ 0.5": {
            "mean": 0.1664042890482075,
            "std": 0.22735438008976772
        },
        "comprehensiveness @ 0.5": {
            "mean": 0.7012279640952895,
            "std": 0.3502109604420651
        },
        "sufficiencies @ 1.0": {
            "mean": 0.16646847774923074,
            "std": 0.2273760535593775
        },
        "comprehensiveness @ 1.0": {
            "mean": 0.3058390978031536,
            "std": 0.3365725079213455
        },
        "AOPC - sufficiency": {
            "mean": 0.16627546193697698,
            "std": 0.22731090087178224
        },