{
    "scaled attention": {
        "sufficiencies @ 0.01": {
            "mean": 0.08513922520038719,
            "std": 0.19427512641656056
        },
        "comprehensiveness @ 0.01": {
            "mean": 0.1262566556956296,
            "std": 0.20223144502742768
        },
        "sufficiencies @ 0.02": {
            "mean": 0.06561841060783297,
            "std": 0.18192239242015204
        },
        "comprehensiveness @ 0.02": {
            "mean": 0.13654503146157426,
            "std": 0.21314774121848748
        },
        "sufficiencies @ 0.05": {
            "mean": 0.044218584020977184,
            "std": 0.13887537141038034
        },
        "comprehensiveness @ 0.05": {
            "mean": 0.14106095470772406,
            "std": 0.21006914135561938
        },
        "sufficiencies @ 0.1": {
            "mean": 0.10211600809254189,
            "std": 0.2417501424771158
        },
        "comprehensiveness @ 0.1": {
            "mean": 0.20821612692164262,
            "std": 0.3034827047517828
        },
        "sufficiencies @ 0.2": {
            "mean": 0.1147224380421272,
            "std": 0.2567613510842777
        },
        "comprehensiveness @ 0.2": {
            "mean": 0.2551064743546477,
            "std": 0.3041969397126604
        },
        "sufficiencies @ 0.5": {
            "mean": 0.16149047839214187,
            "std": 0.27946936230438296
        },
        "comprehensiveness @ 0.5": {
            "mean": 0.4916278889316278,
            "std": 0.3688187585532706
        },
        "sufficiencies @ 1.0": {
            "mean": 0.3175269384369043,
            "std": 0.38261869537797627
        },
        "comprehensiveness @ 1.0": {
            "mean": 0.605967443605749,
            "std": 0.201789092103886
        },
        "AOPC - sufficiency": {
            "mean": 0.12726172611327324,
            "std": 0.17485867189006796
        },
        "AOPC - comprehensiveness": {
            "mean": 0.2806829393826564,
            "std": 0.20774977156243346
        }
    },
    "attention": {
        "sufficiencies @ 0.01": {
            "mean": 0.09557152797722694,
            "std": 0.250082932995828
        },
        "comprehensiveness @ 0.01": {
            "mean": 0.14836345769013545,
            "std": 0.22796621979556625
        },
        "sufficiencies @ 0.02": {
            "mean": 0.08250231471248007,
            "std": 0.21342822495520927
        },
        "comprehensiveness @ 0.02": {
            "mean": 0.13259049699608086,
            "std": 0.20219125071614236
        },
        "sufficiencies @ 0.05": {
            "mean": 0.10818894856419198,
            "std": 0.25107097756993546
        },
        "comprehensiveness @ 0.05": {
            "mean": 0.15315513297029063,
            "std": 0.22750978433164779
        },
        "sufficiencies @ 0.1": {
            "mean": 0.07500023141891216,
            "std": 0.21838534055333383
        },
        "comprehensiveness @ 0.1": {
            "mean": 0.20033600441087654,
            "std": 0.29776244622713904
        },
        "sufficiencies @ 0.2": {
            "mean": 0.11910660722521232,
            "std": 0.23342132992436387
        },
        "comprehensiveness @ 0.2": {
            "mean": 0.2760263032501695,
            "std": 0.31474906971686484
        },
        "sufficiencies @ 0.5": {
            "mean": 0.22750259635993308,
            "std": 0.33385949565952544
        },
        "comprehensiveness @ 0.5": {
            "mean": 0.4886728409751051,
            "std": 0.357429078112013
        },
        "sufficiencies @ 1.0": {
            "mean": 0.33694822313212586,
            "std": 0.398864034861971
        },
        "comprehensiveness @ 1.0": {
            "mean": 0.615867600885255,
            "std": 0.19937109785100432
        },
        "AOPC - sufficiency": {
            "mean": 0.14926006419858318,
            "std": 0.19268894322448366
        },
        "AOPC - comprehensiveness": {
            "mean": 0.287858833882559,
            "std": 0.21157950962181213
        }
    },
    "deeplift": {
        "sufficiencies @ 0.01": {
            "mean": 0.14805155640659898,
            "std": 0.264101798303556
        },
        "comprehensiveness @ 0.01": {
            "mean": 0.28795960313183055,
            "std": 0.3218583038809076
        },
        "sufficiencies @ 0.02": {
            "mean": 0.14281334643167082,
            "std": 0.26635981218732324
        },
        "comprehensiveness @ 0.02": {
            "mean": 0.28947535926827145,
            "std": 0.33518220330379495
        },
        "sufficiencies @ 0.05": {
            "mean": 0.11955043064758514,
            "std": 0.2567222867576694
        },
        "comprehensiveness @ 0.05": {
            "mean": 0.2862348411679595,
            "std": 0.3267016678264921
        },
        "sufficiencies @ 0.1": {
            "mean": 0.16681808273964843,
            "std": 0.27181044303697044
        },
        "comprehensiveness @ 0.1": {
            "mean": 0.30832435328136487,
            "std": 0.3537770210248239
        },
        "sufficiencies @ 0.2": {
            "mean": 0.13258341980671118,
            "std": 0.261569539314506
        },
        "comprehensiveness @ 0.2": {
            "mean": 0.32420535633611797,
            "std": 0.33243008883477193
        },
        "sufficiencies @ 0.5": {
            "mean": 0.19791907911891854,
            "std": 0.32219736386106246
        },
        "comprehensiveness @ 0.5": {
            "mean": 0.4872823646325871,
            "std": 0.3384805509217818
        },
        "sufficiencies @ 1.0": {
            "mean": 0.1698404619570116,
            "std": 0.29433869580427796
        },
        "comprehensiveness @ 1.0": {
            "mean": 0.5522643445394978,
            "std": 0.2196354744549809
        },
        "AOPC - sufficiency": {
            "mean": 0.15393948244402067,
            "std": 0.24656033280539677
        },
        "AOPC - comprehensiveness": {
            "mean": 0.36224946033680416,
            "std": 0.25782402591986053
        }
    },
    "gradients": {
        "sufficiencies @ 0.01": {
            "mean": 0.08982503988590508,
            "std": 0.19318445009585766
        },
        "comprehensiveness @ 0.01": {
            "mean": 0.16033420579869323,
            "std": 0.25083335001435075
        },
        "sufficiencies @ 0.02": {
            "mean": 0.0826444256027899,
            "std": 0.18280951852854282
        },
        "comprehensiveness @ 0.02": {
            "mean": 0.18703154548307185,
            "std": 0.2797477112685135
        },
        "sufficiencies @ 0.05": {
            "mean": 0.09717212345114713,
            "std": 0.21926123555432936
        },
        "comprehensiveness @ 0.05": {
            "mean": 0.20866644835236514,
            "std": 0.3040972325216635
        },
        "sufficiencies @ 0.1": {
            "mean": 0.10175735784168541,
            "std": 0.1962505698394808
        },
        "comprehensiveness @ 0.1": {
            "mean": 0.19664721060604545,
            "std": 0.2724788708446167
        },
        "sufficiencies @ 0.2": {
            "mean": 0.0878915153050257,
            "std": 0.2081373174858116
        },
        "comprehensiveness @ 0.2": {
            "mean": 0.21523722656238192,
            "std": 0.27700479223834085
        },
        "sufficiencies @ 0.5": {
            "mean": 0.12286743959785357,
            "std": 0.20184039629335965
        },
        "comprehensiveness @ 0.5": {
            "mean": 0.3923236677476993,
            "std": 0.34886332037085194
        },
        "sufficiencies @ 1.0": {
            "mean": 0.27940444794162844,
            "std": 0.3556773273317005
        },
        "comprehensiveness @ 1.0": {
            "mean": 0.605442923971245,
            "std": 0.19056036488810565
        },
        "AOPC - sufficiency": {
            "mean": 0.12308033566086218,