{
    "deeplift": {
        "sufficiency": {
            "mean": 0.3363278967211179,
            "std": 0.3625591277060726
        },
        "comprehensiveness": {
            "mean": 0.5587771156639653,
            "std": 0.3741048043864675
        },
        "AOPC - sufficiency": {
            "mean": 0.27181122524770984,
            "std": 0.27433220336707775
        },
        "AOPC - comprehensiveness": {
            "mean": 0.46211766601569143,
            "std": 0.2595719544287693
        }
    },
    "random": {
        "sufficiency": {
            "mean": 0.3654873522947167,
            "std": 0.37345634889504165
        },
        "comprehensiveness": {
            "mean": 0.3039262417125316,
            "std": 0.3804818763204803
        },
        "AOPC - sufficiency": {
            "mean": 0.2951890021579554,
            "std": 0.23275412368332057
        },
        "AOPC - comprehensiveness": {
            "mean": 0.26209606086687925,
            "std": 0.2588680959347959
        }
    },
    "ig": {
        "sufficiency": {
            "mean": 0.3836797433304795,
            "std": 0.37338937217458296
        },
        "comprehensiveness": {
            "mean": 0.5115214223004808,
            "std": 0.4204171874724032
        },
        "AOPC - sufficiency": {
            "mean": 0.31127045478414284,
            "std": 0.22788687564004312
        },
        "AOPC - comprehensiveness": {
            "mean": 0.41511055868096536,
            "std": 0.26906588178678054
        }
    },
    "scaled attention": {
        "sufficiency": {
            "mean": 0.2608009330982928,
            "std": 0.30210760928594027
        },
        "comprehensiveness": {
            "mean": 0.48335013297286566,
            "std": 0.37639636201752485
        },
        "AOPC - sufficiency": {
            "mean": 0.20595707243702388,
            "std": 0.22336987659067153
        },
        "AOPC - comprehensiveness": {
            "mean": 0.3641874279728923,
            "std": 0.2186594949341402
        }
    },
    "gradients": {
        "sufficiency": {
            "mean": 0.27427275759316466,
            "std": 0.311718832069854
        },
        "comprehensiveness": {
            "mean": 0.30984602777894826,
            "std": 0.3850872284374147
        },
        "AOPC - sufficiency": {
            "mean": 0.21753600115471017,
            "std": 0.20460850804288475
        },
        "AOPC - comprehensiveness": {
            "mean": 0.2624586654854021,
            "std": 0.24483546702910253
        }
    },
    "attention": {
        "sufficiency": {
            "mean": 0.2878231333414255,
            "std": 0.310075254113678
        },
        "comprehensiveness": {
            "mean": 0.5043948176877866,
            "std": 0.3772708207186999
        },
        "AOPC - sufficiency": {
            "mean": 0.2350067526957685,
            "std": 0.21665687330844854
        },
        "AOPC - comprehensiveness": {
            "mean": 0.38555440233243554,
            "std": 0.2242683481330941
        }
    }
}