{
    "scaled attention": {
        "sufficiencies @ 1.0": {
            "mean": 0.7768237003791093,
            "std": 0.29696796445146023
        },
        "comprehensiveness @ 1.0": {
            "mean": 1.0,
            "std": 0.0
        },
        "AOPC - sufficiency": {
            "mean": 0.7822092140027938,
            "std": 0.2950969288343687
        },
        "AOPC - comprehensiveness": {
            "mean": 0.9992985399974192,
            "std": 0.00037991378922571365
        }
    },
    "attention": {
        "sufficiencies @ 1.0": {
            "mean": 0.760559821138347,
            "std": 0.3174275793145427
        },
        "comprehensiveness @ 1.0": {
            "mean": 0.9983645787046805,
            "std": 0.000883775549099167
        },
        "AOPC - sufficiency": {
            "mean": 0.7778432430368837,
            "std": 0.29203514405461967
        },
        "AOPC - comprehensiveness": {
            "mean": 0.9976660763613209,
            "std": 0.001257677568995384
        }
    },
    "gradients": {
        "sufficiencies @ 1.0": {
            "mean": 0.7866191972741746,
            "std": 0.2873869092309752
        },
        "comprehensiveness @ 1.0": {
            "mean": 0.9967360451215512,
            "std": 0.0017535822496884325
        },
        "AOPC - sufficiency": {
            "mean": 0.7795536923071719,
            "std": 0.2883974514235515
        },
        "AOPC - comprehensiveness": {
            "mean": 0.9960404702785727,
            "std": 0.0021216025811252722
        }
    },
    "ig": {
        "sufficiencies @ 1.0": {
            "mean": 0.786771893358106,
            "std": 0.29502001113302906
        },
        "comprehensiveness @ 1.0": {
            "mean": 0.9951143291646379,
            "std": 0.0026097218728330248
        },
        "AOPC - sufficiency": {
            "mean": 0.7843096796611972,
            "std": 0.28544569766638966
        },
        "AOPC - comprehensiveness": {
            "mean": 0.9944216522971999,
            "std": 0.0029719867832056573
        }
    },
    "deeplift": {
        "sufficiencies @ 1.0": {
            "mean": 0.6290886424026183,
            "std": 0.3679623262663729
        },
        "comprehensiveness @ 1.0": {
            "mean": 0.9934993622180934,
            "std": 0.0034524873800248954
        },
        "AOPC - sufficiency": {
            "mean": 0.6376063698363044,
            "std": 0.3308957982527471
        },
        "AOPC - comprehensiveness": {
            "mean": 0.9928095544149134,
            "std": 0.0038091194736357033
        }
    },
    "random": {
        "sufficiencies @ 1.0": {
            "mean": 0.7044142495563694,
            "std": 0.32699634208400963
        },
        "comprehensiveness @ 1.0": {
            "mean": 0.9918910770888844,
            "std": 0.004282163249201259
        },
        "AOPC - sufficiency": {
            "mean": 0.6998769224384533,
            "std": 0.294637789547582
        },
        "AOPC - comprehensiveness": {
            "mean": 0.9912041100326454,
            "std": 0.004633281602663625
        }
    }
}