,feature,Soft_sufficiency,Suff_ratio,Soft_comprehensiveness,Comp_ratio
0,random,0.6825448936871931,1.0,0.30720023022819704,1.0
1,attention,0.294784741444005,0.4318906260532416,0.36999810058798704,1.2044199977100993
2,scaled attention,0.21919360023063403,0.32114166006945377,0.32915830512019,1.0714780548038063
3,gradients,0.30028434529937204,0.4399481236716875,0.25966795533270903,0.8452726586168907
4,ig,0.629735318868063,0.9226284229688598,0.450333189557968,1.465927252800064
5,deeplift,0.413604958995469,0.6059747319493127,0.5764159192815901,1.8763524976964112
