{
    "gradients": {
        "sufficiencies @ 0.01": {
            "mean": 0.31151438870301806,
            "std": 0.38503222872678167
        },
        "comprehensiveness @ 0.01": {
            "mean": 0.4775885557733821,
            "std": 0.36213551468171046
        },
        "sufficiencies @ 0.02": {
            "mean": 0.30552759556690184,
            "std": 0.3828777295354184
        },
        "comprehensiveness @ 0.02": {
            "mean": 0.4842507908531537,
            "std": 0.3640641369466066
        },
        "sufficiencies @ 0.05": {
            "mean": 0.31318253094808396,
            "std": 0.3851108433171492
        },
        "comprehensiveness @ 0.05": {
            "mean": 0.4806290359682798,
            "std": 0.36267389561879226
        },
        "sufficiencies @ 0.1": {
            "mean": 0.3346563191622796,
            "std": 0.3890370265392996
        },
        "comprehensiveness @ 0.1": {
            "mean": 0.4962726012731868,
            "std": 0.3638769013750267
        },
        "sufficiencies @ 0.2": {
            "mean": 0.3865900277132533,
            "std": 0.40425226517695867
        },
        "comprehensiveness @ 0.2": {
            "mean": 0.5191455044774923,
            "std": 0.36403574426944835
        },
        "sufficiencies @ 0.5": {
            "mean": 0.4791646513892532,
            "std": 0.4219916657681442
        },
        "comprehensiveness @ 0.5": {
            "mean": 0.6608279052501018,
            "std": 0.33881675178473547
        },
        "sufficiencies @ 1.0": {
            "mean": 0.5012009398460642,
            "std": 0.42833769753607825
        },
        "comprehensiveness @ 1.0": {
            "mean": 0.8644878294204059,
            "std": 0.18990348012303024
        },
        "AOPC - sufficiency": {
            "mean": 0.3759766361898363,
            "std": 0.25475047972248327
        },
        "AOPC - comprehensiveness": {
            "mean": 0.5690288890022861,
            "std": 0.2704343484601052
        }
    },
    "random": {
        "sufficiencies @ 0.01": {
            "mean": 0.236744929289802,
            "std": 0.33930072611793133
        },
        "comprehensiveness @ 0.01": {
            "mean": 0.4831384069493468,
            "std": 0.3552485658804863
        },
        "sufficiencies @ 0.02": {
            "mean": 0.2444055292037077,
            "std": 0.3435779758374649
        },
        "comprehensiveness @ 0.02": {
            "mean": 0.47270969845189237,
            "std": 0.3548988388014753
        },
        "sufficiencies @ 0.05": {
            "mean": 0.25196806821247364,
            "std": 0.3443690505331648
        },
        "comprehensiveness @ 0.05": {
            "mean": 0.4822985448018262,
            "std": 0.35855562756967657
        },
        "sufficiencies @ 0.1": {
            "mean": 0.2800406382611379,
            "std": 0.35791390099184395
        },
        "comprehensiveness @ 0.1": {
            "mean": 0.47646142934343055,
            "std": 0.3567233474555551
        },
        "sufficiencies @ 0.2": {
            "mean": 0.35369575371113077,
            "std": 0.38068386657162945
        },
        "comprehensiveness @ 0.2": {
            "mean": 0.4948491860336288,
            "std": 0.35508956823539667
        },
        "sufficiencies @ 0.5": {
            "mean": 0.5626600177357369,
            "std": 0.42116391825866517
        },
        "comprehensiveness @ 0.5": {
            "mean": 0.6030192928436394,
            "std": 0.3467623322331215
        },
        "sufficiencies @ 1.0": {
            "mean": 0.7076912610062743,
            "std": 0.3969135997079934
        },
        "comprehensiveness @ 1.0": {
            "mean": 0.8847977469637626,
            "std": 0.17834954086800456
        },
        "AOPC - sufficiency": {
            "mean": 0.376743742488609,
            "std": 0.24145520807450563
        },
        "AOPC - comprehensiveness": {
            "mean": 0.556753472198218,
            "std": 0.2570902384610555
        }
    },
    "deeplift": {
        "sufficiencies @ 0.01": {
            "mean": 0.2895619940377702,
            "std": 0.34984900956593984
        },
        "comprehensiveness @ 0.01": {
            "mean": 0.6919900679800906,
            "std": 0.32183759635898274
        },
        "sufficiencies @ 0.02": {
            "mean": 0.29003204711121616,
            "std": 0.3521333838208365
        },
        "comprehensiveness @ 0.02": {
            "mean": 0.6949622305512035,
            "std": 0.32126964098229766
        },
        "sufficiencies @ 0.05": {
            "mean": 0.31095224567507745,
            "std": 0.35555791180421153
        },
        "comprehensiveness @ 0.05": {
            "mean": 0.6953633625298985,
            "std": 0.3200615441148105
        },
        "sufficiencies @ 0.1": {
            "mean": 0.3135494931207233,
            "std": 0.35383382015037973
        },
        "comprehensiveness @ 0.1": {
            "mean": 0.6965798542366523,
            "std": 0.32134331722938936
        },
        "sufficiencies @ 0.2": {
            "mean": 0.33259310555537913,
            "std": 0.3575110982892619
        },
        "comprehensiveness @ 0.2": {
            "mean": 0.7097714275324095,
            "std": 0.3111371361707435
        },
        "sufficiencies @ 0.5": {
            "mean": 0.35065834262283885,
            "std": 0.363470057344691
        },
        "comprehensiveness @ 0.5": {
            "mean": 0.7930291457660855,
            "std": 0.25646475205689706
        },
        "sufficiencies @ 1.0": {
            "mean": 0.4329180658677641,
            "std": 0.412456000687105
        },
        "comprehensiveness @ 1.0": {
            "mean": 0.818089232353757,
            "std": 0.23172224254888973
        },
        "AOPC - sufficiency": {
            "mean": 0.33146647057010986,
            "std": 0.2667187981338882
        },
        "AOPC - comprehensiveness": {
            "mean": 0.7285407601357281,
            "std": 0.2419131776461858
        }
    },
    "scaled attention": {
        "sufficiencies @ 0.01": {
            "mean": 0.40176117467710204,
            "std": 0.44559648906884225
        },
        "comprehensiveness @ 0.01": {
            "mean": 0.5675372744940966,
            "std": 0.34272354460748106
        },
        "sufficiencies @ 0.02": {
            "mean": 0.3979676427131434,
            "std": 0.44652619675660193
        },
        "comprehensiveness @ 0.02": {
            "mean": 0.5632224215178696,
            "std": 0.33999867167721454
        },
        "sufficiencies @ 0.05": {
            "mean": 0.3972617833529097,
            "std": 0.44250392868713256
        },
        "comprehensiveness @ 0.05": {
            "mean": 0.5714225977729313,
            "std": 0.3448305496892653
        },
        "sufficiencies @ 0.1": {
            "mean": 0.41693812811783804,
            "std": 0.440135843291778
        },
        "comprehensiveness @ 0.1": {
            "mean": 0.5922025642240191,
            "std": 0.34127260461782616
        },
        "sufficiencies @ 0.2": {
            "mean": 0.4624854782390337,
            "std": 0.4375241114372162
        },
        "comprehensiveness @ 0.2": {
            "mean": 0.6429666769314787,
            "std": 0.32915970932844096
        },
        "sufficiencies @ 0.5": {
            "mean": 0.5066889634363408,
            "std": 0.42246815600194787
        },
        "comprehensiveness @ 0.5": {
            "mean": 0.7550024130841398,
            "std": 0.28649594625180824
        },
        "sufficiencies @ 1.0": {
            "mean": 0.4945231628625176,
            "std": 0.4103323629142561
        },
        "comprehensiveness @ 1.0": {
            "mean": 0.83713674245687,
            "std": 0.21827744663417728
        },
        "AOPC - sufficiency": {
            "mean": 0.4396609047712694,
            "std": 0.34696940382768066
        },