{
    "fixed-deeplift": {
        "comprehensiveness": {
            "mean": 0.5708503014596947,
            "std": 0.40622983297882476
        },
        "sufficiency": {
            "mean": 0.12635902115296146,
            "std": 0.20305647933234272
        }
    },
    "fixed-lime": {
        "comprehensiveness": {
            "mean": 0.5862558961329564,
            "std": 0.4143992123739367
        },
        "sufficiency": {
            "mean": 0.11110520351084904,
            "std": 0.19389510120352713
        }
    },
    "fixed-attention": {
        "comprehensiveness": {
            "mean": 0.5481157222388134,
            "std": 0.4053917153418573
        },
        "sufficiency": {
            "mean": 0.149572736610961,
            "std": 0.23021060780657382
        }
    },
    "fixed-ig": {
        "comprehensiveness": {
            "mean": 0.5829574974832881,
            "std": 0.4070752921781835
        },
        "sufficiency": {
            "mean": 0.11176561694157401,
            "std": 0.19336390089956032
        }
    },
    "fixed-gradients": {
        "comprehensiveness": {
            "mean": 0.5682874672562472,
            "std": 0.41445382396748404
        },
        "sufficiency": {
            "mean": 0.11300825692050266,
            "std": 0.1946987337861625
        }
    },
    "fixed-scaled attention": {
        "comprehensiveness": {
            "mean": 0.5510775623105245,
            "std": 0.4142298296661397
        },
        "sufficiency": {
            "mean": 0.11875628100944073,
            "std": 0.2032489100415157
        }
    },
    "fixed-random": {
        "comprehensiveness": {
            "mean": 0.5724729113991164,
            "std": 0.40804452837153943
        },
        "sufficiency": {
            "mean": 0.11277564690449358,
            "std": 0.1959607178687227
        }
    },
    "fixed-fixed-len_var-feat": {
        "comprehensiveness": {
            "mean": 0.6828441882075921,
            "std": 0.3806118734168832
        },
        "sufficiency": {
            "mean": 0.14770886702562278,
            "std": 0.21776328251523475
        }
    },
    "fixed-fixed-len_var-feat_var-type": {
        "comprehensiveness": {
            "mean": 0.7384569092781771,
            "std": 0.3533037563683677
        },
        "sufficiency": {
            "mean": 0.17647252350211667,
            "std": 0.23706898396815992
        }
    },
    "var-deeplift": {
        "comprehensiveness": {
            "mean": 0.6626297399754025,
            "std": 0.39125732251714856
        },
        "sufficiency": {
            "mean": 0.09831814960477779,
            "std": 0.1850340422130891
        }
    },
    "var-lime": {
        "comprehensiveness": {
            "mean": 0.6581062901951721,
            "std": 0.40093988352043936
        },
        "sufficiency": {
            "mean": 0.07505030075786776,
            "std": 0.16600717812131904
        }
    },
    "var-attention": {
        "comprehensiveness": {
            "mean": 0.6179474005087348,
            "std": 0.39690630380090086
        },
        "sufficiency": {
            "mean": 0.10745532986051953,
            "std": 0.1908453526218175
        }
    },
    "var-ig": {
        "comprehensiveness": {
            "mean": 0.6706880393183623,
            "std": 0.3906165246628001
        },
        "sufficiency": {
            "mean": 0.08744349580951162,
            "std": 0.1772917683115485
        }
    },
    "var-gradients": {
        "comprehensiveness": {
            "mean": 0.6483514554278175,
            "std": 0.4026750835518532
        },
        "sufficiency": {
            "mean": 0.08363821395118706,
            "std": 0.17222866674338036
        }
    },
    "var-scaled attention": {
        "comprehensiveness": {
            "mean": 0.6391521786915065,
            "std": 0.3983859724101448
        },
        "sufficiency": {
            "mean": 0.08883505717095926,
            "std": 0.1783772329856403
        }
    },
    "var-random": {
        "comprehensiveness": {
            "mean": 0.6600281645160797,
            "std": 0.39202528763826044
        },
        "sufficiency": {
            "mean": 0.08748308008710975,
            "std": 0.1739491805021988
        }
    },
    "var-var-len_var-feat": {
        "comprehensiveness": {
            "mean": 0.7571034796139563,
            "std": 0.3519297311778094
        },
        "sufficiency": {
            "mean": 0.09301501433294009,
            "std": 0.1808206715780162
        }
    },
    "var-var-len_var-feat_var-type": {
        "comprehensiveness": {
            "mean": 0.8022498643418685,
            "std": 0.3185238131956753
        },
        "sufficiency": {
            "mean": 0.10941112362793849,
            "std": 0.19222474951771257
        }
    }
}