{
    "fixed-deeplift": {
        "comprehensiveness": {
            "mean": 0.5979088464407933,
            "std": 0.40068255360013555
        },
        "sufficiency": {
            "mean": 0.12764437168029888,
            "std": 0.20011718724936844
        }
    },
    "fixed-lime": {
        "comprehensiveness": {
            "mean": 0.6088685535985188,
            "std": 0.4046107060622056
        },
        "sufficiency": {
            "mean": 0.117833800830538,
            "std": 0.19354035727870114
        }
    },
    "fixed-attention": {
        "comprehensiveness": {
            "mean": 0.5489567170630001,
            "std": 0.39923128778816414
        },
        "sufficiency": {
            "mean": 0.12882232436665375,
            "std": 0.2092618331501706
        }
    },
    "fixed-ig": {
        "comprehensiveness": {
            "mean": 0.5925179099117771,
            "std": 0.40066979569212774
        },
        "sufficiency": {
            "mean": 0.11725490589159407,
            "std": 0.1911135568859508
        }
    },
    "fixed-gradients": {
        "comprehensiveness": {
            "mean": 0.5932120115396036,
            "std": 0.40306304334563103
        },
        "sufficiency": {
            "mean": 0.12010656009381071,
            "std": 0.1946172172888932
        }
    },
    "fixed-scaled attention": {
        "comprehensiveness": {
            "mean": 0.5900535413353738,
            "std": 0.4096580173653564
        },
        "sufficiency": {
            "mean": 0.12857795782615045,
            "std": 0.205621884126678
        }
    },
    "fixed-random": {
        "comprehensiveness": {
            "mean": 0.5948645840213346,
            "std": 0.40029901724466393
        },
        "sufficiency": {
            "mean": 0.11578369918348028,
            "std": 0.18782909416533042
        }
    },
    "fixed-fixed-len_var-feat": {
        "comprehensiveness": {
            "mean": 0.7044178786320249,
            "std": 0.3740842762695329
        },
        "sufficiency": {
            "mean": 0.1464143972247401,
            "std": 0.20925972302257587
        }
    },
    "fixed-fixed-len_var-feat_var-type": {
        "comprehensiveness": {
            "mean": 0.7628127542591774,
            "std": 0.3476656223332882
        },
        "sufficiency": {
            "mean": 0.1809772702836889,
            "std": 0.22414153393434585
        }
    },
    "var-deeplift": {
        "comprehensiveness": {
            "mean": 0.6695361279290041,
            "std": 0.38914865615996197
        },
        "sufficiency": {
            "mean": 0.10516351018459738,
            "std": 0.18501279642244256
        }
    },
    "var-lime": {
        "comprehensiveness": {
            "mean": 0.6794414426324575,
            "std": 0.3942303595556807
        },
        "sufficiency": {
            "mean": 0.08218895776397789,
            "std": 0.1673909942957476
        }
    },
    "var-attention": {
        "comprehensiveness": {
            "mean": 0.6138785208284198,
            "std": 0.3944095854677338
        },
        "sufficiency": {
            "mean": 0.10639413424895554,
            "std": 0.1913576366636003
        }
    },
    "var-ig": {
        "comprehensiveness": {
            "mean": 0.6760005660231376,
            "std": 0.3859926282959453
        },
        "sufficiency": {
            "mean": 0.09376621887491696,
            "std": 0.17363430070933839
        }
    },
    "var-gradients": {
        "comprehensiveness": {
            "mean": 0.6733995401736567,
            "std": 0.3915703797690444
        },
        "sufficiency": {
            "mean": 0.09314508871506637,
            "std": 0.1789552151760456
        }
    },
    "var-scaled attention": {
        "comprehensiveness": {
            "mean": 0.6545758234834907,
            "std": 0.39627656172643194
        },
        "sufficiency": {
            "mean": 0.10465700953751582,
            "std": 0.18974656691011904
        }
    },
    "var-random": {
        "comprehensiveness": {
            "mean": 0.6758665131188302,
            "std": 0.38736055452198326
        },
        "sufficiency": {
            "mean": 0.09806796010675363,
            "std": 0.18324021645588645
        }
    },
    "var-var-len_var-feat": {
        "comprehensiveness": {
            "mean": 0.7625052661261531,
            "std": 0.3536495159163876
        },
        "sufficiency": {
            "mean": 0.09948220274338618,
            "std": 0.17924764930288975
        }
    },
    "var-var-len_var-feat_var-type": {
        "comprehensiveness": {
            "mean": 0.8077426020888975,
            "std": 0.3239871191167469
        },
        "sufficiency": {
            "mean": 0.12141329298574462,
            "std": 0.19150255615860817
        }
    }
}