{
    "fixed-deeplift": {
        "comprehensiveness": {
            "mean": 0.5873817375207665,
            "std": 0.3848965487348137
        },
        "sufficiency": {
            "mean": 0.1594185641084316,
            "std": 0.2234863985878654
        }
    },
    "fixed-lime": {
        "comprehensiveness": {
            "mean": 0.5480460402504231,
            "std": 0.4139558009721608
        },
        "sufficiency": {
            "mean": 0.12566582460967857,
            "std": 0.20526640347365874
        }
    },
    "fixed-attention": {
        "comprehensiveness": {
            "mean": 0.48150920879431786,
            "std": 0.40291938236577113
        },
        "sufficiency": {
            "mean": 0.1292428237647667,
            "std": 0.20333713810596907
        }
    },
    "fixed-ig": {
        "comprehensiveness": {
            "mean": 0.5615038825656097,
            "std": 0.4035825438794395
        },
        "sufficiency": {
            "mean": 0.1200523326903806,
            "std": 0.19572741190111334
        }
    },
    "fixed-gradients": {
        "comprehensiveness": {
            "mean": 0.5532148358452349,
            "std": 0.41140333055061656
        },
        "sufficiency": {
            "mean": 0.13797749038118765,
            "std": 0.21194396093602452
        }
    },
    "fixed-scaled attention": {
        "comprehensiveness": {
            "mean": 0.590090118809145,
            "std": 0.4093872759423967
        },
        "sufficiency": {
            "mean": 0.15210180634960918,
            "std": 0.216737926330456
        }
    },
    "fixed-random": {
        "comprehensiveness": {
            "mean": 0.5180117460986726,
            "std": 0.4035360376670108
        },
        "sufficiency": {
            "mean": 0.12002812921125369,
            "std": 0.1856024543581756
        }
    },
    "fixed-fixed-len_var-feat": {
        "comprehensiveness": {
            "mean": 0.7356670144382517,
            "std": 0.36029567290501624
        },
        "sufficiency": {
            "mean": 0.17913137804185025,
            "std": 0.2234904901403351
        }
    },
    "fixed-fixed-len_var-feat_var-type": {
        "comprehensiveness": {
            "mean": 0.7628127542591774,
            "std": 0.3476656223332882
        },
        "sufficiency": {
            "mean": 0.1809772702836889,
            "std": 0.22414153393434585
        }
    },
    "var-deeplift": {
        "comprehensiveness": {
            "mean": 0.645204214051077,
            "std": 0.3803426500065328
        },
        "sufficiency": {
            "mean": 0.14145876454607345,
            "std": 0.20181913618670635
        }
    },
    "var-lime": {
        "comprehensiveness": {
            "mean": 0.5915918734561262,
            "std": 0.4123308205672135
        },
        "sufficiency": {
            "mean": 0.09249224328998773,
            "std": 0.18051994698777185
        }
    },
    "var-attention": {
        "comprehensiveness": {
            "mean": 0.542319741247417,
            "std": 0.40044192338682616
        },
        "sufficiency": {
            "mean": 0.09792284268154476,
            "std": 0.18057497350051782
        }
    },
    "var-ig": {
        "comprehensiveness": {
            "mean": 0.6126730264707779,
            "std": 0.3989380447628357
        },
        "sufficiency": {
            "mean": 0.09365521091533391,
            "std": 0.17737027805816477
        }
    },
    "var-gradients": {
        "comprehensiveness": {
            "mean": 0.6156596288057321,
            "std": 0.40283593825893066
        },
        "sufficiency": {
            "mean": 0.10585478832960649,
            "std": 0.18962820263691268
        }
    },
    "var-scaled attention": {
        "comprehensiveness": {
            "mean": 0.6276452821773929,
            "std": 0.3994037213423106
        },
        "sufficiency": {
            "mean": 0.1346259935619693,
            "std": 0.2107190209977141
        }
    },
    "var-random": {
        "comprehensiveness": {
            "mean": 0.5844280221132583,
            "std": 0.39843267153024825
        },
        "sufficiency": {
            "mean": 0.09165333974425137,
            "std": 0.1707533750287507
        }
    },
    "var-var-len_var-feat": {
        "comprehensiveness": {
            "mean": 0.7780414696401692,
            "std": 0.3396370675278544
        },
        "sufficiency": {
            "mean": 0.131427400529532,
            "std": 0.19678709212980386
        }
    },
    "var-var-len_var-feat_var-type": {
        "comprehensiveness": {
            "mean": 0.8077426020888975,
            "std": 0.3239871191167469
        },
        "sufficiency": {
            "mean": 0.12141329298574462,
            "std": 0.19150255615860817
        }
    }
}